id,type,tid,revision_id,revision_created,status,name,description,weight,changed,field_subject_code,related
a9058fcc-115e-4cdf-8f6d-fae9b96f737b,taxonomy_term--subject,1475,1475,2026-03-27T19:35:41+00:00,True,Exchange Programs (Okanagan),,0,2026-03-27T19:35:41+00:00,EXCH_O,"{""vid"": ""f381dbf5-2e91-4c45-b8e2-daeb86e226ab"", ""parent"": [""virtual""], ""campus"": ""dd9e8772-d768-423c-9277-d7e817acff4b""}"
5dd33ddc-57de-41a6-ab0f-de81ea752c7c,taxonomy_term--subject,1476,1476,2026-03-27T19:35:41+00:00,True,Statistics (Okanagan),,0,2026-03-27T19:35:41+00:00,STAT_O,"{""vid"": ""f381dbf5-2e91-4c45-b8e2-daeb86e226ab"", ""parent"": [""virtual""], ""campus"": ""dd9e8772-d768-423c-9277-d7e817acff4b""}"
7d194941-20ec-446c-aed1-3ce2cb30b824,taxonomy_term--subject,1477,1477,2026-03-27T19:35:41+00:00,True,Aquaculture (Vancouver),,0,2026-03-27T19:35:41+00:00,AQUA_V,"{""vid"": ""f381dbf5-2e91-4c45-b8e2-daeb86e226ab"", ""parent"": [""virtual""], ""campus"": ""e57d303b-6ec3-4953-b365-a457c9d5e194""}"
253da045-cb50-4ff7-9cbd-a72a6be310e8,taxonomy_term--subject,1478,1478,2026-03-27T19:35:41+00:00,True,Sustainability (Okanagan),,0,2026-03-27T19:35:41+00:00,SUST_O,"{""vid"": ""f381dbf5-2e91-4c45-b8e2-daeb86e226ab"", ""parent"": [""virtual""], ""campus"": ""dd9e8772-d768-423c-9277-d7e817acff4b""}"
d3674198-de5b-4fcf-bf86-4a5ef82d55a8,taxonomy_term--subject,1479,1479,2026-03-27T19:35:41+00:00,True,"Gender, Women and Sexuality Studies (Okanagan)",,0,2026-03-27T19:35:41+00:00,GWST_O,"{""vid"": ""f381dbf5-2e91-4c45-b8e2-daeb86e226ab"", ""parent"": [""virtual""], ""campus"": ""dd9e8772-d768-423c-9277-d7e817acff4b""}"
cfd6f55f-b828-4af3-bc09-f1ebff406149,taxonomy_term--subject,1480,1480,2026-03-27T19:35:41+00:00,True,Educational Psychology and Special Education (Okanagan),,0,2026-03-27T19:35:41+00:00,EPSE_O,"{""vid"": ""f381dbf5-2e91-4c45-b8e2-daeb86e226ab"", ""parent"": [""virtual""], ""campus"": ""dd9e8772-d768-423c-9277-d7e817acff4b""}"
dfd1b888-1e74-449d-82c5-1a45b80354df,taxonomy_term--subject,1481,1481,2026-03-27T19:35:41+00:00,True,Arts (Vancouver),,0,2026-03-27T19:35:41+00:00,ARTS_V,"{""vid"": ""f381dbf5-2e91-4c45-b8e2-daeb86e226ab"", ""parent"": [""virtual""], ""campus"": ""e57d303b-6ec3-4953-b365-a457c9d5e194""}"
a64ec2f0-6d1c-4427-8691-bce048bb2a69,taxonomy_term--subject,1482,1482,2026-03-27T19:35:41+00:00,True,Mathematics (Okanagan),,0,2026-03-27T19:35:41+00:00,MATH_O,"{""vid"": ""f381dbf5-2e91-4c45-b8e2-daeb86e226ab"", ""parent"": [""virtual""], ""campus"": ""dd9e8772-d768-423c-9277-d7e817acff4b""}"
53914675-808d-4f85-afab-cced5effd7d9,taxonomy_term--subject,1483,1483,2026-03-27T19:35:41+00:00,True,Cultural Studies (Okanagan),,0,2026-03-27T19:35:41+00:00,CULT_O,"{""vid"": ""f381dbf5-2e91-4c45-b8e2-daeb86e226ab"", ""parent"": [""virtual""], ""campus"": ""dd9e8772-d768-423c-9277-d7e817acff4b""}"
b10652a5-202f-4757-8aaa-dfa07b6ffd4a,taxonomy_term--subject,1484,1484,2026-03-27T19:35:41+00:00,True,Applied Biology (Vancouver),,0,2026-03-27T19:35:41+00:00,APBI_V,"{""vid"": ""f381dbf5-2e91-4c45-b8e2-daeb86e226ab"", ""parent"": [""virtual""], ""campus"": ""e57d303b-6ec3-4953-b365-a457c9d5e194""}"
b8dd345c-23a0-4b5e-8a00-648a6a14abf0,taxonomy_term--subject,1485,1485,2026-03-27T19:35:41+00:00,True,Business Administration: Business Statistics (Vancouver),,0,2026-03-27T19:35:41+00:00,BABS_V,"{""vid"": ""f381dbf5-2e91-4c45-b8e2-daeb86e226ab"", ""parent"": [""virtual""], ""campus"": ""e57d303b-6ec3-4953-b365-a457c9d5e194""}"
2cf99ab3-bfc7-432a-9f24-1eda2cd4a80d,taxonomy_term--subject,1486,1486,2026-03-27T19:35:41+00:00,True,Educational Administration (Okanagan),,0,2026-03-27T19:35:41+00:00,EADM_O,"{""vid"": ""f381dbf5-2e91-4c45-b8e2-daeb86e226ab"", ""parent"": [""virtual""], ""campus"": ""dd9e8772-d768-423c-9277-d7e817acff4b""}"
32f80f85-8db9-4134-9c1b-d2c58817d83f,taxonomy_term--subject,1487,1487,2026-03-27T19:35:41+00:00,True,Hebrew (Okanagan),,0,2026-03-27T19:35:41+00:00,HEBR_O,"{""vid"": ""f381dbf5-2e91-4c45-b8e2-daeb86e226ab"", ""parent"": [""virtual""], ""campus"": ""dd9e8772-d768-423c-9277-d7e817acff4b""}"
c65f49fa-a648-4585-ba68-55dd8eace2a0,taxonomy_term--subject,1488,1488,2026-03-27T19:35:41+00:00,True,Visual Arts (Okanagan),,0,2026-03-27T19:35:41+00:00,VISA_O,"{""vid"": ""f381dbf5-2e91-4c45-b8e2-daeb86e226ab"", ""parent"": [""virtual""], ""campus"": ""dd9e8772-d768-423c-9277-d7e817acff4b""}"
7afd38e0-034d-4502-8493-42eb2db21a6c,taxonomy_term--subject,1489,1489,2026-03-27T19:35:41+00:00,True,Educational Technology (Okanagan),,0,2026-03-27T19:35:41+00:00,ETEC_O,"{""vid"": ""f381dbf5-2e91-4c45-b8e2-daeb86e226ab"", ""parent"": [""virtual""], ""campus"": ""dd9e8772-d768-423c-9277-d7e817acff4b""}"
86ba77d0-8949-45d6-8bdd-631ad3b5c086,taxonomy_term--subject,1490,1490,2026-03-27T19:35:41+00:00,True,Agroecology (Okanagan),,0,2026-03-27T19:35:41+00:00,AGRO_O,"{""vid"": ""f381dbf5-2e91-4c45-b8e2-daeb86e226ab"", ""parent"": [""virtual""], ""campus"": ""dd9e8772-d768-423c-9277-d7e817acff4b""}"
4b99e2e0-ff3a-4b7a-aab1-e01a4c17c066,taxonomy_term--subject,1491,1491,2026-03-27T19:35:41+00:00,True,Nursing (Okanagan),,0,2026-03-27T19:35:41+00:00,NRSG_O,"{""vid"": ""f381dbf5-2e91-4c45-b8e2-daeb86e226ab"", ""parent"": [""virtual""], ""campus"": ""dd9e8772-d768-423c-9277-d7e817acff4b""}"
8ac6d717-8736-4a21-b4cc-13efa7b139b5,taxonomy_term--subject,1492,1492,2026-03-27T19:35:41+00:00,True,Music (Okanagan),,0,2026-03-27T19:35:41+00:00,MUSC_O,"{""vid"": ""f381dbf5-2e91-4c45-b8e2-daeb86e226ab"", ""parent"": [""virtual""], ""campus"": ""dd9e8772-d768-423c-9277-d7e817acff4b""}"
bcf675f0-adea-4821-83b7-1a3efad89417,taxonomy_term--subject,1493,1493,2026-03-27T19:35:41+00:00,True,Science Co-Op (Okanagan),,0,2026-03-27T19:35:41+00:00,SCCO_O,"{""vid"": ""f381dbf5-2e91-4c45-b8e2-daeb86e226ab"", ""parent"": [""virtual""], ""campus"": ""dd9e8772-d768-423c-9277-d7e817acff4b""}"
b10b3361-4221-4759-b9c8-84d6a02e5167,taxonomy_term--subject,1494,1494,2026-03-27T19:35:41+00:00,True,Language and Literacy Education (Okanagan),,0,2026-03-27T19:35:41+00:00,LLED_O,"{""vid"": ""f381dbf5-2e91-4c45-b8e2-daeb86e226ab"", ""parent"": [""virtual""], ""campus"": ""dd9e8772-d768-423c-9277-d7e817acff4b""}"
220604ba-6e59-42d4-8f22-b700d53cefe1,taxonomy_term--subject,1495,1495,2026-03-27T19:35:41+00:00,True,Business Administration: Business Technology Management (Vancouver),,0,2026-03-27T19:35:41+00:00,BAIT_V,"{""vid"": ""f381dbf5-2e91-4c45-b8e2-daeb86e226ab"", ""parent"": [""virtual""], ""campus"": ""e57d303b-6ec3-4953-b365-a457c9d5e194""}"
6e792151-d637-4037-9d5c-7b77b9b357e3,taxonomy_term--subject,1496,1496,2026-03-27T19:35:41+00:00,True,Children's Literature (Vancouver),,0,2026-03-27T19:35:41+00:00,CHIL_V,"{""vid"": ""f381dbf5-2e91-4c45-b8e2-daeb86e226ab"", ""parent"": [""virtual""], ""campus"": ""e57d303b-6ec3-4953-b365-a457c9d5e194""}"
c0cc974a-ef24-4901-bf71-f9daa688544b,taxonomy_term--subject,1497,1497,2026-03-27T19:35:41+00:00,True,Classical Arabic (Vancouver),,0,2026-03-27T19:35:41+00:00,ARBC_V,"{""vid"": ""f381dbf5-2e91-4c45-b8e2-daeb86e226ab"", ""parent"": [""virtual""], ""campus"": ""e57d303b-6ec3-4953-b365-a457c9d5e194""}"
5677661a-dea5-4411-a32f-66906cda4eda,taxonomy_term--subject,1498,1498,2026-03-27T19:35:41+00:00,True,Curriculum Studies (Okanagan),,0,2026-03-27T19:35:41+00:00,CUST_O,"{""vid"": ""f381dbf5-2e91-4c45-b8e2-daeb86e226ab"", ""parent"": [""virtual""], ""campus"": ""dd9e8772-d768-423c-9277-d7e817acff4b""}"
030a4728-30e3-440d-b3ca-85bb37d6fb45,taxonomy_term--subject,1499,1499,2026-03-27T19:35:41+00:00,True,Vantage College (Okanagan),,0,2026-03-27T19:35:41+00:00,VANT_O,"{""vid"": ""f381dbf5-2e91-4c45-b8e2-daeb86e226ab"", ""parent"": [""virtual""], ""campus"": ""dd9e8772-d768-423c-9277-d7e817acff4b""}"
8af160b4-2cfb-4b60-85c3-01ec9485c1d9,taxonomy_term--subject,1500,1500,2026-03-27T19:35:55+00:00,True,Arts Co-Op (Vancouver),,0,2026-03-27T19:35:55+00:00,ARTC_V,"{""vid"": ""f381dbf5-2e91-4c45-b8e2-daeb86e226ab"", ""parent"": [""virtual""], ""campus"": ""e57d303b-6ec3-4953-b365-a457c9d5e194""}"
51be9991-a093-445f-947e-798fb61b9954,taxonomy_term--subject,1501,1501,2026-03-27T19:35:55+00:00,True,French (Okanagan),,0,2026-03-27T19:35:55+00:00,FREN_O,"{""vid"": ""f381dbf5-2e91-4c45-b8e2-daeb86e226ab"", ""parent"": [""virtual""], ""campus"": ""dd9e8772-d768-423c-9277-d7e817acff4b""}"
ed0a8c91-cb5d-466f-92c2-ea5d1233de4f,taxonomy_term--subject,1502,1502,2026-03-27T19:35:55+00:00,True,Art History and Visual Culture (Okanagan),,0,2026-03-27T19:35:55+00:00,ARTH_O,"{""vid"": ""f381dbf5-2e91-4c45-b8e2-daeb86e226ab"", ""parent"": [""virtual""], ""campus"": ""dd9e8772-d768-423c-9277-d7e817acff4b""}"
83c3ff79-83f4-47c2-9d0b-f1b080dbf20f,taxonomy_term--subject,1503,1503,2026-03-27T19:35:55+00:00,True,Philosophy (Okanagan),,0,2026-03-27T19:35:55+00:00,PHIL_O,"{""vid"": ""f381dbf5-2e91-4c45-b8e2-daeb86e226ab"", ""parent"": [""virtual""], ""campus"": ""dd9e8772-d768-423c-9277-d7e817acff4b""}"
1d0708bc-ed75-4da5-862e-bcc8e88d4072,taxonomy_term--subject,1504,1504,2026-03-27T19:35:55+00:00,True,Business Administration: Entrepreneurship (Vancouver),,0,2026-03-27T19:35:55+00:00,BAEN_V,"{""vid"": ""f381dbf5-2e91-4c45-b8e2-daeb86e226ab"", ""parent"": [""virtual""], ""campus"": ""e57d303b-6ec3-4953-b365-a457c9d5e194""}"
ca614840-f0ce-40e8-927e-c8a1aa93b1f9,taxonomy_term--subject,1505,1505,2026-03-27T19:35:55+00:00,True,Arts Studies (Vancouver),,0,2026-03-27T19:35:55+00:00,ASTU_V,"{""vid"": ""f381dbf5-2e91-4c45-b8e2-daeb86e226ab"", ""parent"": [""virtual""], ""campus"": ""e57d303b-6ec3-4953-b365-a457c9d5e194""}"
64446585-4362-48e3-9f5a-5403f56a67b9,taxonomy_term--subject,1506,1506,2026-03-27T19:35:55+00:00,True,African Studies (Vancouver),,0,2026-03-27T19:35:55+00:00,AFST_V,"{""vid"": ""f381dbf5-2e91-4c45-b8e2-daeb86e226ab"", ""parent"": [""virtual""], ""campus"": ""e57d303b-6ec3-4953-b365-a457c9d5e194""}"
4f7ea682-17c0-417f-a137-d050a143de25,taxonomy_term--subject,1507,1507,2026-03-27T19:35:55+00:00,True,Arts and Science Interdisciplinary Courses (Vancouver),,0,2026-03-27T19:35:55+00:00,ASIC_V,"{""vid"": ""f381dbf5-2e91-4c45-b8e2-daeb86e226ab"", ""parent"": [""virtual""], ""campus"": ""e57d303b-6ec3-4953-b365-a457c9d5e194""}"
7c4e5f11-5cbc-4909-adc2-a20799e71643,taxonomy_term--subject,1508,1508,2026-03-27T19:35:55+00:00,True,Gerontology (Okanagan),,0,2026-03-27T19:35:55+00:00,GERO_O,"{""vid"": ""f381dbf5-2e91-4c45-b8e2-daeb86e226ab"", ""parent"": [""virtual""], ""campus"": ""dd9e8772-d768-423c-9277-d7e817acff4b""}"
b4656202-3999-4179-b10d-c9f4979e8afa,taxonomy_term--subject,1509,1509,2026-03-27T19:35:55+00:00,True,Manufacturing Engineering (Okanagan),,0,2026-03-27T19:35:55+00:00,MANF_O,"{""vid"": ""f381dbf5-2e91-4c45-b8e2-daeb86e226ab"", ""parent"": [""virtual""], ""campus"": ""dd9e8772-d768-423c-9277-d7e817acff4b""}"
1f20007b-8fb6-4199-98d8-a54df4a257d6,taxonomy_term--subject,1510,1510,2026-03-27T19:35:55+00:00,True,Political Science (Okanagan),,0,2026-03-27T19:35:55+00:00,POLI_O,"{""vid"": ""f381dbf5-2e91-4c45-b8e2-daeb86e226ab"", ""parent"": [""virtual""], ""campus"": ""dd9e8772-d768-423c-9277-d7e817acff4b""}"
0ca14e13-2221-4e74-a84f-3f9328531961,taxonomy_term--subject,1511,1511,2026-03-27T19:35:55+00:00,True,Management Co-Op (Okanagan),,0,2026-03-27T19:35:55+00:00,MGCO_O,"{""vid"": ""f381dbf5-2e91-4c45-b8e2-daeb86e226ab"", ""parent"": [""virtual""], ""campus"": ""dd9e8772-d768-423c-9277-d7e817acff4b""}"
5f9ed740-97ff-435c-8f53-866adc4e91d6,taxonomy_term--subject,1512,1512,2026-03-27T19:35:55+00:00,True,Applied Science (Vancouver),,0,2026-03-27T19:35:55+00:00,APSC_V,"{""vid"": ""f381dbf5-2e91-4c45-b8e2-daeb86e226ab"", ""parent"": [""virtual""], ""campus"": ""e57d303b-6ec3-4953-b365-a457c9d5e194""}"
c9bb72e0-dd04-41a2-9748-e8664140802d,taxonomy_term--subject,1513,1513,2026-03-27T19:35:55+00:00,True,Business Administration: Supply Chain (Vancouver),,0,2026-03-27T19:35:55+00:00,BASC_V,"{""vid"": ""f381dbf5-2e91-4c45-b8e2-daeb86e226ab"", ""parent"": [""virtual""], ""campus"": ""e57d303b-6ec3-4953-b365-a457c9d5e194""}"
6be32390-b503-4adc-8b45-b77da61c4016,taxonomy_term--subject,1514,1514,2026-03-27T19:35:55+00:00,True,Adult and Higher Education (Vancouver),,0,2026-03-27T19:35:55+00:00,ADHE_V,"{""vid"": ""f381dbf5-2e91-4c45-b8e2-daeb86e226ab"", ""parent"": [""virtual""], ""campus"": ""e57d303b-6ec3-4953-b365-a457c9d5e194""}"
ae52b811-c44d-4460-b0e0-a4363791ad2b,taxonomy_term--subject,1516,1516,2026-03-27T19:35:55+00:00,True,Indigenous Studies (Okanagan),,0,2026-03-27T19:35:55+00:00,INDG_O,"{""vid"": ""f381dbf5-2e91-4c45-b8e2-daeb86e226ab"", ""parent"": [""virtual""], ""campus"": ""dd9e8772-d768-423c-9277-d7e817acff4b""}"
f48806df-53d2-4455-8e8c-62692e10d051,taxonomy_term--subject,1517,1517,2026-03-27T19:35:55+00:00,True,Creative and Critical Studies (Okanagan),,0,2026-03-27T19:35:55+00:00,CCS_O,"{""vid"": ""f381dbf5-2e91-4c45-b8e2-daeb86e226ab"", ""parent"": [""virtual""], ""campus"": ""dd9e8772-d768-423c-9277-d7e817acff4b""}"
a569b16f-c570-4ad3-9d3c-6e3d91d42c57,taxonomy_term--subject,1518,1518,2026-03-27T19:35:55+00:00,True,Animal Science (Vancouver),,0,2026-03-27T19:35:55+00:00,ANSC_V,"{""vid"": ""f381dbf5-2e91-4c45-b8e2-daeb86e226ab"", ""parent"": [""virtual""], ""campus"": ""e57d303b-6ec3-4953-b365-a457c9d5e194""}"
299c5768-91db-4060-89f8-f6d2a9ca1a7a,taxonomy_term--subject,1519,1519,2026-03-27T19:35:55+00:00,True,Latin (Okanagan),,0,2026-03-27T19:35:55+00:00,LATN_O,"{""vid"": ""f381dbf5-2e91-4c45-b8e2-daeb86e226ab"", ""parent"": [""virtual""], ""campus"": ""dd9e8772-d768-423c-9277-d7e817acff4b""}"
660a6a9b-4541-4983-a2ae-3e94b88a98d9,taxonomy_term--subject,1520,1520,2026-03-27T19:35:55+00:00,True,Management (Okanagan),,0,2026-03-27T19:35:55+00:00,MGMT_O,"{""vid"": ""f381dbf5-2e91-4c45-b8e2-daeb86e226ab"", ""parent"": [""virtual""], ""campus"": ""dd9e8772-d768-423c-9277-d7e817acff4b""}"
381f9f23-cd7c-4349-90e8-4c7883b8cb9e,taxonomy_term--subject,1521,1521,2026-03-27T19:35:55+00:00,True,Archival Studies (Vancouver),,0,2026-03-27T19:35:55+00:00,ARST_V,"{""vid"": ""f381dbf5-2e91-4c45-b8e2-daeb86e226ab"", ""parent"": [""virtual""], ""campus"": ""e57d303b-6ec3-4953-b365-a457c9d5e194""}"
2fb8da1b-c876-48c6-afb5-1bff8e1f7b9b,taxonomy_term--subject,1522,1522,2026-03-27T19:35:55+00:00,True,Biology (Okanagan),,0,2026-03-27T19:35:55+00:00,BIOL_O,"{""vid"": ""f381dbf5-2e91-4c45-b8e2-daeb86e226ab"", ""parent"": [""virtual""], ""campus"": ""dd9e8772-d768-423c-9277-d7e817acff4b""}"
c4cb378d-8d04-4a9f-9e5f-d62760809b83,taxonomy_term--subject,1523,1523,2026-03-27T19:35:55+00:00,True,Anatomy (Vancouver),,0,2026-03-27T19:35:55+00:00,ANAT_V,"{""vid"": ""f381dbf5-2e91-4c45-b8e2-daeb86e226ab"", ""parent"": [""virtual""], ""campus"": ""e57d303b-6ec3-4953-b365-a457c9d5e194""}"
907fbebb-b7d6-4dd6-a69b-4e1bef248e09,taxonomy_term--subject,1524,1524,2026-03-27T19:35:55+00:00,True,Educational Studies (Okanagan),,0,2026-03-27T19:35:55+00:00,EDST_O,"{""vid"": ""f381dbf5-2e91-4c45-b8e2-daeb86e226ab"", ""parent"": [""virtual""], ""campus"": ""dd9e8772-d768-423c-9277-d7e817acff4b""}"
16982c7a-5f0d-4833-9369-f1c6415d5395,taxonomy_term--subject,1525,1525,2026-03-27T19:36:01+00:00,True,Applied Animal Biology (Vancouver),,0,2026-03-27T19:36:01+00:00,AANB_V,"{""vid"": ""f381dbf5-2e91-4c45-b8e2-daeb86e226ab"", ""parent"": [""virtual""], ""campus"": ""e57d303b-6ec3-4953-b365-a457c9d5e194""}"
40ba334f-536e-4d9e-88f1-5a26e8d264c8,taxonomy_term--subject,1526,1526,2026-03-27T19:36:01+00:00,True,Applied Science (Okanagan),,0,2026-03-27T19:36:01+00:00,APSC_O,"{""vid"": ""f381dbf5-2e91-4c45-b8e2-daeb86e226ab"", ""parent"": [""virtual""], ""campus"": ""dd9e8772-d768-423c-9277-d7e817acff4b""}"
160c4f78-454a-489c-b9d7-22b33df7f536,taxonomy_term--subject,1527,1527,2026-03-27T19:36:01+00:00,True,Asian Canadian and Asian Migration Studies (Vancouver),,0,2026-03-27T19:36:01+00:00,ACAM_V,"{""vid"": ""f381dbf5-2e91-4c45-b8e2-daeb86e226ab"", ""parent"": [""virtual""], ""campus"": ""e57d303b-6ec3-4953-b365-a457c9d5e194""}"
4e090a0e-d09a-4f2f-bae9-5557c71876df,taxonomy_term--subject,1529,1529,2026-03-27T19:36:01+00:00,True,Applied Science Professional Platform (Okanagan),,0,2026-03-27T19:36:01+00:00,APPP_O,"{""vid"": ""f381dbf5-2e91-4c45-b8e2-daeb86e226ab"", ""parent"": [""virtual""], ""campus"": ""dd9e8772-d768-423c-9277-d7e817acff4b""}"
779d5635-9b69-49a7-a119-13b039a1b4a5,taxonomy_term--subject,1530,1530,2026-03-27T19:36:01+00:00,True,English (Okanagan),,0,2026-03-27T19:36:01+00:00,ENGL_O,"{""vid"": ""f381dbf5-2e91-4c45-b8e2-daeb86e226ab"", ""parent"": [""virtual""], ""campus"": ""dd9e8772-d768-423c-9277-d7e817acff4b""}"
e5cbd2ba-d287-48b0-8f49-d4739e5fa635,taxonomy_term--subject,1531,1531,2026-03-27T19:36:01+00:00,True,Arts Co-Op (Okanagan),,0,2026-03-27T19:36:01+00:00,ARCO_O,"{""vid"": ""f381dbf5-2e91-4c45-b8e2-daeb86e226ab"", ""parent"": [""virtual""], ""campus"": ""dd9e8772-d768-423c-9277-d7e817acff4b""}"
54ea0a24-f1c2-416d-82f7-0d4659ede06f,taxonomy_term--subject,1532,1532,2026-03-27T19:36:01+00:00,True,Business Administration: Core (Vancouver),,0,2026-03-27T19:36:01+00:00,BA_V,"{""vid"": ""f381dbf5-2e91-4c45-b8e2-daeb86e226ab"", ""parent"": [""virtual""], ""campus"": ""e57d303b-6ec3-4953-b365-a457c9d5e194""}"
19e58070-21a2-4db7-8e0e-3d13a4ca30d2,taxonomy_term--subject,1533,1533,2026-03-27T19:36:01+00:00,True,Geography (Okanagan),,0,2026-03-27T19:36:01+00:00,GEOG_O,"{""vid"": ""f381dbf5-2e91-4c45-b8e2-daeb86e226ab"", ""parent"": [""virtual""], ""campus"": ""dd9e8772-d768-423c-9277-d7e817acff4b""}"
af9199fa-f16b-455e-8f84-95d8ce902929,taxonomy_term--subject,1534,1534,2026-03-27T19:36:01+00:00,True,Astronomy (Okanagan),,0,2026-03-27T19:36:01+00:00,ASTR_O,"{""vid"": ""f381dbf5-2e91-4c45-b8e2-daeb86e226ab"", ""parent"": [""virtual""], ""campus"": ""dd9e8772-d768-423c-9277-d7e817acff4b""}"
41bf8a6b-ced7-4590-9158-8e59ded6a619,taxonomy_term--subject,1535,1535,2026-03-27T19:36:01+00:00,True,Health-Interprofessional (Okanagan),,0,2026-03-27T19:36:01+00:00,HINT_O,"{""vid"": ""f381dbf5-2e91-4c45-b8e2-daeb86e226ab"", ""parent"": [""virtual""], ""campus"": ""dd9e8772-d768-423c-9277-d7e817acff4b""}"
5c0d745e-f98b-4d6a-b6eb-0ea0de41b0e7,taxonomy_term--subject,1536,1536,2026-03-27T19:36:01+00:00,True,Physics (Okanagan),,0,2026-03-27T19:36:01+00:00,PHYS_O,"{""vid"": ""f381dbf5-2e91-4c45-b8e2-daeb86e226ab"", ""parent"": [""virtual""], ""campus"": ""dd9e8772-d768-423c-9277-d7e817acff4b""}"
27618453-b9b8-4559-8e48-d16b0344f088,taxonomy_term--subject,1537,1537,2026-03-27T19:36:01+00:00,True,Interdisciplinary Graduate Studies (Okanagan),,0,2026-03-27T19:36:01+00:00,IGS_O,"{""vid"": ""f381dbf5-2e91-4c45-b8e2-daeb86e226ab"", ""parent"": [""virtual""], ""campus"": ""dd9e8772-d768-423c-9277-d7e817acff4b""}"
e78ab05b-be8a-440c-9a1d-04eb85c16736,taxonomy_term--subject,1538,1538,2026-03-27T19:36:01+00:00,True,Japanese Studies (Okanagan),,0,2026-03-27T19:36:01+00:00,JPST_O,"{""vid"": ""f381dbf5-2e91-4c45-b8e2-daeb86e226ab"", ""parent"": [""virtual""], ""campus"": ""dd9e8772-d768-423c-9277-d7e817acff4b""}"
c0d096c4-2e7b-4eff-9676-c111525b6502,taxonomy_term--subject,1539,1539,2026-03-27T19:36:01+00:00,True,Alternative Routes to Computing (Vancouver),,0,2026-03-27T19:36:01+00:00,ARC_V,"{""vid"": ""f381dbf5-2e91-4c45-b8e2-daeb86e226ab"", ""parent"": [""virtual""], ""campus"": ""e57d303b-6ec3-4953-b365-a457c9d5e194""}"
b887a0d9-bf2f-48e4-89b4-9f041df70665,taxonomy_term--subject,1540,1540,2026-03-27T19:36:01+00:00,True,Computer Science (Okanagan),,0,2026-03-27T19:36:01+00:00,COSC_O,"{""vid"": ""f381dbf5-2e91-4c45-b8e2-daeb86e226ab"", ""parent"": [""virtual""], ""campus"": ""dd9e8772-d768-423c-9277-d7e817acff4b""}"
f63ba507-1b2f-4978-9cb8-2895915cba5f,taxonomy_term--subject,1541,1541,2026-03-27T19:36:01+00:00,True,Economics (Okanagan),,0,2026-03-27T19:36:01+00:00,ECON_O,"{""vid"": ""f381dbf5-2e91-4c45-b8e2-daeb86e226ab"", ""parent"": [""virtual""], ""campus"": ""dd9e8772-d768-423c-9277-d7e817acff4b""}"
324e3849-f796-4728-91a7-6fbb302fd49a,taxonomy_term--subject,1542,1542,2026-03-27T19:36:01+00:00,True,Film (Okanagan),,0,2026-03-27T19:36:01+00:00,FILM_O,"{""vid"": ""f381dbf5-2e91-4c45-b8e2-daeb86e226ab"", ""parent"": [""virtual""], ""campus"": ""dd9e8772-d768-423c-9277-d7e817acff4b""}"
427c4c70-8a77-4a1c-aea7-4ea80ffc3013,taxonomy_term--subject,1543,1543,2026-03-27T19:36:01+00:00,True,Human Kinetics (Okanagan),,0,2026-03-27T19:36:01+00:00,HMKN_O,"{""vid"": ""f381dbf5-2e91-4c45-b8e2-daeb86e226ab"", ""parent"": [""virtual""], ""campus"": ""dd9e8772-d768-423c-9277-d7e817acff4b""}"
c38b19b9-10fa-47bf-a345-34179682830f,taxonomy_term--subject,1544,1544,2026-03-27T19:36:01+00:00,True,Social Work (Okanagan),,0,2026-03-27T19:36:01+00:00,SOCW_O,"{""vid"": ""f381dbf5-2e91-4c45-b8e2-daeb86e226ab"", ""parent"": [""virtual""], ""campus"": ""dd9e8772-d768-423c-9277-d7e817acff4b""}"
bb9be287-cc08-4912-8397-03ebb9b9b7f6,taxonomy_term--subject,1545,1545,2026-03-27T19:36:01+00:00,True,Data Science (Okanagan),,0,2026-03-27T19:36:01+00:00,DATA_O,"{""vid"": ""f381dbf5-2e91-4c45-b8e2-daeb86e226ab"", ""parent"": [""virtual""], ""campus"": ""dd9e8772-d768-423c-9277-d7e817acff4b""}"
668febf5-0752-4d20-8936-bd9a877a99d8,taxonomy_term--subject,1546,1546,2026-03-27T19:36:01+00:00,True,Education (Okanagan),,0,2026-03-27T19:36:01+00:00,EDUC_O,"{""vid"": ""f381dbf5-2e91-4c45-b8e2-daeb86e226ab"", ""parent"": [""virtual""], ""campus"": ""dd9e8772-d768-423c-9277-d7e817acff4b""}"
da0bf1a9-5760-4ea9-a02a-a2850973db82,taxonomy_term--subject,1547,1547,2026-03-27T19:36:01+00:00,True,Forest Bioeconomy Sciences and Technology (Vancouver),,0,2026-03-27T19:36:01+00:00,BEST_V,"{""vid"": ""f381dbf5-2e91-4c45-b8e2-daeb86e226ab"", ""parent"": [""virtual""], ""campus"": ""e57d303b-6ec3-4953-b365-a457c9d5e194""}"
e0d819a8-bb65-408b-bcb2-075a2e4cdd66,taxonomy_term--subject,1548,1548,2026-03-27T19:36:01+00:00,True,German (Okanagan),,0,2026-03-27T19:36:01+00:00,GERM_O,"{""vid"": ""f381dbf5-2e91-4c45-b8e2-daeb86e226ab"", ""parent"": [""virtual""], ""campus"": ""dd9e8772-d768-423c-9277-d7e817acff4b""}"
5c7a589b-6a73-4109-9540-4cf62cf1ab26,taxonomy_term--subject,1549,1549,2026-03-27T19:36:01+00:00,True,Digital Humanities (Okanagan),,0,2026-03-27T19:36:01+00:00,DIHU_O,"{""vid"": ""f381dbf5-2e91-4c45-b8e2-daeb86e226ab"", ""parent"": [""virtual""], ""campus"": ""dd9e8772-d768-423c-9277-d7e817acff4b""}"
14dc3a84-cd55-435a-ad48-3d50744438e8,taxonomy_term--subject,1550,1550,2026-03-27T19:36:09+00:00,True,Chemistry (Okanagan),,0,2026-03-27T19:36:09+00:00,CHEM_O,"{""vid"": ""f381dbf5-2e91-4c45-b8e2-daeb86e226ab"", ""parent"": [""virtual""], ""campus"": ""dd9e8772-d768-423c-9277-d7e817acff4b""}"
968ea0b0-8cef-42ea-9478-8fa756e0abfc,taxonomy_term--subject,1551,1551,2026-03-27T19:36:09+00:00,True,Biochemistry (Okanagan),,0,2026-03-27T19:36:09+00:00,BIOC_O,"{""vid"": ""f381dbf5-2e91-4c45-b8e2-daeb86e226ab"", ""parent"": [""virtual""], ""campus"": ""dd9e8772-d768-423c-9277-d7e817acff4b""}"
a637ba4f-1608-41a6-80ba-b97145016bdd,taxonomy_term--subject,1552,1552,2026-03-27T19:36:09+00:00,True,Psychology (Okanagan),,0,2026-03-27T19:36:09+00:00,PSYO_O,"{""vid"": ""f381dbf5-2e91-4c45-b8e2-daeb86e226ab"", ""parent"": [""virtual""], ""campus"": ""dd9e8772-d768-423c-9277-d7e817acff4b""}"
ac50b7bb-6607-440b-b14c-bdf8d214b946,taxonomy_term--subject,1553,1553,2026-03-27T19:36:09+00:00,True,Anthropology (Okanagan),,0,2026-03-27T19:36:09+00:00,ANTH_O,"{""vid"": ""f381dbf5-2e91-4c45-b8e2-daeb86e226ab"", ""parent"": [""virtual""], ""campus"": ""dd9e8772-d768-423c-9277-d7e817acff4b""}"
ff444c2d-a89e-4d05-8ec6-8577bf3c83d9,taxonomy_term--subject,1554,1554,2026-03-27T19:36:09+00:00,True,History (Okanagan),,0,2026-03-27T19:36:09+00:00,HIST_O,"{""vid"": ""f381dbf5-2e91-4c45-b8e2-daeb86e226ab"", ""parent"": [""virtual""], ""campus"": ""dd9e8772-d768-423c-9277-d7e817acff4b""}"
85a4fbc9-c2c6-4122-a23a-f885a2853ad4,taxonomy_term--subject,1555,1555,2026-03-27T19:36:09+00:00,True,Engineering (Okanagan),,0,2026-03-27T19:36:09+00:00,ENGR_O,"{""vid"": ""f381dbf5-2e91-4c45-b8e2-daeb86e226ab"", ""parent"": [""virtual""], ""campus"": ""dd9e8772-d768-423c-9277-d7e817acff4b""}"
04168f63-ea0e-40f7-a520-d9593faf1f50,taxonomy_term--subject,1556,1556,2026-03-27T19:36:09+00:00,True,Sociology (Okanagan),,0,2026-03-27T19:36:09+00:00,SOCI_O,"{""vid"": ""f381dbf5-2e91-4c45-b8e2-daeb86e226ab"", ""parent"": [""virtual""], ""campus"": ""dd9e8772-d768-423c-9277-d7e817acff4b""}"
092ba0e3-7fa5-427d-83be-41fffe729f48,taxonomy_term--subject,1557,1557,2026-03-27T19:36:09+00:00,True,Earth & Environmental Sciences (Okanagan),,0,2026-03-27T19:36:09+00:00,EESC_O,"{""vid"": ""f381dbf5-2e91-4c45-b8e2-daeb86e226ab"", ""parent"": [""virtual""], ""campus"": ""dd9e8772-d768-423c-9277-d7e817acff4b""}"
598c0931-f70e-4d13-b614-0e63b5af2c46,taxonomy_term--subject,1558,1558,2026-03-27T19:36:09+00:00,True,Cooperative Education (Okanagan),,0,2026-03-27T19:36:09+00:00,COOP_O,"{""vid"": ""f381dbf5-2e91-4c45-b8e2-daeb86e226ab"", ""parent"": [""virtual""], ""campus"": ""dd9e8772-d768-423c-9277-d7e817acff4b""}"
86904f56-3db2-45ed-b83c-6351dae03f49,taxonomy_term--subject,1559,1559,2026-03-27T19:36:09+00:00,True,Theatre (Okanagan),,0,2026-03-27T19:36:09+00:00,THTR_O,"{""vid"": ""f381dbf5-2e91-4c45-b8e2-daeb86e226ab"", ""parent"": [""virtual""], ""campus"": ""dd9e8772-d768-423c-9277-d7e817acff4b""}"
9f78c116-e3dd-4541-a03f-35ecc1442b16,taxonomy_term--subject,1560,1560,2026-03-27T19:36:09+00:00,True,English for Academic Purposes (Okanagan),,0,2026-03-27T19:36:09+00:00,EAP_O,"{""vid"": ""f381dbf5-2e91-4c45-b8e2-daeb86e226ab"", ""parent"": [""virtual""], ""campus"": ""dd9e8772-d768-423c-9277-d7e817acff4b""}"
87a55f0b-d6fd-4d68-80b5-6ac45cb675aa,taxonomy_term--subject,1561,1561,2026-03-27T19:36:09+00:00,True,Art History (Vancouver),,0,2026-03-27T19:36:09+00:00,ARTH_V,"{""vid"": ""f381dbf5-2e91-4c45-b8e2-daeb86e226ab"", ""parent"": [""virtual""], ""campus"": ""e57d303b-6ec3-4953-b365-a457c9d5e194""}"
e2650931-b9eb-42ca-b7ff-9623622bf9cf,taxonomy_term--subject,1562,1562,2026-03-27T19:36:09+00:00,True,Food Systems (Okanagan),,0,2026-03-27T19:36:09+00:00,FDSY_O,"{""vid"": ""f381dbf5-2e91-4c45-b8e2-daeb86e226ab"", ""parent"": [""virtual""], ""campus"": ""dd9e8772-d768-423c-9277-d7e817acff4b""}"
be3381df-e307-4a81-9a17-e2d7909c4c72,taxonomy_term--subject,1563,1563,2026-03-27T19:36:09+00:00,True,Geospatial Information Science (Okanagan),,0,2026-03-27T19:36:09+00:00,GISC_O,"{""vid"": ""f381dbf5-2e91-4c45-b8e2-daeb86e226ab"", ""parent"": [""virtual""], ""campus"": ""dd9e8772-d768-423c-9277-d7e817acff4b""}"
886eda61-400e-49bb-9cd2-2709f4d98d9d,taxonomy_term--subject,1564,1564,2026-03-27T19:36:09+00:00,True,World Literature (Okanagan),,0,2026-03-27T19:36:09+00:00,WRLD_O,"{""vid"": ""f381dbf5-2e91-4c45-b8e2-daeb86e226ab"", ""parent"": [""virtual""], ""campus"": ""dd9e8772-d768-423c-9277-d7e817acff4b""}"
8685b374-d049-448e-895d-09b42c1a7290,taxonomy_term--subject,1565,1565,2026-03-27T19:36:09+00:00,True,Greek (Okanagan),,0,2026-03-27T19:36:09+00:00,GREK_O,"{""vid"": ""f381dbf5-2e91-4c45-b8e2-daeb86e226ab"", ""parent"": [""virtual""], ""campus"": ""dd9e8772-d768-423c-9277-d7e817acff4b""}"
3f7dc66a-a179-4567-906b-80b9d96f9873,taxonomy_term--subject,1566,1566,2026-03-27T19:36:09+00:00,True,Media Studies (Okanagan),,0,2026-03-27T19:36:09+00:00,MDST_O,"{""vid"": ""f381dbf5-2e91-4c45-b8e2-daeb86e226ab"", ""parent"": [""virtual""], ""campus"": ""dd9e8772-d768-423c-9277-d7e817acff4b""}"
28b2e2d7-1887-4c26-a0cc-94a2a74c92e9,taxonomy_term--subject,1567,1567,2026-03-27T19:36:09+00:00,True,Creative Writing (Okanagan),,0,2026-03-27T19:36:09+00:00,CRWR_O,"{""vid"": ""f381dbf5-2e91-4c45-b8e2-daeb86e226ab"", ""parent"": [""virtual""], ""campus"": ""dd9e8772-d768-423c-9277-d7e817acff4b""}"
49566abd-b7a6-4431-bf77-e2aed4571b5e,taxonomy_term--subject,1568,1568,2026-03-27T19:36:09+00:00,True,Business Administration: Accounting (Vancouver),,0,2026-03-27T19:36:09+00:00,BAAC_V,"{""vid"": ""f381dbf5-2e91-4c45-b8e2-daeb86e226ab"", ""parent"": [""virtual""], ""campus"": ""e57d303b-6ec3-4953-b365-a457c9d5e194""}"
00695be4-f40a-45f7-b236-beb187c1fdcb,taxonomy_term--subject,1569,1569,2026-03-27T19:36:09+00:00,True,Spanish (Okanagan),,0,2026-03-27T19:36:09+00:00,SPAN_O,"{""vid"": ""f381dbf5-2e91-4c45-b8e2-daeb86e226ab"", ""parent"": [""virtual""], ""campus"": ""dd9e8772-d768-423c-9277-d7e817acff4b""}"
07340323-ce84-43fc-9f53-ef7a288effcd,taxonomy_term--subject,1570,1570,2026-03-27T19:36:09+00:00,True,Agricultural Economics (Vancouver),,0,2026-03-27T19:36:09+00:00,AGEC_V,"{""vid"": ""f381dbf5-2e91-4c45-b8e2-daeb86e226ab"", ""parent"": [""virtual""], ""campus"": ""e57d303b-6ec3-4953-b365-a457c9d5e194""}"
de716c2f-0a61-4a54-864a-c4c11027c1e7,taxonomy_term--subject,1571,1571,2026-03-27T19:36:09+00:00,True,Early Childhood Education (Okanagan),,0,2026-03-27T19:36:09+00:00,ECED_O,"{""vid"": ""f381dbf5-2e91-4c45-b8e2-daeb86e226ab"", ""parent"": [""virtual""], ""campus"": ""dd9e8772-d768-423c-9277-d7e817acff4b""}"
1413d074-2c08-4d34-903c-77b00f9c51ee,taxonomy_term--subject,1572,1572,2026-03-27T19:36:09+00:00,True,Audiology and Speech Sciences (Vancouver),,0,2026-03-27T19:36:09+00:00,AUDI_V,"{""vid"": ""f381dbf5-2e91-4c45-b8e2-daeb86e226ab"", ""parent"": [""virtual""], ""campus"": ""e57d303b-6ec3-4953-b365-a457c9d5e194""}"
6fd83718-471d-424f-8448-b95ab5208bc1,taxonomy_term--subject,1573,1573,2026-03-27T19:36:09+00:00,True,Business Administration: Human Resources Management (Vancouver),,0,2026-03-27T19:36:09+00:00,BAHR_V,"{""vid"": ""f381dbf5-2e91-4c45-b8e2-daeb86e226ab"", ""parent"": [""virtual""], ""campus"": ""e57d303b-6ec3-4953-b365-a457c9d5e194""}"
75ecefaa-0b21-4c97-8945-db6a48345246,taxonomy_term--subject,1574,1574,2026-03-27T19:36:09+00:00,True,Health Studies (Okanagan),,0,2026-03-27T19:36:09+00:00,HEAL_O,"{""vid"": ""f381dbf5-2e91-4c45-b8e2-daeb86e226ab"", ""parent"": [""virtual""], ""campus"": ""dd9e8772-d768-423c-9277-d7e817acff4b""}"
4f21cf92-b127-4603-a108-dd96cd3babad,taxonomy_term--subject,1575,1575,2026-03-27T19:36:29+00:00,True,Forest Engineering British Columbia (Vancouver),,0,2026-03-27T19:36:29+00:00,FEBC_V,"{""vid"": ""f381dbf5-2e91-4c45-b8e2-daeb86e226ab"", ""parent"": [""virtual""], ""campus"": ""e57d303b-6ec3-4953-b365-a457c9d5e194""}"
6f518d21-475d-4428-9898-5232e2824701,taxonomy_term--subject,1576,1576,2026-03-27T19:36:29+00:00,True,Technology Studies Education (Vancouver),,0,2026-03-27T19:36:29+00:00,TSED_V,"{""vid"": ""f381dbf5-2e91-4c45-b8e2-daeb86e226ab"", ""parent"": [""virtual""], ""campus"": ""e57d303b-6ec3-4953-b365-a457c9d5e194""}"
da389513-f37c-4e23-9c8d-b64b397ad469,taxonomy_term--subject,1577,1577,2026-03-27T19:36:29+00:00,True,Mathematics (Vancouver),,0,2026-03-27T19:36:29+00:00,MATH_V,"{""vid"": ""f381dbf5-2e91-4c45-b8e2-daeb86e226ab"", ""parent"": [""virtual""], ""campus"": ""e57d303b-6ec3-4953-b365-a457c9d5e194""}"
3a15b400-2054-4c53-b31c-3c7767e890e8,taxonomy_term--subject,1578,1578,2026-03-27T19:36:29+00:00,True,Environmental Engineering (Vancouver),,0,2026-03-27T19:36:29+00:00,ENVE_V,"{""vid"": ""f381dbf5-2e91-4c45-b8e2-daeb86e226ab"", ""parent"": [""virtual""], ""campus"": ""e57d303b-6ec3-4953-b365-a457c9d5e194""}"
2137f541-c8be-4dd5-b148-c1b95d3d0d42,taxonomy_term--subject,1579,1579,2026-03-27T19:36:29+00:00,True,Physics (Vancouver),,0,2026-03-27T19:36:29+00:00,PHYS_V,"{""vid"": ""f381dbf5-2e91-4c45-b8e2-daeb86e226ab"", ""parent"": [""virtual""], ""campus"": ""e57d303b-6ec3-4953-b365-a457c9d5e194""}"
c43637db-25f1-4862-8ffb-2132b2b95df3,taxonomy_term--subject,1580,1580,2026-03-27T19:36:29+00:00,True,Interdisciplinary Radiology (Vancouver),,0,2026-03-27T19:36:29+00:00,RADS_V,"{""vid"": ""f381dbf5-2e91-4c45-b8e2-daeb86e226ab"", ""parent"": [""virtual""], ""campus"": ""e57d303b-6ec3-4953-b365-a457c9d5e194""}"
2719ebe0-c1b6-4fd0-89aa-919db2e9ef0d,taxonomy_term--subject,1581,1581,2026-03-27T19:36:29+00:00,True,Cantonese (Vancouver),,0,2026-03-27T19:36:29+00:00,CNTO_V,"{""vid"": ""f381dbf5-2e91-4c45-b8e2-daeb86e226ab"", ""parent"": [""virtual""], ""campus"": ""e57d303b-6ec3-4953-b365-a457c9d5e194""}"
20a32832-2b93-4354-b5a9-234f1afeafaf,taxonomy_term--subject,1582,1582,2026-03-27T19:36:29+00:00,True,Business Administration: Technology Management (Vancouver),,0,2026-03-27T19:36:29+00:00,BATM_V,"{""vid"": ""f381dbf5-2e91-4c45-b8e2-daeb86e226ab"", ""parent"": [""virtual""], ""campus"": ""e57d303b-6ec3-4953-b365-a457c9d5e194""}"
9d0d0051-25e3-48d0-b024-604ecf625c23,taxonomy_term--subject,1583,1583,2026-03-27T19:36:29+00:00,True,Hindi-Urdu (Vancouver),,0,2026-03-27T19:36:29+00:00,HINU_V,"{""vid"": ""f381dbf5-2e91-4c45-b8e2-daeb86e226ab"", ""parent"": [""virtual""], ""campus"": ""e57d303b-6ec3-4953-b365-a457c9d5e194""}"
a17b5064-0d89-4e20-85e8-0d5e8aabf787,taxonomy_term--subject,1584,1584,2026-03-27T19:36:29+00:00,True,Smart Grid Energy Systems (Vancouver),,0,2026-03-27T19:36:29+00:00,SGES_V,"{""vid"": ""f381dbf5-2e91-4c45-b8e2-daeb86e226ab"", ""parent"": [""virtual""], ""campus"": ""e57d303b-6ec3-4953-b365-a457c9d5e194""}"
7c14caa6-6583-4a4f-9cd0-afbb8296919c,taxonomy_term--subject,1585,1585,2026-03-27T19:36:29+00:00,True,Scandinavian (Vancouver),,0,2026-03-27T19:36:29+00:00,SCAN_V,"{""vid"": ""f381dbf5-2e91-4c45-b8e2-daeb86e226ab"", ""parent"": [""virtual""], ""campus"": ""e57d303b-6ec3-4953-b365-a457c9d5e194""}"
38d938d9-ca72-42ee-b440-ecf5a834b9f5,taxonomy_term--subject,1586,1586,2026-03-27T19:36:29+00:00,True,Latin (Vancouver),,0,2026-03-27T19:36:29+00:00,LATN_V,"{""vid"": ""f381dbf5-2e91-4c45-b8e2-daeb86e226ab"", ""parent"": [""virtual""], ""campus"": ""e57d303b-6ec3-4953-b365-a457c9d5e194""}"
57fcd2f7-dd9b-4e74-a6d7-f599b6289605,taxonomy_term--subject,1587,1587,2026-03-27T19:36:29+00:00,True,Forest Operations (Vancouver),,0,2026-03-27T19:36:29+00:00,FOPR_V,"{""vid"": ""f381dbf5-2e91-4c45-b8e2-daeb86e226ab"", ""parent"": [""virtual""], ""campus"": ""e57d303b-6ec3-4953-b365-a457c9d5e194""}"
fbf25fc0-bfef-492d-ba5f-8f0e8fe33383,taxonomy_term--subject,1589,1589,2026-03-27T19:36:29+00:00,True,Engineering and Public Policy (Vancouver),,0,2026-03-27T19:36:29+00:00,ENPP_V,"{""vid"": ""f381dbf5-2e91-4c45-b8e2-daeb86e226ab"", ""parent"": [""virtual""], ""campus"": ""e57d303b-6ec3-4953-b365-a457c9d5e194""}"
d1ef7ed4-4761-45c5-9c30-2a44b706170d,taxonomy_term--subject,1590,1590,2026-03-27T19:36:29+00:00,True,Herstmonceux Geography (Vancouver),,0,2026-03-27T19:36:29+00:00,HXGY_V,"{""vid"": ""f381dbf5-2e91-4c45-b8e2-daeb86e226ab"", ""parent"": [""virtual""], ""campus"": ""e57d303b-6ec3-4953-b365-a457c9d5e194""}"
0fcf43bf-5b35-411d-93ae-6bde1048e481,taxonomy_term--subject,1591,1591,2026-03-27T19:36:29+00:00,True,Cinema Studies (Vancouver),,0,2026-03-27T19:36:29+00:00,CINE_V,"{""vid"": ""f381dbf5-2e91-4c45-b8e2-daeb86e226ab"", ""parent"": [""virtual""], ""campus"": ""e57d303b-6ec3-4953-b365-a457c9d5e194""}"
60194181-62e2-4807-9fc4-451e30111296,taxonomy_term--subject,1592,1592,2026-03-27T19:36:29+00:00,True,Computing Studies Education (Vancouver),,0,2026-03-27T19:36:29+00:00,CSED_V,"{""vid"": ""f381dbf5-2e91-4c45-b8e2-daeb86e226ab"", ""parent"": [""virtual""], ""campus"": ""e57d303b-6ec3-4953-b365-a457c9d5e194""}"
9dbcd728-0de5-4053-bfc2-a196a97dd369,taxonomy_term--subject,1593,1593,2026-03-27T19:36:29+00:00,True,Clinical Elective (Vancouver),,0,2026-03-27T19:36:29+00:00,CLEV_V,"{""vid"": ""f381dbf5-2e91-4c45-b8e2-daeb86e226ab"", ""parent"": [""virtual""], ""campus"": ""e57d303b-6ec3-4953-b365-a457c9d5e194""}"
b664ded6-8bfd-474d-9e33-576760785f6a,taxonomy_term--subject,1594,1594,2026-03-27T19:36:29+00:00,True,Indigenous Land Stewardship (Vancouver),,0,2026-03-27T19:36:29+00:00,ILS_V,"{""vid"": ""f381dbf5-2e91-4c45-b8e2-daeb86e226ab"", ""parent"": [""virtual""], ""campus"": ""e57d303b-6ec3-4953-b365-a457c9d5e194""}"
db9c3426-1c19-4d95-b0e8-8dc469448de8,taxonomy_term--subject,1595,1595,2026-03-27T19:36:29+00:00,True,Digital Media (Vancouver),,0,2026-03-27T19:36:29+00:00,DMED_V,"{""vid"": ""f381dbf5-2e91-4c45-b8e2-daeb86e226ab"", ""parent"": [""virtual""], ""campus"": ""e57d303b-6ec3-4953-b365-a457c9d5e194""}"
e8926c64-dbd8-4508-b922-ff4d35ecfd94,taxonomy_term--subject,1596,1596,2026-03-27T19:36:29+00:00,True,Interprofessional Health And Human Service (Vancouver),,0,2026-03-27T19:36:29+00:00,IHHS_V,"{""vid"": ""f381dbf5-2e91-4c45-b8e2-daeb86e226ab"", ""parent"": [""virtual""], ""campus"": ""e57d303b-6ec3-4953-b365-a457c9d5e194""}"
33fd7996-58ed-4ad4-9a0a-b5c3fbef3fcc,taxonomy_term--subject,1597,1597,2026-03-27T19:36:29+00:00,True,Education (Vancouver),,0,2026-03-27T19:36:29+00:00,EDUC_V,"{""vid"": ""f381dbf5-2e91-4c45-b8e2-daeb86e226ab"", ""parent"": [""virtual""], ""campus"": ""e57d303b-6ec3-4953-b365-a457c9d5e194""}"
d3731127-4749-45d3-94bf-c63d1a03bf50,taxonomy_term--subject,1598,1598,2026-03-27T19:36:29+00:00,True,Social Work And Family Studies (Vancouver),,0,2026-03-27T19:36:29+00:00,SWFS_V,"{""vid"": ""f381dbf5-2e91-4c45-b8e2-daeb86e226ab"", ""parent"": [""virtual""], ""campus"": ""e57d303b-6ec3-4953-b365-a457c9d5e194""}"
1cefd70b-b2fa-4c16-a07f-5d827b5ae393,taxonomy_term--subject,1599,1599,2026-03-27T19:36:29+00:00,True,Computing Information And Cognitive Systems (Vancouver),,0,2026-03-27T19:36:29+00:00,CICS_V,"{""vid"": ""f381dbf5-2e91-4c45-b8e2-daeb86e226ab"", ""parent"": [""virtual""], ""campus"": ""e57d303b-6ec3-4953-b365-a457c9d5e194""}"
57f9e8fa-33f6-43c0-888f-0790f77f8973,taxonomy_term--subject,1600,1600,2026-03-27T19:37:13+00:00,True,Theatre And Film (Vancouver),,0,2026-03-27T19:37:13+00:00,THFL_V,"{""vid"": ""f381dbf5-2e91-4c45-b8e2-daeb86e226ab"", ""parent"": [""virtual""], ""campus"": ""e57d303b-6ec3-4953-b365-a457c9d5e194""}"
496b727a-c145-4dd5-98cf-1572b5f977d6,taxonomy_term--subject,1601,1601,2026-03-27T19:37:13+00:00,True,Occupational And Environmental Hygiene (Vancouver),,0,2026-03-27T19:37:13+00:00,OCCH_V,"{""vid"": ""f381dbf5-2e91-4c45-b8e2-daeb86e226ab"", ""parent"": [""virtual""], ""campus"": ""e57d303b-6ec3-4953-b365-a457c9d5e194""}"
e0d25d33-3e6a-44ff-bec5-efbf3e5bff2b,taxonomy_term--subject,1602,1602,2026-03-27T19:37:13+00:00,True,University Writing Centre Courses (Vancouver),,0,2026-03-27T19:37:13+00:00,WRIT_V,"{""vid"": ""f381dbf5-2e91-4c45-b8e2-daeb86e226ab"", ""parent"": [""virtual""], ""campus"": ""e57d303b-6ec3-4953-b365-a457c9d5e194""}"
6e279e73-8542-4390-b752-77affdf0ed8f,taxonomy_term--subject,1603,1603,2026-03-27T19:37:13+00:00,True,Dentistry (Vancouver),,0,2026-03-27T19:37:13+00:00,DENT_V,"{""vid"": ""f381dbf5-2e91-4c45-b8e2-daeb86e226ab"", ""parent"": [""virtual""], ""campus"": ""e57d303b-6ec3-4953-b365-a457c9d5e194""}"
8c38d6db-dad2-4793-b6a8-70165bf772d4,taxonomy_term--subject,1604,1604,2026-03-27T19:37:13+00:00,True,Herstmonceux Film (Vancouver),,0,2026-03-27T19:37:13+00:00,HXFL_V,"{""vid"": ""f381dbf5-2e91-4c45-b8e2-daeb86e226ab"", ""parent"": [""virtual""], ""campus"": ""e57d303b-6ec3-4953-b365-a457c9d5e194""}"
75bda9c1-6a22-437c-bd4e-eebe6b39dce8,taxonomy_term--subject,1605,1605,2026-03-27T19:37:13+00:00,True,Health Care And Epidemiology And Commerce (Vancouver),,0,2026-03-27T19:37:13+00:00,HCEC_V,"{""vid"": ""f381dbf5-2e91-4c45-b8e2-daeb86e226ab"", ""parent"": [""virtual""], ""campus"": ""e57d303b-6ec3-4953-b365-a457c9d5e194""}"
5a2996b0-86a7-444b-8ed8-91db4bec09bf,taxonomy_term--subject,1606,1606,2026-03-27T19:37:13+00:00,True,Clean Energy Engineering (Vancouver),,0,2026-03-27T19:37:13+00:00,CEEN_V,"{""vid"": ""f381dbf5-2e91-4c45-b8e2-daeb86e226ab"", ""parent"": [""virtual""], ""campus"": ""e57d303b-6ec3-4953-b365-a457c9d5e194""}"
5c1fd63c-9b3c-4df2-97a0-cc97194fc8fa,taxonomy_term--subject,1607,1607,2026-03-27T19:37:13+00:00,True,Education Doctorate Leadership and Learning (Okanagan),,0,2026-03-27T19:37:13+00:00,EDLL_O,"{""vid"": ""f381dbf5-2e91-4c45-b8e2-daeb86e226ab"", ""parent"": [""virtual""], ""campus"": ""dd9e8772-d768-423c-9277-d7e817acff4b""}"
b4535b84-a3b7-4594-90bd-cbedd1126dcb,taxonomy_term--subject,1608,1608,2026-03-27T19:37:13+00:00,True,"Resources, Environment and Sustainability (Vancouver)",,0,2026-03-27T19:37:13+00:00,RES_V,"{""vid"": ""f381dbf5-2e91-4c45-b8e2-daeb86e226ab"", ""parent"": [""virtual""], ""campus"": ""e57d303b-6ec3-4953-b365-a457c9d5e194""}"
95e76bbf-b3a4-4256-a7c0-e164a6cd46f1,taxonomy_term--subject,1609,1609,2026-03-27T19:37:13+00:00,True,Teacher Librarianship (Vancouver),,0,2026-03-27T19:37:13+00:00,LIBE_V,"{""vid"": ""f381dbf5-2e91-4c45-b8e2-daeb86e226ab"", ""parent"": [""virtual""], ""campus"": ""e57d303b-6ec3-4953-b365-a457c9d5e194""}"
f4790f6a-ccb9-4ef1-a634-1faefe1d4d8c,taxonomy_term--subject,1610,1610,2026-03-27T19:37:13+00:00,True,Film Production (Vancouver),,0,2026-03-27T19:37:13+00:00,FIPR_V,"{""vid"": ""f381dbf5-2e91-4c45-b8e2-daeb86e226ab"", ""parent"": [""virtual""], ""campus"": ""e57d303b-6ec3-4953-b365-a457c9d5e194""}"
881cf499-6afd-4dcf-b802-2e7398784434,taxonomy_term--subject,1611,1611,2026-03-27T19:37:13+00:00,True,Business Administration: Urban Land Economics (Vancouver),,0,2026-03-27T19:37:13+00:00,BAUL_V,"{""vid"": ""f381dbf5-2e91-4c45-b8e2-daeb86e226ab"", ""parent"": [""virtual""], ""campus"": ""e57d303b-6ec3-4953-b365-a457c9d5e194""}"
377d61bd-bd55-49cc-a47a-5f32a61e63f6,taxonomy_term--subject,1612,1612,2026-03-27T19:37:13+00:00,True,Critical Studies in Sexuality (Vancouver),,0,2026-03-27T19:37:13+00:00,CSIS_V,"{""vid"": ""f381dbf5-2e91-4c45-b8e2-daeb86e226ab"", ""parent"": [""virtual""], ""campus"": ""e57d303b-6ec3-4953-b365-a457c9d5e194""}"
2474d076-d676-4292-bc6c-f93ae99c9cc7,taxonomy_term--subject,1613,1613,2026-03-27T19:37:13+00:00,True,Obstetrics and Gynaecology (Vancouver),,0,2026-03-27T19:37:13+00:00,OBST_V,"{""vid"": ""f381dbf5-2e91-4c45-b8e2-daeb86e226ab"", ""parent"": [""virtual""], ""campus"": ""e57d303b-6ec3-4953-b365-a457c9d5e194""}"
7eade53c-cb1d-40ed-aeee-f273b9341e0c,taxonomy_term--subject,1614,1614,2026-03-27T19:37:13+00:00,True,Rehabilitation Sciences (Vancouver),,0,2026-03-27T19:37:13+00:00,RHSC_V,"{""vid"": ""f381dbf5-2e91-4c45-b8e2-daeb86e226ab"", ""parent"": [""virtual""], ""campus"": ""e57d303b-6ec3-4953-b365-a457c9d5e194""}"
fd25749a-0c2d-44be-b244-67e8418ab48d,taxonomy_term--subject,1615,1615,2026-03-27T19:37:13+00:00,True,Herstmonceux German (Vancouver),,0,2026-03-27T19:37:13+00:00,HXGM_V,"{""vid"": ""f381dbf5-2e91-4c45-b8e2-daeb86e226ab"", ""parent"": [""virtual""], ""campus"": ""e57d303b-6ec3-4953-b365-a457c9d5e194""}"
38937246-3a7c-4006-a46a-82f7a30bbfda,taxonomy_term--subject,1616,1616,2026-03-27T19:37:13+00:00,True,Science (Vancouver),,0,2026-03-27T19:37:13+00:00,SCIE_V,"{""vid"": ""f381dbf5-2e91-4c45-b8e2-daeb86e226ab"", ""parent"": [""virtual""], ""campus"": ""e57d303b-6ec3-4953-b365-a457c9d5e194""}"
95c91088-8e8f-4aa4-a6fd-f00ea94368ae,taxonomy_term--subject,1617,1617,2026-03-27T19:37:13+00:00,True,Forestry (Vancouver),,0,2026-03-27T19:37:13+00:00,FRST_V,"{""vid"": ""f381dbf5-2e91-4c45-b8e2-daeb86e226ab"", ""parent"": [""virtual""], ""campus"": ""e57d303b-6ec3-4953-b365-a457c9d5e194""}"
ee0ccfc5-bc40-4a43-af17-fd414fb0445f,taxonomy_term--subject,1618,1618,2026-03-27T19:37:13+00:00,True,Health and Society (Vancouver),,0,2026-03-27T19:37:13+00:00,HESO_V,"{""vid"": ""f381dbf5-2e91-4c45-b8e2-daeb86e226ab"", ""parent"": [""virtual""], ""campus"": ""e57d303b-6ec3-4953-b365-a457c9d5e194""}"
973cedce-e3d0-4a0a-a5be-1c67aa729190,taxonomy_term--subject,1619,1619,2026-03-27T19:37:13+00:00,True,Global Resource Systems (Vancouver),,0,2026-03-27T19:37:13+00:00,GRS_V,"{""vid"": ""f381dbf5-2e91-4c45-b8e2-daeb86e226ab"", ""parent"": [""virtual""], ""campus"": ""e57d303b-6ec3-4953-b365-a457c9d5e194""}"
44ce18f7-7aec-4a97-bb9f-2cdcf1909ca3,taxonomy_term--subject,1620,1620,2026-03-27T19:37:13+00:00,True,Kinesiology (Vancouver),,0,2026-03-27T19:37:13+00:00,KIN_V,"{""vid"": ""f381dbf5-2e91-4c45-b8e2-daeb86e226ab"", ""parent"": [""virtual""], ""campus"": ""e57d303b-6ec3-4953-b365-a457c9d5e194""}"
4bebf967-e7c5-4226-82e0-653370f5a72e,taxonomy_term--subject,1621,1621,2026-03-27T19:37:13+00:00,True,Medicine (Vancouver),,0,2026-03-27T19:37:13+00:00,MEDI_V,"{""vid"": ""f381dbf5-2e91-4c45-b8e2-daeb86e226ab"", ""parent"": [""virtual""], ""campus"": ""e57d303b-6ec3-4953-b365-a457c9d5e194""}"
5b4d8718-6661-4d4f-9b67-f583a0fc1b72,taxonomy_term--subject,1622,1622,2026-03-27T19:37:13+00:00,True,Human Ecology (Vancouver),,0,2026-03-27T19:37:13+00:00,HECO_V,"{""vid"": ""f381dbf5-2e91-4c45-b8e2-daeb86e226ab"", ""parent"": [""virtual""], ""campus"": ""e57d303b-6ec3-4953-b365-a457c9d5e194""}"
de7d9542-3309-4ea5-a383-41cfa567909c,taxonomy_term--subject,1623,1623,2026-03-27T19:37:13+00:00,True,Drama (Okanagan),,0,2026-03-27T19:37:13+00:00,DRAM_O,"{""vid"": ""f381dbf5-2e91-4c45-b8e2-daeb86e226ab"", ""parent"": [""virtual""], ""campus"": ""dd9e8772-d768-423c-9277-d7e817acff4b""}"
ca403450-73ac-4e19-b580-8b547a49e8d0,taxonomy_term--subject,1624,1624,2026-03-27T19:37:13+00:00,True,Business Administration: Management Science (Vancouver),,0,2026-03-27T19:37:13+00:00,BAMS_V,"{""vid"": ""f381dbf5-2e91-4c45-b8e2-daeb86e226ab"", ""parent"": [""virtual""], ""campus"": ""e57d303b-6ec3-4953-b365-a457c9d5e194""}"
7d68bc53-4239-4e61-a787-0e8a5e4e00c1,taxonomy_term--subject,1625,1625,2026-03-27T19:37:30+00:00,True,Herstmonceux Art History (Vancouver),,0,2026-03-27T19:37:30+00:00,HXAH_V,"{""vid"": ""f381dbf5-2e91-4c45-b8e2-daeb86e226ab"", ""parent"": [""virtual""], ""campus"": ""e57d303b-6ec3-4953-b365-a457c9d5e194""}"
5afc17f2-d0b0-4682-9820-189cac5f0625,taxonomy_term--subject,1626,1626,2026-03-27T19:37:30+00:00,True,Family Studies (Vancouver),,0,2026-03-27T19:37:30+00:00,FMST_V,"{""vid"": ""f381dbf5-2e91-4c45-b8e2-daeb86e226ab"", ""parent"": [""virtual""], ""campus"": ""e57d303b-6ec3-4953-b365-a457c9d5e194""}"
0b03f7bb-99cb-4cbf-971f-17584819d837,taxonomy_term--subject,1627,1627,2026-03-27T19:37:30+00:00,True,Punjabi (Vancouver),,0,2026-03-27T19:37:30+00:00,PUNJ_V,"{""vid"": ""f381dbf5-2e91-4c45-b8e2-daeb86e226ab"", ""parent"": [""virtual""], ""campus"": ""e57d303b-6ec3-4953-b365-a457c9d5e194""}"
e8d5cf6e-f135-4422-bca0-2d112f04d181,taxonomy_term--subject,1628,1628,2026-03-27T19:37:30+00:00,True,Herstmonceux Religious Studies (Vancouver),,0,2026-03-27T19:37:30+00:00,HXRE_V,"{""vid"": ""f381dbf5-2e91-4c45-b8e2-daeb86e226ab"", ""parent"": [""virtual""], ""campus"": ""e57d303b-6ec3-4953-b365-a457c9d5e194""}"
060823e0-73dd-45fc-9017-58bce426234a,taxonomy_term--subject,1629,1629,2026-03-27T19:37:30+00:00,True,Herstmonceux Women'S Studies (Vancouver),,0,2026-03-27T19:37:30+00:00,HXWM_V,"{""vid"": ""f381dbf5-2e91-4c45-b8e2-daeb86e226ab"", ""parent"": [""virtual""], ""campus"": ""e57d303b-6ec3-4953-b365-a457c9d5e194""}"
be4db2bc-c1f2-452a-ae5b-bae44951d155,taxonomy_term--subject,1630,1630,2026-03-27T19:37:30+00:00,True,Primary Health Care (Vancouver),,0,2026-03-27T19:37:30+00:00,PRHC_V,"{""vid"": ""f381dbf5-2e91-4c45-b8e2-daeb86e226ab"", ""parent"": [""virtual""], ""campus"": ""e57d303b-6ec3-4953-b365-a457c9d5e194""}"
d7e58431-2dc0-408c-b611-ef52c42d5b0a,taxonomy_term--subject,1631,1631,2026-03-27T19:37:30+00:00,True,Herstmonceux Spanish (Vancouver),,0,2026-03-27T19:37:30+00:00,HXSP_V,"{""vid"": ""f381dbf5-2e91-4c45-b8e2-daeb86e226ab"", ""parent"": [""virtual""], ""campus"": ""e57d303b-6ec3-4953-b365-a457c9d5e194""}"
fe17f35d-c226-472d-a239-d3e8118aa599,taxonomy_term--subject,1632,1632,2026-03-27T19:37:30+00:00,True,Swedish (Vancouver),,0,2026-03-27T19:37:30+00:00,SWED_V,"{""vid"": ""f381dbf5-2e91-4c45-b8e2-daeb86e226ab"", ""parent"": [""virtual""], ""campus"": ""e57d303b-6ec3-4953-b365-a457c9d5e194""}"
d73dfa0d-fa00-42ae-ae7a-1f4e49307853,taxonomy_term--subject,1633,1633,2026-03-27T19:37:30+00:00,True,Linguistics (Vancouver),,0,2026-03-27T19:37:30+00:00,LING_V,"{""vid"": ""f381dbf5-2e91-4c45-b8e2-daeb86e226ab"", ""parent"": [""virtual""], ""campus"": ""e57d303b-6ec3-4953-b365-a457c9d5e194""}"
d954690f-2be4-478b-a49e-ceef027d1eb5,taxonomy_term--subject,1634,1634,2026-03-27T19:37:30+00:00,True,Management Studies (Okanagan),,0,2026-03-27T19:37:30+00:00,MGIT_O,"{""vid"": ""f381dbf5-2e91-4c45-b8e2-daeb86e226ab"", ""parent"": [""virtual""], ""campus"": ""dd9e8772-d768-423c-9277-d7e817acff4b""}"
08e4138a-b0d6-415e-a782-f69efa1d96e2,taxonomy_term--subject,1635,1635,2026-03-27T19:37:30+00:00,True,Philosophy (Vancouver),,0,2026-03-27T19:37:30+00:00,PHIL_V,"{""vid"": ""f381dbf5-2e91-4c45-b8e2-daeb86e226ab"", ""parent"": [""virtual""], ""campus"": ""e57d303b-6ec3-4953-b365-a457c9d5e194""}"
2eaade2f-76bc-4c8f-8de4-4520d1631c8e,taxonomy_term--subject,1636,1636,2026-03-27T19:37:30+00:00,True,Herstmonceux French (Vancouver),,0,2026-03-27T19:37:30+00:00,HXFR_V,"{""vid"": ""f381dbf5-2e91-4c45-b8e2-daeb86e226ab"", ""parent"": [""virtual""], ""campus"": ""e57d303b-6ec3-4953-b365-a457c9d5e194""}"
5b89f05e-a750-418b-9e35-538f5253e9d4,taxonomy_term--subject,1637,1637,2026-03-27T19:37:30+00:00,True,Materials Engineering (Vancouver),,0,2026-03-27T19:37:30+00:00,MTRL_V,"{""vid"": ""f381dbf5-2e91-4c45-b8e2-daeb86e226ab"", ""parent"": [""virtual""], ""campus"": ""e57d303b-6ec3-4953-b365-a457c9d5e194""}"
d3791494-5bd9-49ab-8819-7ef56cb6848f,taxonomy_term--subject,1638,1638,2026-03-27T19:37:30+00:00,True,International Space University (Vancouver),,0,2026-03-27T19:37:30+00:00,INSU_V,"{""vid"": ""f381dbf5-2e91-4c45-b8e2-daeb86e226ab"", ""parent"": [""virtual""], ""campus"": ""e57d303b-6ec3-4953-b365-a457c9d5e194""}"
1af5de11-2a4f-4fda-9cea-9ea08fb6e38f,taxonomy_term--subject,1639,1639,2026-03-27T19:37:30+00:00,True,Immersive Technologies (Okanagan),,0,2026-03-27T19:37:30+00:00,IMTC_O,"{""vid"": ""f381dbf5-2e91-4c45-b8e2-daeb86e226ab"", ""parent"": [""virtual""], ""campus"": ""dd9e8772-d768-423c-9277-d7e817acff4b""}"
7a512004-fed4-492c-8527-8bc36ae73eff,taxonomy_term--subject,1640,1640,2026-03-27T19:37:30+00:00,True,Law and Society (Vancouver),,0,2026-03-27T19:37:30+00:00,LASO_V,"{""vid"": ""f381dbf5-2e91-4c45-b8e2-daeb86e226ab"", ""parent"": [""virtual""], ""campus"": ""e57d303b-6ec3-4953-b365-a457c9d5e194""}"
9feaf78f-0cf5-40c0-aea2-4e14ecd0d1bb,taxonomy_term--subject,1641,1641,2026-03-27T19:37:30+00:00,True,Oral Health Sciences (Vancouver),,0,2026-03-27T19:37:30+00:00,OHS_V,"{""vid"": ""f381dbf5-2e91-4c45-b8e2-daeb86e226ab"", ""parent"": [""virtual""], ""campus"": ""e57d303b-6ec3-4953-b365-a457c9d5e194""}"
5c713757-addd-4e50-a5ff-2f60f17b7ea2,taxonomy_term--subject,1642,1642,2026-03-27T19:37:30+00:00,True,Business (Vancouver),,0,2026-03-27T19:37:30+00:00,BUSI_V,"{""vid"": ""f381dbf5-2e91-4c45-b8e2-daeb86e226ab"", ""parent"": [""virtual""], ""campus"": ""e57d303b-6ec3-4953-b365-a457c9d5e194""}"
ebfcbc0f-13ea-439e-a04c-1c10aebc2a89,taxonomy_term--subject,1643,1643,2026-03-27T19:37:30+00:00,True,Herstmonceux Economics (Vancouver),,0,2026-03-27T19:37:30+00:00,HXEC_V,"{""vid"": ""f381dbf5-2e91-4c45-b8e2-daeb86e226ab"", ""parent"": [""virtual""], ""campus"": ""e57d303b-6ec3-4953-b365-a457c9d5e194""}"
c07dfa86-a6b0-4c2b-a506-b849edd7746f,taxonomy_term--subject,1644,1644,2026-03-27T19:37:30+00:00,True,"Cellular, Anatomical and Physiological Sciences (Vancouver)",,0,2026-03-27T19:37:30+00:00,CAPS_V,"{""vid"": ""f381dbf5-2e91-4c45-b8e2-daeb86e226ab"", ""parent"": [""virtual""], ""campus"": ""e57d303b-6ec3-4953-b365-a457c9d5e194""}"
3efd036c-6f90-435f-b084-160a7532dc39,taxonomy_term--subject,1645,1645,2026-03-27T19:37:30+00:00,True,Media Studies (Vancouver),,0,2026-03-27T19:37:30+00:00,MDIA_V,"{""vid"": ""f381dbf5-2e91-4c45-b8e2-daeb86e226ab"", ""parent"": [""virtual""], ""campus"": ""e57d303b-6ec3-4953-b365-a457c9d5e194""}"
76db7c86-37fe-498e-9081-caccff54a0c1,taxonomy_term--subject,1646,1646,2026-03-27T19:37:30+00:00,True,Botany (Vancouver),,0,2026-03-27T19:37:30+00:00,BOTA_V,"{""vid"": ""f381dbf5-2e91-4c45-b8e2-daeb86e226ab"", ""parent"": [""virtual""], ""campus"": ""e57d303b-6ec3-4953-b365-a457c9d5e194""}"
c6ea0432-6f36-4e66-a332-65506189b2e2,taxonomy_term--subject,1647,1647,2026-03-27T19:37:30+00:00,True,Indonesian (Vancouver),,0,2026-03-27T19:37:30+00:00,INDO_V,"{""vid"": ""f381dbf5-2e91-4c45-b8e2-daeb86e226ab"", ""parent"": [""virtual""], ""campus"": ""e57d303b-6ec3-4953-b365-a457c9d5e194""}"
92f2087c-249a-42cd-86f6-9ddabed32e2d,taxonomy_term--subject,1648,1648,2026-03-27T19:37:30+00:00,True,Public Policy and Global Affairs (Vancouver),,0,2026-05-05T23:16:50+00:00,PPGA_V,"{""vid"": ""f381dbf5-2e91-4c45-b8e2-daeb86e226ab"", ""parent"": [""virtual""], ""campus"": ""e57d303b-6ec3-4953-b365-a457c9d5e194""}"
516baf7e-9eb0-4461-874b-f2325c7496b1,taxonomy_term--subject,1650,1650,2026-03-27T19:37:34+00:00,True,Asian Languages (Vancouver),,0,2026-03-27T19:37:34+00:00,ASLA_V,"{""vid"": ""f381dbf5-2e91-4c45-b8e2-daeb86e226ab"", ""parent"": [""virtual""], ""campus"": ""e57d303b-6ec3-4953-b365-a457c9d5e194""}"
37518e33-60c7-4dba-8ad8-03e517c95009,taxonomy_term--subject,1651,1651,2026-03-27T19:37:34+00:00,True,Nle?kepmx Language (Okanagan),,0,2026-03-27T19:37:34+00:00,NLEK_O,"{""vid"": ""f381dbf5-2e91-4c45-b8e2-daeb86e226ab"", ""parent"": [""virtual""], ""campus"": ""dd9e8772-d768-423c-9277-d7e817acff4b""}"
78b294e5-2801-4f65-b2e4-78d759c9e90a,taxonomy_term--subject,1652,1652,2026-03-27T19:37:34+00:00,True,Commerce Human Resources (Vancouver),,0,2026-03-27T19:37:34+00:00,COHR_V,"{""vid"": ""f381dbf5-2e91-4c45-b8e2-daeb86e226ab"", ""parent"": [""virtual""], ""campus"": ""e57d303b-6ec3-4953-b365-a457c9d5e194""}"
bc03742d-8cd1-4d2c-ace9-e630ce40a9ae,taxonomy_term--subject,1653,1653,2026-03-27T19:37:34+00:00,True,Institute of Asian Research (Vancouver),,0,2026-03-27T19:37:34+00:00,IAR_V,"{""vid"": ""f381dbf5-2e91-4c45-b8e2-daeb86e226ab"", ""parent"": [""virtual""], ""campus"": ""e57d303b-6ec3-4953-b365-a457c9d5e194""}"
61174f90-f769-481e-9e8c-ed113fab5811,taxonomy_term--subject,1654,1654,2026-03-27T19:37:34+00:00,True,First Nations Studies Program (Vancouver),,0,2026-03-27T19:37:34+00:00,FNSP_V,"{""vid"": ""f381dbf5-2e91-4c45-b8e2-daeb86e226ab"", ""parent"": [""virtual""], ""campus"": ""e57d303b-6ec3-4953-b365-a457c9d5e194""}"
4b9e88af-b922-4e76-a996-fb3ed808141b,taxonomy_term--subject,1655,1655,2026-03-27T19:37:34+00:00,True,Genetics (Vancouver),,0,2026-03-27T19:37:34+00:00,GENE_V,"{""vid"": ""f381dbf5-2e91-4c45-b8e2-daeb86e226ab"", ""parent"": [""virtual""], ""campus"": ""e57d303b-6ec3-4953-b365-a457c9d5e194""}"
91f94193-9ddc-46c4-95c5-25e96f82a67b,taxonomy_term--subject,1656,1656,2026-03-27T19:37:34+00:00,True,Business Administration: Marketing (Vancouver),,0,2026-03-27T19:37:34+00:00,BAMA_V,"{""vid"": ""f381dbf5-2e91-4c45-b8e2-daeb86e226ab"", ""parent"": [""virtual""], ""campus"": ""e57d303b-6ec3-4953-b365-a457c9d5e194""}"
e1666a90-39a0-442a-9a25-5ec04fc15aef,taxonomy_term--subject,1657,1657,2026-03-27T19:37:34+00:00,True,Greek (Vancouver),,0,2026-03-27T19:37:34+00:00,GREK_V,"{""vid"": ""f381dbf5-2e91-4c45-b8e2-daeb86e226ab"", ""parent"": [""virtual""], ""campus"": ""e57d303b-6ec3-4953-b365-a457c9d5e194""}"
7499877e-3dc6-475e-b822-f7ead4dae95e,taxonomy_term--subject,1658,1658,2026-03-27T19:37:34+00:00,True,Paediatrics (Vancouver),,0,2026-03-27T19:37:34+00:00,PAED_V,"{""vid"": ""f381dbf5-2e91-4c45-b8e2-daeb86e226ab"", ""parent"": [""virtual""], ""campus"": ""e57d303b-6ec3-4953-b365-a457c9d5e194""}"
2594d618-6c66-4fd6-b39e-3af8cfaeeab0,taxonomy_term--subject,1659,1659,2026-03-27T19:37:34+00:00,True,Clinical Dermatology (Vancouver),,0,2026-03-27T19:37:34+00:00,DERM_V,"{""vid"": ""f381dbf5-2e91-4c45-b8e2-daeb86e226ab"", ""parent"": [""virtual""], ""campus"": ""e57d303b-6ec3-4953-b365-a457c9d5e194""}"
5a343ffa-0547-48b9-9ea5-d86eb384c1f2,taxonomy_term--subject,1660,1660,2026-03-27T19:37:34+00:00,True,Orthopaedics (Vancouver),,0,2026-03-27T19:37:34+00:00,ORPA_V,"{""vid"": ""f381dbf5-2e91-4c45-b8e2-daeb86e226ab"", ""parent"": [""virtual""], ""campus"": ""e57d303b-6ec3-4953-b365-a457c9d5e194""}"
b25c1d33-d647-4bdf-9625-347ff88b6267,taxonomy_term--subject,1661,1661,2026-03-27T19:37:34+00:00,True,Chinese (Vancouver),,0,2026-03-27T19:37:34+00:00,CHIN_V,"{""vid"": ""f381dbf5-2e91-4c45-b8e2-daeb86e226ab"", ""parent"": [""virtual""], ""campus"": ""e57d303b-6ec3-4953-b365-a457c9d5e194""}"
af379a19-c5b5-4579-ac82-32d204d3fe3f,taxonomy_term--subject,1662,1662,2026-03-27T19:37:34+00:00,True,Social Work (Vancouver),,0,2026-03-27T19:37:34+00:00,SOWK_V,"{""vid"": ""f381dbf5-2e91-4c45-b8e2-daeb86e226ab"", ""parent"": [""virtual""], ""campus"": ""e57d303b-6ec3-4953-b365-a457c9d5e194""}"
190877cd-7b17-466d-a22d-5a9aefc46f91,taxonomy_term--subject,1663,1663,2026-03-27T19:37:34+00:00,True,Land & Food Systems (Vancouver),,0,2026-03-27T19:37:34+00:00,LFS_V,"{""vid"": ""f381dbf5-2e91-4c45-b8e2-daeb86e226ab"", ""parent"": [""virtual""], ""campus"": ""e57d303b-6ec3-4953-b365-a457c9d5e194""}"
67c0814a-0837-4f58-8037-5843c08134fc,taxonomy_term--subject,1664,1664,2026-03-27T19:37:34+00:00,True,Pharmaceutical Sciences (Vancouver),,0,2026-03-27T19:37:34+00:00,PHAR_V,"{""vid"": ""f381dbf5-2e91-4c45-b8e2-daeb86e226ab"", ""parent"": [""virtual""], ""campus"": ""e57d303b-6ec3-4953-b365-a457c9d5e194""}"
e12d5879-38cf-4c66-853f-be10114585d9,taxonomy_term--subject,1665,1665,2026-03-27T19:37:34+00:00,True,Japanese (Okanagan),,0,2026-03-27T19:37:34+00:00,JAPN_O,"{""vid"": ""f381dbf5-2e91-4c45-b8e2-daeb86e226ab"", ""parent"": [""virtual""], ""campus"": ""dd9e8772-d768-423c-9277-d7e817acff4b""}"
878cb0cf-52ae-4184-a708-cd2a470c19ac,taxonomy_term--subject,1666,1666,2026-03-27T19:37:34+00:00,True,English (Vancouver),,0,2026-03-27T19:37:34+00:00,ENGL_V,"{""vid"": ""f381dbf5-2e91-4c45-b8e2-daeb86e226ab"", ""parent"": [""virtual""], ""campus"": ""e57d303b-6ec3-4953-b365-a457c9d5e194""}"
8a3758e7-298f-45e6-bb07-a4e47b981359,taxonomy_term--subject,1667,1667,2026-03-27T19:37:34+00:00,True,Astronomy (Vancouver),,0,2026-03-27T19:37:34+00:00,ASTR_V,"{""vid"": ""f381dbf5-2e91-4c45-b8e2-daeb86e226ab"", ""parent"": [""virtual""], ""campus"": ""e57d303b-6ec3-4953-b365-a457c9d5e194""}"
3106884c-e45a-4ee7-a6b2-10efdd5d308c,taxonomy_term--subject,1668,1668,2026-03-27T19:37:34+00:00,True,Business Education (Vancouver),,0,2026-03-27T19:37:34+00:00,BUED_V,"{""vid"": ""f381dbf5-2e91-4c45-b8e2-daeb86e226ab"", ""parent"": [""virtual""], ""campus"": ""e57d303b-6ec3-4953-b365-a457c9d5e194""}"
81c73304-5653-46b0-9950-c86b26fa3a4e,taxonomy_term--subject,1669,1669,2026-03-27T19:37:34+00:00,True,Curriculum Studies (Vancouver),,0,2026-03-27T19:37:34+00:00,CUST_V,"{""vid"": ""f381dbf5-2e91-4c45-b8e2-daeb86e226ab"", ""parent"": [""virtual""], ""campus"": ""e57d303b-6ec3-4953-b365-a457c9d5e194""}"
1b23b0f1-d446-4531-b2ef-5ebede4e43c6,taxonomy_term--subject,1670,1670,2026-03-27T19:37:34+00:00,True,Centre for Cross-Faculty Inquiry (Vancouver),,0,2026-03-27T19:37:34+00:00,CCFI_V,"{""vid"": ""f381dbf5-2e91-4c45-b8e2-daeb86e226ab"", ""parent"": [""virtual""], ""campus"": ""e57d303b-6ec3-4953-b365-a457c9d5e194""}"
172f61a1-ec62-49c9-8c6c-658201e73854,taxonomy_term--subject,1671,1671,2026-03-27T19:37:34+00:00,True,Commerce Economics (Vancouver),,0,2026-03-27T19:37:34+00:00,COEC_V,"{""vid"": ""f381dbf5-2e91-4c45-b8e2-daeb86e226ab"", ""parent"": [""virtual""], ""campus"": ""e57d303b-6ec3-4953-b365-a457c9d5e194""}"
a438aa68-146f-4bca-85bf-bcc5651ec313,taxonomy_term--subject,1672,1672,2026-03-27T19:37:34+00:00,True,Portuguese (Vancouver),,0,2026-03-27T19:37:34+00:00,PORT_V,"{""vid"": ""f381dbf5-2e91-4c45-b8e2-daeb86e226ab"", ""parent"": [""virtual""], ""campus"": ""e57d303b-6ec3-4953-b365-a457c9d5e194""}"
19cd89d4-cd98-46fd-a11e-2d3976875b18,taxonomy_term--subject,1673,1673,2026-03-27T19:37:34+00:00,True,Neuroscience Undergraduate (Vancouver),,0,2026-03-27T19:37:34+00:00,NSCI_V,"{""vid"": ""f381dbf5-2e91-4c45-b8e2-daeb86e226ab"", ""parent"": [""virtual""], ""campus"": ""e57d303b-6ec3-4953-b365-a457c9d5e194""}"
7a56e400-6ab2-4ac4-8285-70d644ec7edd,taxonomy_term--subject,1674,1674,2026-03-27T19:37:34+00:00,True,Near Eastern Studies (Vancouver),,0,2026-03-27T19:37:34+00:00,NEST_V,"{""vid"": ""f381dbf5-2e91-4c45-b8e2-daeb86e226ab"", ""parent"": [""virtual""], ""campus"": ""e57d303b-6ec3-4953-b365-a457c9d5e194""}"
038d24c8-f4a9-4ae8-93aa-01f20ee4337a,taxonomy_term--subject,1675,1675,2026-03-27T19:37:36+00:00,True,Chinese (Okanagan),,0,2026-03-27T19:37:36+00:00,CHIN_O,"{""vid"": ""f381dbf5-2e91-4c45-b8e2-daeb86e226ab"", ""parent"": [""virtual""], ""campus"": ""dd9e8772-d768-423c-9277-d7e817acff4b""}"
ee7cb161-1352-4aff-b9e2-75a5bf21ecd1,taxonomy_term--subject,1676,1676,2026-03-27T19:37:36+00:00,True,Curriculum and Pedagogy (Vancouver),,0,2026-03-27T19:37:36+00:00,EDCP_V,"{""vid"": ""f381dbf5-2e91-4c45-b8e2-daeb86e226ab"", ""parent"": [""virtual""], ""campus"": ""e57d303b-6ec3-4953-b365-a457c9d5e194""}"
5e91db3c-de7a-460e-9af9-72f3c2ea2a91,taxonomy_term--subject,1678,1678,2026-03-27T19:37:36+00:00,True,Business Administration: Health Care (Vancouver),,0,2026-03-27T19:37:36+00:00,BAHC_V,"{""vid"": ""f381dbf5-2e91-4c45-b8e2-daeb86e226ab"", ""parent"": [""virtual""], ""campus"": ""e57d303b-6ec3-4953-b365-a457c9d5e194""}"
d9e4f11b-c0ee-46e4-b39c-ea250e223d0f,taxonomy_term--subject,1679,1679,2026-03-27T19:37:36+00:00,True,Swahili (Vancouver),,0,2026-05-06T01:16:50+00:00,SWAH_V,"{""vid"": ""f381dbf5-2e91-4c45-b8e2-daeb86e226ab"", ""parent"": [""virtual""], ""campus"": ""e57d303b-6ec3-4953-b365-a457c9d5e194""}"
6d8b564b-425b-4bf9-beae-5ec494134704,taxonomy_term--subject,1680,1680,2026-03-27T19:37:36+00:00,True,Nordic Studies (Vancouver),,0,2026-03-27T19:37:36+00:00,NORD_V,"{""vid"": ""f381dbf5-2e91-4c45-b8e2-daeb86e226ab"", ""parent"": [""virtual""], ""campus"": ""e57d303b-6ec3-4953-b365-a457c9d5e194""}"
6004b238-b912-4df5-ab1c-418b67e7d5e9,taxonomy_term--subject,1681,1681,2026-03-27T19:37:36+00:00,True,Film Studies (Vancouver),,0,2026-03-27T19:37:36+00:00,FIST_V,"{""vid"": ""f381dbf5-2e91-4c45-b8e2-daeb86e226ab"", ""parent"": [""virtual""], ""campus"": ""e57d303b-6ec3-4953-b365-a457c9d5e194""}"
52363798-98f6-48f7-95a1-7d21b48070e9,taxonomy_term--subject,1682,1682,2026-03-27T19:37:36+00:00,True,Korean (Vancouver),,0,2026-03-27T19:37:36+00:00,KORN_V,"{""vid"": ""f381dbf5-2e91-4c45-b8e2-daeb86e226ab"", ""parent"": [""virtual""], ""campus"": ""e57d303b-6ec3-4953-b365-a457c9d5e194""}"
e8aa14d2-aa00-408d-b907-312af0dc9469,taxonomy_term--subject,1683,1683,2026-03-27T19:37:36+00:00,True,Biomedical Engineering (Vancouver),,0,2026-03-27T19:37:36+00:00,BMEG_V,"{""vid"": ""f381dbf5-2e91-4c45-b8e2-daeb86e226ab"", ""parent"": [""virtual""], ""campus"": ""e57d303b-6ec3-4953-b365-a457c9d5e194""}"
f3820d34-7fa0-4434-b057-41a9aad5591d,taxonomy_term--subject,1684,1684,2026-03-27T19:37:36+00:00,True,Design (Vancouver),,0,2026-03-27T19:37:36+00:00,DES_V,"{""vid"": ""f381dbf5-2e91-4c45-b8e2-daeb86e226ab"", ""parent"": [""virtual""], ""campus"": ""e57d303b-6ec3-4953-b365-a457c9d5e194""}"
0c2dea8d-0b73-4b4f-89e1-7032ebb4aa75,taxonomy_term--subject,1685,1685,2026-03-27T19:37:36+00:00,True,"Food, Nutrition and Health (Vancouver)",,0,2026-03-27T19:37:36+00:00,FNH_V,"{""vid"": ""f381dbf5-2e91-4c45-b8e2-daeb86e226ab"", ""parent"": [""virtual""], ""campus"": ""e57d303b-6ec3-4953-b365-a457c9d5e194""}"
75f03166-32f4-4cc9-82c7-7f5fa9d8aab3,taxonomy_term--subject,1686,1686,2026-03-27T19:37:36+00:00,True,Herstmonceux History (Vancouver),,0,2026-03-27T19:37:36+00:00,HXHI_V,"{""vid"": ""f381dbf5-2e91-4c45-b8e2-daeb86e226ab"", ""parent"": [""virtual""], ""campus"": ""e57d303b-6ec3-4953-b365-a457c9d5e194""}"
1e7ea8df-1a8e-40bc-bc53-9794c361e1bd,taxonomy_term--subject,1687,1687,2026-03-27T19:37:36+00:00,True,Biochemistry and Forensic Science (Vancouver),,0,2026-03-27T19:37:36+00:00,FSCT_V,"{""vid"": ""f381dbf5-2e91-4c45-b8e2-daeb86e226ab"", ""parent"": [""virtual""], ""campus"": ""e57d303b-6ec3-4953-b365-a457c9d5e194""}"
c01d73bc-010a-4f25-8fa4-e8af51d89b0c,taxonomy_term--subject,1688,1688,2026-03-27T19:37:36+00:00,True,Physical Education - Teacher Education (Vancouver),,0,2026-03-27T19:37:36+00:00,PETE_V,"{""vid"": ""f381dbf5-2e91-4c45-b8e2-daeb86e226ab"", ""parent"": [""virtual""], ""campus"": ""e57d303b-6ec3-4953-b365-a457c9d5e194""}"
c4381b7e-817f-4c02-aee0-df3298ac8f96,taxonomy_term--subject,1689,1689,2026-03-27T19:37:36+00:00,True,Classical Studies (Vancouver),,0,2026-03-27T19:37:36+00:00,CLST_V,"{""vid"": ""f381dbf5-2e91-4c45-b8e2-daeb86e226ab"", ""parent"": [""virtual""], ""campus"": ""e57d303b-6ec3-4953-b365-a457c9d5e194""}"
d15ac72c-17af-449c-af57-85998dadeb1c,taxonomy_term--subject,1690,1690,2026-03-27T19:37:36+00:00,True,"French, Hispanic and Italian Studies (Vancouver)",,0,2026-03-27T19:37:36+00:00,FHIS_V,"{""vid"": ""f381dbf5-2e91-4c45-b8e2-daeb86e226ab"", ""parent"": [""virtual""], ""campus"": ""e57d303b-6ec3-4953-b365-a457c9d5e194""}"
acfc2235-44fe-4998-ae7b-e5e7b474a8ea,taxonomy_term--subject,1691,1691,2026-03-27T19:37:36+00:00,True,Mathematics And Science Education (Vancouver),,0,2026-03-27T19:37:36+00:00,MAED_V,"{""vid"": ""f381dbf5-2e91-4c45-b8e2-daeb86e226ab"", ""parent"": [""virtual""], ""campus"": ""e57d303b-6ec3-4953-b365-a457c9d5e194""}"
1bedbd74-3d89-4b41-a0e1-9b6a99ef7748,taxonomy_term--subject,1692,1692,2026-03-27T19:37:36+00:00,True,Health & Exercise Sciences (Okanagan),,0,2026-03-27T19:37:36+00:00,HES_O,"{""vid"": ""f381dbf5-2e91-4c45-b8e2-daeb86e226ab"", ""parent"": [""virtual""], ""campus"": ""dd9e8772-d768-423c-9277-d7e817acff4b""}"
ee7d7a6b-a739-47b3-9fe1-b45c59321fcb,taxonomy_term--subject,1693,1693,2026-03-27T19:37:36+00:00,True,Herstmonceux International Business Strategy (Vancouver),,0,2026-03-27T19:37:36+00:00,HXCM_V,"{""vid"": ""f381dbf5-2e91-4c45-b8e2-daeb86e226ab"", ""parent"": [""virtual""], ""campus"": ""e57d303b-6ec3-4953-b365-a457c9d5e194""}"
9570c3ff-5c0b-4e2f-a5ce-e5cc53070522,taxonomy_term--subject,1694,1694,2026-03-27T19:37:36+00:00,True,Women'S And Gender Studies (Vancouver),,0,2026-03-27T19:37:36+00:00,WMST_V,"{""vid"": ""f381dbf5-2e91-4c45-b8e2-daeb86e226ab"", ""parent"": [""virtual""], ""campus"": ""e57d303b-6ec3-4953-b365-a457c9d5e194""}"
59bfdac0-9911-4ccc-b6a8-bbc7bdec1a66,taxonomy_term--subject,1695,1695,2026-03-27T19:37:36+00:00,True,Canadian Studies (Vancouver),,0,2026-03-27T19:37:36+00:00,CDST_V,"{""vid"": ""f381dbf5-2e91-4c45-b8e2-daeb86e226ab"", ""parent"": [""virtual""], ""campus"": ""e57d303b-6ec3-4953-b365-a457c9d5e194""}"
babab0c5-a946-4729-bb48-bf10d907d8e9,taxonomy_term--subject,1696,1696,2026-03-27T19:37:36+00:00,True,Urban Design (Vancouver),,0,2026-03-27T19:37:36+00:00,UDES_V,"{""vid"": ""f381dbf5-2e91-4c45-b8e2-daeb86e226ab"", ""parent"": [""virtual""], ""campus"": ""e57d303b-6ec3-4953-b365-a457c9d5e194""}"
59a9102e-ddfa-4743-87a5-f449a3a48c40,taxonomy_term--subject,1697,1697,2026-03-27T19:37:36+00:00,True,Sustainable Process Engineering (Vancouver),,0,2026-03-27T19:37:36+00:00,SPE_V,"{""vid"": ""f381dbf5-2e91-4c45-b8e2-daeb86e226ab"", ""parent"": [""virtual""], ""campus"": ""e57d303b-6ec3-4953-b365-a457c9d5e194""}"
66a055e1-3cad-46b7-a09a-c5fd36916b69,taxonomy_term--subject,1698,1698,2026-03-27T19:37:36+00:00,True,Sanskrit (Vancouver),,0,2026-03-27T19:37:36+00:00,SANS_V,"{""vid"": ""f381dbf5-2e91-4c45-b8e2-daeb86e226ab"", ""parent"": [""virtual""], ""campus"": ""e57d303b-6ec3-4953-b365-a457c9d5e194""}"
ec8d1232-96ac-443f-a02c-cb64c245daae,taxonomy_term--subject,1699,1699,2026-03-27T19:37:36+00:00,True,Educational Technology (Vancouver),,0,2026-03-27T19:37:36+00:00,ETEC_V,"{""vid"": ""f381dbf5-2e91-4c45-b8e2-daeb86e226ab"", ""parent"": [""virtual""], ""campus"": ""e57d303b-6ec3-4953-b365-a457c9d5e194""}"
a4bb52a7-4d16-4d49-9a67-278e573ae4b1,taxonomy_term--subject,1700,1700,2026-03-27T19:37:39+00:00,True,Interdisciplinary Studies (Vancouver),,0,2026-03-27T19:37:39+00:00,INDS_V,"{""vid"": ""f381dbf5-2e91-4c45-b8e2-daeb86e226ab"", ""parent"": [""virtual""], ""campus"": ""e57d303b-6ec3-4953-b365-a457c9d5e194""}"
3b54c265-cff1-458f-9fef-99899e2c8d23,taxonomy_term--subject,1701,1701,2026-03-27T19:37:39+00:00,True,Wood Products Processing (Vancouver),,0,2026-03-27T19:37:39+00:00,WOOD_V,"{""vid"": ""f381dbf5-2e91-4c45-b8e2-daeb86e226ab"", ""parent"": [""virtual""], ""campus"": ""e57d303b-6ec3-4953-b365-a457c9d5e194""}"
67621c62-19b8-4e94-aac1-eee153dbcc41,taxonomy_term--subject,1702,1702,2026-03-27T19:37:39+00:00,True,Marine Science (Vancouver),,0,2026-03-27T19:37:39+00:00,MRNE_V,"{""vid"": ""f381dbf5-2e91-4c45-b8e2-daeb86e226ab"", ""parent"": [""virtual""], ""campus"": ""e57d303b-6ec3-4953-b365-a457c9d5e194""}"
ff912dd0-d90e-44b9-829d-306f1a263b48,taxonomy_term--subject,1703,1703,2026-03-27T19:37:39+00:00,True,Business Administration: Strategic Management (Vancouver),,0,2026-03-27T19:37:39+00:00,BASM_V,"{""vid"": ""f381dbf5-2e91-4c45-b8e2-daeb86e226ab"", ""parent"": [""virtual""], ""campus"": ""e57d303b-6ec3-4953-b365-a457c9d5e194""}"
b1eebdf4-8b79-4619-a46b-f94e6b16ce75,taxonomy_term--subject,1704,1704,2026-03-27T19:37:39+00:00,True,Agricultural Sciences (Okanagan),,0,2026-03-27T19:37:39+00:00,AGSC_O,"{""vid"": ""f381dbf5-2e91-4c45-b8e2-daeb86e226ab"", ""parent"": [""virtual""], ""campus"": ""dd9e8772-d768-423c-9277-d7e817acff4b""}"
c1e8dbaf-8923-4121-bde7-dc1b99a30a60,taxonomy_term--subject,1705,1705,2026-03-27T19:37:39+00:00,True,Faculty of Arts Commuter Transition Program (Vancouver),,0,2026-03-27T19:37:39+00:00,FACT_V,"{""vid"": ""f381dbf5-2e91-4c45-b8e2-daeb86e226ab"", ""parent"": [""virtual""], ""campus"": ""e57d303b-6ec3-4953-b365-a457c9d5e194""}"
859e5591-4eea-42a5-a564-fbf04dd00a0c,taxonomy_term--subject,1706,1706,2026-03-27T19:37:39+00:00,True,Forestry Core (Vancouver),,0,2026-03-27T19:37:39+00:00,FCOR_V,"{""vid"": ""f381dbf5-2e91-4c45-b8e2-daeb86e226ab"", ""parent"": [""virtual""], ""campus"": ""e57d303b-6ec3-4953-b365-a457c9d5e194""}"
b8ed664b-94ab-42c0-9ca5-bf87753e28f7,taxonomy_term--subject,1707,1707,2026-03-27T19:37:39+00:00,True,Business Administration: International Management (Vancouver),,0,2026-03-27T19:37:39+00:00,BAIM_V,"{""vid"": ""f381dbf5-2e91-4c45-b8e2-daeb86e226ab"", ""parent"": [""virtual""], ""campus"": ""e57d303b-6ec3-4953-b365-a457c9d5e194""}"
180a1a25-bf5c-47ae-b914-4c307aa01c4b,taxonomy_term--subject,1708,1708,2026-03-27T19:37:39+00:00,True,Anthropological Archaeology (Vancouver),,0,2026-03-27T19:37:39+00:00,ARCL_V,"{""vid"": ""f381dbf5-2e91-4c45-b8e2-daeb86e226ab"", ""parent"": [""virtual""], ""campus"": ""e57d303b-6ec3-4953-b365-a457c9d5e194""}"
3044d356-b62d-45f8-9e04-2b41faa0cc01,taxonomy_term--subject,1709,1709,2026-03-27T19:37:39+00:00,True,Landscape Architecture (Vancouver),,0,2026-03-27T19:37:39+00:00,LARC_V,"{""vid"": ""f381dbf5-2e91-4c45-b8e2-daeb86e226ab"", ""parent"": [""virtual""], ""campus"": ""e57d303b-6ec3-4953-b365-a457c9d5e194""}"
a7a0d2fb-8d17-477f-8e73-af64fae1bd95,taxonomy_term--subject,1710,1710,2026-03-27T19:37:39+00:00,True,Biotechnology (Vancouver),,0,2026-03-27T19:37:39+00:00,BIOT_V,"{""vid"": ""f381dbf5-2e91-4c45-b8e2-daeb86e226ab"", ""parent"": [""virtual""], ""campus"": ""e57d303b-6ec3-4953-b365-a457c9d5e194""}"
81c56aa3-875c-4b20-9985-a00a7a05afb3,taxonomy_term--subject,1711,1711,2026-03-27T19:37:39+00:00,True,Social Studies Education (Vancouver),,0,2026-03-27T19:37:39+00:00,SSED_V,"{""vid"": ""f381dbf5-2e91-4c45-b8e2-daeb86e226ab"", ""parent"": [""virtual""], ""campus"": ""e57d303b-6ec3-4953-b365-a457c9d5e194""}"
41f54a0d-f17e-4925-b4d6-039af89a6e55,taxonomy_term--subject,1712,1712,2026-03-27T19:37:39+00:00,True,Herstmonceux Political Studies (Vancouver),,0,2026-03-27T19:37:39+00:00,HXPS_V,"{""vid"": ""f381dbf5-2e91-4c45-b8e2-daeb86e226ab"", ""parent"": [""virtual""], ""campus"": ""e57d303b-6ec3-4953-b365-a457c9d5e194""}"
795ec59d-abff-4447-bbaa-9b8c8c406dbf,taxonomy_term--subject,1714,1714,2026-03-27T19:37:39+00:00,True,Plastic Surgery (Vancouver),,0,2026-03-27T19:37:39+00:00,PLAS_V,"{""vid"": ""f381dbf5-2e91-4c45-b8e2-daeb86e226ab"", ""parent"": [""virtual""], ""campus"": ""e57d303b-6ec3-4953-b365-a457c9d5e194""}"
92c85587-ad21-4042-b6b2-7d05ad96cd2c,taxonomy_term--subject,1715,1715,2026-03-27T19:37:39+00:00,True,Forestry Silviculture Institute (Vancouver),,0,2026-03-27T19:37:39+00:00,FRSI_V,"{""vid"": ""f381dbf5-2e91-4c45-b8e2-daeb86e226ab"", ""parent"": [""virtual""], ""campus"": ""e57d303b-6ec3-4953-b365-a457c9d5e194""}"
82a46d1e-9db0-4d20-a3ee-ba661f48f280,taxonomy_term--subject,1716,1716,2026-03-27T19:37:39+00:00,True,European Studies (Vancouver),,0,2026-03-27T19:37:39+00:00,IEST_V,"{""vid"": ""f381dbf5-2e91-4c45-b8e2-daeb86e226ab"", ""parent"": [""virtual""], ""campus"": ""e57d303b-6ec3-4953-b365-a457c9d5e194""}"
929c0d7a-695a-481e-a66a-fa92369e2747,taxonomy_term--subject,1717,1717,2026-03-27T19:37:39+00:00,True,Midwifery (Vancouver),,0,2026-03-27T19:37:39+00:00,MIDW_V,"{""vid"": ""f381dbf5-2e91-4c45-b8e2-daeb86e226ab"", ""parent"": [""virtual""], ""campus"": ""e57d303b-6ec3-4953-b365-a457c9d5e194""}"
1aab9d45-b5f1-43d6-b044-ce9c2de8086a,taxonomy_term--subject,1718,1718,2026-03-27T19:37:39+00:00,True,German (Vancouver),,0,2026-03-27T19:37:39+00:00,GERM_V,"{""vid"": ""f381dbf5-2e91-4c45-b8e2-daeb86e226ab"", ""parent"": [""virtual""], ""campus"": ""e57d303b-6ec3-4953-b365-a457c9d5e194""}"
0b05f169-8f53-4442-9be9-fb0e814df2ae,taxonomy_term--subject,1719,1719,2026-03-27T19:37:39+00:00,True,Film (Vancouver),,0,2026-03-27T19:37:39+00:00,FILM_V,"{""vid"": ""f381dbf5-2e91-4c45-b8e2-daeb86e226ab"", ""parent"": [""virtual""], ""campus"": ""e57d303b-6ec3-4953-b365-a457c9d5e194""}"
8f4057f7-e4ad-4166-b75d-0a4f2cf18e09,taxonomy_term--subject,1720,1720,2026-03-27T19:37:39+00:00,True,Health Care And Epidemiology (Vancouver),,0,2026-03-27T19:37:39+00:00,HCEP_V,"{""vid"": ""f381dbf5-2e91-4c45-b8e2-daeb86e226ab"", ""parent"": [""virtual""], ""campus"": ""e57d303b-6ec3-4953-b365-a457c9d5e194""}"
1d96ac94-81a1-40bc-bacf-f2c96ac81be0,taxonomy_term--subject,1721,1721,2026-03-27T19:37:39+00:00,True,Atmospheric Science (Vancouver),,0,2026-03-27T19:37:39+00:00,ATSC_V,"{""vid"": ""f381dbf5-2e91-4c45-b8e2-daeb86e226ab"", ""parent"": [""virtual""], ""campus"": ""e57d303b-6ec3-4953-b365-a457c9d5e194""}"
a01ed851-3ea8-4cda-a237-3fcfbf795e66,taxonomy_term--subject,1722,1722,2026-03-27T19:37:39+00:00,True,Herstmonceux Interdisciplinary Studies (Vancouver),,0,2026-03-27T19:37:39+00:00,HXID_V,"{""vid"": ""f381dbf5-2e91-4c45-b8e2-daeb86e226ab"", ""parent"": [""virtual""], ""campus"": ""e57d303b-6ec3-4953-b365-a457c9d5e194""}"
a5170ade-2860-432e-9829-410c5430bd4e,taxonomy_term--subject,1723,1723,2026-03-27T19:37:39+00:00,True,Visual Arts (Vancouver),,0,2026-03-27T19:37:39+00:00,VISA_V,"{""vid"": ""f381dbf5-2e91-4c45-b8e2-daeb86e226ab"", ""parent"": [""virtual""], ""campus"": ""e57d303b-6ec3-4953-b365-a457c9d5e194""}"
4abd2023-9561-403c-bf45-a420fc0f6677,taxonomy_term--subject,1724,1724,2026-03-27T19:37:39+00:00,True,Herstmonceux Computer Science (Vancouver),,0,2026-03-27T19:37:39+00:00,HXCS_V,"{""vid"": ""f381dbf5-2e91-4c45-b8e2-daeb86e226ab"", ""parent"": [""virtual""], ""campus"": ""e57d303b-6ec3-4953-b365-a457c9d5e194""}"
517e4d91-9380-41d9-bbe6-5f5fdf70e688,taxonomy_term--subject,1725,1725,2026-03-27T19:37:57+00:00,True,Sociology (Vancouver),,0,2026-03-27T19:37:57+00:00,SOCI_V,"{""vid"": ""f381dbf5-2e91-4c45-b8e2-daeb86e226ab"", ""parent"": [""virtual""], ""campus"": ""e57d303b-6ec3-4953-b365-a457c9d5e194""}"
aaf362d3-142d-47a1-b412-a79497882421,taxonomy_term--subject,1726,1726,2026-03-27T19:37:57+00:00,True,Environmental Science (Vancouver),,0,2026-03-27T19:37:57+00:00,ENVR_V,"{""vid"": ""f381dbf5-2e91-4c45-b8e2-daeb86e226ab"", ""parent"": [""virtual""], ""campus"": ""e57d303b-6ec3-4953-b365-a457c9d5e194""}"
a96665eb-df02-4a90-9023-994b39f290f6,taxonomy_term--subject,1727,1727,2026-03-27T19:37:57+00:00,True,Food Science (Vancouver),,0,2026-03-27T19:37:57+00:00,FOOD_V,"{""vid"": ""f381dbf5-2e91-4c45-b8e2-daeb86e226ab"", ""parent"": [""virtual""], ""campus"": ""e57d303b-6ec3-4953-b365-a457c9d5e194""}"
4e7c5b9f-2e22-4b95-81dc-ff3c0b9564f4,taxonomy_term--subject,1728,1728,2026-03-27T19:37:57+00:00,True,American Sign Language (Vancouver),,0,2026-03-27T19:37:57+00:00,ASL_V,"{""vid"": ""f381dbf5-2e91-4c45-b8e2-daeb86e226ab"", ""parent"": [""virtual""], ""campus"": ""e57d303b-6ec3-4953-b365-a457c9d5e194""}"
685089ec-6445-4f87-beeb-40d2dab7f59b,taxonomy_term--subject,1729,1729,2026-03-27T19:37:57+00:00,True,Urological Surgery (Vancouver),,0,2026-03-27T19:37:57+00:00,UROL_V,"{""vid"": ""f381dbf5-2e91-4c45-b8e2-daeb86e226ab"", ""parent"": [""virtual""], ""campus"": ""e57d303b-6ec3-4953-b365-a457c9d5e194""}"
56aa0aaa-ad83-422f-bc8f-322d53002d4f,taxonomy_term--subject,1730,1730,2026-03-27T19:37:57+00:00,True,Herstmonceux English (Vancouver),,0,2026-03-27T19:37:57+00:00,HXEN_V,"{""vid"": ""f381dbf5-2e91-4c45-b8e2-daeb86e226ab"", ""parent"": [""virtual""], ""campus"": ""e57d303b-6ec3-4953-b365-a457c9d5e194""}"
2ca1ac25-fd2d-4066-97bc-b49f1ee63817,taxonomy_term--subject,1731,1731,2026-03-27T19:37:57+00:00,True,Bridge Program (Vancouver),,0,2026-03-27T19:37:57+00:00,BRDG_V,"{""vid"": ""f381dbf5-2e91-4c45-b8e2-daeb86e226ab"", ""parent"": [""virtual""], ""campus"": ""e57d303b-6ec3-4953-b365-a457c9d5e194""}"
47d24efb-fa86-4557-bdcb-92e59f8f4694,taxonomy_term--subject,1732,1732,2026-03-27T19:37:57+00:00,True,Home Economics (Vancouver),,0,2026-03-27T19:37:57+00:00,HMEC_V,"{""vid"": ""f381dbf5-2e91-4c45-b8e2-daeb86e226ab"", ""parent"": [""virtual""], ""campus"": ""e57d303b-6ec3-4953-b365-a457c9d5e194""}"
38112037-a7c8-4a40-8683-23060c9918f2,taxonomy_term--subject,1733,1733,2026-03-27T19:37:57+00:00,True,Korean (Okanagan),,0,2026-03-27T19:37:57+00:00,KORN_O,"{""vid"": ""f381dbf5-2e91-4c45-b8e2-daeb86e226ab"", ""parent"": [""virtual""], ""campus"": ""dd9e8772-d768-423c-9277-d7e817acff4b""}"
a3357e92-4858-4198-b332-506007ed0d97,taxonomy_term--subject,1734,1734,2026-03-27T19:37:57+00:00,True,Radiology (Vancouver),,0,2026-03-27T19:37:57+00:00,RADI_V,"{""vid"": ""f381dbf5-2e91-4c45-b8e2-daeb86e226ab"", ""parent"": [""virtual""], ""campus"": ""e57d303b-6ec3-4953-b365-a457c9d5e194""}"
03b42ac0-2dc5-4ec4-b35d-45a6270c2d5b,taxonomy_term--subject,1735,1735,2026-03-27T19:37:57+00:00,True,"Central, Eastern and Northern European Studies (Vancouver)",,0,2026-03-27T19:37:57+00:00,CENS_V,"{""vid"": ""f381dbf5-2e91-4c45-b8e2-daeb86e226ab"", ""parent"": [""virtual""], ""campus"": ""e57d303b-6ec3-4953-b365-a457c9d5e194""}"
8326d910-b6c2-4694-8cd4-b6126fe653b2,taxonomy_term--subject,1736,1736,2026-03-27T19:37:57+00:00,True,Vantage College (Vancouver),,0,2026-03-27T19:37:57+00:00,VANT_V,"{""vid"": ""f381dbf5-2e91-4c45-b8e2-daeb86e226ab"", ""parent"": [""virtual""], ""campus"": ""e57d303b-6ec3-4953-b365-a457c9d5e194""}"
7cc2725f-82cd-4eb4-9451-b8365d2f7c57,taxonomy_term--subject,1737,1737,2026-03-27T19:37:57+00:00,True,Pharmacology and Therapeutics (Vancouver),,0,2026-03-27T19:37:57+00:00,PCTH_V,"{""vid"": ""f381dbf5-2e91-4c45-b8e2-daeb86e226ab"", ""parent"": [""virtual""], ""campus"": ""e57d303b-6ec3-4953-b365-a457c9d5e194""}"
cfd1f546-0cb9-46b3-b2a7-cb17c60d771a,taxonomy_term--subject,1738,1738,2026-03-27T19:37:57+00:00,True,Agroecology (Vancouver),,0,2026-03-27T19:37:57+00:00,AGRO_V,"{""vid"": ""f381dbf5-2e91-4c45-b8e2-daeb86e226ab"", ""parent"": [""virtual""], ""campus"": ""e57d303b-6ec3-4953-b365-a457c9d5e194""}"
01dd9774-4a91-4629-851c-4ea14168fae3,taxonomy_term--subject,1739,1739,2026-03-27T19:37:57+00:00,True,Physical Therapy (Vancouver),,0,2026-03-27T19:37:57+00:00,RSPT_V,"{""vid"": ""f381dbf5-2e91-4c45-b8e2-daeb86e226ab"", ""parent"": [""virtual""], ""campus"": ""e57d303b-6ec3-4953-b365-a457c9d5e194""}"
03419773-ce42-4ee5-b4fe-e0078b3fa055,taxonomy_term--subject,1740,1740,2026-03-27T19:37:57+00:00,True,Business Administration: Finance (Vancouver),,0,2026-03-27T19:37:57+00:00,BAFI_V,"{""vid"": ""f381dbf5-2e91-4c45-b8e2-daeb86e226ab"", ""parent"": [""virtual""], ""campus"": ""e57d303b-6ec3-4953-b365-a457c9d5e194""}"
0e60859f-3139-4e25-8aff-0a6cd6d4c027,taxonomy_term--subject,1741,1741,2026-03-27T19:37:57+00:00,True,South Asian Languages (Vancouver),,0,2026-03-27T19:37:57+00:00,SOAL_V,"{""vid"": ""f381dbf5-2e91-4c45-b8e2-daeb86e226ab"", ""parent"": [""virtual""], ""campus"": ""e57d303b-6ec3-4953-b365-a457c9d5e194""}"
233ddbb1-2bf5-4eec-9a29-f8490ddad135,taxonomy_term--subject,1742,1742,2026-03-27T19:37:57+00:00,True,Tibetan Languages (Vancouver),,0,2026-03-27T19:37:57+00:00,TIBT_V,"{""vid"": ""f381dbf5-2e91-4c45-b8e2-daeb86e226ab"", ""parent"": [""virtual""], ""campus"": ""e57d303b-6ec3-4953-b365-a457c9d5e194""}"
6a878b19-3a2c-4845-8618-fdf17fd14543,taxonomy_term--subject,1743,1743,2026-03-27T19:37:57+00:00,True,Arts (Okanagan),,0,2026-03-27T19:37:57+00:00,ARTS_O,"{""vid"": ""f381dbf5-2e91-4c45-b8e2-daeb86e226ab"", ""parent"": [""virtual""], ""campus"": ""dd9e8772-d768-423c-9277-d7e817acff4b""}"
60cac259-bbb1-4fc8-b339-c2c7dbdc0ede,taxonomy_term--subject,1744,1744,2026-03-27T19:37:57+00:00,True,Science and Technology Studies (Vancouver),,0,2026-03-27T19:37:57+00:00,STS_V,"{""vid"": ""f381dbf5-2e91-4c45-b8e2-daeb86e226ab"", ""parent"": [""virtual""], ""campus"": ""e57d303b-6ec3-4953-b365-a457c9d5e194""}"
a83be1e5-8c88-4904-bc3c-f64a078b5732,taxonomy_term--subject,1745,1745,2026-03-27T19:37:57+00:00,True,Environment and Sustainability (Vancouver),,0,2026-03-27T19:37:57+00:00,ENST_V,"{""vid"": ""f381dbf5-2e91-4c45-b8e2-daeb86e226ab"", ""parent"": [""virtual""], ""campus"": ""e57d303b-6ec3-4953-b365-a457c9d5e194""}"
26883b69-1504-4480-a411-8ddde0850fc2,taxonomy_term--subject,1746,1746,2026-03-27T19:37:57+00:00,True,Agricultural Sciences (Vancouver),,0,2026-03-27T19:37:57+00:00,AGSC_V,"{""vid"": ""f381dbf5-2e91-4c45-b8e2-daeb86e226ab"", ""parent"": [""virtual""], ""campus"": ""e57d303b-6ec3-4953-b365-a457c9d5e194""}"
4959a61e-69c6-4904-b6ad-13e10855b88b,taxonomy_term--subject,1747,1747,2026-03-27T19:37:57+00:00,True,School of Population & Public Health (Vancouver),,0,2026-03-27T19:37:57+00:00,SPPH_V,"{""vid"": ""f381dbf5-2e91-4c45-b8e2-daeb86e226ab"", ""parent"": [""virtual""], ""campus"": ""e57d303b-6ec3-4953-b365-a457c9d5e194""}"
cd709008-7b96-4229-a2a5-a46af5542113,taxonomy_term--subject,1748,1748,2026-03-27T19:37:57+00:00,True,Critical and Curatorial Studies (Vancouver),,0,2026-03-27T19:37:57+00:00,CCST_V,"{""vid"": ""f381dbf5-2e91-4c45-b8e2-daeb86e226ab"", ""parent"": [""virtual""], ""campus"": ""e57d303b-6ec3-4953-b365-a457c9d5e194""}"
55b432bd-94ac-4f7c-bfc8-95153c8aa155,taxonomy_term--subject,1749,1749,2026-03-27T19:37:57+00:00,True,Psychiatry (Vancouver),,0,2026-03-27T19:37:57+00:00,PSYT_V,"{""vid"": ""f381dbf5-2e91-4c45-b8e2-daeb86e226ab"", ""parent"": [""virtual""], ""campus"": ""e57d303b-6ec3-4953-b365-a457c9d5e194""}"
70ca294c-170a-48db-a880-7aef8031a177,taxonomy_term--subject,1750,1750,2026-03-27T19:38:06+00:00,True,Integrated Water Management Engineering (Vancouver),,0,2026-03-27T19:38:06+00:00,IWME_V,"{""vid"": ""f381dbf5-2e91-4c45-b8e2-daeb86e226ab"", ""parent"": [""virtual""], ""campus"": ""e57d303b-6ec3-4953-b365-a457c9d5e194""}"
a7000aeb-ce02-4c37-bffa-6e79e7d9126e,taxonomy_term--subject,1751,1751,2026-03-27T19:38:06+00:00,True,Business Administration: Law (Vancouver),,0,2026-03-27T19:38:06+00:00,BALA_V,"{""vid"": ""f381dbf5-2e91-4c45-b8e2-daeb86e226ab"", ""parent"": [""virtual""], ""campus"": ""e57d303b-6ec3-4953-b365-a457c9d5e194""}"
edb7020b-c3bf-4a83-bc10-26d689d5e3a5,taxonomy_term--subject,1752,1752,2026-03-27T19:38:06+00:00,True,Danish (Vancouver),,0,2026-03-27T19:38:06+00:00,DANI_V,"{""vid"": ""f381dbf5-2e91-4c45-b8e2-daeb86e226ab"", ""parent"": [""virtual""], ""campus"": ""e57d303b-6ec3-4953-b365-a457c9d5e194""}"
728f54b4-26d5-4815-bcdf-5d9e6d036818,taxonomy_term--subject,1754,1754,2026-03-27T19:38:06+00:00,True,Haida Gwaii Semesters (Vancouver),,0,2026-03-27T19:38:06+00:00,HGSE_V,"{""vid"": ""f381dbf5-2e91-4c45-b8e2-daeb86e226ab"", ""parent"": [""virtual""], ""campus"": ""e57d303b-6ec3-4953-b365-a457c9d5e194""}"
f746569d-b699-48d8-bc1d-d70f9e6e1b60,taxonomy_term--subject,1755,1755,2026-03-27T19:38:06+00:00,True,Environmental Sciences (Okanagan),,0,2026-03-27T19:38:06+00:00,ENVI_O,"{""vid"": ""f381dbf5-2e91-4c45-b8e2-daeb86e226ab"", ""parent"": [""virtual""], ""campus"": ""dd9e8772-d768-423c-9277-d7e817acff4b""}"
89fa370c-71b6-43d4-b1a6-3b48c9039a36,taxonomy_term--subject,1756,1756,2026-03-27T19:38:06+00:00,True,Oral Biological Medical Sciences (Vancouver),,0,2026-03-27T19:38:06+00:00,OBMS_V,"{""vid"": ""f381dbf5-2e91-4c45-b8e2-daeb86e226ab"", ""parent"": [""virtual""], ""campus"": ""e57d303b-6ec3-4953-b365-a457c9d5e194""}"
b5209abf-aef1-4598-9ac7-57b39bda24b7,taxonomy_term--subject,1757,1757,2026-03-27T19:38:06+00:00,True,Food and Resource Economics (Vancouver),,0,2026-03-27T19:38:06+00:00,FRE_V,"{""vid"": ""f381dbf5-2e91-4c45-b8e2-daeb86e226ab"", ""parent"": [""virtual""], ""campus"": ""e57d303b-6ec3-4953-b365-a457c9d5e194""}"
18bf8cd7-c479-4303-8b03-9b5ed5df55ff,taxonomy_term--subject,1758,1758,2026-03-27T19:38:06+00:00,True,Study of Religion (Vancouver),,0,2026-03-27T19:38:06+00:00,RGST_V,"{""vid"": ""f381dbf5-2e91-4c45-b8e2-daeb86e226ab"", ""parent"": [""virtual""], ""campus"": ""e57d303b-6ec3-4953-b365-a457c9d5e194""}"
be94870d-a52a-46fa-9b07-bb4fc7c3ec6e,taxonomy_term--subject,1759,1759,2026-03-27T19:38:06+00:00,True,Neurosurgery (Vancouver),,0,2026-03-27T19:38:06+00:00,NEUR_V,"{""vid"": ""f381dbf5-2e91-4c45-b8e2-daeb86e226ab"", ""parent"": [""virtual""], ""campus"": ""e57d303b-6ec3-4953-b365-a457c9d5e194""}"
6ca43f32-369b-4c3d-8d74-8640e43b6cfe,taxonomy_term--subject,1760,1760,2026-03-27T19:38:06+00:00,True,Biology (Vancouver),,0,2026-03-27T19:38:06+00:00,BIOL_V,"{""vid"": ""f381dbf5-2e91-4c45-b8e2-daeb86e226ab"", ""parent"": [""virtual""], ""campus"": ""e57d303b-6ec3-4953-b365-a457c9d5e194""}"
b1279b37-4294-448c-a4ab-09842e0016ad,taxonomy_term--subject,1761,1761,2026-03-27T19:38:06+00:00,True,Herstmonceux Drama (Vancouver),,0,2026-03-27T19:38:06+00:00,HXDR_V,"{""vid"": ""f381dbf5-2e91-4c45-b8e2-daeb86e226ab"", ""parent"": [""virtual""], ""campus"": ""e57d303b-6ec3-4953-b365-a457c9d5e194""}"
4b884e9e-6990-4890-8ff6-4a4d7745f6e3,taxonomy_term--subject,1762,1762,2026-03-27T19:38:06+00:00,True,Civil Engineering (Vancouver),,0,2026-03-27T19:38:06+00:00,CIVL_V,"{""vid"": ""f381dbf5-2e91-4c45-b8e2-daeb86e226ab"", ""parent"": [""virtual""], ""campus"": ""e57d303b-6ec3-4953-b365-a457c9d5e194""}"
ebca95bb-f71f-4d1f-84c2-afaabf180283,taxonomy_term--subject,1763,1763,2026-03-27T19:38:06+00:00,True,Asian Studies (Vancouver),,0,2026-03-27T19:38:06+00:00,ASIA_V,"{""vid"": ""f381dbf5-2e91-4c45-b8e2-daeb86e226ab"", ""parent"": [""virtual""], ""campus"": ""e57d303b-6ec3-4953-b365-a457c9d5e194""}"
10c95a4f-9553-487e-b99a-cfeee44978bf,taxonomy_term--subject,1764,1764,2026-03-27T19:38:06+00:00,True,Occupational Science and Occupational Therapy (Vancouver),,0,2026-03-27T19:38:06+00:00,OSOT_V,"{""vid"": ""f381dbf5-2e91-4c45-b8e2-daeb86e226ab"", ""parent"": [""virtual""], ""campus"": ""e57d303b-6ec3-4953-b365-a457c9d5e194""}"
82b40a3b-0200-43f1-9da8-c2681d23bf29,taxonomy_term--subject,1765,1765,2026-03-27T19:38:06+00:00,True,Religious Studies (Vancouver),,0,2026-03-27T19:38:06+00:00,RELG_V,"{""vid"": ""f381dbf5-2e91-4c45-b8e2-daeb86e226ab"", ""parent"": [""virtual""], ""campus"": ""e57d303b-6ec3-4953-b365-a457c9d5e194""}"
d650a778-c581-4cb7-aae8-11f3bd7e94fa,taxonomy_term--subject,1766,1766,2026-03-27T19:38:06+00:00,True,Medical Genetics (Vancouver),,0,2026-03-27T19:38:06+00:00,MEDG_V,"{""vid"": ""f381dbf5-2e91-4c45-b8e2-daeb86e226ab"", ""parent"": [""virtual""], ""campus"": ""e57d303b-6ec3-4953-b365-a457c9d5e194""}"
5c10e66f-d5ef-4361-ac8c-41b337335556,taxonomy_term--subject,1767,1767,2026-03-27T19:38:06+00:00,True,Latin American Studies (Vancouver),,0,2026-03-27T19:38:06+00:00,LAST_V,"{""vid"": ""f381dbf5-2e91-4c45-b8e2-daeb86e226ab"", ""parent"": [""virtual""], ""campus"": ""e57d303b-6ec3-4953-b365-a457c9d5e194""}"
0acf43c0-2d45-4283-afd5-f8fa5ff4bb27,taxonomy_term--subject,1768,1768,2026-03-27T19:38:06+00:00,True,Emergency Medicine (Vancouver),,0,2026-03-27T19:38:06+00:00,EMER_V,"{""vid"": ""f381dbf5-2e91-4c45-b8e2-daeb86e226ab"", ""parent"": [""virtual""], ""campus"": ""e57d303b-6ec3-4953-b365-a457c9d5e194""}"
c94633b1-c49d-48c5-b654-02114a516e79,taxonomy_term--subject,1769,1769,2026-03-27T19:38:06+00:00,True,Economics (Vancouver),,0,2026-03-27T19:38:06+00:00,ECON_V,"{""vid"": ""f381dbf5-2e91-4c45-b8e2-daeb86e226ab"", ""parent"": [""virtual""], ""campus"": ""e57d303b-6ec3-4953-b365-a457c9d5e194""}"
88c511e5-9ff0-4759-a13c-072b702e5097,taxonomy_term--subject,1770,1770,2026-03-27T19:38:06+00:00,True,Classical Chinese (Vancouver),,0,2026-03-27T19:38:06+00:00,CLCH_V,"{""vid"": ""f381dbf5-2e91-4c45-b8e2-daeb86e226ab"", ""parent"": [""virtual""], ""campus"": ""e57d303b-6ec3-4953-b365-a457c9d5e194""}"
d2c6d4b5-a5c2-4b73-abf5-185a6fe6cd5f,taxonomy_term--subject,1771,1771,2026-03-27T19:38:06+00:00,True,Science (Okanagan),,0,2026-03-27T19:38:06+00:00,SCIE_O,"{""vid"": ""f381dbf5-2e91-4c45-b8e2-daeb86e226ab"", ""parent"": [""virtual""], ""campus"": ""dd9e8772-d768-423c-9277-d7e817acff4b""}"
b5029bcd-9d9a-4aa9-932b-9095be1b371a,taxonomy_term--subject,1772,1772,2026-03-27T19:38:06+00:00,True,Integrated Sciences (Vancouver),,0,2026-03-27T19:38:06+00:00,ISCI_V,"{""vid"": ""f381dbf5-2e91-4c45-b8e2-daeb86e226ab"", ""parent"": [""virtual""], ""campus"": ""e57d303b-6ec3-4953-b365-a457c9d5e194""}"
bdb6e1c1-e22e-4e27-8bf2-4d070dc82b00,taxonomy_term--subject,1773,1773,2026-03-27T19:38:06+00:00,True,Cell and Developmental Biology (Vancouver),,0,2026-03-27T19:38:06+00:00,CELL_V,"{""vid"": ""f381dbf5-2e91-4c45-b8e2-daeb86e226ab"", ""parent"": [""virtual""], ""campus"": ""e57d303b-6ec3-4953-b365-a457c9d5e194""}"
87660587-ceea-4eeb-a1e4-2a39b36da464,taxonomy_term--subject,1774,1774,2026-03-27T19:38:06+00:00,True,Discover Undergraduate Research Office (Vancouver),,0,2026-03-27T19:38:06+00:00,DURO_V,"{""vid"": ""f381dbf5-2e91-4c45-b8e2-daeb86e226ab"", ""parent"": [""virtual""], ""campus"": ""e57d303b-6ec3-4953-b365-a457c9d5e194""}"
1a963d44-5fc6-4bf4-a924-1908a3ed4139,taxonomy_term--subject,1775,1775,2026-03-27T19:38:23+00:00,True,Germanic Studies (Vancouver),,0,2026-03-27T19:38:23+00:00,GMST_V,"{""vid"": ""f381dbf5-2e91-4c45-b8e2-daeb86e226ab"", ""parent"": [""virtual""], ""campus"": ""e57d303b-6ec3-4953-b365-a457c9d5e194""}"
ef4d7661-78c8-4931-8bf2-6386f118cae6,taxonomy_term--subject,1776,1776,2026-03-27T19:38:23+00:00,True,Russian (Vancouver),,0,2026-03-27T19:38:23+00:00,RUSS_V,"{""vid"": ""f381dbf5-2e91-4c45-b8e2-daeb86e226ab"", ""parent"": [""virtual""], ""campus"": ""e57d303b-6ec3-4953-b365-a457c9d5e194""}"
5fb0b4e7-f7e0-48e2-a9a4-4880f26b440c,taxonomy_term--subject,1777,1777,2026-03-27T19:38:23+00:00,True,Kinesiology (Vancouver),,0,2026-03-27T19:38:23+00:00,HKIN_V,"{""vid"": ""f381dbf5-2e91-4c45-b8e2-daeb86e226ab"", ""parent"": [""virtual""], ""campus"": ""e57d303b-6ec3-4953-b365-a457c9d5e194""}"
1a63ff83-17bb-438f-90de-64519074632e,taxonomy_term--subject,1778,1778,2026-03-27T19:38:23+00:00,True,Home Economics Education (Vancouver),,0,2026-03-27T19:38:23+00:00,HMED_V,"{""vid"": ""f381dbf5-2e91-4c45-b8e2-daeb86e226ab"", ""parent"": [""virtual""], ""campus"": ""e57d303b-6ec3-4953-b365-a457c9d5e194""}"
b00518eb-6dc1-4baa-88bc-bac62155031f,taxonomy_term--subject,1779,1779,2026-03-27T19:38:23+00:00,True,Zoology (Vancouver),,0,2026-03-27T19:38:23+00:00,ZOOL_V,"{""vid"": ""f381dbf5-2e91-4c45-b8e2-daeb86e226ab"", ""parent"": [""virtual""], ""campus"": ""e57d303b-6ec3-4953-b365-a457c9d5e194""}"
b781b8ee-d06e-4d3c-92a6-9e3d11bc945c,taxonomy_term--subject,1780,1780,2026-03-27T19:38:23+00:00,True,"Design, Innovation, Creativity, Entrepreneurship (Okanagan)",,0,2026-03-27T19:38:23+00:00,DICE_O,"{""vid"": ""f381dbf5-2e91-4c45-b8e2-daeb86e226ab"", ""parent"": [""virtual""], ""campus"": ""dd9e8772-d768-423c-9277-d7e817acff4b""}"
c526b796-e3c0-4176-8e2b-06fd5f2a4098,taxonomy_term--subject,1781,1781,2026-03-27T19:38:23+00:00,True,Computer Engineering (Okanagan),,0,2026-03-27T19:38:23+00:00,CMPE_O,"{""vid"": ""f381dbf5-2e91-4c45-b8e2-daeb86e226ab"", ""parent"": [""virtual""], ""campus"": ""dd9e8772-d768-423c-9277-d7e817acff4b""}"
6b6b1ecd-b9a6-45f8-84c2-cfb9f3de8b18,taxonomy_term--subject,1782,1782,2026-03-27T19:38:23+00:00,True,Microbiology (Vancouver),,0,2026-03-27T19:38:23+00:00,MICB_V,"{""vid"": ""f381dbf5-2e91-4c45-b8e2-daeb86e226ab"", ""parent"": [""virtual""], ""campus"": ""e57d303b-6ec3-4953-b365-a457c9d5e194""}"
2600ca5d-b2d1-4e5c-8705-b7100aac8eca,taxonomy_term--subject,1783,1783,2026-03-27T19:38:23+00:00,True,French (Vancouver),,0,2026-03-27T19:38:23+00:00,FREN_V,"{""vid"": ""f381dbf5-2e91-4c45-b8e2-daeb86e226ab"", ""parent"": [""virtual""], ""campus"": ""e57d303b-6ec3-4953-b365-a457c9d5e194""}"
50d314fd-242f-4ec3-b6df-c10de2b3adce,taxonomy_term--subject,1784,1784,2026-03-27T19:38:23+00:00,True,Southeast Asian Languages (Vancouver),,0,2026-03-27T19:38:23+00:00,SEAL_V,"{""vid"": ""f381dbf5-2e91-4c45-b8e2-daeb86e226ab"", ""parent"": [""virtual""], ""campus"": ""e57d303b-6ec3-4953-b365-a457c9d5e194""}"
af33b127-57e2-43f6-8dd3-315d3809af6c,taxonomy_term--subject,1785,1785,2026-03-27T19:38:23+00:00,True,Drama (Vancouver),,0,2026-03-27T19:38:23+00:00,DRAM_V,"{""vid"": ""f381dbf5-2e91-4c45-b8e2-daeb86e226ab"", ""parent"": [""virtual""], ""campus"": ""e57d303b-6ec3-4953-b365-a457c9d5e194""}"
91d5457c-00af-462b-b814-ba6b931ddc46,taxonomy_term--subject,1786,1786,2026-03-27T19:38:23+00:00,True,Oncology (Vancouver),,0,2026-03-27T19:38:23+00:00,ONCO_V,"{""vid"": ""f381dbf5-2e91-4c45-b8e2-daeb86e226ab"", ""parent"": [""virtual""], ""campus"": ""e57d303b-6ec3-4953-b365-a457c9d5e194""}"
3f1939d1-e101-4932-81d0-ae740780ddbc,taxonomy_term--subject,1787,1787,2026-03-27T19:38:23+00:00,True,School of Population & Public Health (Vancouver),,0,2026-03-27T19:38:23+00:00,SPHA_V,"{""vid"": ""f381dbf5-2e91-4c45-b8e2-daeb86e226ab"", ""parent"": [""virtual""], ""campus"": ""e57d303b-6ec3-4953-b365-a457c9d5e194""}"
7678bb65-b490-4ae2-86ee-d3fbf3bd7579,taxonomy_term--subject,1788,1788,2026-03-27T19:38:23+00:00,True,Commerce (Vancouver),,0,2026-03-27T19:38:23+00:00,COMM_V,"{""vid"": ""f381dbf5-2e91-4c45-b8e2-daeb86e226ab"", ""parent"": [""virtual""], ""campus"": ""e57d303b-6ec3-4953-b365-a457c9d5e194""}"
d4aed531-86e2-4453-8158-cacfa1205a66,taxonomy_term--subject,1789,1789,2026-03-27T19:38:23+00:00,True,Communications And Rhetoric (Okanagan),,0,2026-03-27T19:38:23+00:00,CORH_O,"{""vid"": ""f381dbf5-2e91-4c45-b8e2-daeb86e226ab"", ""parent"": [""virtual""], ""campus"": ""dd9e8772-d768-423c-9277-d7e817acff4b""}"
4d52b5ce-34c2-4cd0-adfd-807653a5fc5e,taxonomy_term--subject,1790,1790,2026-03-27T19:38:23+00:00,True,Cellular and Physiological Sciences (Vancouver),,0,2026-03-27T19:38:23+00:00,PHYL_V,"{""vid"": ""f381dbf5-2e91-4c45-b8e2-daeb86e226ab"", ""parent"": [""virtual""], ""campus"": ""e57d303b-6ec3-4953-b365-a457c9d5e194""}"
f028c75b-332b-41b3-8e41-6568b1d7b75c,taxonomy_term--subject,1791,1791,2026-03-27T19:38:23+00:00,True,Genome Science and Technology (Vancouver),,0,2026-03-27T19:38:23+00:00,GSAT_V,"{""vid"": ""f381dbf5-2e91-4c45-b8e2-daeb86e226ab"", ""parent"": [""virtual""], ""campus"": ""e57d303b-6ec3-4953-b365-a457c9d5e194""}"
44439f99-532e-4edb-8584-968a7f126ac1,taxonomy_term--subject,1792,1792,2026-03-27T19:38:23+00:00,True,Resource Management And Environmental Studies (Vancouver),,0,2026-03-27T19:38:23+00:00,RMES_V,"{""vid"": ""f381dbf5-2e91-4c45-b8e2-daeb86e226ab"", ""parent"": [""virtual""], ""campus"": ""e57d303b-6ec3-4953-b365-a457c9d5e194""}"
4cf35ad7-0372-4d0a-9fbc-bc9cb61a32c3,taxonomy_term--subject,1793,1793,2026-03-27T19:38:23+00:00,True,Women+ and Children's Health Sciences (Vancouver),,0,2026-03-27T19:38:23+00:00,WACH_V,"{""vid"": ""f381dbf5-2e91-4c45-b8e2-daeb86e226ab"", ""parent"": [""virtual""], ""campus"": ""e57d303b-6ec3-4953-b365-a457c9d5e194""}"
2875e113-ddb3-4e7f-adc8-1b61b61c2ed7,taxonomy_term--subject,1794,1794,2026-03-27T19:38:23+00:00,True,Herstmonceux Psychology (Vancouver),,0,2026-03-27T19:38:23+00:00,HXPC_V,"{""vid"": ""f381dbf5-2e91-4c45-b8e2-daeb86e226ab"", ""parent"": [""virtual""], ""campus"": ""e57d303b-6ec3-4953-b365-a457c9d5e194""}"
cfaf4c0a-878c-42ac-81b1-c8727c297d7f,taxonomy_term--subject,1795,1795,2026-03-27T19:38:23+00:00,True,"Classical, Near Eastern and Religious Studies (Vancouver)",,0,2026-03-27T19:38:23+00:00,CNRS_V,"{""vid"": ""f381dbf5-2e91-4c45-b8e2-daeb86e226ab"", ""parent"": [""virtual""], ""campus"": ""e57d303b-6ec3-4953-b365-a457c9d5e194""}"
be73d272-0522-4a28-a9e4-5b55c67882b6,taxonomy_term--subject,1796,1796,2026-03-27T19:38:23+00:00,True,Italian Studies (Vancouver),,0,2026-03-27T19:38:23+00:00,ITST_V,"{""vid"": ""f381dbf5-2e91-4c45-b8e2-daeb86e226ab"", ""parent"": [""virtual""], ""campus"": ""e57d303b-6ec3-4953-b365-a457c9d5e194""}"
17543f3e-e397-4540-ad1c-0e5774277f18,taxonomy_term--subject,1797,1797,2026-03-27T19:38:23+00:00,True,Interdepartmental Medicine (Vancouver),,0,2026-03-27T19:38:23+00:00,INDE_V,"{""vid"": ""f381dbf5-2e91-4c45-b8e2-daeb86e226ab"", ""parent"": [""virtual""], ""campus"": ""e57d303b-6ec3-4953-b365-a457c9d5e194""}"
354986fe-9663-4c0a-a5e4-218f70d9d0bf,taxonomy_term--subject,1798,1798,2026-03-27T19:38:23+00:00,True,Political Science (Vancouver),,0,2026-03-27T19:38:23+00:00,POLI_V,"{""vid"": ""f381dbf5-2e91-4c45-b8e2-daeb86e226ab"", ""parent"": [""virtual""], ""campus"": ""e57d303b-6ec3-4953-b365-a457c9d5e194""}"
ac1fa2da-6664-49b0-911b-7e06cc9b08d1,taxonomy_term--subject,1799,1799,2026-03-27T19:38:23+00:00,True,Anthropology (Vancouver),,0,2026-03-27T19:38:23+00:00,ANTH_V,"{""vid"": ""f381dbf5-2e91-4c45-b8e2-daeb86e226ab"", ""parent"": [""virtual""], ""campus"": ""e57d303b-6ec3-4953-b365-a457c9d5e194""}"
3a9c0a63-fbc0-4a4c-8c4f-dc39a617cff0,taxonomy_term--subject,1800,1800,2026-03-27T19:38:26+00:00,True,Herstmonceux Writing (Vancouver),,0,2026-03-27T19:38:26+00:00,HXWR_V,"{""vid"": ""f381dbf5-2e91-4c45-b8e2-daeb86e226ab"", ""parent"": [""virtual""], ""campus"": ""e57d303b-6ec3-4953-b365-a457c9d5e194""}"
5bb80d9d-647b-48cd-98de-eabd40a7a987,taxonomy_term--subject,1801,1801,2026-03-27T19:38:26+00:00,True,"Library, Archival and Information Studies (Vancouver)",,0,2026-03-27T19:38:26+00:00,LAIS_V,"{""vid"": ""f381dbf5-2e91-4c45-b8e2-daeb86e226ab"", ""parent"": [""virtual""], ""campus"": ""e57d303b-6ec3-4953-b365-a457c9d5e194""}"
6e68edf0-b7f7-4211-beb4-b6d0c976cda6,taxonomy_term--subject,1802,1802,2026-03-27T19:38:26+00:00,True,Psychology (Vancouver),,0,2026-03-27T19:38:26+00:00,PSYC_V,"{""vid"": ""f381dbf5-2e91-4c45-b8e2-daeb86e226ab"", ""parent"": [""virtual""], ""campus"": ""e57d303b-6ec3-4953-b365-a457c9d5e194""}"
87be0313-ad1d-4b0c-80e7-17756552a6ad,taxonomy_term--subject,1803,1803,2026-03-27T19:38:26+00:00,True,Educational Psychology and Special Education (Vancouver),,0,2026-03-27T19:38:26+00:00,EPSE_V,"{""vid"": ""f381dbf5-2e91-4c45-b8e2-daeb86e226ab"", ""parent"": [""virtual""], ""campus"": ""e57d303b-6ec3-4953-b365-a457c9d5e194""}"
f720414d-8987-4796-8521-3bc6a61b80c8,taxonomy_term--subject,1804,1804,2026-03-27T19:38:26+00:00,True,Statistics (Vancouver),,0,2026-03-27T19:38:26+00:00,STAT_V,"{""vid"": ""f381dbf5-2e91-4c45-b8e2-daeb86e226ab"", ""parent"": [""virtual""], ""campus"": ""e57d303b-6ec3-4953-b365-a457c9d5e194""}"
5cbdefd8-bb08-4065-8f1a-900487e723c8,taxonomy_term--subject,1805,1805,2026-03-27T19:38:26+00:00,True,English Language Institute (Vancouver),,0,2026-03-27T19:38:26+00:00,ELI_V,"{""vid"": ""f381dbf5-2e91-4c45-b8e2-daeb86e226ab"", ""parent"": [""virtual""], ""campus"": ""e57d303b-6ec3-4953-b365-a457c9d5e194""}"
4e72b6e6-7e18-4540-90ce-41e6eb44d305,taxonomy_term--subject,1806,1806,2026-03-27T19:38:26+00:00,True,Exchange Programs (Vancouver),,0,2026-03-27T19:38:26+00:00,EXCH_V,"{""vid"": ""f381dbf5-2e91-4c45-b8e2-daeb86e226ab"", ""parent"": [""virtual""], ""campus"": ""e57d303b-6ec3-4953-b365-a457c9d5e194""}"
418a1460-7fa0-47ce-bdb4-0fd1266c33be,taxonomy_term--subject,1807,1807,2026-03-27T19:38:26+00:00,True,Indigenous Language (Okanagan),,0,2026-03-27T19:38:26+00:00,INLG_O,"{""vid"": ""f381dbf5-2e91-4c45-b8e2-daeb86e226ab"", ""parent"": [""virtual""], ""campus"": ""dd9e8772-d768-423c-9277-d7e817acff4b""}"
2e37480d-c3fd-4b84-8d7a-1cace3646d29,taxonomy_term--subject,1808,1808,2026-03-27T19:38:26+00:00,True,Romance Studies (Vancouver),,0,2026-03-27T19:38:26+00:00,RMST_V,"{""vid"": ""f381dbf5-2e91-4c45-b8e2-daeb86e226ab"", ""parent"": [""virtual""], ""campus"": ""e57d303b-6ec3-4953-b365-a457c9d5e194""}"
af663cb1-7b12-4d11-87d9-c7516cb3a234,taxonomy_term--subject,1809,1809,2026-03-27T19:38:26+00:00,True,Doctor of Medicine (Vancouver),,0,2026-03-27T19:38:26+00:00,MEDD_V,"{""vid"": ""f381dbf5-2e91-4c45-b8e2-daeb86e226ab"", ""parent"": [""virtual""], ""campus"": ""e57d303b-6ec3-4953-b365-a457c9d5e194""}"
7df4321e-2ee7-4056-9ca2-381daaf20660,taxonomy_term--subject,1810,1810,2026-03-27T19:38:26+00:00,True,Computer Science (Vancouver),,0,2026-03-27T19:38:26+00:00,CPSC_V,"{""vid"": ""f381dbf5-2e91-4c45-b8e2-daeb86e226ab"", ""parent"": [""virtual""], ""campus"": ""e57d303b-6ec3-4953-b365-a457c9d5e194""}"
c208e2b8-ccc1-466f-9719-7f598a7e4294,taxonomy_term--subject,1811,1811,2026-03-27T19:38:26+00:00,True,High Performance Buildings (Vancouver),,0,2026-03-27T19:38:26+00:00,HPB_V,"{""vid"": ""f381dbf5-2e91-4c45-b8e2-daeb86e226ab"", ""parent"": [""virtual""], ""campus"": ""e57d303b-6ec3-4953-b365-a457c9d5e194""}"
d7d5de20-bb04-4679-9d9e-6af554ae44ba,taxonomy_term--subject,1812,1812,2026-03-27T19:38:26+00:00,True,Chemistry (Vancouver),,0,2026-03-27T19:38:26+00:00,CHEM_V,"{""vid"": ""f381dbf5-2e91-4c45-b8e2-daeb86e226ab"", ""parent"": [""virtual""], ""campus"": ""e57d303b-6ec3-4953-b365-a457c9d5e194""}"
b24e245c-e052-414c-ad25-027d910ec109,taxonomy_term--subject,1813,1813,2026-03-27T19:38:26+00:00,True,Hebrew (Vancouver),,0,2026-03-27T19:38:26+00:00,HEBR_V,"{""vid"": ""f381dbf5-2e91-4c45-b8e2-daeb86e226ab"", ""parent"": [""virtual""], ""campus"": ""e57d303b-6ec3-4953-b365-a457c9d5e194""}"
0fb6d269-c991-4a51-b1b2-f609886a33de,taxonomy_term--subject,1814,1814,2026-03-27T19:38:26+00:00,True,Computational Linguistics (Vancouver),,0,2026-03-27T19:38:26+00:00,COLX_V,"{""vid"": ""f381dbf5-2e91-4c45-b8e2-daeb86e226ab"", ""parent"": [""virtual""], ""campus"": ""e57d303b-6ec3-4953-b365-a457c9d5e194""}"
ae7c3599-029b-4768-9c09-0c1dbd7d8b4a,taxonomy_term--subject,1816,1816,2026-03-27T19:38:26+00:00,True,Freshwater Science (Okanagan),,0,2026-03-27T19:38:26+00:00,FWSC_O,"{""vid"": ""f381dbf5-2e91-4c45-b8e2-daeb86e226ab"", ""parent"": [""virtual""], ""campus"": ""dd9e8772-d768-423c-9277-d7e817acff4b""}"
45a9d474-f0f1-4c17-9b3d-1c1c0975b353,taxonomy_term--subject,1817,1817,2026-03-27T19:38:26+00:00,True,Pharmacy (Vancouver),,0,2026-03-27T19:38:26+00:00,PHRM_V,"{""vid"": ""f381dbf5-2e91-4c45-b8e2-daeb86e226ab"", ""parent"": [""virtual""], ""campus"": ""e57d303b-6ec3-4953-b365-a457c9d5e194""}"
8e78d5e9-fee8-46f7-896a-5dc70c9dfafb,taxonomy_term--subject,1818,1818,2026-03-27T19:38:26+00:00,True,Undergraduate Research Opportunities (Vancouver),,0,2026-03-27T19:38:26+00:00,URO_V,"{""vid"": ""f381dbf5-2e91-4c45-b8e2-daeb86e226ab"", ""parent"": [""virtual""], ""campus"": ""e57d303b-6ec3-4953-b365-a457c9d5e194""}"
41cf1d44-738b-4f65-9c90-a8cffe61eb72,taxonomy_term--subject,1819,1819,2026-03-27T19:38:26+00:00,True,Information Studies (Vancouver),,0,2026-03-27T19:38:26+00:00,INFO_V,"{""vid"": ""f381dbf5-2e91-4c45-b8e2-daeb86e226ab"", ""parent"": [""virtual""], ""campus"": ""e57d303b-6ec3-4953-b365-a457c9d5e194""}"
461daceb-4bad-4146-b29a-201b5ee8f6ad,taxonomy_term--subject,1820,1820,2026-03-27T19:38:26+00:00,True,Modern Standard Arabic (Vancouver),,0,2026-03-27T19:38:26+00:00,ARBM_V,"{""vid"": ""f381dbf5-2e91-4c45-b8e2-daeb86e226ab"", ""parent"": [""virtual""], ""campus"": ""e57d303b-6ec3-4953-b365-a457c9d5e194""}"
ecbdc1e4-8ce2-4578-8132-38c3f91aabf6,taxonomy_term--subject,1821,1821,2026-03-27T19:38:26+00:00,True,Middle East Studies (Vancouver),,0,2026-03-27T19:38:26+00:00,MES_V,"{""vid"": ""f381dbf5-2e91-4c45-b8e2-daeb86e226ab"", ""parent"": [""virtual""], ""campus"": ""e57d303b-6ec3-4953-b365-a457c9d5e194""}"
b53f38c4-d60e-4803-a6fa-cba2038694e9,taxonomy_term--subject,1822,1822,2026-03-27T19:38:26+00:00,True,Herstmonceux Philosophy (Vancouver),,0,2026-03-27T19:38:26+00:00,HXPY_V,"{""vid"": ""f381dbf5-2e91-4c45-b8e2-daeb86e226ab"", ""parent"": [""virtual""], ""campus"": ""e57d303b-6ec3-4953-b365-a457c9d5e194""}"
408099b9-45bf-4ac4-bc9f-ece4cc2b7cc3,taxonomy_term--subject,1823,1823,2026-03-27T19:38:26+00:00,True,Women'S Studies (Okanagan),,0,2026-03-27T19:38:26+00:00,WMST_O,"{""vid"": ""f381dbf5-2e91-4c45-b8e2-daeb86e226ab"", ""parent"": [""virtual""], ""campus"": ""dd9e8772-d768-423c-9277-d7e817acff4b""}"
acda69b4-8dc5-43a9-9a1d-c035fd710a8e,taxonomy_term--subject,1824,1824,2026-03-27T19:38:26+00:00,True,Asian Studies Crossings (Vancouver),,0,2026-03-27T19:38:26+00:00,ASIX_V,"{""vid"": ""f381dbf5-2e91-4c45-b8e2-daeb86e226ab"", ""parent"": [""virtual""], ""campus"": ""e57d303b-6ec3-4953-b365-a457c9d5e194""}"
965606cd-585f-449f-ab97-484261910541,taxonomy_term--subject,1825,1825,2026-03-27T19:38:31+00:00,True,Electrical Engineering (Vancouver),,0,2026-03-27T19:38:31+00:00,ELEC_V,"{""vid"": ""f381dbf5-2e91-4c45-b8e2-daeb86e226ab"", ""parent"": [""virtual""], ""campus"": ""e57d303b-6ec3-4953-b365-a457c9d5e194""}"
f932a89d-0d88-446c-bd99-a722f43e40ae,taxonomy_term--subject,1826,1826,2026-03-27T19:38:31+00:00,True,Music (Vancouver),,0,2026-03-27T19:38:31+00:00,MUSC_V,"{""vid"": ""f381dbf5-2e91-4c45-b8e2-daeb86e226ab"", ""parent"": [""virtual""], ""campus"": ""e57d303b-6ec3-4953-b365-a457c9d5e194""}"
d04f1d7b-bfb2-4134-85a8-e4f92482540d,taxonomy_term--subject,1827,1827,2026-03-27T19:38:31+00:00,True,Urban Systems (Vancouver),,0,2026-03-27T19:38:31+00:00,URSY_V,"{""vid"": ""f381dbf5-2e91-4c45-b8e2-daeb86e226ab"", ""parent"": [""virtual""], ""campus"": ""e57d303b-6ec3-4953-b365-a457c9d5e194""}"
dd40c7ab-490a-471e-8f2e-567b01c7a68f,taxonomy_term--subject,1828,1828,2026-03-27T19:38:31+00:00,True,Engineering Physics (Vancouver),,0,2026-03-27T19:38:31+00:00,ENPH_V,"{""vid"": ""f381dbf5-2e91-4c45-b8e2-daeb86e226ab"", ""parent"": [""virtual""], ""campus"": ""e57d303b-6ec3-4953-b365-a457c9d5e194""}"
522b9b6f-7d9f-42e2-a215-ffcdb2a684a1,taxonomy_term--subject,1829,1829,2026-03-27T19:38:31+00:00,True,Elective (Okanagan),,0,2026-03-27T19:38:31+00:00,ELEV_O,"{""vid"": ""f381dbf5-2e91-4c45-b8e2-daeb86e226ab"", ""parent"": [""virtual""], ""campus"": ""dd9e8772-d768-423c-9277-d7e817acff4b""}"
db9bae84-1bf5-40e6-98d4-9e5f5d668a5d,taxonomy_term--subject,1830,1830,2026-03-27T19:38:31+00:00,True,Earth and Ocean Sciences (Vancouver),,0,2026-03-27T19:38:31+00:00,EOSC_V,"{""vid"": ""f381dbf5-2e91-4c45-b8e2-daeb86e226ab"", ""parent"": [""virtual""], ""campus"": ""e57d303b-6ec3-4953-b365-a457c9d5e194""}"
8e56ec7d-a496-470e-82dd-f272db769969,taxonomy_term--subject,1831,1831,2026-03-27T19:38:31+00:00,True,Foundations Program (Vancouver),,0,2026-03-27T19:38:31+00:00,FDNS_V,"{""vid"": ""f381dbf5-2e91-4c45-b8e2-daeb86e226ab"", ""parent"": [""virtual""], ""campus"": ""e57d303b-6ec3-4953-b365-a457c9d5e194""}"
e94b7bd2-048a-48c0-b1be-1dd406aec9a3,taxonomy_term--subject,1832,1832,2026-03-27T19:38:31+00:00,True,Anesthesia (Vancouver),,0,2026-03-27T19:38:31+00:00,ANAE_V,"{""vid"": ""f381dbf5-2e91-4c45-b8e2-daeb86e226ab"", ""parent"": [""virtual""], ""campus"": ""e57d303b-6ec3-4953-b365-a457c9d5e194""}"
dfad76d2-2ba8-4d86-ba5f-a7dedf779fa3,taxonomy_term--subject,1833,1833,2026-03-27T19:38:31+00:00,True,Polish (Vancouver),,0,2026-03-27T19:38:31+00:00,POLS_V,"{""vid"": ""f381dbf5-2e91-4c45-b8e2-daeb86e226ab"", ""parent"": [""virtual""], ""campus"": ""e57d303b-6ec3-4953-b365-a457c9d5e194""}"
633b400d-7d80-4c6a-81da-e53fe2e54c9c,taxonomy_term--subject,1834,1834,2026-03-27T19:38:31+00:00,True,History (Vancouver),,0,2026-03-27T19:38:31+00:00,HIST_V,"{""vid"": ""f381dbf5-2e91-4c45-b8e2-daeb86e226ab"", ""parent"": [""virtual""], ""campus"": ""e57d303b-6ec3-4953-b365-a457c9d5e194""}"
0f51b566-d3ef-44d0-b573-c83ddec917d5,taxonomy_term--subject,1835,1835,2026-03-27T19:38:31+00:00,True,Metals And Materials Engineering (Vancouver),,0,2026-03-27T19:38:31+00:00,MMAT_V,"{""vid"": ""f381dbf5-2e91-4c45-b8e2-daeb86e226ab"", ""parent"": [""virtual""], ""campus"": ""e57d303b-6ec3-4953-b365-a457c9d5e194""}"
a12bf2ad-c637-4df8-840f-614e389cd319,taxonomy_term--subject,1836,1836,2026-03-27T19:38:31+00:00,True,Geographical Sciences (Vancouver),,0,2026-03-27T19:38:31+00:00,GEOB_V,"{""vid"": ""f381dbf5-2e91-4c45-b8e2-daeb86e226ab"", ""parent"": [""virtual""], ""campus"": ""e57d303b-6ec3-4953-b365-a457c9d5e194""}"
b99115e3-533c-4672-b441-d20f0cfe2ae2,taxonomy_term--subject,1838,1838,2026-03-27T19:38:31+00:00,True,Environmental Design (Vancouver),,0,2026-03-27T19:38:31+00:00,ENDS_V,"{""vid"": ""f381dbf5-2e91-4c45-b8e2-daeb86e226ab"", ""parent"": [""virtual""], ""campus"": ""e57d303b-6ec3-4953-b365-a457c9d5e194""}"
bebe1f08-6951-45cf-95f9-41465e4daf01,taxonomy_term--subject,1839,1839,2026-03-27T19:38:31+00:00,True,Indigenous Land-Based Studies (Vancouver),,0,2026-03-27T19:38:31+00:00,INLB_V,"{""vid"": ""f381dbf5-2e91-4c45-b8e2-daeb86e226ab"", ""parent"": [""virtual""], ""campus"": ""e57d303b-6ec3-4953-b365-a457c9d5e194""}"
d4e041a6-0d1e-433d-81a2-b813c4d8f4f3,taxonomy_term--subject,1840,1840,2026-03-27T19:38:31+00:00,True,Ancient Mediterranean and Near Eastern Studies (Vancouver),,0,2026-03-27T19:38:31+00:00,AMNE_V,"{""vid"": ""f381dbf5-2e91-4c45-b8e2-daeb86e226ab"", ""parent"": [""virtual""], ""campus"": ""e57d303b-6ec3-4953-b365-a457c9d5e194""}"
9ab6932b-b66c-43c5-81d8-c182f5142426,taxonomy_term--subject,1841,1841,2026-03-27T19:38:31+00:00,True,Dental Hygiene (Vancouver),,0,2026-03-27T19:38:31+00:00,DHYG_V,"{""vid"": ""f381dbf5-2e91-4c45-b8e2-daeb86e226ab"", ""parent"": [""virtual""], ""campus"": ""e57d303b-6ec3-4953-b365-a457c9d5e194""}"
a220b9b3-a76d-452c-bcee-28a92d3d933b,taxonomy_term--subject,1842,1842,2026-03-27T19:38:31+00:00,True,Community and Regional Planning (Vancouver),,0,2026-03-27T19:38:31+00:00,PLAN_V,"{""vid"": ""f381dbf5-2e91-4c45-b8e2-daeb86e226ab"", ""parent"": [""virtual""], ""campus"": ""e57d303b-6ec3-4953-b365-a457c9d5e194""}"
c38c687a-924f-4741-ba8d-93d042a7ffa2,taxonomy_term--subject,1843,1843,2026-03-27T19:38:31+00:00,True,Art Education (Vancouver),,0,2026-03-27T19:38:31+00:00,ARTE_V,"{""vid"": ""f381dbf5-2e91-4c45-b8e2-daeb86e226ab"", ""parent"": [""virtual""], ""campus"": ""e57d303b-6ec3-4953-b365-a457c9d5e194""}"
84b758ab-7af9-4d90-a49a-5bfef52109c3,taxonomy_term--subject,1844,1844,2026-03-27T19:38:31+00:00,True,Business Administration: Sustainable Development (Vancouver),,0,2026-03-27T19:38:31+00:00,BASD_V,"{""vid"": ""f381dbf5-2e91-4c45-b8e2-daeb86e226ab"", ""parent"": [""virtual""], ""campus"": ""e57d303b-6ec3-4953-b365-a457c9d5e194""}"
dcf1a141-60ef-48c9-9f6c-9585d5437e44,taxonomy_term--subject,1845,1845,2026-03-27T19:38:31+00:00,True,Nsyilxcn (Okanagan),,0,2026-03-27T19:38:31+00:00,NSYL_O,"{""vid"": ""f381dbf5-2e91-4c45-b8e2-daeb86e226ab"", ""parent"": [""virtual""], ""campus"": ""dd9e8772-d768-423c-9277-d7e817acff4b""}"
80ffa8d9-fa7f-4a89-8c4a-d97d6da78a58,taxonomy_term--subject,1846,1846,2026-03-27T19:38:31+00:00,True,Geographical Sciences (Vancouver),,0,2026-03-27T19:38:31+00:00,GEOS_V,"{""vid"": ""f381dbf5-2e91-4c45-b8e2-daeb86e226ab"", ""parent"": [""virtual""], ""campus"": ""e57d303b-6ec3-4953-b365-a457c9d5e194""}"
9818442b-e5e3-4a10-9da2-a11beea0a490,taxonomy_term--subject,1847,1847,2026-03-27T19:38:31+00:00,True,Soil Science (Vancouver),,0,2026-03-27T19:38:31+00:00,SOIL_V,"{""vid"": ""f381dbf5-2e91-4c45-b8e2-daeb86e226ab"", ""parent"": [""virtual""], ""campus"": ""e57d303b-6ec3-4953-b365-a457c9d5e194""}"
8552458e-fb9f-4747-9370-0f03ce068820,taxonomy_term--subject,1848,1848,2026-03-27T19:38:31+00:00,True,Medieval Studies (Vancouver),,0,2026-03-27T19:38:31+00:00,MDVL_V,"{""vid"": ""f381dbf5-2e91-4c45-b8e2-daeb86e226ab"", ""parent"": [""virtual""], ""campus"": ""e57d303b-6ec3-4953-b365-a457c9d5e194""}"
e68e8df0-f9a0-4127-b6f7-db4350c3cb31,taxonomy_term--subject,1849,1849,2026-03-27T19:38:31+00:00,True,Herstmonceux Mathematics (Vancouver),,0,2026-03-27T19:38:31+00:00,HXMA_V,"{""vid"": ""f381dbf5-2e91-4c45-b8e2-daeb86e226ab"", ""parent"": [""virtual""], ""campus"": ""e57d303b-6ec3-4953-b365-a457c9d5e194""}"
b999768f-12da-475f-8561-2680d7669f45,taxonomy_term--subject,1850,1850,2026-03-27T19:38:34+00:00,True,Applied Science Professional Program Platform (Vancouver),,0,2026-03-27T19:38:34+00:00,APPP_V,"{""vid"": ""f381dbf5-2e91-4c45-b8e2-daeb86e226ab"", ""parent"": [""virtual""], ""campus"": ""e57d303b-6ec3-4953-b365-a457c9d5e194""}"
d9ac245a-b986-4d6b-8253-22fc9d36a43e,taxonomy_term--subject,1851,1851,2026-03-27T19:38:34+00:00,True,Urban Forestry (Vancouver),,0,2026-03-27T19:38:34+00:00,UFOR_V,"{""vid"": ""f381dbf5-2e91-4c45-b8e2-daeb86e226ab"", ""parent"": [""virtual""], ""campus"": ""e57d303b-6ec3-4953-b365-a457c9d5e194""}"
9b7b47be-6e3e-421c-82be-5d83878dda8d,taxonomy_term--subject,1852,1852,2026-03-27T19:38:34+00:00,True,Plant Science (Vancouver),,0,2026-03-27T19:38:34+00:00,PLNT_V,"{""vid"": ""f381dbf5-2e91-4c45-b8e2-daeb86e226ab"", ""parent"": [""virtual""], ""campus"": ""e57d303b-6ec3-4953-b365-a457c9d5e194""}"
ad5f3278-f22b-4f78-88fc-3a9a0d6ce235,taxonomy_term--subject,1853,1853,2026-03-27T19:38:34+00:00,True,Land and Water Systems (Vancouver),,0,2026-03-27T19:38:34+00:00,LWS_V,"{""vid"": ""f381dbf5-2e91-4c45-b8e2-daeb86e226ab"", ""parent"": [""virtual""], ""campus"": ""e57d303b-6ec3-4953-b365-a457c9d5e194""}"
23bb7cbf-b677-4e20-af08-a04fbe3d4515,taxonomy_term--subject,1854,1854,2026-03-27T19:38:34+00:00,True,First Nations Languages (Vancouver),,0,2026-03-27T19:38:34+00:00,FNLG_V,"{""vid"": ""f381dbf5-2e91-4c45-b8e2-daeb86e226ab"", ""parent"": [""virtual""], ""campus"": ""e57d303b-6ec3-4953-b365-a457c9d5e194""}"
08cf07cd-fec8-4607-9ac1-ffe4a8b36508,taxonomy_term--subject,1855,1855,2026-03-27T19:38:34+00:00,True,"Gender, Race, Sexuality and Social Justice (Vancouver)",,0,2026-03-27T19:38:34+00:00,GRSJ_V,"{""vid"": ""f381dbf5-2e91-4c45-b8e2-daeb86e226ab"", ""parent"": [""virtual""], ""campus"": ""e57d303b-6ec3-4953-b365-a457c9d5e194""}"
5fccfa79-72b3-4b30-93fa-30a6dba99799,taxonomy_term--subject,1857,1857,2026-03-27T19:38:34+00:00,True,Orientation to Medical School (Vancouver),,0,2026-03-27T19:38:34+00:00,ORNT_V,"{""vid"": ""f381dbf5-2e91-4c45-b8e2-daeb86e226ab"", ""parent"": [""virtual""], ""campus"": ""e57d303b-6ec3-4953-b365-a457c9d5e194""}"
2ccc2b46-93c5-4461-9379-52de8e60acc6,taxonomy_term--subject,1858,1858,2026-03-27T19:38:34+00:00,True,Geomatics for Environmental Management (Vancouver),,0,2026-03-27T19:38:34+00:00,GEM_V,"{""vid"": ""f381dbf5-2e91-4c45-b8e2-daeb86e226ab"", ""parent"": [""virtual""], ""campus"": ""e57d303b-6ec3-4953-b365-a457c9d5e194""}"
7a070add-5dbb-4654-b1e6-aef462d0b88b,taxonomy_term--subject,1859,1859,2026-03-27T19:38:34+00:00,True,English Writing and Composition (Vancouver),,0,2026-03-27T19:38:34+00:00,WRCM_V,"{""vid"": ""f381dbf5-2e91-4c45-b8e2-daeb86e226ab"", ""parent"": [""virtual""], ""campus"": ""e57d303b-6ec3-4953-b365-a457c9d5e194""}"
fc39a79f-14ff-4116-a541-4bcb8968618b,taxonomy_term--subject,1860,1860,2026-03-27T19:38:34+00:00,True,Biochemistry (Vancouver),,0,2026-03-27T19:38:34+00:00,BIOC_V,"{""vid"": ""f381dbf5-2e91-4c45-b8e2-daeb86e226ab"", ""parent"": [""virtual""], ""campus"": ""e57d303b-6ec3-4953-b365-a457c9d5e194""}"
f8874cdc-fcbe-49ed-9e74-953c71becd68,taxonomy_term--subject,1861,1861,2026-03-27T19:38:34+00:00,True,Nursing (Vancouver),,0,2026-03-27T19:38:34+00:00,NURS_V,"{""vid"": ""f381dbf5-2e91-4c45-b8e2-daeb86e226ab"", ""parent"": [""virtual""], ""campus"": ""e57d303b-6ec3-4953-b365-a457c9d5e194""}"
948f4671-8e1b-48b5-832c-fccb66e48799,taxonomy_term--subject,1862,1862,2026-03-27T19:38:34+00:00,True,Global Public Policy (Vancouver),,0,2026-03-27T19:38:34+00:00,GPP_V,"{""vid"": ""f381dbf5-2e91-4c45-b8e2-daeb86e226ab"", ""parent"": [""virtual""], ""campus"": ""e57d303b-6ec3-4953-b365-a457c9d5e194""}"
a90e74bf-f50e-4c77-916c-41def953c9b5,taxonomy_term--subject,1863,1863,2026-03-27T19:38:34+00:00,True,Chemical and Biological Engineering (Vancouver),,0,2026-03-27T19:38:34+00:00,CHBE_V,"{""vid"": ""f381dbf5-2e91-4c45-b8e2-daeb86e226ab"", ""parent"": [""virtual""], ""campus"": ""e57d303b-6ec3-4953-b365-a457c9d5e194""}"
518076b1-c1eb-4445-abb4-40f106631c6f,taxonomy_term--subject,1864,1864,2026-03-27T19:38:34+00:00,True,Principles Of Human Biology (Vancouver),,0,2026-03-27T19:38:34+00:00,PRIN_V,"{""vid"": ""f381dbf5-2e91-4c45-b8e2-daeb86e226ab"", ""parent"": [""virtual""], ""campus"": ""e57d303b-6ec3-4953-b365-a457c9d5e194""}"
951408de-a7e8-407a-ad26-13635e90713f,taxonomy_term--subject,1865,1865,2026-03-27T19:38:34+00:00,True,Law (Vancouver),,0,2026-03-27T19:38:34+00:00,LAW_V,"{""vid"": ""f381dbf5-2e91-4c45-b8e2-daeb86e226ab"", ""parent"": [""virtual""], ""campus"": ""e57d303b-6ec3-4953-b365-a457c9d5e194""}"
10c8cf18-3ddb-4b08-b5e4-e61fd3c27e41,taxonomy_term--subject,1866,1866,2026-03-27T19:38:34+00:00,True,Bio-Resource Engineering (Vancouver),,0,2026-03-27T19:38:34+00:00,BIOE_V,"{""vid"": ""f381dbf5-2e91-4c45-b8e2-daeb86e226ab"", ""parent"": [""virtual""], ""campus"": ""e57d303b-6ec3-4953-b365-a457c9d5e194""}"
0eef3243-f46e-460d-95df-dad0ca69f008,taxonomy_term--subject,1867,1867,2026-03-27T19:38:34+00:00,True,Management (Vancouver),,0,2026-03-27T19:38:34+00:00,MGMT_V,"{""vid"": ""f381dbf5-2e91-4c45-b8e2-daeb86e226ab"", ""parent"": [""virtual""], ""campus"": ""e57d303b-6ec3-4953-b365-a457c9d5e194""}"
1159e738-9e35-42ef-a032-72badaac1909,taxonomy_term--subject,1868,1868,2026-03-27T19:38:34+00:00,True,Computer Engineering (Vancouver),,0,2026-03-27T19:38:34+00:00,CPEN_V,"{""vid"": ""f381dbf5-2e91-4c45-b8e2-daeb86e226ab"", ""parent"": [""virtual""], ""campus"": ""e57d303b-6ec3-4953-b365-a457c9d5e194""}"
ad274aa0-bf7f-4b74-b540-9d1fcb0a7506,taxonomy_term--subject,1869,1869,2026-03-27T19:38:34+00:00,True,Physical Therapy (Vancouver),,0,2026-03-27T19:38:34+00:00,PHTH_V,"{""vid"": ""f381dbf5-2e91-4c45-b8e2-daeb86e226ab"", ""parent"": [""virtual""], ""campus"": ""e57d303b-6ec3-4953-b365-a457c9d5e194""}"
c3b25763-566d-4a10-81f3-23801071f7ed,taxonomy_term--subject,1870,1870,2026-03-27T19:38:34+00:00,True,Language and Literacy Education (Vancouver),,0,2026-03-27T19:38:34+00:00,LLED_V,"{""vid"": ""f381dbf5-2e91-4c45-b8e2-daeb86e226ab"", ""parent"": [""virtual""], ""campus"": ""e57d303b-6ec3-4953-b365-a457c9d5e194""}"
5a47b0d9-62dc-4b55-ab8e-c32114ca1e68,taxonomy_term--subject,1871,1871,2026-03-27T19:38:34+00:00,True,Natural Resources Conservation (Vancouver),,0,2026-03-27T19:38:34+00:00,CONS_V,"{""vid"": ""f381dbf5-2e91-4c45-b8e2-daeb86e226ab"", ""parent"": [""virtual""], ""campus"": ""e57d303b-6ec3-4953-b365-a457c9d5e194""}"
f310ba7a-2aaf-4c0c-a4bc-aa021ca157cf,taxonomy_term--subject,1872,1872,2026-03-27T19:38:34+00:00,True,Herstmonceux Physics (Vancouver),,0,2026-03-27T19:38:34+00:00,HXPH_V,"{""vid"": ""f381dbf5-2e91-4c45-b8e2-daeb86e226ab"", ""parent"": [""virtual""], ""campus"": ""e57d303b-6ec3-4953-b365-a457c9d5e194""}"
30b95368-858c-44dc-9eb0-f3bed4f75210,taxonomy_term--subject,1873,1873,2026-03-27T19:38:34+00:00,True,Theatre (Vancouver),,0,2026-03-27T19:38:34+00:00,THTR_V,"{""vid"": ""f381dbf5-2e91-4c45-b8e2-daeb86e226ab"", ""parent"": [""virtual""], ""campus"": ""e57d303b-6ec3-4953-b365-a457c9d5e194""}"
8427ae17-8f5f-4d8c-aa94-8f74f93943c3,taxonomy_term--subject,1874,1874,2026-03-27T19:38:34+00:00,True,Transition School (Vancouver),,0,2026-03-27T19:38:34+00:00,TRSC_V,"{""vid"": ""f381dbf5-2e91-4c45-b8e2-daeb86e226ab"", ""parent"": [""virtual""], ""campus"": ""e57d303b-6ec3-4953-b365-a457c9d5e194""}"
5fcf263b-3791-4816-a427-712f4e906fa1,taxonomy_term--subject,1875,1875,2026-03-27T19:38:37+00:00,True,Green Bioproducts (Vancouver),,0,2026-03-27T19:38:37+00:00,GBPR_V,"{""vid"": ""f381dbf5-2e91-4c45-b8e2-daeb86e226ab"", ""parent"": [""virtual""], ""campus"": ""e57d303b-6ec3-4953-b365-a457c9d5e194""}"
2ce89c1b-7157-4d6b-af16-39c3b9f5defe,taxonomy_term--subject,1876,1876,2026-03-27T19:38:37+00:00,True,Comparative Literature (Vancouver),,0,2026-03-27T19:38:37+00:00,COML_V,"{""vid"": ""f381dbf5-2e91-4c45-b8e2-daeb86e226ab"", ""parent"": [""virtual""], ""campus"": ""e57d303b-6ec3-4953-b365-a457c9d5e194""}"
ee78a786-ecf6-4077-a55a-96323104faac,taxonomy_term--subject,1877,1877,2026-03-27T19:38:37+00:00,True,Music Education (Vancouver),,0,2026-03-27T19:38:37+00:00,MUED_V,"{""vid"": ""f381dbf5-2e91-4c45-b8e2-daeb86e226ab"", ""parent"": [""virtual""], ""campus"": ""e57d303b-6ec3-4953-b365-a457c9d5e194""}"
79fd32f6-40e9-4b8b-acfc-aa7ad4467362,taxonomy_term--subject,1878,1878,2026-03-27T19:38:37+00:00,True,Geophysics (Okanagan),,0,2026-03-27T19:38:37+00:00,GEOP_O,"{""vid"": ""f381dbf5-2e91-4c45-b8e2-daeb86e226ab"", ""parent"": [""virtual""], ""campus"": ""dd9e8772-d768-423c-9277-d7e817acff4b""}"
186e6db3-1602-49d1-9bf3-be579fbe9793,taxonomy_term--subject,1879,1879,2026-03-27T19:38:37+00:00,True,Data Science (Vancouver),,0,2026-03-27T19:38:37+00:00,DSCI_V,"{""vid"": ""f381dbf5-2e91-4c45-b8e2-daeb86e226ab"", ""parent"": [""virtual""], ""campus"": ""e57d303b-6ec3-4953-b365-a457c9d5e194""}"
331903e0-b938-45dc-82a3-b0a72d3ae14a,taxonomy_term--subject,1880,1880,2026-03-27T19:38:37+00:00,True,Mechanical Engineering (Vancouver),,0,2026-03-27T19:38:37+00:00,MECH_V,"{""vid"": ""f381dbf5-2e91-4c45-b8e2-daeb86e226ab"", ""parent"": [""virtual""], ""campus"": ""e57d303b-6ec3-4953-b365-a457c9d5e194""}"
5dd82305-c19e-4aec-9079-ff26c3999754,taxonomy_term--subject,1881,1881,2026-03-27T19:38:37+00:00,True,German (Vancouver),,0,2026-03-27T19:38:37+00:00,GERN_V,"{""vid"": ""f381dbf5-2e91-4c45-b8e2-daeb86e226ab"", ""parent"": [""virtual""], ""campus"": ""e57d303b-6ec3-4953-b365-a457c9d5e194""}"
e2ddd498-4685-4d07-ac31-68e67d617634,taxonomy_term--subject,1882,1882,2026-03-27T19:38:37+00:00,True,Surgery (Vancouver),,0,2026-03-27T19:38:37+00:00,SURG_V,"{""vid"": ""f381dbf5-2e91-4c45-b8e2-daeb86e226ab"", ""parent"": [""virtual""], ""campus"": ""e57d303b-6ec3-4953-b365-a457c9d5e194""}"
406da730-dacf-4070-b4bb-37802fb52f85,taxonomy_term--subject,1883,1883,2026-03-27T19:38:37+00:00,True,First Nations and Indigenous Studies (Vancouver),,0,2026-03-27T19:38:37+00:00,FNIS_V,"{""vid"": ""f381dbf5-2e91-4c45-b8e2-daeb86e226ab"", ""parent"": [""virtual""], ""campus"": ""e57d303b-6ec3-4953-b365-a457c9d5e194""}"
2886a8de-740f-448c-a978-8fe2dc64c489,taxonomy_term--subject,1884,1884,2026-03-27T19:38:37+00:00,True,Urban Studies (Vancouver),,0,2026-03-27T19:38:37+00:00,URST_V,"{""vid"": ""f381dbf5-2e91-4c45-b8e2-daeb86e226ab"", ""parent"": [""virtual""], ""campus"": ""e57d303b-6ec3-4953-b365-a457c9d5e194""}"
2d33b097-b86f-4d1d-9e41-da17f2f789a9,taxonomy_term--subject,1885,1885,2026-03-27T19:38:37+00:00,True,Ukrainian (Vancouver),,0,2026-03-27T19:38:37+00:00,UKRN_V,"{""vid"": ""f381dbf5-2e91-4c45-b8e2-daeb86e226ab"", ""parent"": [""virtual""], ""campus"": ""e57d303b-6ec3-4953-b365-a457c9d5e194""}"
27993f83-fd59-4da8-af33-bbbe380f446d,taxonomy_term--subject,1886,1886,2026-03-27T19:38:37+00:00,True,Educational Studies (Vancouver),,0,2026-03-27T19:38:37+00:00,EDST_V,"{""vid"": ""f381dbf5-2e91-4c45-b8e2-daeb86e226ab"", ""parent"": [""virtual""], ""campus"": ""e57d303b-6ec3-4953-b365-a457c9d5e194""}"
faeb9d03-fcf4-4be7-959a-eab40c2f8e61,taxonomy_term--subject,1887,1887,2026-03-27T19:38:37+00:00,True,Cinema and Media Studies (Vancouver),,0,2026-03-27T19:38:37+00:00,CMST_V,"{""vid"": ""f381dbf5-2e91-4c45-b8e2-daeb86e226ab"", ""parent"": [""virtual""], ""campus"": ""e57d303b-6ec3-4953-b365-a457c9d5e194""}"
9a663968-1e2a-4a8c-8a9c-918509455a66,taxonomy_term--subject,1888,1888,2026-03-27T19:38:37+00:00,True,Business Administration: Transportation and Logistics (Vancouver),,0,2026-03-27T19:38:37+00:00,BATL_V,"{""vid"": ""f381dbf5-2e91-4c45-b8e2-daeb86e226ab"", ""parent"": [""virtual""], ""campus"": ""e57d303b-6ec3-4953-b365-a457c9d5e194""}"
3c18128b-f492-4825-b856-a7ba62466dba,taxonomy_term--subject,1889,1889,2026-03-27T19:38:37+00:00,True,Fisheries Research (Vancouver),,0,2026-03-27T19:38:37+00:00,FISH_V,"{""vid"": ""f381dbf5-2e91-4c45-b8e2-daeb86e226ab"", ""parent"": [""virtual""], ""campus"": ""e57d303b-6ec3-4953-b365-a457c9d5e194""}"
0bced56b-0fa8-4ffb-b77e-5b6ee7a2ed95,taxonomy_term--subject,1890,1890,2026-03-27T19:38:37+00:00,True,Japanese (Vancouver),,0,2026-03-27T19:38:37+00:00,JAPN_V,"{""vid"": ""f381dbf5-2e91-4c45-b8e2-daeb86e226ab"", ""parent"": [""virtual""], ""campus"": ""e57d303b-6ec3-4953-b365-a457c9d5e194""}"
7035a20f-a193-4a23-92f5-431bd6045389,taxonomy_term--subject,1891,1891,2026-03-27T19:38:37+00:00,True,"Writing, Research, and Discourse Studies (Vancouver)",,0,2026-03-27T19:38:37+00:00,WRDS_V,"{""vid"": ""f381dbf5-2e91-4c45-b8e2-daeb86e226ab"", ""parent"": [""virtual""], ""campus"": ""e57d303b-6ec3-4953-b365-a457c9d5e194""}"
a32dbeb7-69fc-4f0d-9d93-7c363dc7d8ee,taxonomy_term--subject,1892,1892,2026-03-27T19:38:37+00:00,True,Geography (Vancouver),,0,2026-03-27T19:38:37+00:00,GEOG_V,"{""vid"": ""f381dbf5-2e91-4c45-b8e2-daeb86e226ab"", ""parent"": [""virtual""], ""campus"": ""e57d303b-6ec3-4953-b365-a457c9d5e194""}"
44fba5f7-e608-4047-95ae-5a16f4373b29,taxonomy_term--subject,1893,1893,2026-03-27T19:38:37+00:00,True,Library and Information Studies (Vancouver),,0,2026-03-27T19:38:37+00:00,LIBR_V,"{""vid"": ""f381dbf5-2e91-4c45-b8e2-daeb86e226ab"", ""parent"": [""virtual""], ""campus"": ""e57d303b-6ec3-4953-b365-a457c9d5e194""}"
1ef65788-f915-45f9-b82d-a7c060d4dec9,taxonomy_term--subject,1894,1894,2026-03-27T19:38:37+00:00,True,Cognitive Systems Program (Vancouver),,0,2026-03-27T19:38:37+00:00,COGS_V,"{""vid"": ""f381dbf5-2e91-4c45-b8e2-daeb86e226ab"", ""parent"": [""virtual""], ""campus"": ""e57d303b-6ec3-4953-b365-a457c9d5e194""}"
0ac6a1d1-df7b-43a9-9aa3-db5a934d5df4,taxonomy_term--subject,1896,1896,2026-03-27T19:38:37+00:00,True,Herstmonceux International Studies (Vancouver),,0,2026-03-27T19:38:37+00:00,HXIS_V,"{""vid"": ""f381dbf5-2e91-4c45-b8e2-daeb86e226ab"", ""parent"": [""virtual""], ""campus"": ""e57d303b-6ec3-4953-b365-a457c9d5e194""}"
444d978b-f1ab-4f70-8f65-ff71d218ee5a,taxonomy_term--subject,1897,1897,2026-03-27T19:38:37+00:00,True,"Educational & Counselling Psychology, & Special Education (Vancouver)",,0,2026-03-27T19:38:37+00:00,ECPS_V,"{""vid"": ""f381dbf5-2e91-4c45-b8e2-daeb86e226ab"", ""parent"": [""virtual""], ""campus"": ""e57d303b-6ec3-4953-b365-a457c9d5e194""}"
546ac8da-82aa-4adf-a92d-7c8d1d3a423f,taxonomy_term--subject,1898,1898,2026-03-27T19:38:37+00:00,True,First Nations and Endangered Languages Program (Vancouver),,0,2026-03-27T19:38:37+00:00,FNEL_V,"{""vid"": ""f381dbf5-2e91-4c45-b8e2-daeb86e226ab"", ""parent"": [""virtual""], ""campus"": ""e57d303b-6ec3-4953-b365-a457c9d5e194""}"
2aea6fc2-f3ec-4faf-9b7b-597897276c23,taxonomy_term--subject,1899,1899,2026-03-27T19:38:37+00:00,True,Human Nutrition (Vancouver),,0,2026-03-27T19:38:37+00:00,HUNU_V,"{""vid"": ""f381dbf5-2e91-4c45-b8e2-daeb86e226ab"", ""parent"": [""virtual""], ""campus"": ""e57d303b-6ec3-4953-b365-a457c9d5e194""}"
cda0efef-b331-4b10-9502-93a6a3f28b18,taxonomy_term--subject,1900,1900,2026-03-27T19:38:39+00:00,True,Science Education (Vancouver),,0,2026-03-27T19:38:39+00:00,SCED_V,"{""vid"": ""f381dbf5-2e91-4c45-b8e2-daeb86e226ab"", ""parent"": [""virtual""], ""campus"": ""e57d303b-6ec3-4953-b365-a457c9d5e194""}"
29dddf7d-e8bb-46b2-95d1-f9ea0b1fbb25,taxonomy_term--subject,1901,1901,2026-03-27T19:38:39+00:00,True,Neuroscience (Vancouver),,0,2026-03-27T19:38:39+00:00,NRSC_V,"{""vid"": ""f381dbf5-2e91-4c45-b8e2-daeb86e226ab"", ""parent"": [""virtual""], ""campus"": ""e57d303b-6ec3-4953-b365-a457c9d5e194""}"
12c83b76-1a39-4938-960e-81fd89e336ae,taxonomy_term--subject,1902,1902,2026-03-27T19:38:39+00:00,True,"Doctor/Dentist, Patient And Society (Vancouver)",,0,2026-03-27T19:38:39+00:00,DPAS_V,"{""vid"": ""f381dbf5-2e91-4c45-b8e2-daeb86e226ab"", ""parent"": [""virtual""], ""campus"": ""e57d303b-6ec3-4953-b365-a457c9d5e194""}"
5e3ec209-ad8b-443b-8a01-b3ab4279d175,taxonomy_term--subject,1903,1903,2026-03-27T19:38:39+00:00,True,Herstmonceux Music (Vancouver),,0,2026-03-27T19:38:39+00:00,HXMU_V,"{""vid"": ""f381dbf5-2e91-4c45-b8e2-daeb86e226ab"", ""parent"": [""virtual""], ""campus"": ""e57d303b-6ec3-4953-b365-a457c9d5e194""}"
586d87ab-e84d-4ff9-b942-0b83e324f79b,taxonomy_term--subject,1904,1904,2026-03-27T19:38:39+00:00,True,Bioinformatics (Vancouver),,0,2026-03-27T19:38:39+00:00,BIOF_V,"{""vid"": ""f381dbf5-2e91-4c45-b8e2-daeb86e226ab"", ""parent"": [""virtual""], ""campus"": ""e57d303b-6ec3-4953-b365-a457c9d5e194""}"
1c7aa6df-38f0-40c4-b4ae-1d6ff865a879,taxonomy_term--subject,1905,1905,2026-03-27T19:38:39+00:00,True,Family Practice (Vancouver),,0,2026-03-27T19:38:39+00:00,FMPR_V,"{""vid"": ""f381dbf5-2e91-4c45-b8e2-daeb86e226ab"", ""parent"": [""virtual""], ""campus"": ""e57d303b-6ec3-4953-b365-a457c9d5e194""}"
5a8d2cd1-687d-4307-a34d-593b45390639,taxonomy_term--subject,1906,1906,2026-03-27T19:38:39+00:00,True,Italian (Vancouver),,0,2026-03-27T19:38:39+00:00,ITAL_V,"{""vid"": ""f381dbf5-2e91-4c45-b8e2-daeb86e226ab"", ""parent"": [""virtual""], ""campus"": ""e57d303b-6ec3-4953-b365-a457c9d5e194""}"
dd60dd86-c072-4c62-a48c-90cb3daafccf,taxonomy_term--subject,1907,1907,2026-03-27T19:38:39+00:00,True,Business Administration: Policy Analysis (Vancouver),,0,2026-03-27T19:38:39+00:00,BAPA_V,"{""vid"": ""f381dbf5-2e91-4c45-b8e2-daeb86e226ab"", ""parent"": [""virtual""], ""campus"": ""e57d303b-6ec3-4953-b365-a457c9d5e194""}"
f6ee3b4e-c243-4f1b-8ce3-daf7c9225144,taxonomy_term--subject,1908,1908,2026-03-27T19:38:39+00:00,True,Yiddish (Vancouver),,0,2026-03-27T19:38:39+00:00,YDSH_V,"{""vid"": ""f381dbf5-2e91-4c45-b8e2-daeb86e226ab"", ""parent"": [""virtual""], ""campus"": ""e57d303b-6ec3-4953-b365-a457c9d5e194""}"
62e94d6b-f205-40d3-86ea-067dbb194807,taxonomy_term--subject,1909,1909,2026-03-27T19:38:39+00:00,True,Commerce Minor (Vancouver),,0,2026-03-27T19:38:39+00:00,COMR_V,"{""vid"": ""f381dbf5-2e91-4c45-b8e2-daeb86e226ab"", ""parent"": [""virtual""], ""campus"": ""e57d303b-6ec3-4953-b365-a457c9d5e194""}"
762f3b58-2055-46ca-a886-c93a237e7d26,taxonomy_term--subject,1910,1910,2026-03-27T19:38:39+00:00,True,Social and Economic Change (Okanagan),,0,2026-03-27T19:38:39+00:00,SECH_O,"{""vid"": ""f381dbf5-2e91-4c45-b8e2-daeb86e226ab"", ""parent"": [""virtual""], ""campus"": ""dd9e8772-d768-423c-9277-d7e817acff4b""}"
3e5cc205-1b3d-4c62-a31d-c119382acf26,taxonomy_term--subject,1911,1911,2026-03-27T19:38:39+00:00,True,Mining Engineering (Vancouver),,0,2026-03-27T19:38:39+00:00,MINE_V,"{""vid"": ""f381dbf5-2e91-4c45-b8e2-daeb86e226ab"", ""parent"": [""virtual""], ""campus"": ""e57d303b-6ec3-4953-b365-a457c9d5e194""}"
9ca8f997-9137-4fe1-b8e2-f28729f2467a,taxonomy_term--subject,1912,1912,2026-03-27T19:38:39+00:00,True,St'át'imc Language (Okanagan),,0,2026-03-27T19:38:39+00:00,STMC_O,"{""vid"": ""f381dbf5-2e91-4c45-b8e2-daeb86e226ab"", ""parent"": [""virtual""], ""campus"": ""dd9e8772-d768-423c-9277-d7e817acff4b""}"
9b72045e-7087-476c-8226-a6868cefac22,taxonomy_term--subject,1913,1913,2026-03-27T19:38:39+00:00,True,Integrated Engineering (Vancouver),,0,2026-03-27T19:38:39+00:00,IGEN_V,"{""vid"": ""f381dbf5-2e91-4c45-b8e2-daeb86e226ab"", ""parent"": [""virtual""], ""campus"": ""e57d303b-6ec3-4953-b365-a457c9d5e194""}"
4b9d3169-0351-40dd-81a3-84e63d83fe19,taxonomy_term--subject,1914,1914,2026-03-27T19:38:39+00:00,True,Catalan (Vancouver),,0,2026-03-27T19:38:39+00:00,CTLN_V,"{""vid"": ""f381dbf5-2e91-4c45-b8e2-daeb86e226ab"", ""parent"": [""virtual""], ""campus"": ""e57d303b-6ec3-4953-b365-a457c9d5e194""}"
c3ec1bd9-c9ea-4fdb-ac36-0175f238d37a,taxonomy_term--subject,1915,1915,2026-03-27T19:38:39+00:00,True,Architecture (Vancouver),,0,2026-03-27T19:38:39+00:00,ARCH_V,"{""vid"": ""f381dbf5-2e91-4c45-b8e2-daeb86e226ab"", ""parent"": [""virtual""], ""campus"": ""e57d303b-6ec3-4953-b365-a457c9d5e194""}"
f80da663-e0ea-4c25-8cb3-45eaa86f8ba0,taxonomy_term--subject,1916,1916,2026-03-27T19:38:39+00:00,True,Educational Administration (Vancouver),,0,2026-03-27T19:38:39+00:00,EADM_V,"{""vid"": ""f381dbf5-2e91-4c45-b8e2-daeb86e226ab"", ""parent"": [""virtual""], ""campus"": ""e57d303b-6ec3-4953-b365-a457c9d5e194""}"
77cf628c-046a-4e87-b2f5-5701dcd6854b,taxonomy_term--subject,1917,1917,2026-03-27T19:38:39+00:00,True,Journalism (Vancouver),,0,2026-03-27T19:38:39+00:00,JRNL_V,"{""vid"": ""f381dbf5-2e91-4c45-b8e2-daeb86e226ab"", ""parent"": [""virtual""], ""campus"": ""e57d303b-6ec3-4953-b365-a457c9d5e194""}"
cbf4468c-77c4-4617-9d13-59fafb221ad2,taxonomy_term--subject,1918,1918,2026-03-27T19:38:39+00:00,True,Executive M.B.A. (Vancouver),,0,2026-03-27T19:38:39+00:00,EMBA_V,"{""vid"": ""f381dbf5-2e91-4c45-b8e2-daeb86e226ab"", ""parent"": [""virtual""], ""campus"": ""e57d303b-6ec3-4953-b365-a457c9d5e194""}"
a757b154-08d6-4960-b1c8-a2bfbe9617b4,taxonomy_term--subject,1919,1919,2026-03-27T19:38:39+00:00,True,Exchange Graduate Research (Vancouver),,0,2026-03-27T19:38:39+00:00,EXGR_V,"{""vid"": ""f381dbf5-2e91-4c45-b8e2-daeb86e226ab"", ""parent"": [""virtual""], ""campus"": ""e57d303b-6ec3-4953-b365-a457c9d5e194""}"
e7576cd5-d16d-4fe0-a747-9eeccdd65dd1,taxonomy_term--subject,1920,1920,2026-03-27T19:38:39+00:00,True,Occupational Therapy (Vancouver),,0,2026-03-27T19:38:39+00:00,RSOT_V,"{""vid"": ""f381dbf5-2e91-4c45-b8e2-daeb86e226ab"", ""parent"": [""virtual""], ""campus"": ""e57d303b-6ec3-4953-b365-a457c9d5e194""}"
92b6dec2-2095-4c9a-91ee-97a43d0072a5,taxonomy_term--subject,1921,1921,2026-03-27T19:38:39+00:00,True,Counselling Psychology (Vancouver),,0,2026-03-27T19:38:39+00:00,CNPS_V,"{""vid"": ""f381dbf5-2e91-4c45-b8e2-daeb86e226ab"", ""parent"": [""virtual""], ""campus"": ""e57d303b-6ec3-4953-b365-a457c9d5e194""}"
26315e19-d106-4fa6-a177-8c77f73d2c80,taxonomy_term--subject,1922,1922,2026-03-27T19:38:39+00:00,True,Forestry Online Professional Education (Vancouver),,0,2026-03-27T19:38:39+00:00,FOPE_V,"{""vid"": ""f381dbf5-2e91-4c45-b8e2-daeb86e226ab"", ""parent"": [""virtual""], ""campus"": ""e57d303b-6ec3-4953-b365-a457c9d5e194""}"
56cd8a58-efee-4475-a88e-d5d33dc14cb1,taxonomy_term--subject,1923,1923,2026-03-27T19:38:39+00:00,True,Pathology (Vancouver),,0,2026-03-27T19:38:39+00:00,PATH_V,"{""vid"": ""f381dbf5-2e91-4c45-b8e2-daeb86e226ab"", ""parent"": [""virtual""], ""campus"": ""e57d303b-6ec3-4953-b365-a457c9d5e194""}"
d31714b3-e81e-46fe-868c-bb456dd6ef41,taxonomy_term--subject,1924,1924,2026-03-27T19:38:39+00:00,True,Creative Writing (Vancouver),,0,2026-03-27T19:38:39+00:00,CRWR_V,"{""vid"": ""f381dbf5-2e91-4c45-b8e2-daeb86e226ab"", ""parent"": [""virtual""], ""campus"": ""e57d303b-6ec3-4953-b365-a457c9d5e194""}"
f1dea997-db11-4fcf-8dbf-4d0fa8ff60fc,taxonomy_term--subject,1925,1925,2026-03-27T19:38:41+00:00,True,Electrical and Computer Engineering (Vancouver),,0,2026-03-27T19:38:41+00:00,EECE_V,"{""vid"": ""f381dbf5-2e91-4c45-b8e2-daeb86e226ab"", ""parent"": [""virtual""], ""campus"": ""e57d303b-6ec3-4953-b365-a457c9d5e194""}"
68a4a532-2a90-4b1f-a835-165c3f7cb3dc,taxonomy_term--subject,1926,1926,2026-03-27T19:38:41+00:00,True,Foundations Of Medicine (Vancouver),,0,2026-03-27T19:38:41+00:00,FMED_V,"{""vid"": ""f381dbf5-2e91-4c45-b8e2-daeb86e226ab"", ""parent"": [""virtual""], ""campus"": ""e57d303b-6ec3-4953-b365-a457c9d5e194""}"
f39a0523-a99a-456a-9f48-1c5bb0ea4993,taxonomy_term--subject,1927,1927,2026-03-27T19:38:41+00:00,True,Ophthalmology (Vancouver),,0,2026-03-27T19:38:41+00:00,OPTH_V,"{""vid"": ""f381dbf5-2e91-4c45-b8e2-daeb86e226ab"", ""parent"": [""virtual""], ""campus"": ""e57d303b-6ec3-4953-b365-a457c9d5e194""}"
4c75d7fc-0bfc-44e6-8661-92da2d1829f2,taxonomy_term--subject,1928,1928,2026-03-27T19:38:41+00:00,True,Nepali (Vancouver),,0,2026-03-27T19:38:41+00:00,NEPL_V,"{""vid"": ""f381dbf5-2e91-4c45-b8e2-daeb86e226ab"", ""parent"": [""virtual""], ""campus"": ""e57d303b-6ec3-4953-b365-a457c9d5e194""}"
a9417bef-4f09-4345-87f8-64763e14f275,taxonomy_term--subject,1929,1929,2026-03-27T19:38:41+00:00,True,Persian (Vancouver),,0,2026-03-27T19:38:41+00:00,PERS_V,"{""vid"": ""f381dbf5-2e91-4c45-b8e2-daeb86e226ab"", ""parent"": [""virtual""], ""campus"": ""e57d303b-6ec3-4953-b365-a457c9d5e194""}"
267b0d00-ce47-4218-b3d7-699e7504b790,taxonomy_term--subject,1930,1930,2026-03-27T19:38:41+00:00,True,Education Curriculum And Instructional Studies (Vancouver),,0,2026-03-27T19:38:41+00:00,EDCI_V,"{""vid"": ""f381dbf5-2e91-4c45-b8e2-daeb86e226ab"", ""parent"": [""virtual""], ""campus"": ""e57d303b-6ec3-4953-b365-a457c9d5e194""}"
9e63340d-fbd1-4bc0-8b23-744f353f92b2,taxonomy_term--subject,1931,1931,2026-03-27T19:38:41+00:00,True,Slavic and Eastern European Studies (Vancouver),,0,2026-03-27T19:38:41+00:00,SLAV_V,"{""vid"": ""f381dbf5-2e91-4c45-b8e2-daeb86e226ab"", ""parent"": [""virtual""], ""campus"": ""e57d303b-6ec3-4953-b365-a457c9d5e194""}"
f7a77bd3-e513-4666-b193-c71a51135c64,taxonomy_term--subject,1932,1932,2026-03-27T19:38:41+00:00,True,"Religion, Literature and The Arts (Vancouver)",,0,2026-03-27T19:38:41+00:00,RGLA_V,"{""vid"": ""f381dbf5-2e91-4c45-b8e2-daeb86e226ab"", ""parent"": [""virtual""], ""campus"": ""e57d303b-6ec3-4953-b365-a457c9d5e194""}"
8e5f52fe-8bd7-4b7a-8a44-1184dc0174eb,taxonomy_term--subject,1933,1933,2026-03-27T19:38:41+00:00,True,Naval Architecture and Marine Engineering (Vancouver),,0,2026-03-27T19:38:41+00:00,NAME_V,"{""vid"": ""f381dbf5-2e91-4c45-b8e2-daeb86e226ab"", ""parent"": [""virtual""], ""campus"": ""e57d303b-6ec3-4953-b365-a457c9d5e194""}"
0270a6b0-bf2d-4acd-ac05-3e157812d17c,taxonomy_term--subject,1934,1934,2026-03-27T19:38:41+00:00,True,Early Childhood Education (Vancouver),,0,2026-03-27T19:38:41+00:00,ECED_V,"{""vid"": ""f381dbf5-2e91-4c45-b8e2-daeb86e226ab"", ""parent"": [""virtual""], ""campus"": ""e57d303b-6ec3-4953-b365-a457c9d5e194""}"
a941df74-df45-427d-b045-05c9c902a653,taxonomy_term--subject,1935,1935,2026-03-27T19:38:41+00:00,True,Coordinated Science Program Workshop (Vancouver),,0,2026-03-27T19:38:41+00:00,CSPW_V,"{""vid"": ""f381dbf5-2e91-4c45-b8e2-daeb86e226ab"", ""parent"": [""virtual""], ""campus"": ""e57d303b-6ec3-4953-b365-a457c9d5e194""}"
f78acef7-096a-47ec-9b0c-d0b07a2ff710,taxonomy_term--subject,1936,1936,2026-03-27T19:38:41+00:00,True,Natural Resources (Vancouver),,0,2026-03-27T19:38:41+00:00,NRES_V,"{""vid"": ""f381dbf5-2e91-4c45-b8e2-daeb86e226ab"", ""parent"": [""virtual""], ""campus"": ""e57d303b-6ec3-4953-b365-a457c9d5e194""}"
7e3db0ad-7e9a-4985-b16b-1a2f10868863,taxonomy_term--subject,1937,1937,2026-03-27T19:38:41+00:00,True,Manufacturing Engineering (Vancouver),,0,2026-03-27T19:38:41+00:00,MANU_V,"{""vid"": ""f381dbf5-2e91-4c45-b8e2-daeb86e226ab"", ""parent"": [""virtual""], ""campus"": ""e57d303b-6ec3-4953-b365-a457c9d5e194""}"
96b102ac-5ba7-4c85-a76b-d3b08c97755f,taxonomy_term--subject,1938,1938,2026-03-27T19:38:41+00:00,True,Vocational Rehabilitation Counselling (Vancouver),,0,2026-03-27T19:38:41+00:00,VRHC_V,"{""vid"": ""f381dbf5-2e91-4c45-b8e2-daeb86e226ab"", ""parent"": [""virtual""], ""campus"": ""e57d303b-6ec3-4953-b365-a457c9d5e194""}"
87f21157-3c55-4c86-a230-4409bf972b6f,taxonomy_term--subject,1939,1939,2026-03-27T19:38:41+00:00,True,Spanish (Vancouver),,0,2026-03-27T19:38:41+00:00,SPAN_V,"{""vid"": ""f381dbf5-2e91-4c45-b8e2-daeb86e226ab"", ""parent"": [""virtual""], ""campus"": ""e57d303b-6ec3-4953-b365-a457c9d5e194""}"
2f0b8e0c-963f-40e3-8bf5-834f3ba7bc71,taxonomy_term--subject,1940,1940,2026-03-27T19:38:41+00:00,True,Coordinated Arts Program (Vancouver),,0,2026-03-27T19:38:41+00:00,CAP_V,"{""vid"": ""f381dbf5-2e91-4c45-b8e2-daeb86e226ab"", ""parent"": [""virtual""], ""campus"": ""e57d303b-6ec3-4953-b365-a457c9d5e194""}"
2ca661fd-d529-4993-ac6e-9f84583f6974,taxonomy_term--subject,1941,1941,2026-03-27T19:38:41+00:00,True,Elective (Vancouver),,0,2026-03-27T19:38:41+00:00,ELEV_V,"{""vid"": ""f381dbf5-2e91-4c45-b8e2-daeb86e226ab"", ""parent"": [""virtual""], ""campus"": ""e57d303b-6ec3-4953-b365-a457c9d5e194""}"
33d32056-5cb7-4c5d-b31e-fe89873780fa,taxonomy_term--subject,1942,1942,2026-03-27T19:38:41+00:00,True,Global Health (Vancouver),,0,2026-03-27T19:38:41+00:00,GLBH_V,"{""vid"": ""f381dbf5-2e91-4c45-b8e2-daeb86e226ab"", ""parent"": [""virtual""], ""campus"": ""e57d303b-6ec3-4953-b365-a457c9d5e194""}"
6516cc88-663b-4ac1-94f5-a044e594f00c,taxonomy_term--subject,1943,1943,2026-03-27T19:38:41+00:00,True,Biotechnology (Okanagan),,0,2026-03-27T19:38:41+00:00,BTEC_O,"{""vid"": ""f381dbf5-2e91-4c45-b8e2-daeb86e226ab"", ""parent"": [""virtual""], ""campus"": ""dd9e8772-d768-423c-9277-d7e817acff4b""}"
8d368fcc-9176-487b-b981-ebcb4381e2a1,taxonomy_term--subject,1944,1944,2026-03-27T19:38:41+00:00,True,Jewish Studies (Vancouver),,0,2026-03-27T19:38:41+00:00,JWST_V,"{""vid"": ""f381dbf5-2e91-4c45-b8e2-daeb86e226ab"", ""parent"": [""virtual""], ""campus"": ""e57d303b-6ec3-4953-b365-a457c9d5e194""}"
4a86a62e-5110-495f-91a4-8630b97a3122,taxonomy_term--subject,1945,1945,2026-03-27T19:38:41+00:00,True,Product Design for Human Comfort (Okanagan),,0,2026-03-27T19:38:41+00:00,PDHC_O,"{""vid"": ""f381dbf5-2e91-4c45-b8e2-daeb86e226ab"", ""parent"": [""virtual""], ""campus"": ""dd9e8772-d768-423c-9277-d7e817acff4b""}"
374a06ae-0738-4096-bb61-06320918a612,taxonomy_term--subject,1946,1946,2026-03-27T19:38:41+00:00,True,Secwépemc (Okanagan),,0,2026-03-27T19:38:41+00:00,SECW_O,"{""vid"": ""f381dbf5-2e91-4c45-b8e2-daeb86e226ab"", ""parent"": [""virtual""], ""campus"": ""dd9e8772-d768-423c-9277-d7e817acff4b""}"
b804be24-651a-462f-9801-0ec9c71b57d4,taxonomy_term--subject,1949,1949,2026-03-27T19:38:41+00:00,True,Languages (Okanagan),,0,2026-03-27T19:38:41+00:00,LANG_O,"{""vid"": ""f381dbf5-2e91-4c45-b8e2-daeb86e226ab"", ""parent"": [""virtual""], ""campus"": ""dd9e8772-d768-423c-9277-d7e817acff4b""}"
56c7b997-ebb3-445b-b10b-0cacac78b4b1,taxonomy_term--subject,1950,1950,2026-03-27T19:38:43+00:00,True,Commerce (Okanagan),,0,2026-03-27T19:38:43+00:00,COMM_O,"{""vid"": ""f381dbf5-2e91-4c45-b8e2-daeb86e226ab"", ""parent"": [""virtual""], ""campus"": ""dd9e8772-d768-423c-9277-d7e817acff4b""}"
f2a980c8-3e37-4d7d-b4ed-71685c6c6bd2,taxonomy_term--subject,1951,1951,2026-03-27T19:38:43+00:00,True,Artificial Intelligence (Vancouver),,0,2026-03-27T19:38:43+00:00,AI_V,"{""vid"": ""f381dbf5-2e91-4c45-b8e2-daeb86e226ab"", ""parent"": [""virtual""], ""campus"": ""e57d303b-6ec3-4953-b365-a457c9d5e194""}"
25b17c44-4016-4d58-a370-b53fe7108fdd,taxonomy_term--subject,1952,1952,2026-03-27T19:38:43+00:00,True,International Relations (Vancouver),,0,2026-03-27T19:38:43+00:00,INTR_V,"{""vid"": ""f381dbf5-2e91-4c45-b8e2-daeb86e226ab"", ""parent"": [""virtual""], ""campus"": ""e57d303b-6ec3-4953-b365-a457c9d5e194""}"
c904618b-98b9-4489-b52e-7eceb836ebdd,taxonomy_term--subject,1953,1953,2026-03-27T19:38:43+00:00,True,Environment and Society (Vancouver),,0,2026-03-27T19:38:43+00:00,ENSO_V,"{""vid"": ""f381dbf5-2e91-4c45-b8e2-daeb86e226ab"", ""parent"": [""virtual""], ""campus"": ""e57d303b-6ec3-4953-b365-a457c9d5e194""}"
766b370a-dce0-47d8-9e5b-18cb2806179d,taxonomy_term--subject,1958,1958,2026-05-26T09:32:54+00:00,True,Psychology (Okanagan),,0,2026-05-26T09:32:54+00:00,PSYC_O,"{""vid"": ""f381dbf5-2e91-4c45-b8e2-daeb86e226ab"", ""parent"": [""virtual""], ""campus"": ""dd9e8772-d768-423c-9277-d7e817acff4b""}"
