ADD_UID,SITE_NAME,LOCALITY,POSTAL_CODE,PROVINCE_CODE,BLDG_UID,ADDRESS_DESCRIPTOR,MAIL_PROVIDER,FULL_ADDRESS,LAT,LONG
VAD10026,Logan Lane (A9),Vancouver,V6T 2K8,BC,VBL10226,Residential,CanadaPost,2561 East Mall,49.25873,-123.245146
VAD10028,Logan Lane (E4),Vancouver,V6T 2K9,BC,VBL10226,Residential,CanadaPost,6278 Logan Lane,49.259002,-123.246518
VAD10792,Westchester (C1),Vancouver,V6T 2J9,BC,VBL10220,Residential,CanadaPost,2578 West Mall,49.257294,-123.249378
VAD10182,Nine on the Park (4),Vancouver,V6T 0A3,BC,VBL10158,Residential,CanadaPost,6292 Eagles Drive,49.259315,-123.247162
VAD10150,Logan Lane (E6),Vancouver,V6T 2K9,BC,VBL10226,Residential,CanadaPost,6282 Logan Lane,49.258972,-123.246602
VAD10187,Nine on the Park (3),Vancouver,V6T 0A3,BC,VBL10158,Residential,CanadaPost,6294 Eagles Drive,49.259356,-123.247195
VAD10031,Logan Lane (D1),Vancouver,V6T 2K9,BC,VBL10226,Residential,CanadaPost,6258 Logan Lane,49.258573,-123.245628
VAD10154,Logan Lane (D4),Vancouver,V6T 2K9,BC,VBL10226,Residential,CanadaPost,6254 Logan Lane,49.258657,-123.245693
VAD10404,Sail - Building 1,Vancouver,V6S 0G8,BC,VBL10172,NeighbourhoodBldg,CanadaPost,5983 Gray Avenue,49.252382,-123.234866
VAD10904,Chancellor Hall -  Apartment,Vancouver,V6T 2L7,BC,VBL10290,NeighbourhoodBldg,CanadaPost,5989 Iona Drive,49.271662,-123.250297
VAD10001,Hawthorn Green (A1),Vancouver,V6T 2J6,BC,VBL10144,Residential,CanadaPost,6358 Hawthorn Lane,49.258138,-123.248877
VAD11025,Logan Lane (B4),Vancouver,V6T 2K8,BC,VBL10226,Residential,CanadaPost,2555 East Mall,49.258926,-123.2453
VAD10405,Sitka,Vancouver,V6T 0B5,BC,VBL10112,NeighbourhoodBldg,CanadaPost,5868 Agronomy Road,49.263016,-123.2419
VAD10388,Promontory,Vancouver,V6T 2J8,BC,VBL10149,NeighbourhoodBldg,CanadaPost,2688 West Mall,49.255898,-123.247881
VAD10487,Yu,Vancouver,V6S 0C5,BC,VBL10167,NeighbourhoodBldg,CanadaPost,5955 Birney Avenue,49.253505,-123.235833
VAD10205,Larkspur House,Vancouver,V6S 0G9,BC,VBL10018,NeighbourhoodBldg,CanadaPost,3428 Wesbrook Mall,49.253493,-123.234235
VAD10193,Nobel House,Vancouver,V6S 0G6,BC,VBL10379,NeighbourhoodBldg,CanadaPost,3655 Wesbrook Mall,49.250874,-123.23301
VAD10159,Logan Lane (C4),Vancouver,V6T 2K9,BC,VBL10226,Residential,CanadaPost,6206 Logan Lane,49.259275,-123.245729
VAD10162,Logan Lane (A3),Vancouver,V6T 2K8,BC,VBL10226,Residential,CanadaPost,2575 East Mall,49.25858,-123.245016
VAD10186,Nine on the Park (2),Vancouver,V6T 0A3,BC,VBL10158,Residential,CanadaPost,6296 Eagles Drive,49.2594,-123.247231
VAD10192,Nine on the Park (9),Vancouver,V6T 0A3,BC,VBL10158,Residential,CanadaPost,6282 Eagles Drive,49.259105,-123.246989
VAD10200,Logan Lane (C10),Vancouver,V6T 2K9,BC,VBL10226,Residential,CanadaPost,6220 Logan Lane,49.259189,-123.245962
VAD10201,Logan Lane (A4),Vancouver,V6T 2K8,BC,VBL10226,Residential,CanadaPost,2573 East Mall,49.258617,-123.245053
VAD10804,Westchester (B3),Vancouver,V6T 2J9,BC,VBL10220,Residential,CanadaPost,2588 West Mall,49.257084,-123.249222
VAD10149,Keenleyside,Vancouver,V6S 0A2,BC,VBL10040,NeighbourhoodBldg,CanadaPost,5788 Birney Avenue,49.25402,-123.233148
VAD10137,Magnolia House,Vancouver,V6S 0H1,BC,VBL10191,NeighbourhoodBldg,CanadaPost,3565 Wesbrook Mall,49.251703,-123.233477
VAD10260,Gardenia House,Vancouver,V6T 0C2,BC,VBL10224,NeighbourhoodBldg,CanadaPost,6309 Larkin Drive,49.258922,-123.248868
VAD10585,West Hampstead,Vancouver,V6T 2G1,BC,VBL10281,NeighbourhoodBldg,CanadaPost,5760 Hampton Place,49.257797,-123.235269
VAD10225,Granite Terrace,Vancouver,V6S 0B4,BC,VBL10164,NeighbourhoodBldg,CanadaPost,3233 Wesbrook Mall,49.255118,-123.236445
VAD10116,Legacy,Vancouver,V6T 0A7,BC,VBL10160,NeighbourhoodBldg,CanadaPost,6333 Larkin Drive,49.257336,-123.247765
VAD10008,Hawthorn Green (D2),Vancouver,V6T 2J6,BC,VBL10144,Residential,CanadaPost,6328 Hawthorn Lane,49.258272,-123.248499
VAD10030,Logan Lane (B6),Vancouver,V6T 2K8,BC,VBL10226,Residential,CanadaPost,2549 East Mall,49.258976,-123.245348
VAD10003,Hawthorn Green (B1),Vancouver,V6T 2J6,BC,VBL10144,Residential,CanadaPost,6352 Hawthorn Lane,49.258181,-123.248758
VAD10038,Logan Lane (B1),Vancouver,V6T 2K8,BC,VBL10226,Residential,CanadaPost,2559 East Mall,49.258838,-123.245228
VAD10123,Logan Lane (E7),Vancouver,V6T 2K9,BC,VBL10226,Residential,CanadaPost,6284 Logan Lane,49.258966,-123.246619
VAD10125,Logan Lane (C11),Vancouver,V6T 2K9,BC,VBL10226,Residential,CanadaPost,6224 Logan Lane,49.259179,-123.24599
VAD10129,Logan Lane (E5),Vancouver,V6T 2K9,BC,VBL10226,Residential,CanadaPost,6280 Logan Lane,49.258996,-123.246535
VAD10130,Logan Lane (C8),Vancouver,V6T 2K9,BC,VBL10226,Residential,CanadaPost,6214 Logan Lane,49.25922,-123.245885
VAD10557,Corus - Townhouse (8),Vancouver,V6T 0A9,BC,VBL10303,Residential,CanadaPost,5991 Walter Gage Road,49.270525,-123.249446
VAD10558,Corus - Townhouse (9),Vancouver,V6T 0A9,BC,VBL10303,Residential,CanadaPost,5993 Walter Gage Road,49.270505,-123.249504
VAD10163,Logan Lane (A8),Vancouver,V6T 2K8,BC,VBL10226,Residential,CanadaPost,2565 East Mall,49.258715,-123.245133
VAD10132,Logan Lane (D14),Vancouver,V6T 2K9,BC,VBL10226,Residential,CanadaPost,6236 Logan Lane,49.258903,-123.245914
VAD10131,Logan Lane (B7),Vancouver,V6T 2K8,BC,VBL10226,Residential,CanadaPost,2545 East Mall,49.25899,-123.245359
VAD10139,Logan Lane (C3),Vancouver,V6T 2K9,BC,VBL10226,Residential,CanadaPost,6208 Logan Lane,49.25929,-123.245673
VAD10141,Logan Lane (A7),Vancouver,V6T 2K8,BC,VBL10226,Residential,CanadaPost,2567 East Mall,49.258681,-123.245099
VAD10143,Logan Lane (E1),Vancouver,V6T 2K9,BC,VBL10226,Residential,CanadaPost,6272 Logan Lane,49.259081,-123.246319
VAD10144,Logan Lane (C5),Vancouver,V6T 2K9,BC,VBL10226,Residential,CanadaPost,6210 Logan Lane,49.259268,-123.245749
VAD10146,Logan Lane (A1),Vancouver,V6T 2K8,BC,VBL10226,Residential,CanadaPost,2579 East Mall,49.258497,-123.244997
VAD10148,Logan Lane (D13),Vancouver,V6T 2K9,BC,VBL10226,Residential,CanadaPost,6234 Logan Lane,49.258874,-123.245871
VAD10151,Logan Lane (C7),Vancouver,V6T 2K9,BC,VBL10226,Residential,CanadaPost,6216 Logan Lane,49.259235,-123.24583
VAD10152,Logan Lane (C9),Vancouver,V6T 2K9,BC,VBL10226,Residential,CanadaPost,6218 Logan Lane,49.259213,-123.245905
VAD10147,Logan Lane (C1),Vancouver,V6T 2K9,BC,VBL10226,Residential,CanadaPost,6202 Logan Lane,49.259325,-123.245589
VAD10133,Logan Lane (D16),Vancouver,V6T 2K9,BC,VBL10226,Residential,CanadaPost,6230 Logan Lane,49.258964,-123.245945
VAD10153,Logan Lane (B8),Vancouver,V6T 2K8,BC,VBL10226,Residential,CanadaPost,2547 East Mall,49.259027,-123.245383
VAD10785,Westchester (A2),Vancouver,V6T 2J9,BC,VBL10220,Residential,CanadaPost,2596 West Mall,49.25695,-123.249105
VAD10786,Westchester (B1),Vancouver,V6T 2J9,BC,VBL10220,Residential,CanadaPost,2592 West Mall,49.257004,-123.249154
VAD10787,Westchester (B2),Vancouver,V6T 2J9,BC,VBL10220,Residential,CanadaPost,2590 West Mall,49.257046,-123.249191
VAD10790,Westchester (B5),Vancouver,V6T 2J9,BC,VBL10220,Residential,CanadaPost,2582 West Mall,49.25718,-123.249294
VAD10791,Westchester (B6),Vancouver,V6T 2J9,BC,VBL10220,Residential,CanadaPost,2580 West Mall,49.257196,-123.249307
VAD10009,Hawthorn Green (E1),Vancouver,V6T 2J6,BC,VBL10144,Residential,CanadaPost,6326 Hawthorn Lane,49.258307,-123.2484
VAD11055,Webber House,Vancouver,V6S 0J8,BC,VBL10171,NeighbourhoodBldg,CanadaPost,3388 Webber Lane,49.253206,-123.23688
VAD11144,Virtuoso,Vancouver,V6S 0K5,BC,VBL10345,NeighbourhoodBldg,CanadaPost,3581 Ross Drive,49.250948,-123.234256
VAD11137,Village Square,Vancouver,V6S 0J7,BC,VBL10170,NeighbourhoodBldg,CanadaPost,3338 Webber Lane,49.253893,-123.236818
VAD11029,Dahlia House,Vancouver,V6S 0H2,BC,VBL10096,NeighbourhoodBldg,CanadaPost,3515 Wesbrook Mall,49.252286,-123.233826
VAD11074,The Regency,Vancouver,V6T 2H6,BC,VBL10287,NeighbourhoodBldg,CanadaPost,5639 Hampton Place,49.259051,-123.233077
VAD11073,The Pemberley,Vancouver,V6T 2H2,BC,VBL10205,NeighbourhoodBldg,CanadaPost,5605 Hampton Place,49.257893,-123.232514
VAD10101,Pine House,Vancouver,V6S 0K3,BC,VBL10321,NeighbourhoodBldg,CanadaPost,3588 Ross Drive,49.25123,-123.234276
VAD10444,Stirling House - Townhouse,Vancouver,V6T 0A4,BC,VBL10289,Residential,CanadaPost,6068 Iona Drive,49.270609,-123.252333
VAD10002,Hawthorn Green (A2),Vancouver,V6T 2J6,BC,VBL10144,Residential,CanadaPost,6356 Hawthorn Lane,49.258147,-123.248852
VAD10004,Hawthorn Green (B2),Vancouver,V6T 2J6,BC,VBL10144,Residential,CanadaPost,6346 Hawthorn Lane,49.258188,-123.248736
VAD10005,Hawthorn Green (C2),Vancouver,V6T 2J6,BC,VBL10144,Residential,CanadaPost,6336 Hawthorn Lane,49.258233,-123.248611
VAD10006,Hawthorn Green (C1),Vancouver,V6T 2J6,BC,VBL10144,Residential,CanadaPost,6338 Hawthorn Lane,49.258223,-123.248639
VAD10007,Hawthorn Green (D1),Vancouver,V6T 2J6,BC,VBL10144,Residential,CanadaPost,6332 Hawthorn Lane,49.258264,-123.248523
VAD10190,Nine on the Park (7),Vancouver,V6T 0A3,BC,VBL10158,Residential,CanadaPost,6286 Eagles Drive,49.259189,-123.247058
VAD10191,Nine on the Park (8),Vancouver,V6T 0A3,BC,VBL10158,Residential,CanadaPost,6284 Eagles Drive,49.259146,-123.247023
VAD10073,Tapestry North,Vancouver,V6S 0A6,BC,VBL10137,NeighbourhoodBldg,CanadaPost,3338 Wesbrook Mall,49.25461,-123.235148
VAD10068,The Bristol,Vancouver,V6T 2G8,BC,VBL10286,NeighbourhoodBldg,CanadaPost,5735 Hampton Place,49.258527,-123.234704
VAD10381,Coast West - Apartment,Vancouver,V6T 0B2,BC,VBL10297,NeighbourhoodBldg,CanadaPost,6093 Iona Drive,49.270629,-123.253072
VAD10362,Pathways - West,Vancouver,V6S 0A4,BC,VBL10240,NeighbourhoodBldg,CanadaPost,5777 Birney Avenue,49.254528,-123.233377
VAD10902,Corus - Townhouse (1),Vancouver,V6T 0A9,BC,VBL10303,Residential,CanadaPost,5977 Walter Gage Road,49.270697,-123.248958
VAD10914,Corus - Townhouse (2),Vancouver,V6T 0A9,BC,VBL10303,Residential,CanadaPost,5979 Walter Gage Road,49.270672,-123.24903
VAD10915,Corus - Townhouse (3),Vancouver,V6T 0A9,BC,VBL10303,Residential,CanadaPost,5981 Walter Gage Road,49.270642,-123.249113
VAD10896,Coast - Duplex (5B),Vancouver,V6T 1E7,BC,VBL10399,Residential,CanadaPost,6060 Chancellor Boulevard,49.271581,-123.252904
VAD10883,Coast - Duplex (1A),Vancouver,V6T 1E7,BC,VBL10399,NeighbourhoodBldg,CanadaPost,6098 Chancellor Boulevard,49.271119,-123.253699
VAD10884,Coast - Duplex (1B),Vancouver,V6T 1E7,BC,VBL10399,Residential,CanadaPost,6092 Chancellor Boulevard,49.271174,-123.253612
VAD10885,Coast - Duplex (2A),Vancouver,V6T 1E7,BC,VBL10399,Residential,CanadaPost,6088 Chancellor Boulevard,49.271256,-123.2535
VAD10887,Coast - Duplex (2B),Vancouver,V6T 1E7,BC,VBL10399,Residential,CanadaPost,6082 Chancellor Boulevard,49.271294,-123.253413
VAD10895,Coast - Duplex (5A),Vancouver,V6T 1E7,BC,VBL10399,Residential,CanadaPost,6050 Chancellor Boulevard,49.271633,-123.252811
VAD10486,Yu - Retail,Vancouver,V6S 0G7,BC,VBL10167,Commercial,CanadaPost,5933 Birney Avenue,49.253537,-123.235614
VAD10197,MBA House - Retail,Vancouver,V6S 0B9,BC,VBL10403,Commercial,CanadaPost,3396 Shrum Lane,49.253713,-123.235255
VAD10903,Corus - Townhouse (10),Vancouver,V6T 0A9,BC,VBL10303,Residential,CanadaPost,5995 Walter Gage Road,49.270484,-123.249564
VAD10809,Argyll House West,Vancouver,V6T 2L1,BC,VBL10298,NeighbourhoodBldg,CanadaPost,6018 Iona Drive,49.270917,-123.251222
VAD10393,Somerset (I2),Vancouver,V6T 2K6,BC,VBL10147,Residential,CanadaPost,2616 West Mall,49.256063,-123.248375
VAD10396,Somerset (G1),Vancouver,V6T 2K6,BC,VBL10147,Residential,CanadaPost,2602 West Mall,49.256553,-123.248777
VAD10013,Hennings Building,Vancouver,V6T 1Z1,BC,VBL10359,CampusBuilding,CampusMail,6224 Agricultural Road,49.26661,-123.252319
VAD10793,Westchester (C2),Vancouver,V6T 2J9,BC,VBL10220,Residential,CanadaPost,2576 West Mall,49.257307,-123.249389
VAD10794,Westchester (C3),Vancouver,V6T 2J9,BC,VBL10220,Residential,CanadaPost,2572 West Mall,49.257375,-123.249445
VAD10797,Westchester (D2),Vancouver,V6T 2J9,BC,VBL10220,Residential,CanadaPost,2566 West Mall,49.25748,-123.249531
VAD10798,Westchester (D3),Vancouver,V6T 2J9,BC,VBL10220,Residential,CanadaPost,2562 West Mall,49.257549,-123.249587
VAD10799,Westchester (D4),Vancouver,V6T 2J9,BC,VBL10220,Residential,CanadaPost,2560 West Mall,49.257586,-123.249618
VAD10451,Stirling House - Townhouse,Vancouver,V6T 0A4,BC,VBL10289,Residential,CanadaPost,6078 Iona Drive,49.270601,-123.252416
VAD11065,The Mews - Retail,Vancouver,V6S 0B1,BC,VBL10165,Commercial,CanadaPost,3353 Wesbrook Mall,49.254379,-123.23535
VAD10448,Stirling House - Townhouse,Vancouver,V6T 0A4,BC,VBL10289,Residential,CanadaPost,6082 Iona Drive,49.27052,-123.252601
VAD10733,Clement's Green,Vancouver,V6T 0A2,BC,VBL10143,NeighbourhoodBldg,CanadaPost,6268 Eagles Drive,49.258047,-123.246081
VAD10773,Sumac House,Vancouver,V6T 0C1,BC,VBL10041,NeighbourhoodBldg,CanadaPost,6395 Hawthorn Lane,49.258039,-123.249923
VAD10414,Somerset (H2),Vancouver,V6T 2K6,BC,VBL10147,Residential,CanadaPost,2610 West Mall,49.25627,-123.248545
VAD10060,The Mews - Retail,Vancouver,V6S 0B1,BC,VBL10165,Commercial,CanadaPost,3351 Wesbrook Mall,49.254418,-123.235382
VAD10485,Wyndham Hall,Vancouver,V6T 2H3,BC,VBL10293,NeighbourhoodBldg,CanadaPost,5683 Hampton Place,49.259364,-123.233998
VAD10039,Logan Lane (B12),Vancouver,V6T 2K8,BC,VBL10226,Residential,CanadaPost,2539 East Mall,49.259132,-123.245484
VAD10136,Logan Lane (D11),Vancouver,V6T 2K9,BC,VBL10226,Residential,CanadaPost,6240 Logan Lane,49.258814,-123.24584
VAD10113,Logan Lane (C12),Vancouver,V6T 2K9,BC,VBL10226,Residential,CanadaPost,6222 Logan Lane,49.259157,-123.246053
VAD10115,Logan Lane (D15),Vancouver,V6T 2K9,BC,VBL10226,Residential,CanadaPost,6232 Logan Lane,49.258919,-123.245927
VAD10122,Logan Lane (A6),Vancouver,V6T 2K8,BC,VBL10226,Residential,CanadaPost,2571 East Mall,49.258668,-123.245088
VAD10076,The Mews - Retail,Vancouver,V6S 0B1,BC,VBL10165,Commercial,CanadaPost,3339 Wesbrook Mall,49.254476,-123.235443
VAD10554,Corus - Townhouse (5),Vancouver,V6T 0A9,BC,VBL10303,Residential,CanadaPost,5983 Walter Gage Road,49.270618,-123.249182
VAD10562,David Strangway - Retail,Vancouver,V6T 1Z3,BC,VBL10070,Commercial,CanadaPost,5940 University Boulevard,49.266108,-123.245811
VAD10395,Somerset (E1),Vancouver,V6T 2K5,BC,VBL10147,Residential,CanadaPost,6382 Larkin Drive,49.256508,-123.248071
VAD10407,Somerset (C2),Vancouver,V6T 2K5,BC,VBL10147,Residential,CanadaPost,6376 Larkin Drive,49.256314,-123.247784
VAD10411,Somerset (C1),Vancouver,V6T 2K5,BC,VBL10147,Residential,CanadaPost,6372 Larkin Drive,49.256432,-123.247712
VAD10555,Corus - Townhouse (6),Vancouver,V6T 0A9,BC,VBL10303,Residential,CanadaPost,5985 Walter Gage Road,49.270598,-123.249238
VAD10892,Coast - Duplex (3B),Vancouver,V6T 1E7,BC,VBL10399,Residential,CanadaPost,6078 Chancellor Boulevard,49.271376,-123.253304
VAD10549,Chancellor House - Duplex (2B),Vancouver,V6T 1E7,BC,VBL10385,Residential,CanadaPost,6012 Chancellor Boulevard,49.272053,-123.251799
VAD10548,Chancellor House - Duplex (2A),Vancouver,V6T 1E7,BC,VBL10385,Residential,CanadaPost,6016 Chancellor Boulevard,49.271976,-123.251987
VAD10553,Academy,Vancouver,V6S 0E5,BC,VBL10183,NeighbourhoodBldg,CanadaPost,5728 Berton Avenue,49.255706,-123.233144
VAD10416,Somerset (D1),Vancouver,V6T 2K5,BC,VBL10147,Residential,CanadaPost,6378 Larkin Drive,49.256265,-123.247854
VAD10207,MBA House - Retail,Vancouver,V6S 0B9,BC,VBL10403,Commercial,CanadaPost,3392 Shrum Lane,49.253771,-123.235303
VAD10547,Chancellor House - Duplex (1B),Vancouver,V6T 1E7,BC,VBL10385,Residential,CanadaPost,6020 Chancellor Boulevard,49.271961,-123.252032
VAD10546,Chancellor House - Duplex (1A),Vancouver,V6T 1E7,BC,VBL10385,Residential,CanadaPost,6028 Chancellor Boulevard,49.271927,-123.252208
VAD10550,Chancellor House - Duplex (3A),Vancouver,V6T 1E7,BC,VBL10385,NeighbourhoodBldg,CanadaPost,6002 Chancellor Boulevard,49.272157,-123.251632
VAD10890,Coast - Duplex (3A),Vancouver,V6T 1E7,BC,VBL10399,Residential,CanadaPost,6072 Chancellor Boulevard,49.271415,-123.253215
VAD10894,Coast - Duplex (4B),Vancouver,V6T 1E7,BC,VBL10399,Residential,CanadaPost,6068 Chancellor Boulevard,49.271486,-123.253106
VAD10893,Coast - Duplex (4A),Vancouver,V6T 1E7,BC,VBL10399,Residential,CanadaPost,6062 Chancellor Boulevard,49.271526,-123.253013
VAD11121,Ultima,Vancouver,V6S 0B7,BC,VBL10340,NeighbourhoodBldg,CanadaPost,3479 Wesbrook Mall,49.252782,-123.234231
VAD10403,Somerset (A2),Vancouver,V6T 2K5,BC,VBL10147,Residential,CanadaPost,6362 Larkin Drive,49.256787,-123.248059
VAD10425,Somerset (B2),Vancouver,V6T 2K5,BC,VBL10147,Residential,CanadaPost,6368 Larkin Drive,49.256604,-123.247909
VAD11080,The Stratford,Vancouver,V6T 2H4,BC,VBL10206,NeighbourhoodBldg,CanadaPost,5657 Hampton Place,49.25951,-123.233531
VAD10188,Nine on the Park (5),Vancouver,V6T 0A3,BC,VBL10158,Residential,CanadaPost,6290 Eagles Drive,49.259273,-123.247127
VAD10189,Nine on the Park (6),Vancouver,V6T 0A3,BC,VBL10158,Residential,CanadaPost,6288 Eagles Drive,49.259229,-123.247091
VAD10155,Logan Lane (C6),Vancouver,V6T 2K9,BC,VBL10226,Residential,CanadaPost,6212 Logan Lane,49.259245,-123.245803
VAD10061,The Mews - Retail,Vancouver,V6S 0B1,BC,VBL10165,Commercial,CanadaPost,3335 Wesbrook Mall,49.25455,-123.235504
VAD10066,The Mews - Retail,Vancouver,V6S 0B9,BC,VBL10165,Commercial,CanadaPost,3322 Shrum Lane,49.254571,-123.235906
VAD11139,Village Square - Retail,Vancouver,V6S 0J7,BC,VBL10170,Commercial,CanadaPost,3339 Shrum Lane,49.254085,-123.235873
VAD11058,The Balmoral,Vancouver,V6T 2H1,BC,VBL10175,NeighbourhoodBldg,CanadaPost,5615 Hampton Place,49.258451,-123.232971
VAD10112,Logan Lane (D8),Vancouver,V6T 2K9,BC,VBL10226,Residential,CanadaPost,6246 Logan Lane,49.258758,-123.245776
VAD10117,Logan Lane (D9),Vancouver,V6T 2K9,BC,VBL10226,Residential,CanadaPost,6242 Logan Lane,49.25877,-123.245785
VAD10119,Logan Lane (D10),Vancouver,V6T 2K9,BC,VBL10226,Residential,CanadaPost,6244 Logan Lane,49.258797,-123.245826
VAD10082,Tapestry South - Retail,Vancouver,V6S 0A8,BC,VBL10182,Commercial,CanadaPost,3378 Wesbrook Mall,49.254163,-123.234808
VAD10114,MBA House - Retail,Vancouver,V6S 0B9,BC,VBL10403,Commercial,CanadaPost,3388 Shrum Lane,49.253903,-123.235411
VAD10120,MBA House - Retail,Vancouver,V6S 0B1,BC,VBL10403,Commercial,CanadaPost,3381 Wesbrook Mall,49.254027,-123.235083
VAD10789,Westchester (B4),Vancouver,V6T 2J9,BC,VBL10220,Residential,CanadaPost,2586 West Mall,49.257149,-123.249266
VAD10795,Westchester (C4),Vancouver,V6T 2J9,BC,VBL10220,Residential,CanadaPost,2570 West Mall,49.257411,-123.249474
VAD11022,Logan Lane (B5),Vancouver,V6T 2K8,BC,VBL10226,Residential,CanadaPost,2551 East Mall,49.258939,-123.245311
VAD10778,Westchester (G1),Vancouver,V6T 2K1,BC,VBL10220,Residential,CanadaPost,6381 Larkin Drive,49.257386,-123.248847
VAD10779,Westchester (G2),Vancouver,V6T 2K1,BC,VBL10220,Residential,CanadaPost,6383 Larkin Drive,49.257361,-123.248859
VAD10140,Logan Lane (D7),Vancouver,V6T 2K9,BC,VBL10226,Residential,CanadaPost,6248 Logan Lane,49.258711,-123.245756
VAD10806,Westchester (F2),Vancouver,V6T 2K1,BC,VBL10220,Residential,CanadaPost,6373 Larkin Drive,49.257512,-123.249065
VAD10160,Logan Lane (D2),Vancouver,V6T 2K9,BC,VBL10226,Residential,CanadaPost,6260 Logan Lane,49.258594,-123.24566
VAD10452,Stirling House - Townhouse,Vancouver,V6T 0A4,BC,VBL10289,Residential,CanadaPost,6088 Iona Drive,49.270457,-123.252757
VAD10064,Tapestry North - Retail,Vancouver,V6S 0A8,BC,VBL10137,Commercial,CanadaPost,3308 Wesbrook Mall,49.254953,-123.235411
VAD10780,Westchester (G3),Vancouver,V6T 2K1,BC,VBL10220,Residential,CanadaPost,6385 Larkin Drive,49.257269,-123.248901
VAD10788,Westchester (G4),Vancouver,V6T 2K1,BC,VBL10220,Residential,CanadaPost,6387 Larkin Drive,49.257244,-123.248913
VAD11141,Village Square - Retail,Vancouver,V6S 0J7,BC,VBL10170,Commercial,CanadaPost,3337 Shrum Lane,49.254185,-123.235952
VAD10391,Somerset (E2),Vancouver,V6T 2K5,BC,VBL10147,Residential,CanadaPost,6380 Larkin Drive,49.256378,-123.247983
VAD11056,The Mews - Retail,Vancouver,V6S 0E4,BC,VBL10165,Commercial,CanadaPost,5920 Berton Avenue,49.254787,-123.235988
VAD10110,Logan Lane (D5),Vancouver,V6T 2K9,BC,VBL10226,Residential,CanadaPost,6250 Logan Lane,49.258671,-123.245704
VAD10803,Westchester (E4),Vancouver,V6T 2K1,BC,VBL10220,Residential,CanadaPost,6367 Larkin Drive,49.257582,-123.24909
VAD10800,Westchester (E1),Vancouver,V6T 2K1,BC,VBL10220,Residential,CanadaPost,6361 Larkin Drive,49.25774,-123.249206
VAD10801,Westchester (E2),Vancouver,V6T 2K1,BC,VBL10220,Residential,CanadaPost,6363 Larkin Drive,49.257683,-123.249206
VAD10805,Westchester (F1),Vancouver,V6T 2K1,BC,VBL10220,Residential,CanadaPost,6371 Larkin Drive,49.257563,-123.249074
VAD10802,Westchester (E3),Vancouver,V6T 2K1,BC,VBL10220,Residential,CanadaPost,6365 Larkin Drive,49.257617,-123.249152
VAD10035,Logan Lane (D6),Vancouver,V6T 2K9,BC,VBL10226,Residential,CanadaPost,6252 Logan Lane,49.258696,-123.245744
VAD10807,Westchester (F3),Vancouver,V6T 2K1,BC,VBL10220,Residential,CanadaPost,6375 Larkin Drive,49.257441,-123.249007
VAD11042,Westchester (F4),Vancouver,V6T 2K1,BC,VBL10220,Residential,CanadaPost,6377 Larkin Drive,49.257406,-123.248953
VAD11060,Tapestry North - Retail,Vancouver,V6S 0A8,BC,VBL10137,Commercial,CanadaPost,3348 Wesbrook Mall,49.25447,-123.235059
VAD11066,The Mews - Retail,Vancouver,V6S 0E4,BC,VBL10165,Commercial,CanadaPost,5910 Berton Avenue,49.254828,-123.23587
VAD10614,Granite Terrace 2 - Retail,Vancouver,V6S 0B3,BC,VBL10414,Commercial,CanadaPost,5905 Berton Avenue,49.255001,-123.235979
VAD11070,Tapestry North - Retail,Vancouver,V6S 0A8,BC,VBL10137,Commercial,CanadaPost,3358 Wesbrook Mall,49.254372,-123.234979
VAD11072,Telus Hub,Vancouver,V6T 1W5,BC,VBL10179,OtherBuilding,CanadaPost,5895 Berton Avenue,49.255187,-123.235485
VAD11059,The Chatham,Vancouver,V6T 2G6,BC,VBL10254,NeighbourhoodBldg,CanadaPost,5775 Hampton Place,49.258558,-123.236135
VAD11027,Cypress House,Vancouver,V6S 0K4,BC,VBL10322,NeighbourhoodBldg,CanadaPost,5988 Gray Avenue,49.251996,-123.234847
VAD10397,Somerset (B1),Vancouver,V6T 2K5,BC,VBL10147,Residential,CanadaPost,6366 Larkin Drive,49.256698,-123.247985
VAD10413,Somerset (I1),Vancouver,V6T 2K6,BC,VBL10147,Residential,CanadaPost,2612 West Mall,49.256142,-123.24844
VAD10399,Somerset (F2),Vancouver,V6T 2K5,BC,VBL10147,Residential,CanadaPost,6386 Larkin Drive,49.256695,-123.248252
VAD10400,Somerset (B3),Vancouver,V6T 2K5,BC,VBL10147,Residential,CanadaPost,6370 Larkin Drive,49.256488,-123.247813
VAD10392,Somerset (G2),Vancouver,V6T 2K6,BC,VBL10147,Residential,CanadaPost,2606 West Mall,49.256474,-123.248713
VAD10726,Coast - East Apartment,Vancouver,V6T 0B1,BC,VBL10300,NeighbourhoodBldg,CanadaPost,6063 Iona Drive,49.270844,-123.252459
VAD10431,Somerset (H1),Vancouver,V6T 2K6,BC,VBL10147,Residential,CanadaPost,2608 West Mall,49.256345,-123.248607
VAD10206,Logan Lane (E2),Vancouver,V6T 2K9,BC,VBL10226,Residential,CanadaPost,6274 Logan Lane,49.259054,-123.246369
VAD10208,Logan Lane (E9),Vancouver,V6T 2K9,BC,VBL10226,Residential,CanadaPost,6288 Logan Lane,49.258927,-123.246731
VAD10213,Logan Lane (B9),Vancouver,V6T 2K8,BC,VBL10226,Residential,CanadaPost,2543 East Mall,49.259041,-123.245394
VAD10199,Logan Lane (B2),Vancouver,V6T 2K8,BC,VBL10226,Residential,CanadaPost,2557 East Mall,49.258871,-123.245262
VAD10203,Logan Lane (B10),Vancouver,V6T 2K8,BC,VBL10226,Residential,CanadaPost,2541 East Mall,49.259077,-123.245431
VAD10394,Somerset (F1),Vancouver,V6T 2K5,BC,VBL10147,Residential,CanadaPost,6388 Larkin Drive,49.256831,-123.248364
VAD10442,Stirling House,Vancouver,V6T 0A4,BC,VBL10289,NeighbourhoodBldg,CanadaPost,6080 Iona Drive,49.270551,-123.252501
VAD10437,St. James House,Vancouver,V6T 2G2,BC,VBL10115,NeighbourhoodBldg,CanadaPost,5835 Hampton Place,49.257983,-123.237018
VAD10067,The Mews - Retail,Vancouver,V6S 0B1,BC,VBL10165,Commercial,CanadaPost,3329 Wesbrook Mall,49.254647,-123.235584
VAD11124,University Hill Secondary School,Vancouver,V6S 0C6,BC,VBL10242,OtherBuilding,CanadaPost,3228 Ross Drive,49.253872,-123.23976
VAD10209,Logan Lane (A2),Vancouver,V6T 2K8,BC,VBL10226,Residential,CanadaPost,2577 East Mall,49.258507,-123.244995
VAD10211,Logan Lane (D12),Vancouver,V6T 2K9,BC,VBL10226,Residential,CanadaPost,6238 Logan Lane,49.258859,-123.245859
VAD10212,Logan Lane (C2),Vancouver,V6T 2K9,BC,VBL10226,Residential,CanadaPost,6204 Logan Lane,49.259299,-123.24565
VAD10202,Logan Lane (E8),Vancouver,V6T 2K9,BC,VBL10226,Residential,CanadaPost,6286 Logan Lane,49.258934,-123.246709
VAD10204,Logan Lane (B11),Vancouver,V6T 2K8,BC,VBL10226,Residential,CanadaPost,2537 East Mall,49.259089,-123.245441
VAD10361,Pathways - East,Vancouver,V6S 0A3,BC,VBL10239,NeighbourhoodBldg,CanadaPost,5779 Birney Avenue,49.254535,-123.233108
VAD10198,Logan Lane (B3),Vancouver,V6T 2K8,BC,VBL10226,Residential,CanadaPost,2553 East Mall,49.258886,-123.245274
VAD10100,Old Barn Community Centre,Vancouver,V6T 1Z4,BC,VBL10157,NeighbourhoodBldg,CanadaPost,6308 Thunderbird Boulevard,49.259014,-123.248274
VAD10134,MBA House,Vancouver,V6T 1Z4,BC,VBL10403,CampusBuilding,CanadaPost,3385 Wesbrook Mall,49.253948,-123.235018
VAD10552,Coast - Cityhome,Vancouver,V6T 2J5,BC,VBL10297,Residential,CanadaPost,6094 Chancellor Mews,49.270898,-123.253423
VAD10774,Wesbrook Professional Centre,Vancouver,V6S 0C8,BC,VBL10166,NeighbourhoodBldg,CanadaPost,3313 Shrum Lane,49.254385,-123.236414
VAD10781,Wesbrook Community Centre,Vancouver,V6S 0H3,BC,VBL10168,NeighbourhoodBldg,CanadaPost,3335 Webber Lane,49.254053,-123.237267
VAD11034,Donald Rix Building,Vancouver,V6T 1Z3,BC,VBL10129,OtherBuilding,CampusMail,2389 Health Sciences Mall,49.2622,-123.246379
VAD10453,Stirling House - Townhouse,Vancouver,V6T 0A4,BC,VBL10289,Residential,CanadaPost,6086 Iona Drive,49.270491,-123.252682
VAD10530,Chancellor Hall - Cityhome (3),Vancouver,V6T 2L5,BC,VBL10290,Residential,CanadaPost,5982 Chancellor Mews,49.272191,-123.250599
VAD10531,Chancellor Hall - Cityhome (4),Vancouver,V6T 2L5,BC,VBL10290,Residential,CanadaPost,5984 Chancellor Mews,49.272154,-123.250685
VAD10532,Chancellor Hall - Cityhome (5),Vancouver,V6T 2L5,BC,VBL10290,Residential,CanadaPost,5986 Chancellor Mews,49.272131,-123.250751
VAD10533,Chancellor Hall - Cityhome (6),Vancouver,V6T 2L5,BC,VBL10290,Residential,CanadaPost,5988 Chancellor Mews,49.272129,-123.250777
VAD10901,Coast - Townhouse (5),Vancouver,V6T 2J5,BC,VBL10277,Residential,CanadaPost,6070 Chancellor Mews,49.271203,-123.252923
VAD10900,Coast - Townhouse (4),Vancouver,V6T 2J5,BC,VBL10277,Residential,CanadaPost,6076 Chancellor Mews,49.271157,-123.253012
VAD10899,Coast - Townhouse (3),Vancouver,V6T 2J5,BC,VBL10277,Residential,CanadaPost,6080 Chancellor Mews,49.271117,-123.253083
VAD10898,Coast - Townhouse (2),Vancouver,V6T 2J5,BC,VBL10277,Residential,CanadaPost,6086 Chancellor Mews,49.271079,-123.253148
VAD10156,Logan Lane (C13),Vancouver,V6T 2K9,BC,VBL10226,Residential,CanadaPost,6228 Logan Lane,49.25915,-123.246071
VAD10157,Logan Lane (A10),Vancouver,V6T 2K8,BC,VBL10226,Residential,CanadaPost,2563 East Mall,49.258769,-123.245171
VAD10265,Folio - Cityhome (A),Vancouver,V6T 2L5,BC,VBL10309,Residential,CanadaPost,5952 Chancellor Mews,49.272398,-123.249934
VAD10266,Folio - Cityhome (B),Vancouver,V6T 2L5,BC,VBL10309,Residential,CanadaPost,5958 Chancellor Mews,49.272383,-123.249975
VAD10897,Coast - Townhouse (1),Vancouver,V6T 2J5,BC,VBL10277,NeighbourhoodBldg,CanadaPost,6090 Chancellor Mews,49.271035,-123.253221
VAD10105,Pacific,Vancouver,V6S 0B5,BC,VBL10169,NeighbourhoodBldg,CanadaPost,5928 Birney Avenue,49.253427,-123.235166
VAD11051,Eton - Apartments,Vancouver,V6S 0K7,BC,VBL10136,NeighbourhoodBldg,CanadaPost,5687 Gray Avenue,49.253124,-123.231247
VAD11061,Eton - Highrise,Vancouver,V6S 0K8,BC,VBL10135,NeighbourhoodBldg,CanadaPost,3487 Binning Road,49.253455,-123.230361
VAD11077,The Residences at Nobel Park - Highrise,Vancouver,V6S 0L3,BC,VBL10353,NeighbourhoodBldg,CanadaPost,3533 Ross Drive,49.250845,-123.235299
VAD11078,The Residences at Nobel Park - Apartment,Vancouver,V6S 0L3,BC,VBL10353,NeighbourhoodBldg,CanadaPost,3563 Ross Drive,49.250894,-123.234875
VAD10012,Hebb Building,Vancouver,V6T 1Z1,BC,VBL10047,CampusBuilding,CampusMail,2045 East Mall,49.26617,-123.251824
VAD10099,Old Auditorium,Vancouver,V6T 1Z2,BC,VBL10335,CampusBuilding,CampusMail,6344 Memorial Road,49.266996,-123.255824
VAD10142,Hector J. MacLeod Building,Vancouver,V6T 1Z4,BC,VBL10099,CampusBuilding,CampusMail,2356 Main Mall,49.261486,-123.249485
VAD10228,Green College - Principal's Residence,Vancouver,V6T 1Z1,BC,VBL10190,CampusBuilding,CampusMail,6205 Cecil Green Park Road,49.270922,-123.256917
VAD10626,AYO Smart Home,Vancouver,V6T 1Z3,BC,VBL10294,CampusBuilding,CampusMail,5935 Agronomy Road,49.262982,-123.243355
VAD10426,St Mark's Duplex (5B),Vancouver,V6T 0A1,BC,VBL10279,Residential,CanadaPost,5932 Chancellor Boulevard,49.272739,-123.249736
VAD10285,Folio - Duplex (1B),Vancouver,V6T 0A1,BC,VBL10291,Residential,CanadaPost,5992 Chancellor Boulevard,49.272398,-123.250982
VAD10816,Berwick Child Development Centre,Vancouver,V6T 1X7,BC,VBL10155,CampusBuilding,CampusMail,2765 Osoyoos Crescent,49.260906,-123.238824
VAD10840,Brock Hall,Vancouver,V6T 1Z1,BC,VBL10331,CampusBuilding,CampusMail,1874 East Mall,49.268518,-123.251856
VAD10276,Forest Sciences Centre,Vancouver,V6T 1Z4,BC,VBL10119,CampusBuilding,CampusMail,2424 Main Mall,49.260474,-123.248814
VAD10421,Sopron House,Vancouver,V6T 1R9,BC,VBL10075,CampusBuilding,CampusMail,2730 Acadia Road,49.262198,-123.23529
VAD10908,Acadia Park Residence - Tennis Crescent (2639),Vancouver,V6T 2C1,BC,VBL10436,Residential,CampusMail,2639 Tennis Crescent,49.263574,-123.237867
VAD10909,Acadia Park Residence - Melfa Lane (2508),Vancouver,V6T 2C6,BC,VBL10258,Residential,CampusMail,2508 Melfa Lane,49.265149,-123.237679
VAD10910,Acadia Park Residence - Melfa Lane (2636),Vancouver,V6T 2C6,BC,VBL10258,Residential,CampusMail,2636 Melfa Lane,49.263604,-123.236507
VAD10911,Acadia Park Residence - Montgomery Place (5630),Vancouver,V6T 2C7,BC,VBL10439,Residential,CampusMail,5630 Montgomery Place,49.264629,-123.239002
VAD10912,Acadia Park Residence - Melfa Lane (2515),Vancouver,V6T 2C5,BC,VBL10258,Residential,CampusMail,2515 Melfa Lane,49.264754,-123.237641
VAD10913,Acadia Park Residence - Montgomery Place (5612),Vancouver,V6T 2C7,BC,VBL10439,Residential,CampusMail,5612 Montgomery Place,49.264763,-123.238442
VAD10916,Acadia Park Residence - Tennis Crescent (2632),Vancouver,V6T 2E1,BC,VBL10436,Residential,CampusMail,2632 Tennis Crescent,49.263689,-123.237786
VAD10917,Acadia Park Residence - Tennis Crescent (2653),Vancouver,V6T 2C1,BC,VBL10436,Residential,CampusMail,2653 Tennis Crescent,49.263282,-123.237626
VAD10918,Acadia Park Residence - Melfa Lane (2616),Vancouver,V6T 2C6,BC,VBL10258,Residential,CampusMail,2616 Melfa Lane,49.26406,-123.236779
VAD10919,Acadia Park Residence - Melfa Lane (2642),Vancouver,V6T 2C6,BC,VBL10258,Residential,CampusMail,2642 Melfa Lane,49.263382,-123.236324
VAD10920,Acadia Park Residence - Montgomery Place (5606),Vancouver,V6T 2C7,BC,VBL10439,Residential,CampusMail,5606 Montgomery Place,49.264848,-123.238314
VAD10921,Acadia Park Residence - Melfa Lane (2503),Vancouver,V6T 2C5,BC,VBL10258,Residential,CampusMail,2503 Melfa Lane,49.264937,-123.237858
VAD10922,Acadia Park Residence - Melfa Lane (2629),Vancouver,V6T 2C5,BC,VBL10258,Residential,CampusMail,2629 Melfa Lane,49.263645,-123.236818
VAD10923,Acadia Park Residence - Yalta Place (5510),Vancouver,V6T 2C2,BC,VBL10438,Residential,CampusMail,5510 Yalta Place,49.264307,-123.237452
VAD10924,Acadia Park Residence - Yalta Place (5504),Vancouver,V6T 2C2,BC,VBL10438,Residential,CampusMail,5504 Yalta Place,49.264345,-123.237287
VAD10925,Acadia Park Residence - Melfa Lane (2618),Vancouver,V6T 2C6,BC,VBL10258,Residential,CampusMail,2618 Melfa Lane,49.264026,-123.236655
VAD10926,Acadia Park Residence - Tennis Crescent (2664),Vancouver,V6T 2E1,BC,VBL10436,Residential,CampusMail,2664 Tennis Crescent,49.263069,-123.237211
VAD10927,Acadia Park Residence - Montgomery Place (5638),Vancouver,V6T 2C7,BC,VBL10439,Residential,CampusMail,5638 Montgomery Place,49.264535,-123.239195
VAD10928,Acadia Park Residence - Montgomery Place (5631),Vancouver,V6T 2C8,BC,VBL10439,Residential,CampusMail,5631 Montgomery Place,49.264771,-123.239151
VAD10929,Acadia Park Residence - Yalta Place (5606),Vancouver,V6T 2C2,BC,VBL10438,Residential,CampusMail,5606 Yalta Place,49.264235,-123.237829
VAD10930,Acadia Park Residence - Melfa Lane (2624),Vancouver,V6T 2C6,BC,VBL10258,Residential,CampusMail,2624 Melfa Lane,49.263826,-123.236709
VAD10656,Fairview Crescent Residence (Unit 25),Vancouver,V6T 2B8,BC,VBL10198,Residential,CampusMail,2611 Fairview Crescent,49.26304,-123.240732
VAD10657,Fairview Crescent Residence (Unit 25),Vancouver,V6T 2B8,BC,VBL10198,Residential,CampusMail,2613 Fairview Crescent,49.263037,-123.240675
VAD10658,Fairview Crescent Residence (Unit 25),Vancouver,V6T 2B8,BC,VBL10198,Residential,CampusMail,2601 Fairview Crescent,49.263089,-123.240784
VAD10659,Fairview Crescent Residence (Unit 25),Vancouver,V6T 2B8,BC,VBL10198,Residential,CampusMail,2605 Fairview Crescent,49.263028,-123.240804
VAD10660,Fairview Crescent Residence (Unit 25),Vancouver,V6T 2B8,BC,VBL10198,Residential,CampusMail,2607 Fairview Crescent,49.263018,-123.240798
VAD10661,Fairview Crescent Residence (Unit 25),Vancouver,V6T 2B8,BC,VBL10198,Residential,CampusMail,2609 Fairview Crescent,49.263012,-123.240776
VAD10662,Fairview Crescent Residence (Unit 25) ,Vancouver,V6T 2B8,BC,VBL10198,Residential,CampusMail,2603 Fairview Crescent,49.263035,-123.24078
VAD10664,Fairview Crescent Residence (Unit 26),Vancouver,V6T 2B9,BC,VBL10193,Residential,CampusMail,2602 Fairview Crescent,49.263175,-123.240926
VAD10665,Fairview Crescent Residence (Unit 26),Vancouver,V6T 2B9,BC,VBL10193,Residential,CampusMail,2606 Fairview Crescent,49.263223,-123.240996
VAD10666,Fairview Crescent Residence (Unit 26),Vancouver,V6T 2B9,BC,VBL10193,Residential,CampusMail,2610 Fairview Crescent,49.263234,-123.240956
VAD10931,Acadia Park Residence - Tennis Crescent (2650),Vancouver,V6T 2E1,BC,VBL10436,Residential,CampusMail,2650 Tennis Crescent,49.263335,-123.23743
VAD10932,Acadia Park Residence - Yalta Place (5601),Vancouver,V6T 1L7,BC,VBL10438,Residential,CampusMail,5601 Yalta Place,49.264437,-123.237677
VAD10933,Acadia Park Residence - Montgomery Place (5621),Vancouver,V6T 2C8,BC,VBL10439,Residential,CampusMail,5621 Montgomery Place,49.264829,-123.238947
VAD10934,Acadia Park Residence - Tennis Crescent (2637),Vancouver,V6T 2C1,BC,VBL10436,Residential,CampusMail,2637 Tennis Crescent,49.263646,-123.237965
VAD10935,Acadia Park Residence - Tennis Crescent (2623),Vancouver,V6T 2C1,BC,VBL10436,Residential,CampusMail,2623 Tennis Crescent,49.263905,-123.238208
VAD10936,Acadia Park Residence - Montgomery Place (5628),Vancouver,V6T 2C7,BC,VBL10439,Residential,CampusMail,5628 Montgomery Place,49.26447,-123.23883
VAD10937,Acadia Park Residence - Melfa Lane (2602),Vancouver,V6T 2C6,BC,VBL10258,Residential,CampusMail,2602 Melfa Lane,49.264522,-123.23718
VAD10938,Acadia Park Residence - Montgomery Place (5601),Vancouver,V6T 2C8,BC,VBL10439,Residential,CampusMail,5601 Montgomery Place,49.265064,-123.238134
VAD10544,Chancellor House - Townhouse (3),Vancouver,V6T 2J5,BC,VBL10387,Residential,CanadaPost,6010 Chancellor Mews,49.271809,-123.25161
VAD10541,Chancellor House - Townhouse (2),Vancouver,V6T 2J5,BC,VBL10387,Residential,CanadaPost,6018 Chancellor Mews,49.271774,-123.251708
VAD10538,Chancellor House - Townhouse (1),Vancouver,V6T 2J5,BC,VBL10387,Residential,CanadaPost,6022 Chancellor Mews,49.271734,-123.251832
VAD10545,Chancellor House - Townhouse (4),Vancouver,V6T 2J5,BC,VBL10387,Residential,CanadaPost,6006 Chancellor Mews,49.27185,-123.251532
VAD10268,Folio - Duplex (2C),Vancouver,V6T 0A1,BC,VBL10291,Residential,CanadaPost,5988 Chancellor Boulevard,49.272445,-123.2509
VAD10874,Acadia Park Presidents Row (102F),Vancouver,V6T 1L5,BC,VBL10295,Residential,CampusMail,5519 Presidents Row,49.265334,-123.238803
VAD10875,Acadia Park Presidents Row (102G),Vancouver,V6T 1L5,BC,VBL10295,Residential,CampusMail,5517 Presidents Row,49.265349,-123.238762
VAD10876,Acadia Park Presidents Row (103B),Vancouver,V6T 1L5,BC,VBL10295,Residential,CampusMail,5615 Presidents Row,49.265016,-123.239788
VAD10877,Acadia Park Presidents Row (103C),Vancouver,V6T 1L5,BC,VBL10295,Residential,CampusMail,5611 Presidents Row,49.265027,-123.239757
VAD10878,Acadia Park Presidents Row (103D),Vancouver,V6T 1L5,BC,VBL10295,Residential,CampusMail,5609 Presidents Row,49.26506,-123.239665
VAD10879,Acadia Park Presidents Row (103E),Vancouver,V6T 1L5,BC,VBL10295,Residential,CampusMail,5607 Presidents Row,49.265071,-123.239632
VAD10880,Acadia Park Presidents Row (103G),Vancouver,V6T 1L5,BC,VBL10295,Residential,CampusMail,5603 Presidents Row,49.265113,-123.239434
VAD10881,Acadia Park Presidents Row (103F),Vancouver,V6T 1L5,BC,VBL10295,Residential,CampusMail,5605 Presidents Row,49.2651,-123.239469
VAD10891,Acadia Park Presidents Row (103A),Vancouver,V6T 1L5,BC,VBL10295,Residential,CampusMail,5617 Presidents Row,49.264948,-123.239944
VAD10948,Acadia Park Residence - Melfa Lane (2504),Vancouver,V6T 2C6,BC,VBL10258,Residential,CampusMail,2504 Melfa Lane,49.265214,-123.23773
VAD10949,Acadia Park Residence - Montgomery Place (5634),Vancouver,V6T 2C7,BC,VBL10439,Residential,CampusMail,5634 Montgomery Place,49.264582,-123.239098
VAD10950,Acadia Park Residence - Yalta Place (5644),Vancouver,V6T 2C2,BC,VBL10438,Residential,CampusMail,5644 Yalta Place,49.263823,-123.238709
VAD10677,Fairview Crescent Residence (Unit 28),Vancouver,V6T 2B9,BC,VBL10193,Residential,CampusMail,2628 Fairview Crescent,49.263364,-123.240646
VAD10678,Fairview Crescent Residence (Unit 28),Vancouver,V6T 2B9,BC,VBL10193,Residential,CampusMail,2626 Fairview Crescent,49.263364,-123.240647
VAD10679,Fairview Crescent Residence (Unit 28),Vancouver,V6T 2B9,BC,VBL10193,Residential,CampusMail,2622 Fairview Crescent,49.2633,-123.240674
VAD10680,Fairview Crescent Residence (Unit 28),Vancouver,V6T 2B9,BC,VBL10193,Residential,CampusMail,2624 Fairview Crescent,49.263335,-123.240649
VAD10681,Acadia Park Residence - Tennis Crescent (2638),Vancouver,V6T 2E1,BC,VBL10436,Residential,CampusMail,2638 Tennis Crescent,49.263597,-123.237681
VAD10682,Acadia Park Residence - Yalta Place (5603),Vancouver,V6T 1L7,BC,VBL10438,Residential,CampusMail,5603 Yalta Place,49.264436,-123.237735
VAD10684,Acadia Park Residence - Montgomery Place (5603),Vancouver,V6T 2C8,BC,VBL10439,Residential,CampusMail,5603 Montgomery Place,49.265013,-123.238279
VAD10696,Acadia Park Residence - Fairview Place (5603),Vancouver,V6T 2E2,BC,VBL10437,Residential,CampusMail,5603 Fairview Place,49.263245,-123.236792
VAD10697,Acadia Park Residence - Melfa Lane (2502),Vancouver,V6T 2C6,BC,VBL10258,Residential,CampusMail,2502 Melfa Lane,49.265251,-123.237758
VAD10698,Acadia Park Residence - Melfa Lane (2609),Vancouver,V6T 2C5,BC,VBL10258,Residential,CampusMail,2609 Melfa Lane,49.26402,-123.237011
VAD10961,Acadia Park Residence - Yalta Place (5615),Vancouver,V6T 1L7,BC,VBL10438,Residential,CampusMail,5615 Yalta Place,49.264355,-123.238076
VAD10962,Acadia Park Residence - Montgomery Place (5626),Vancouver,V6T 2C7,BC,VBL10439,Residential,CampusMail,5626 Montgomery Place,49.264537,-123.238758
VAD10963,Acadia Park Residence - Montgomery Place (5623),Vancouver,V6T 2C8,BC,VBL10439,Residential,CampusMail,5623 Montgomery Place,49.264912,-123.238989
VAD10964,Acadia Park Residence - Montgomery Place (5643),Vancouver,V6T 2C8,BC,VBL10439,Residential,CampusMail,5643 Montgomery Place,49.264657,-123.239652
VAD10965,Acadia Park Residence - Montgomery Place (5600),Vancouver,V6T 2C7,BC,VBL10439,Residential,CampusMail,5600 Montgomery Place,49.264917,-123.238155
VAD10966,Acadia Park Residence - Montgomery Place (5619),Vancouver,V6T 2C8,BC,VBL10439,Residential,CampusMail,5619 Montgomery Place,49.264826,-123.238821
VAD10968,Acadia Park Residence - Yalta Place (5611),Vancouver,V6T 1L7,BC,VBL10438,Residential,CampusMail,5611 Yalta Place,49.264404,-123.237975
VAD10969,Acadia Park Residence - Yalta Place (5647),Vancouver,V6T 1L7,BC,VBL10438,Residential,CampusMail,5647 Yalta Place,49.264019,-123.238927
VAD10970,Acadia Park Residence - Yalta Place (5652),Vancouver,V6T 2C2,BC,VBL10438,Residential,CampusMail,5652 Yalta Place,49.263749,-123.23895
VAD10699,Acadia Park Residence - Tennis Crescent (2658),Vancouver,V6T 2E1,BC,VBL10436,Residential,CampusMail,2658 Tennis Crescent,49.263186,-123.237356
VAD10700,Acadia Park Residence - Fairview Place (5601),Vancouver,V6T 2E2,BC,VBL10437,Residential,CampusMail,5601 Fairview Place,49.263267,-123.236732
VAD10701,Acadia Park Residence - Fairview Place (5611),Vancouver,V6T 2E2,BC,VBL10437,Residential,CampusMail,5611 Fairview Place,49.263163,-123.236996
VAD10702,Acadia Park Residence - Montgomery Place (5605),Vancouver,V6T 2C8,BC,VBL10439,Residential,CampusMail,5605 Montgomery Place,49.265019,-123.23841
VAD10703,Acadia Park Residence - Pearkes Lane (2525),Vancouver,V6T 2C5,BC,VBL10440,Residential,CampusMail,2525 Pearkes Lane,49.26421,-123.239367
VAD10704,Acadia Park Residence - Yalta Place (5619),Vancouver,V6T 1L7,BC,VBL10438,Residential,CampusMail,5619 Yalta Place,49.264312,-123.238176
VAD10707,Acadia Park Residence - Tennis Crescent (2657),Vancouver,V6T 2C1,BC,VBL10436,Residential,CampusMail,2657 Tennis Crescent,49.263111,-123.237674
VAD10685,Acadia Park Residence - Melfa Lane (2603),Vancouver,V6T 2C5,BC,VBL10258,Residential,CampusMail,2603 Melfa Lane,49.26451,-123.237427
VAD10686,Acadia Park Residence - Pearkes Lane (2603),Vancouver,V6T 2C5,BC,VBL10440,Residential,CampusMail,2603 Pearkes Lane,49.263974,-123.239171
VAD10688,Acadia Park Residence - Montgomery Place (5607),Vancouver,V6T 2C8,BC,VBL10439,Residential,CampusMail,5607 Montgomery Place,49.265093,-123.238442
VAD10951,Acadia Park Residence - Montgomery Place (5632),Vancouver,V6T 2C7,BC,VBL10439,Residential,CampusMail,5632 Montgomery Place,49.264609,-123.239058
VAD10952,Acadia Park Residence - Melfa Lane (2505),Vancouver,V6T 2C5,BC,VBL10258,Residential,CampusMail,2505 Melfa Lane,49.264899,-123.237832
VAD10953,Acadia Park Residence - Yalta Place (5645),Vancouver,V6T 1L7,BC,VBL10438,Residential,CampusMail,5645 Yalta Place,49.264045,-123.238892
VAD10954,Acadia Park Residence - Tennis Crescent (2655),Vancouver,V6T 2C1,BC,VBL10436,Residential,CampusMail,2655 Tennis Crescent,49.263206,-123.237628
VAD10955,Acadia Park Residence - Montgomery Place (5644),Vancouver,V6T 2C7,BC,VBL10439,Residential,CampusMail,5644 Montgomery Place,49.264459,-123.239344
VAD10956,Acadia Park Residence - Melfa Lane (2623),Vancouver,V6T 2C5,BC,VBL10258,Residential,CampusMail,2623 Melfa Lane,49.263769,-123.236866
VAD10957,Acadia Park Residence - Yalta Place (5638),Vancouver,V6T 2C2,BC,VBL10438,Residential,CampusMail,5638 Yalta Place,49.264002,-123.238534
VAD10959,Acadia Park Residence - Yalta Place (5648),Vancouver,V6T 2C2,BC,VBL10438,Residential,CampusMail,5648 Yalta Place,49.263781,-123.238839
VAD10960,Acadia Park Residence - Melfa Lane (2512),Vancouver,V6T 2C6,BC,VBL10258,Residential,CampusMail,2512 Melfa Lane,49.265094,-123.237705
VAD10689,Acadia Park Residence - Tennis Crescent (2627),Vancouver,V6T 2C1,BC,VBL10436,Residential,CampusMail,2627 Tennis Crescent,49.263833,-123.238175
VAD10690,Acadia Park Residence - Montgomery Place (5624),Vancouver,V6T 2C7,BC,VBL10439,Residential,CampusMail,5624 Montgomery Place,49.264556,-123.238701
VAD10691,Acadia Park Residence - Montgomery Place (5642),Vancouver,V6T 2C7,BC,VBL10439,Residential,CampusMail,5642 Montgomery Place,49.264491,-123.239268
VAD10692,Acadia Park Residence - Pearkes Lane (2506),Vancouver,V6T 2C4,BC,VBL10440,Residential,CampusMail,2506 Pearkes Lane,49.264204,-123.239146
VAD10693,Acadia Park Residence - Melfa Lane (2511),Vancouver,V6T 2C5,BC,VBL10258,Residential,CampusMail,2511 Melfa Lane,49.264813,-123.237713
VAD10694,Acadia Park Residence - Melfa Lane (2608),Vancouver,V6T 2C6,BC,VBL10258,Residential,CampusMail,2608 Melfa Lane,49.264423,-123.237068
VAD10695,Acadia Park Residence - Melfa Lane (2607),Vancouver,V6T 2C5,BC,VBL10258,Residential,CampusMail,2607 Melfa Lane,49.264061,-123.237042
VAD10940,Acadia Park Residence - Montgomery Place (5614),Vancouver,V6T 2C7,BC,VBL10439,Residential,CampusMail,5614 Montgomery Place,49.264743,-123.238498
VAD10667,Fairview Crescent Residence (Unit 26),Vancouver,V6T 2B9,BC,VBL10193,Residential,CampusMail,2608 Fairview Crescent,49.263235,-123.24099
VAD10668,Fairview Crescent Residence (Unit 28),Vancouver,V6T 2B9,BC,VBL10193,Residential,CampusMail,2634 Fairview Crescent,49.263291,-123.240581
VAD10669,Fairview Crescent Residence (Unit 26),Vancouver,V6T 2B9,BC,VBL10193,Residential,CampusMail,2612 Fairview Crescent,49.263221,-123.240897
VAD10670,Fairview Crescent Residence (Unit 26) ,Vancouver,V6T 2B9,BC,VBL10193,Residential,CampusMail,2604 Fairview Crescent,49.263219,-123.240998
VAD10671,Fairview Crescent Residence (Unit 28),Vancouver,V6T 2B9,BC,VBL10193,Residential,CampusMail,2630 Fairview Crescent,49.263361,-123.240628
VAD10672,Fairview Crescent Residence (Unit 27),Vancouver,V6T 2B9,BC,VBL10193,Residential,CampusMail,2616 Fairview Crescent,49.263241,-123.240823
VAD10673,Fairview Crescent Residence (Unit 28),Vancouver,V6T 2B9,BC,VBL10193,Residential,CampusMail,2632 Fairview Crescent,49.263336,-123.240607
VAD10674,Fairview Crescent Residence (Unit 27),Vancouver,V6T 2B9,BC,VBL10193,Residential,CampusMail,2620 Fairview Crescent,49.263264,-123.240756
VAD10675,Fairview Crescent Residence (Unit 27),Vancouver,V6T 2B9,BC,VBL10193,Residential,CampusMail,2618 Fairview Crescent,49.2633,-123.240825
VAD10676,Fairview Crescent Residence (Unit 27),Vancouver,V6T 2B9,BC,VBL10193,Residential,CampusMail,2614 Fairview Crescent,49.263241,-123.240841
VAD10941,Acadia Park Residence - Melfa Lane (2520),Vancouver,V6T 2C6,BC,VBL10258,Residential,CampusMail,2520 Melfa Lane,49.264834,-123.237394
VAD10942,Acadia Park Residence - Yalta Place (5612),Vancouver,V6T 2C2,BC,VBL10438,Residential,CampusMail,5612 Yalta Place,49.264091,-123.237906
VAD10943,Acadia Park Residence - Melfa Lane (2604),Vancouver,V6T 2C6,BC,VBL10258,Residential,CampusMail,2604 Melfa Lane,49.264486,-123.237149
VAD10944,Acadia Park Residence - Melfa Lane (2614),Vancouver,V6T 2C6,BC,VBL10258,Residential,CampusMail,2614 Melfa Lane,49.264098,-123.236809
VAD10945,Acadia Park Residence - Pearkes Lane (2515),Vancouver,V6T 2C5,BC,VBL10440,Residential,CampusMail,2515 Pearkes Lane,49.264417,-123.239561
VAD10946,Acadia Park Residence - Tennis Crescent (2645),Vancouver,V6T 2C1,BC,VBL10436,Residential,CampusMail,2645 Tennis Crescent,49.263424,-123.237745
VAD10947,Acadia Park Residence - Tennis Crescent (2661),Vancouver,V6T 2C1,BC,VBL10436,Residential,CampusMail,2661 Tennis Crescent,49.26303,-123.237546
VAD10746,Acadia Park Residence - Yalta Place (5631),Vancouver,V6T 1L7,BC,VBL10438,Residential,CampusMail,5631 Yalta Place,49.264158,-123.238494
VAD10747,Acadia Park Residence - Melfa Lane (2517),Vancouver,V6T 2C5,BC,VBL10258,Residential,CampusMail,2517 Melfa Lane,49.264716,-123.237616
VAD10748,Acadia Park Residence - Tennis Crescent (2626),Vancouver,V6T 2E1,BC,VBL10436,Residential,CampusMail,2626 Tennis Crescent,49.26379,-123.237892
VAD10993,Acadia Park Residence - Montgomery Place (5610),Vancouver,V6T 2C7,BC,VBL10439,Residential,CampusMail,5610 Montgomery Place,49.264791,-123.238411
VAD10994,Acadia Park Residence - Tennis Crescent (2649),Vancouver,V6T 2C1,BC,VBL10436,Residential,CampusMail,2649 Tennis Crescent,49.263344,-123.237711
VAD10996,Acadia Park Residence - Yalta Place (5607),Vancouver,V6T 1L7,BC,VBL10438,Residential,CampusMail,5607 Yalta Place,49.264417,-123.237851
VAD10997,Acadia Park Residence - Pearkes Lane (2609),Vancouver,V6T 2C5,BC,VBL10440,Residential,CampusMail,2609 Pearkes Lane,49.263823,-123.239152
VAD10998,Acadia Park Residence - Yalta Place (5609),Vancouver,V6T 1L7,BC,VBL10438,Residential,CampusMail,5609 Yalta Place,49.264413,-123.237906
VAD10999,Acadia Park Residence - Tennis Crescent (2635),Vancouver,V6T 2C1,BC,VBL10436,Residential,CampusMail,2635 Tennis Crescent,49.263653,-123.238113
VAD11000,Acadia Park Residence - Montgomery Place (5639),Vancouver,V6T 2C8,BC,VBL10439,Residential,CampusMail,5639 Montgomery Place,49.264738,-123.23953
VAD11001,Acadia Park Residence - Melfa Lane (2501),Vancouver,V6T 2C5,BC,VBL10258,Residential,CampusMail,2501 Melfa Lane,49.264982,-123.237966
VAD11002,Acadia Park Residence - Pearkes Lane (2601),Vancouver,V6T 2C5,BC,VBL10440,Residential,CampusMail,2601 Pearkes Lane,49.264014,-123.239192
VAD11003,Acadia Park Residence - Melfa Lane (2639),Vancouver,V6T 2C5,BC,VBL10258,Residential,CampusMail,2639 Melfa Lane,49.263338,-123.236526
VAD10749,Acadia Park Residence - Yalta Place (5643),Vancouver,V6T 1L7,BC,VBL10438,Residential,CampusMail,5643 Yalta Place,49.26406,-123.238833
VAD10750,Acadia Park Residence - Melfa Lane (2620),Vancouver,V6T 2C6,BC,VBL10258,Residential,CampusMail,2620 Melfa Lane,49.263981,-123.236816
VAD10751,Acadia Park Residence - Pearkes Lane (2504),Vancouver,V6T 2C4,BC,VBL10440,Residential,CampusMail,2504 Pearkes Lane,49.264239,-123.239166
VAD10752,Acadia Park Residence - Melfa Lane (2625),Vancouver,V6T 2C5,BC,VBL10258,Residential,CampusMail,2625 Melfa Lane,49.263729,-123.236833
VAD10753,Acadia Park Residence - Yalta Place (5505),Vancouver,V6T 1L7,BC,VBL10438,Residential,CampusMail,5505 Yalta Place,49.264447,-123.237611
VAD10754,Acadia Park Residence - Pearkes Lane (2521),Vancouver,V6T 2C5,BC,VBL10440,Residential,CampusMail,2521 Pearkes Lane,49.264319,-123.239454
VAD10755,Acadia Park Residence - Tennis Crescent (2622),Vancouver,V6T 2E1,BC,VBL10436,Residential,CampusMail,2622 Tennis Crescent,49.263852,-123.237953
VAD10756,Acadia Park Residence - Melfa Lane (2635),Vancouver,V6T 2C5,BC,VBL10258,Residential,CampusMail,2635 Melfa Lane,49.263487,-123.236785
VAD10757,Acadia Park Residence - Montgomery Place (5611),Vancouver,V6T 2C8,BC,VBL10439,Residential,CampusMail,5611 Montgomery Place,49.265008,-123.238563
VAD10758,Acadia Park Residence - Fairview Place (5605),Vancouver,V6T 2E2,BC,VBL10437,Residential,CampusMail,5605 Fairview Place,49.263214,-123.236825
VAD11004,Acadia Park Residence - Montgomery Place (5615),Vancouver,V6T 2C8,BC,VBL10439,Residential,CampusMail,5615 Montgomery Place,49.26495,-123.238613
VAD11006,Acadia Park Residence - Tennis Crescent (2629),Vancouver,V6T 2C1,BC,VBL10436,Residential,CampusMail,2629 Tennis Crescent,49.263792,-123.238159
VAD11007,Acadia Park Residence - Montgomery Place (5641),Vancouver,V6T 2C8,BC,VBL10439,Residential,CampusMail,5641 Montgomery Place,49.264674,-123.239593
VAD11009,Acadia Park Residence - Pearkes Lane (2605),Vancouver,V6T 2C5,BC,VBL10440,Residential,CampusMail,2605 Pearkes Lane,49.263936,-123.239168
VAD11010,Acadia Park Residence - Yalta Place (5616),Vancouver,V6T 2C2,BC,VBL10438,Residential,CampusMail,5616 Yalta Place,49.26403,-123.237984
VAD11011,Acadia Park Residence - Yalta Place (5625),Vancouver,V6T 1L7,BC,VBL10438,Residential,CampusMail,5625 Yalta Place,49.264199,-123.238355
VAD11012,Acadia Park Residence - Pearkes Lane (2502),Vancouver,V6T 2C4,BC,VBL10440,Residential,CampusMail,2502 Pearkes Lane,49.264276,-123.239194
VAD11013,Acadia Park Residence - Montgomery Place (5629),Vancouver,V6T 2C8,BC,VBL10439,Residential,CampusMail,5629 Montgomery Place,49.264827,-123.239232
VAD11015,Acadia Park Residence - Melfa Lane (2518),Vancouver,V6T 2C6,BC,VBL10258,Residential,CampusMail,2518 Melfa Lane,49.264843,-123.23752
VAD10759,Acadia Park Residence - Yalta Place (5639),Vancouver,V6T 1L7,BC,VBL10438,Residential,CampusMail,5639 Yalta Place,49.264106,-123.238725
VAD10760,Acadia Park Residence - Fairview Place (5505),Vancouver,V6T 2E2,BC,VBL10437,Residential,CampusMail,5505 Fairview Place,49.263264,-123.236672
VAD10761,Acadia Park Residence - Yalta Place (5637),Vancouver,V6T 1L7,BC,VBL10438,Residential,CampusMail,5637 Yalta Place,49.264117,-123.238672
VAD10762,Acadia Park Residence - Montgomery Place (5622),Vancouver,V6T 2C7,BC,VBL10439,Residential,CampusMail,5622 Montgomery Place,49.264556,-123.238585
VAD10763,Acadia Park Residence - Fairview Place (5503),Vancouver,V6T 2E2,BC,VBL10437,Residential,CampusMail,5503 Fairview Place,49.263285,-123.236609
VAD10764,Acadia Park Residence - Yalta Place (5613),Vancouver,V6T 1L7,BC,VBL10438,Residential,CampusMail,5613 Yalta Place,49.264364,-123.238013
VAD10765,Acadia Park Residence - Tennis Crescent (2644),Vancouver,V6T 2E1,BC,VBL10436,Residential,CampusMail,2644 Tennis Crescent,49.26351,-123.237506
VAD10710,Acadia Park Residence - Melfa Lane (2621),Vancouver,V6T 2C5,BC,VBL10258,Residential,CampusMail,2621 Melfa Lane,49.263791,-123.236902
VAD10716,Acadia Park Residence - Montgomery Place (5602),Vancouver,V6T 2C7,BC,VBL10439,Residential,CampusMail,5602 Montgomery Place,49.264896,-123.23821
VAD10717,Acadia Park Residence - Pearkes Lane (2503),Vancouver,V6T 2C5,BC,VBL10440,Residential,CampusMail,2503 Pearkes Lane,49.26462,-123.239748
VAD10971,Acadia Park Residence - Tennis Crescent (2633),Vancouver,V6T 2C1,BC,VBL10436,Residential,CampusMail,2633 Tennis Crescent,49.263727,-123.238092
VAD10972,Acadia Park Residence - Melfa Lane (2600),Vancouver,V6T 2C6,BC,VBL10258,Residential,CampusMail,2600 Melfa Lane,49.264612,-123.237156
VAD10973,Acadia Park Residence - Yalta Place (5654),Vancouver,V6T 2C2,BC,VBL10438,Residential,CampusMail,5654 Yalta Place,49.263708,-123.239051
VAD10974,Acadia Park Residence - Yalta Place (5623),Vancouver,V6T 1L7,BC,VBL10438,Residential,CampusMail,5623 Yalta Place,49.264232,-123.238291
VAD10975,Acadia Park Residence - Pearkes Lane (2527),Vancouver,V6T 2C5,BC,VBL10440,Residential,CampusMail,2527 Pearkes Lane,49.26412,-123.239309
VAD10976,Acadia Park Residence - Pearkes Lane (2607),Vancouver,V6T 2C5,BC,VBL10440,Residential,CampusMail,2607 Pearkes Lane,49.263897,-123.239148
VAD10977,Acadia Park Residence - Pearkes Lane (2519),Vancouver,V6T 2C5,BC,VBL10440,Residential,CampusMail,2519 Pearkes Lane,49.264356,-123.239484
VAD10978,Acadia Park Residence - Montgomery Place (5507),Vancouver,V6T 2C8,BC,VBL10439,Residential,CampusMail,5507 Montgomery Place,49.265194,-123.238152
VAD10979,Acadia Park Residence - Montgomery Place (5616),Vancouver,V6T 2C7,BC,VBL10439,Residential,CampusMail,5616 Montgomery Place,49.264719,-123.238517
VAD10980,Acadia Park Residence - Pearkes Lane (2508),Vancouver,V6T 2C4,BC,VBL10440,Residential,CampusMail,2508 Pearkes Lane,49.264168,-123.239114
VAD10718,Acadia Park Residence - Yalta Place (5636),Vancouver,V6T 2C2,BC,VBL10438,Residential,CampusMail,5636 Yalta Place,49.263992,-123.23839
VAD10719,Acadia Park Residence - Montgomery Place (5503),Vancouver,V6T 2C8,BC,VBL10439,Residential,CampusMail,5503 Montgomery Place,49.265211,-123.237973
VAD10720,Acadia Park Residence - Yalta Place (5650),Vancouver,V6T 2C2,BC,VBL10438,Residential,CampusMail,5650 Yalta Place,49.263763,-123.238889
VAD10721,Acadia Park Residence - Montgomery Place (5620),Vancouver,V6T 2C7,BC,VBL10439,Residential,CampusMail,5620 Montgomery Place,49.264618,-123.238508
VAD10723,Acadia Park Residence - Tennis Crescent (2654),Vancouver,V6T 2E1,BC,VBL10436,Residential,CampusMail,2654 Tennis Crescent,49.263263,-123.237395
VAD10727,Acadia Park Residence - Montgomery Place (5627),Vancouver,V6T 2C8,BC,VBL10439,Residential,CampusMail,5627 Montgomery Place,49.264828,-123.23911
VAD10728,Acadia Park Residence - Yalta Place (5604),Vancouver,V6T 2C2,BC,VBL10438,Residential,CampusMail,5604 Yalta Place,49.264297,-123.237737
VAD10729,Acadia Park Residence - Yalta Place (5635),Vancouver,V6T 1L7,BC,VBL10438,Residential,CampusMail,5635 Yalta Place,49.264131,-123.238612
VAD10730,Acadia Park Residence - Yalta Place (5605),Vancouver,V6T 1L7,BC,VBL10438,Residential,CampusMail,5605 Yalta Place,49.264428,-123.237789
VAD10731,Acadia Park Residence - Tennis Crescent (2634),Vancouver,V6T 2E1,BC,VBL10436,Residential,CampusMail,2634 Tennis Crescent,49.263675,-123.237729
VAD10981,Acadia Park Residence - Yalta Place (5610),Vancouver,V6T 2C2,BC,VBL10438,Residential,CampusMail,5610 Yalta Place,49.26412,-123.237859
VAD10982,Acadia Park Residence - Melfa Lane (2510),Vancouver,V6T 2C6,BC,VBL10258,Residential,CampusMail,2510 Melfa Lane,49.265108,-123.237549
VAD10983,Acadia Park Residence - Tennis Crescent (2636),Vancouver,V6T 2E1,BC,VBL10436,Residential,CampusMail,2636 Tennis Crescent,49.263636,-123.237686
VAD10984,Acadia Park Residence - Tennis Crescent (2660),Vancouver,V6T 2E1,BC,VBL10436,Residential,CampusMail,2660 Tennis Crescent,49.263141,-123.237361
VAD10985,Acadia Park Residence - Yalta Place (5646),Vancouver,V6T 2C2,BC,VBL10438,Residential,CampusMail,5646 Yalta Place,49.263799,-123.238781
VAD10987,Acadia Park Residence - Yalta Place (5502),Vancouver,V6T 2C2,BC,VBL10438,Residential,CampusMail,5502 Yalta Place,49.264341,-123.237171
VAD10988,Acadia Park Residence - Yalta Place (5602),Vancouver,V6T 2C2,BC,VBL10438,Residential,CampusMail,5602 Yalta Place,49.264327,-123.237575
VAD10989,Acadia Park Residence - Montgomery Place (5633),Vancouver,V6T 2C8,BC,VBL10439,Residential,CampusMail,5633 Montgomery Place,49.264701,-123.239213
VAD10990,Acadia Park Residence - Melfa Lane (2633),Vancouver,V6T 2C5,BC,VBL10258,Residential,CampusMail,2633 Melfa Lane,49.263576,-123.236751
VAD10991,Acadia Park Residence - Montgomery Place (5609),Vancouver,V6T 2C8,BC,VBL10439,Residential,CampusMail,5609 Montgomery Place,49.265025,-123.238505
VAD10735,Acadia Park Residence - Yalta Place (5608),Vancouver,V6T 2C2,BC,VBL10438,Residential,CampusMail,5608 Yalta Place,49.264131,-123.237736
VAD10736,Acadia Park Residence - Fairview Place (5609),Vancouver,V6T 2E2,BC,VBL10437,Residential,CampusMail,5609 Fairview Place,49.263185,-123.236931
VAD10737,Acadia Park Residence - Melfa Lane (2610),Vancouver,V6T 2C6,BC,VBL10258,Residential,CampusMail,2610 Melfa Lane,49.264383,-123.236954
VAD10738,Acadia Park Residence - Montgomery Place (5636),Vancouver,V6T 2C7,BC,VBL10439,Residential,CampusMail,5636 Montgomery Place,49.264561,-123.239153
VAD10739,Acadia Park Residence - Melfa Lane (2617),Vancouver,V6T 2C5,BC,VBL10258,Residential,CampusMail,2617 Melfa Lane,49.263864,-123.236943
VAD10740,Acadia Park Residence - Melfa Lane (2619),Vancouver,V6T 2C5,BC,VBL10258,Residential,CampusMail,2619 Melfa Lane,49.26383,-123.236937
VAD10745,Acadia Park Residence - Melfa Lane (2601),Vancouver,V6T 2C5,BC,VBL10258,Residential,CampusMail,2601 Melfa Lane,49.264594,-123.237499
VAD10836,Acadia Park Residence - Melfa Lane (2611),Vancouver,V6T 2C5,BC,VBL10258,Residential,CampusMail,2611 Melfa Lane,49.263976,-123.237031
VAD10837,Acadia Park Residence - Tennis Crescent (2630),Vancouver,V6T 2E1,BC,VBL10436,Residential,CampusMail,2630 Tennis Crescent,49.263727,-123.237827
VAD10843,Acadia Park Residence - Montgomery Place (5625),Vancouver,V6T 2C8,BC,VBL10439,Residential,CampusMail,5625 Montgomery Place,49.264847,-123.239053
VAD11185,Fairview Crescent Residence (Unit 16A),Vancouver,V6T 2B8,BC,VBL10198,Residential,CampusMail,2689A Fairview Crescent,49.263176,-123.23947
VAD10846,Acadia Park Residence - Fairview Place (5607),Vancouver,V6T 2E2,BC,VBL10437,Residential,CampusMail,5607 Fairview Place,49.263193,-123.236886
VAD10847,Acadia Park Residence - Tennis Crescent (2643),Vancouver,V6T 2C1,BC,VBL10436,Residential,CampusMail,2643 Tennis Crescent,49.263462,-123.237775
VAD10848,Acadia Park Residence - Tennis Crescent (2652),Vancouver,V6T 2E1,BC,VBL10436,Residential,CampusMail,2652 Tennis Crescent,49.263301,-123.237422
VAD10853,Acadia Park Residence - Tennis Crescent (2625),Vancouver,V6T 2C1,BC,VBL10436,Residential,CampusMail,2625 Tennis Crescent,49.263865,-123.238189
VAD10854,Acadia Park Residence - Yalta Place (5629),Vancouver,V6T 1L7,BC,VBL10438,Residential,CampusMail,5629 Yalta Place,49.26416,-123.238436
VAD10855,Acadia Park Residence - Melfa Lane (2514),Vancouver,V6T 2C6,BC,VBL10258,Residential,CampusMail,2514 Melfa Lane,49.264988,-123.237682
VAD10857,Acadia Park Residence - Montgomery Place (5509),Vancouver,V6T 2C8,BC,VBL10439,Residential,CampusMail,5509 Montgomery Place,49.265137,-123.238076
VAD10858,Acadia Park Residence - Yalta Place (5503),Vancouver,V6T 1L7,BC,VBL10438,Residential,CampusMail,5503 Yalta Place,49.264457,-123.23755
VAD10859,Acadia Park Presidents Row (101A),Vancouver,V6T 1L5,BC,VBL10295,Residential,CampusMail,5515 Presidents Row,49.265416,-123.238573
VAD10861,Acadia Park Presidents Row (101B),Vancouver,V6T 1L5,BC,VBL10295,Residential,CampusMail,5511 Presidents Row,49.265488,-123.238448
VAD10862,Acadia Park Presidents Row (101C),Vancouver,V6T 1L5,BC,VBL10295,Residential,CampusMail,5509 Presidents Row,49.265503,-123.238407
VAD10864,Acadia Park Presidents Row (101D),Vancouver,V6T 1L5,BC,VBL10295,Residential,CampusMail,5507 Presidents Row,49.265531,-123.238325
VAD10866,Acadia Park Presidents Row (101E),Vancouver,V6T 1L5,BC,VBL10295,Residential,CampusMail,5505 Presidents Row,49.265544,-123.238289
VAD10867,Acadia Park Presidents Row (101F),Vancouver,V6T 1L5,BC,VBL10295,Residential,CampusMail,5503 Presidents Row,49.265576,-123.238117
VAD10869,Acadia Park Presidents Row (102A),Vancouver,V6T 1L5,BC,VBL10295,Residential,CampusMail,5529 Presidents Row,49.26518,-123.239241
VAD10870,Acadia Park Presidents Row (102B),Vancouver,V6T 1L5,BC,VBL10295,Residential,CampusMail,5527 Presidents Row,49.265255,-123.239109
VAD10871,Acadia Park Presidents Row (102C),Vancouver,V6T 1L5,BC,VBL10295,Residential,CampusMail,5525 Presidents Row,49.265266,-123.239078
VAD10872,Acadia Park Presidents Row (102D),Vancouver,V6T 1L5,BC,VBL10295,Residential,CampusMail,5523 Presidents Row,49.265293,-123.239001
VAD10873,Acadia Park Presidents Row (102E),Vancouver,V6T 1L5,BC,VBL10295,Residential,CampusMail,5521 Presidents Row,49.265305,-123.238968
VAD10766,Acadia Park Residence - Pearkes Lane (2507),Vancouver,V6T 2C5,BC,VBL10440,Residential,CampusMail,2507 Pearkes Lane,49.264556,-123.23968
VAD10767,Acadia Park Residence - Tennis Crescent (2648),Vancouver,V6T 2E1,BC,VBL10436,Residential,CampusMail,2648 Tennis Crescent,49.263376,-123.237453
VAD10768,Acadia Park Residence - Melfa Lane (2622),Vancouver,V6T 2C6,BC,VBL10258,Residential,CampusMail,2622 Melfa Lane,49.263907,-123.236776
VAD11016,Acadia Park Residence - Tennis Crescent (2624),Vancouver,V6T 2E1,BC,VBL10436,Residential,CampusMail,2624 Tennis Crescent,49.263814,-123.237911
VAD11017,Acadia Park Residence - Yalta Place (5642),Vancouver,V6T 2C2,BC,VBL10438,Residential,CampusMail,5642 Yalta Place,49.263903,-123.238758
VAD11018,Acadia Park Residence - Melfa Lane (2509),Vancouver,V6T 2C5,BC,VBL10258,Residential,CampusMail,2509 Melfa Lane,49.264837,-123.237759
VAD11019,Acadia Park Residence - Tennis Crescent (2651),Vancouver,V6T 2C1,BC,VBL10436,Residential,CampusMail,2651 Tennis Crescent,49.263321,-123.237657
VAD11020,Acadia Park Residence - Montgomery Place (5637),Vancouver,V6T 2C8,BC,VBL10439,Residential,CampusMail,5637 Montgomery Place,49.264651,-123.239483
VAD11021,Acadia Park Residence - Melfa Lane (2615),Vancouver,V6T 2C5,BC,VBL10258,Residential,CampusMail,2615 Melfa Lane,49.263904,-123.236973
VAD11153,Acadia Park Residence - Montgomery Place (5635),Vancouver,V6T 2C8,BC,VBL10439,Residential,CampusMail,5635 Montgomery Place,49.264648,-123.239356
VAD11184,Fairview Crescent Residence (Unit 19A),Vancouver,V6T 2B8,BC,VBL10198,Residential,CampusMail,2673A Fairview Crescent,49.263333,-123.239747
VAD11186,Fairview Crescent Residence (Unit 22A),Vancouver,V6T 2B8,BC,VBL10198,Residential,CampusMail,2649A Fairview Crescent,49.263147,-123.24023
VAD11182,Fairview Crescent Residence (Unit 14A),Vancouver,V6T 2B8,BC,VBL10198,Residential,CampusMail,2721A Fairview Crescent,49.262851,-123.239438
VAD10769,Acadia Park Residence - Melfa Lane (2631),Vancouver,V6T 2C5,BC,VBL10258,Residential,CampusMail,2631 Melfa Lane,49.263618,-123.236783
VAD10770,Acadia Park Residence - Tennis Crescent (2647),Vancouver,V6T 2C1,BC,VBL10436,Residential,CampusMail,2647 Tennis Crescent,49.263381,-123.23774
VAD10771,Acadia Park Residence - Yalta Place (5617),Vancouver,V6T 1L7,BC,VBL10438,Residential,CampusMail,5617 Yalta Place,49.264326,-123.238109
VAD10832,Acadia Park Residence - Melfa Lane (2513),Vancouver,V6T 2C5,BC,VBL10258,Residential,CampusMail,2513 Melfa Lane,49.264777,-123.237684
VAD10833,Acadia Park Residence - Pearkes Lane (2501),Vancouver,V6T 2C5,BC,VBL10440,Residential,CampusMail,2501 Pearkes Lane,49.264677,-123.239845
VAD10834,Acadia Park Residence - Melfa Lane (2634),Vancouver,V6T 2C6,BC,VBL10258,Residential,CampusMail,2634 Melfa Lane,49.263651,-123.236347
VAD10835,Acadia Park Residence - Yalta Place (5627),Vancouver,V6T 1L7,BC,VBL10438,Residential,CampusMail,5627 Yalta Place,49.264174,-123.238377
VAD10106,Pharmaceutical Sciences Building,Vancouver,V6T 1Z3,BC,VBL10110,CampusBuilding,CampusMail,2405 Wesbrook Mall,49.262584,-123.242775
VAD10118,Landscape Architecture Annex,Vancouver,V6T 1Z4,BC,VBL10377,CampusBuilding,CampusMail,2371 Main Mall,49.260626,-123.249975
VAD10124,Lower Mall Header House,Vancouver,V6T 1Z4,BC,VBL10097,CampusBuilding,CampusMail,2331 Lower Mall,49.260586,-123.254967
VAD11030,David Lam Management Research Centre,Vancouver,V6T 1Z2,BC,VBL10278,CampusBuilding,CampusMail,2033 Main Mall,49.265682,-123.254071
VAD11036,Doug Mitchell Thunderbird Sports Centre,Vancouver,V6T 1Z3,BC,VBL10307,CampusBuilding,CampusMail,6066 Thunderbird Boulevard,49.260911,-123.242422
VAD10454,Stores Road Annex,Vancouver,V6T 1Z4,BC,VBL10124,CampusBuilding,CampusMail,6368 Stores Road,49.261734,-123.252401
VAD10138,Kids Club,Vancouver,V6T 1S1,BC,VBL10374,CampusBuilding,CampusMail,2855 Acadia Road,49.261709,-123.234914
VAD10170,Material Recovery Facility,Vancouver,V6T 1W5,BC,VBL10203,CampusBuilding,CampusMail,6055 Nurseries Road,49.245795,-123.228543
VAD11052,War Memorial Gymnasium,Vancouver,V6T 1Z1,BC,VBL10161,CampusBuilding,CampusMail,6081 University Boulevard,49.266527,-123.247983
VAD11053,Wayne and William White Engineering Design Centre,Vancouver,V6T 1Z4,BC,VBL10064,CampusBuilding,CampusMail,2345 East Mall,49.262318,-123.247973
VAD11054,Wesbrook Building,Vancouver,V6T 1Z3,BC,VBL10266,CampusBuilding,CampusMail,6174 University Boulevard,49.265372,-123.249559
VAD11075,Theatre-Film Production Building,Vancouver,V6T 1Z4,BC,VBL10209,CampusBuilding,CampusMail,6358 University Boulevard,49.263939,-123.253824
VAD10472,Bioenergy Research and Demonstration Facility,Vancouver,V6T 1Z4,BC,VBL10069,CampusBuilding,CampusMail,2337 Lower Mall,49.26031,-123.254182
VAD10491,Ambulance Station,Vancouver,V6T 1Z3,BC,VBL10186,OtherBuilding,CampusMail,2333 Wesbrook Mall,49.263264,-123.243553
VAD10176,Medical Sciences Block C,Vancouver,V6T 1Z3,BC,VBL10094,CampusBuilding,CampusMail,2176 Health Sciences Mall,49.265,-123.247578
VAD10179,Museum of Anthropology,Vancouver,V6T 1Z2,BC,VBL10235,CampusBuilding,CampusMail,6393 NW Marine Drive,49.269133,-123.259298
VAD10180,Music Building,Vancouver,V6T 1Z2,BC,VBL10101,CampusBuilding,CampusMail,6361 Memorial Road,49.267282,-123.256543
VAD10181,NRC Institute for Fuel Cell Innovation,Vancouver,V6T 1W5,BC,VBL10243,OtherBuilding,CampusMail,4250 Wesbrook Mall,49.245361,-123.23256
VAD10183,National Soccer Development Centre (NSDC),Vancouver,V6T 1Z3,BC,VBL10091,CampusBuilding,CampusMail,3065 Wesbrook Mall,49.257307,-123.239739
VAD10194,Norman MacKenzie House,Vancouver,V6T 1A7,BC,VBL10233,CampusBuilding,CampusMail,6565 NW Marine Drive,49.267577,-123.261155
VAD11092,Thunderbird Stadium,Vancouver,V6T 1Z4,BC,VBL10214,CampusBuilding,CampusMail,6288 Stadium Road,49.254838,-123.244356
VAD10016,Horticulture Building,Vancouver,V6T 1Z4,BC,VBL10362,CampusBuilding,CampusMail,6394 Stores Road,49.261542,-123.252899
VAD10029,Main Substation,Vancouver,V6T 1Z3,BC,VBL10192,CampusBuilding,CampusMail,2446 Health Sciences Mall,49.261223,-123.244255
VAD10034,Lower Mall Research Station,Vancouver,V6T 1Z4,BC,VBL10100,CampusBuilding,CampusMail,2259 Lower Mall,49.260745,-123.255809
VAD10041,TRIUMF - Shipping / Workshop,Vancouver,V6T 2A3,BC,VBL10059,OtherBuilding,CampusMail,6095 Nurseries Road,49.246395,-123.230144
VAD10021,International House,Vancouver,V6T 1Z2,BC,VBL10371,CampusBuilding,CampusMail,1783 West Mall,49.267884,-123.258836
VAD10356,FPInnovations,Vancouver,V6T 1Z4,BC,VBL10021,OtherBuilding,CampusMail,2665 East Mall,49.256948,-123.244104
VAD10359,FERIC,Vancouver,V6T 1Z4,BC,VBL10020,OtherBuilding,CampusMail,2601 East Mall,49.257633,-123.244453
VAD10063,The Barn,Vancouver,V6T 1Z4,BC,VBL10181,CampusBuilding,CampusMail,2323 Main Mall,49.261957,-123.251064
VAD10375,Point Grey Apartments,Vancouver,V6T 2G3,BC,VBL10145,CampusBuilding,CampusMail,2875 Osoyoos Crescent,49.259982,-123.237929
VAD10377,Ponderosa Office Annex B,Vancouver,V6T 1Z2,BC,VBL10343,CampusBuilding,CampusMail,2029 West Mall,49.265013,-123.256018
VAD10378,Ponderosa Office Annex C,Vancouver,V6T 1Z2,BC,VBL10344,CampusBuilding,CampusMail,2021 West Mall,49.264948,-123.256267
VAD10380,Ponderosa Office Annex F,Vancouver,V6T 1Z2,BC,VBL10152,CampusBuilding,CampusMail,2008 Lower Mall,49.26497,-123.257004
VAD10382,Continuing Studies Building,Vancouver,V6T 1Z4,BC,VBL10083,CampusBuilding,CampusMail,2121 West Mall,49.263494,-123.254774
VAD10383,Ponderosa Office Annex G,Vancouver,V6T 1Z2,BC,VBL10153,CampusBuilding,CampusMail,2044 Lower Mall,49.264604,-123.256327
VAD10389,Pulp and Paper Centre,Vancouver,V6T 1Z4,BC,VBL10045,CampusBuilding,CampusMail,2385 East Mall,49.26154,-123.247302
VAD10070,The Brimacombe Building,Vancouver,V6T 1Z4,BC,VBL10066,CampusBuilding,CampusMail,2355 East Mall,49.262168,-123.247781
VAD10080,Technology Enterprise Facility (TEF) 3,Vancouver,V6T 1Z3,BC,VBL10346,OtherBuilding,CampusMail,6190 Agronomy Road,49.261431,-123.246243
VAD11024,Library PARC@UBC,Vancouver,V6T 1W5,BC,VBL10351,CampusBuilding,CampusMail,6049 Nurseries Road,49.244946,-123.22983
VAD10406,Rugby Pavilion,Vancouver,V6T 1Z3,BC,VBL10055,CampusBuilding,CampusMail,2584 East Mall,49.258581,-123.244106
VAD10412,Ritsumeikan-UBC House,Vancouver,V6T 1Z4,BC,VBL10250,CampusBuilding,CampusMail,6460 Agronomy Road,49.260282,-123.253121
VAD10415,Robert H. Lee Alumni Centre,Vancouver,V6T 1Z1,BC,VBL10256,CampusBuilding,CampusMail,6163 University Boulevard,49.265863,-123.249876
VAD10438,St. John Hospice,Vancouver,V6T 1Z4,BC,VBL10156,OtherBuilding,CampusMail,6389 Stadium Road,49.255319,-123.247229
VAD10441,Staging Environmental Research Centre (SERC),Vancouver,V6T 1W5,BC,VBL10123,CampusBuilding,CampusMail,6045 Nurseries Road,49.245382,-123.228117
VAD10712,Child Care Services - Little Raven/Pacific Spirit,Vancouver,V6T 2E6,BC,VBL10275,CampusBuilding,CampusMail,5580 Osoyoos Crescent,49.26032,-123.23389
VAD10261,Gas Gun Facility,Vancouver,V6T 1Z4,BC,VBL10410,CampusBuilding,CampusMail,6301 Stadium Road,49.256087,-123.246102
VAD10274,"Food, Nutrition and Health Building",Vancouver,V6T 1Z4,BC,VBL10082,CampusBuilding,CampusMail,2205 East Mall,49.264113,-123.249572
VAD10852,Centre for Comparative Medicine,Vancouver,V6T 1W5,BC,VBL10017,CampusBuilding,CampusMail,4145 Wesbrook Mall,49.246303,-123.233064
VAD10622,Fairview Crescent Residence (Unit 2),Vancouver,V6T 2B9,BC,VBL10193,Residential,CampusMail,2720 Fairview Crescent,49.263471,-123.239281
VAD10624,Fairview Crescent Residence (Unit 20),Vancouver,V6T 2B8,BC,VBL10198,Residential,CampusMail,2667 Fairview Crescent,49.263328,-123.239967
VAD10625,Fairview Crescent Residence (Unit 20),Vancouver,V6T 2B8,BC,VBL10198,Residential,CampusMail,2665 Fairview Crescent,49.26333,-123.24005
VAD10629,Fairview Crescent Residence (Unit 20),Vancouver,V6T 2B8,BC,VBL10198,Residential,CampusMail,2669 Fairview Crescent,49.263369,-123.239988
VAD10630,Fairview Crescent Residence (Unit 21),Vancouver,V6T 2B8,BC,VBL10198,Residential,CampusMail,2661 Fairview Crescent,49.263243,-123.240103
VAD10631,Fairview Crescent Residence (Unit 21),Vancouver,V6T 2B8,BC,VBL10198,Residential,CampusMail,2657 Fairview Crescent,49.263199,-123.240078
VAD10632,Fairview Crescent Residence (Unit 21),Vancouver,V6T 2B8,BC,VBL10198,Residential,CampusMail,2655 Fairview Crescent,49.263194,-123.240093
VAD10633,Fairview Crescent Residence (Unit 21),Vancouver,V6T 2B8,BC,VBL10198,Residential,CampusMail,2651 Fairview Crescent,49.263217,-123.240181
VAD10635,Fairview Crescent Residence (Unit 21),Vancouver,V6T 2B8,BC,VBL10198,Residential,CampusMail,2659 Fairview Crescent,49.263214,-123.240071
VAD10254,Fairview Crescent Residence (Unit 4),Vancouver,V6T 2B9,BC,VBL10193,Residential,CampusMail,2738 Fairview Crescent,49.263262,-123.239151
VAD10255,Fairview Crescent Residence (Unit 4),Vancouver,V6T 2B9,BC,VBL10193,Residential,CampusMail,2748 Fairview Crescent,49.263197,-123.239197
VAD10256,Fairview Crescent Residence (Unit 7),Vancouver,V6T 2B9,BC,VBL10193,Residential,CampusMail,2778 Fairview Crescent,49.262881,-123.238878
VAD10257,Fairview Crescent Residence (Unit 7),Vancouver,V6T 2B9,BC,VBL10193,Residential,CampusMail,2766 Fairview Crescent,49.262923,-123.238982
VAD10258,Fairview Crescent Residence (Unit 7),Vancouver,V6T 2B9,BC,VBL10193,Residential,CampusMail,2776 Fairview Crescent,49.262919,-123.238873
VAD11093,Totem Field Studios,Vancouver,V6T 1Z4,BC,VBL10223,CampusBuilding,CampusMail,2613 West Mall,49.256113,-123.249093
VAD11102,UBC Baseball Rose Indoor Training Centre,Vancouver,V6T 1Z4,BC,VBL10237,CampusBuilding,CampusMail,3085 Wesbrook Mall,49.256403,-123.239787
VAD11113,UBC Botanical Garden - Workshop (Trailer),Vancouver,V6T 1Z4,BC,VBL10005,CampusBuilding,CampusMail,6450 Stadium Road,49.254757,-123.247549
VAD11117,UBC Football Academic Centre,Vancouver,V6T 1Z4,BC,VBL10246,CampusBuilding,CampusMail,6298 Stadium Road,49.255266,-123.244936
VAD10777,West Mall Annex,Vancouver,V6T 1Z2,BC,VBL10283,CampusBuilding,CampusMail,1933 West Mall,49.266272,-123.257093
VAD10782,West Mall Swing Space Building,Vancouver,V6T 1Z4,BC,VBL10304,CampusBuilding,CampusMail,2175 West Mall,49.262899,-123.254319
VAD10810,Asian Centre,Vancouver,V6T 1Z2,BC,VBL10227,CampusBuilding,CampusMail,1871 West Mall,49.266831,-123.258459
VAD10820,Biomedical Research Centre,Vancouver,V6T 1Z3,BC,VBL10084,CampusBuilding,CampusMail,2222 Health Sciences Mall,49.264014,-123.24738
VAD10822,Building Operations Nursery,Vancouver,V6T 1W5,BC,VBL10337,CampusBuilding,CampusMail,6029 Nurseries Road,49.244229,-123.228868
VAD10824,Campus Energy Centre,Vancouver,V6T 1Z3,BC,VBL10339,CampusBuilding,CampusMail,6130 Agronomy Road,49.261804,-123.245283
VAD10259,Friedman Building,Vancouver,V6T 1Z3,BC,VBL10120,CampusBuilding,CampusMail,2177 Wesbrook Mall,49.265574,-123.245942
VAD10308,Fairview Crescent Residence (Unit 11),Vancouver,V6T 2B8,BC,VBL10198,Residential,CampusMail,2757 Fairview Crescent,49.262639,-123.239111
VAD10309,Fairview Crescent Residence (Unit 12),Vancouver,V6T 2B8,BC,VBL10198,Residential,CampusMail,2753 Fairview Crescent,49.26263,-123.239208
VAD10310,Fairview Crescent Residence (Unit 12),Vancouver,V6T 2B8,BC,VBL10198,Residential,CampusMail,2745 Fairview Crescent,49.262629,-123.239256
VAD10311,Fairview Crescent Residence (Unit 12),Vancouver,V6T 2B8,BC,VBL10198,Residential,CampusMail,2743 Fairview Crescent,49.262675,-123.23924
VAD10312,Fairview Crescent Residence (Unit 12),Vancouver,V6T 2B8,BC,VBL10198,Residential,CampusMail,2747 Fairview Crescent,49.262616,-123.239279
VAD10313,Fairview Crescent Residence (Unit 12),Vancouver,V6T 2B8,BC,VBL10198,Residential,CampusMail,2749 Fairview Crescent,49.262614,-123.239268
VAD10314,Fairview Crescent Residence (Unit 12),Vancouver,V6T 2B8,BC,VBL10198,Residential,CampusMail,2751 Fairview Crescent,49.262611,-123.239238
VAD10315,Fairview Crescent Residence (Unit 12),Vancouver,V6T 2B8,BC,VBL10198,Residential,CampusMail,2755 Fairview Crescent,49.262642,-123.239139
VAD10316,Fairview Crescent Residence (Unit 13),Vancouver,V6T 2B8,BC,VBL10198,Residential,CampusMail,2741 Fairview Crescent,49.262696,-123.239259
VAD10319,Fairview Crescent Residence (Unit 13),Vancouver,V6T 2B8,BC,VBL10198,Residential,CampusMail,2735 Fairview Crescent,49.262722,-123.239357
VAD10320,Fairview Crescent Residence (Unit 13),Vancouver,V6T 2B8,BC,VBL10198,Residential,CampusMail,2739 Fairview Crescent,49.262712,-123.239331
VAD10321,Fairview Crescent Residence (Unit 13),Vancouver,V6T 2B8,BC,VBL10198,Residential,CampusMail,2731 Fairview Crescent,49.262742,-123.239323
VAD10322,Fairview Crescent Residence (Unit 13),Vancouver,V6T 2B8,BC,VBL10198,Residential,CampusMail,2733 Fairview Crescent,49.262738,-123.239352
VAD10323,Fairview Crescent Residence (Unit 13),Vancouver,V6T 2B8,BC,VBL10198,Residential,CampusMail,2729 Fairview Crescent,49.262792,-123.239297
VAD10329,Fairview Crescent Residence (Unit 15),Vancouver,V6T 2B8,BC,VBL10198,Residential,CampusMail,2717 Fairview Crescent,49.263004,-123.239398
VAD10324,Fairview Crescent Residence (Unit 14),Vancouver,V6T 2B8,BC,VBL10198,Residential,CampusMail,2721 Fairview Crescent,49.262954,-123.239343
VAD10325,Fairview Crescent Residence (Unit 14),Vancouver,V6T 2B8,BC,VBL10198,Residential,CampusMail,2727 Fairview Crescent,49.262841,-123.239326
VAD10326,Fairview Crescent Residence (Unit 14),Vancouver,V6T 2B8,BC,VBL10198,Residential,CampusMail,2723 Fairview Crescent,49.262914,-123.23932
VAD10327,Fairview Crescent Residence (Unit 14),Vancouver,V6T 2B8,BC,VBL10198,Residential,CampusMail,2725 Fairview Crescent,49.262891,-123.239373
VAD10328,Fairview Crescent Residence (Unit 15),Vancouver,V6T 2B8,BC,VBL10198,Residential,CampusMail,2713 Fairview Crescent,49.263025,-123.239412
VAD10330,Fairview Crescent Residence (Unit 15),Vancouver,V6T 2B8,BC,VBL10198,Residential,CampusMail,2719 Fairview Crescent,49.262972,-123.239358
VAD10331,Fairview Crescent Residence (Unit 15),Vancouver,V6T 2B8,BC,VBL10198,Residential,CampusMail,2711 Fairview Crescent,49.263059,-123.239429
VAD10332,Fairview Crescent Residence (Unit 15),Vancouver,V6T 2B8,BC,VBL10198,Residential,CampusMail,2715 Fairview Crescent,49.262992,-123.239455
VAD10333,Fairview Crescent Residence (Unit 16),Vancouver,V6T 2B8,BC,VBL10198,Residential,CampusMail,2699 Fairview Crescent,49.26313,-123.239495
VAD10334,Fairview Crescent Residence (Unit 16),Vancouver,V6T 2B8,BC,VBL10198,Residential,CampusMail,2701 Fairview Crescent,49.263133,-123.239534
VAD10335,Fairview Crescent Residence (Unit 16),Vancouver,V6T 2B8,BC,VBL10198,Residential,CampusMail,2703 Fairview Crescent,49.26311,-123.239544
VAD10336,Fairview Crescent Residence (Unit 16),Vancouver,V6T 2B8,BC,VBL10198,Residential,CampusMail,2705 Fairview Crescent,49.2631,-123.239541
VAD10337,Fairview Crescent Residence (Unit 16),Vancouver,V6T 2B8,BC,VBL10198,Residential,CampusMail,2709 Fairview Crescent,49.263079,-123.239446
VAD10338,Fairview Crescent Residence (Unit 16),Vancouver,V6T 2B8,BC,VBL10198,Residential,CampusMail,2707 Fairview Crescent,49.263103,-123.239513
VAD10339,Fairview Crescent Residence (Unit 16),Vancouver,V6T 2B8,BC,VBL10198,Residential,CampusMail,2697 Fairview Crescent,49.263157,-123.239451
VAD10340,Fairview Crescent Residence (Unit 17),Vancouver,V6T 2B8,BC,VBL10198,Residential,CampusMail,2693 Fairview Crescent,49.263247,-123.23953
VAD10287,Fairview Crescent Residence (Unit 4),Vancouver,V6T 2B9,BC,VBL10193,Residential,CampusMail,2742 Fairview Crescent,49.263246,-123.239103
VAD10288,Fairview Crescent Residence (Unit 5),Vancouver,V6T 2B9,BC,VBL10193,Residential,CampusMail,2752 Fairview Crescent,49.263123,-123.239132
VAD10289,Fairview Crescent Residence (Unit 5),Vancouver,V6T 2B9,BC,VBL10193,Residential,CampusMail,2754 Fairview Crescent,49.263087,-123.23917
VAD10290,Fairview Crescent Residence (Unit 5),Vancouver,V6T 2B9,BC,VBL10193,Residential,CampusMail,2750 Fairview Crescent,49.263167,-123.239168
VAD10636,Fairview Crescent Residence (Unit 21),Vancouver,V6T 2B8,BC,VBL10198,Residential,CampusMail,2663 Fairview Crescent,49.263279,-123.240127
VAD10637,Fairview Crescent Residence (Unit 21) ,Vancouver,V6T 2B8,BC,VBL10198,Residential,CampusMail,2653 Fairview Crescent,49.263207,-123.240137
VAD10638,Fairview Crescent Residence (Unit 22),Vancouver,V6T 2B8,BC,VBL10198,Residential,CampusMail,2645 Fairview Crescent,49.26314,-123.24025
VAD10639,Fairview Crescent Residence (Unit 22),Vancouver,V6T 2B8,BC,VBL10198,Residential,CampusMail,2649 Fairview Crescent,49.26321,-123.240202
VAD10640,Fairview Crescent Residence (Unit 22),Vancouver,V6T 2B8,BC,VBL10198,Residential,CampusMail,2647 Fairview Crescent,49.263202,-123.240226
VAD10642,Fairview Crescent Residence (Unit 23),Vancouver,V6T 2B8,BC,VBL10198,Residential,CampusMail,2641 Fairview Crescent,49.263085,-123.240428
VAD10643,Fairview Crescent Residence (Unit 23),Vancouver,V6T 2B8,BC,VBL10198,Residential,CampusMail,2631 Fairview Crescent,49.263017,-123.240429
VAD10644,Fairview Crescent Residence (Unit 23),Vancouver,V6T 2B8,BC,VBL10198,Residential,CampusMail,2629 Fairview Crescent,49.263027,-123.240486
VAD10645,Fairview Crescent Residence (Unit 23),Vancouver,V6T 2B8,BC,VBL10198,Residential,CampusMail,2633 Fairview Crescent,49.263001,-123.240389
VAD10291,Fairview Crescent Residence (Unit 5),Vancouver,V6T 2B9,BC,VBL10193,Residential,CampusMail,2756 Fairview Crescent,49.263047,-123.239152
VAD10292,Fairview Crescent Residence (Unit 6),Vancouver,V6T 2B9,BC,VBL10193,Residential,CampusMail,2758 Fairview Crescent,49.263028,-123.239136
VAD10293,Fairview Crescent Residence (Unit 6),Vancouver,V6T 2B9,BC,VBL10193,Residential,CampusMail,2762 Fairview Crescent,49.263012,-123.239041
VAD10294,Fairview Crescent Residence (Unit 6),Vancouver,V6T 2B9,BC,VBL10193,Residential,CampusMail,2760 Fairview Crescent,49.263017,-123.239127
VAD10295,Fairview Crescent Residence (Unit 6),Vancouver,V6T 2B9,BC,VBL10193,Residential,CampusMail,2764 Fairview Crescent,49.262957,-123.239007
VAD10297,Fairview Crescent Residence (Unit 7),Vancouver,V6T 2B9,BC,VBL10193,Residential,CampusMail,2770 Fairview Crescent,49.262955,-123.238895
VAD10298,Fairview Crescent Residence (Unit 7),Vancouver,V6T 2B9,BC,VBL10193,Residential,CampusMail,2768 Fairview Crescent,49.26293,-123.238914
VAD10299,Fairview Crescent Residence (Unit 4),Vancouver,V6T 2B9,BC,VBL10193,Residential,CampusMail,2746 Fairview Crescent,49.263234,-123.239166
VAD10300,Fairview Crescent Residence (Unit 10),Vancouver,V6T 2B9,BC,VBL10193,Residential,CampusMail,2798 Fairview Crescent,49.262638,-123.238701
VAD10646,Fairview Crescent Residence (Unit 23),Vancouver,V6T 2B8,BC,VBL10198,Residential,CampusMail,2635 Fairview Crescent,49.263009,-123.240382
VAD10647,Fairview Crescent Residence (Unit 23),Vancouver,V6T 2B8,BC,VBL10198,Residential,CampusMail,2637 Fairview Crescent,49.263033,-123.240366
VAD10648,Fairview Crescent Residence (Unit 23),Vancouver,V6T 2B8,BC,VBL10198,Residential,CampusMail,2639 Fairview Crescent,49.263044,-123.240397
VAD10649,Fairview Crescent Residence (Unit 24),Vancouver,V6T 2B8,BC,VBL10198,Residential,CampusMail,2625 Fairview Crescent,49.262987,-123.240543
VAD10650,Fairview Crescent Residence (Unit 24),Vancouver,V6T 2B8,BC,VBL10198,Residential,CampusMail,2615 Fairview Crescent,49.263016,-123.240633
VAD10652,Fairview Crescent Residence (Unit 24),Vancouver,V6T 2B8,BC,VBL10198,Residential,CampusMail,2623 Fairview Crescent,49.262956,-123.240556
VAD10653,Fairview Crescent Residence (Unit 24),Vancouver,V6T 2B8,BC,VBL10198,Residential,CampusMail,2617 Fairview Crescent,49.262998,-123.240585
VAD10654,Fairview Crescent Residence (Unit 24),Vancouver,V6T 2B8,BC,VBL10198,Residential,CampusMail,2619 Fairview Crescent,49.262969,-123.240603
VAD10655,Fairview Crescent Residence (Unit 24),Vancouver,V6T 2B8,BC,VBL10198,Residential,CampusMail,2627 Fairview Crescent,49.263019,-123.240517
VAD10301,Fairview Crescent Residence (Unit 11),Vancouver,V6T 2B8,BC,VBL10198,Residential,CampusMail,2765 Fairview Crescent,49.262586,-123.238999
VAD10302,Fairview Crescent Residence (Unit 11),Vancouver,V6T 2B8,BC,VBL10198,Residential,CampusMail,2767 Fairview Crescent,49.262607,-123.239009
VAD10303,Fairview Crescent Residence (Unit 10),Vancouver,V6T 2B9,BC,VBL10193,Residential,CampusMail,2804 Fairview Crescent,49.262558,-123.238589
VAD10306,Fairview Crescent Residence (Unit 11),Vancouver,V6T 2B8,BC,VBL10198,Residential,CampusMail,2761 Fairview Crescent,49.26259,-123.239056
VAD10461,Fairview Crescent Residence (Unit 29),Vancouver,V6T 2B9,BC,VBL10193,Residential,CampusMail,2638 Fairview Crescent,49.263347,-123.24044
VAD10462,Fairview Crescent Residence (Unit 29),Vancouver,V6T 2B9,BC,VBL10193,Residential,CampusMail,2636 Fairview Crescent,49.263307,-123.240497
VAD10463,Fairview Crescent Residence (Unit 30),Vancouver,V6T 2B9,BC,VBL10193,Residential,CampusMail,2648 Fairview Crescent,49.263403,-123.240281
VAD10464,Fairview Crescent Residence (Unit 29),Vancouver,V6T 2B9,BC,VBL10193,Residential,CampusMail,2640 Fairview Crescent,49.263314,-123.240385
VAD10465,Fairview Crescent Residence (Unit 3),Vancouver,V6T 2B9,BC,VBL10193,Residential,CampusMail,2728 Fairview Crescent,49.263362,-123.239191
VAD10466,Fairview Crescent Residence (Unit 3),Vancouver,V6T 2B9,BC,VBL10193,Residential,CampusMail,2726 Fairview Crescent,49.263343,-123.239257
VAD10467,Fairview Crescent Residence (Unit 3),Vancouver,V6T 2B9,BC,VBL10193,Residential,CampusMail,2724 Fairview Crescent,49.26338,-123.239288
VAD10468,Fairview Crescent Residence (Unit 3),Vancouver,V6T 2B9,BC,VBL10193,Residential,CampusMail,2734 Fairview Crescent,49.26329,-123.239214
VAD10469,Fairview Crescent Residence (Unit 3),Vancouver,V6T 2B9,BC,VBL10193,Residential,CampusMail,2732 Fairview Crescent,49.263326,-123.239231
VAD10513,Acadia Park Residence - Melfa Lane (2632),Vancouver,V6T 2C6,BC,VBL10258,Residential,CampusMail,2632 Melfa Lane,49.263684,-123.236483
VAD10514,Acadia Park Residence - Melfa Lane (2626),Vancouver,V6T 2C6,BC,VBL10258,Residential,CampusMail,2626 Melfa Lane,49.263757,-123.236632
VAD10515,Acadia Park Residence - Pearkes Lane (2511),Vancouver,V6T 2C5,BC,VBL10440,Residential,CampusMail,2511 Pearkes Lane,49.264489,-123.239631
VAD10516,Acadia Park Residence - Pearkes Lane (2513),Vancouver,V6T 2C5,BC,VBL10440,Residential,CampusMail,2513 Pearkes Lane,49.264442,-123.239597
VAD10517,Acadia Park Residence - Tennis Crescent (2640),Vancouver,V6T 2E1,BC,VBL10436,Residential,CampusMail,2640 Tennis Crescent,49.263558,-123.237642
VAD10518,Acadia Park Residence - Melfa Lane (2516),Vancouver,V6T 2C6,BC,VBL10258,Residential,CampusMail,2516 Melfa Lane,49.264906,-123.237607
VAD10519,Acadia Park Residence - Tennis Crescent (2628),Vancouver,V6T 2E1,BC,VBL10436,Residential,CampusMail,2628 Tennis Crescent,49.263752,-123.23785
VAD10522,Acadia Park Residence - Melfa Lane (2506),Vancouver,V6T 2C6,BC,VBL10258,Residential,CampusMail,2506 Melfa Lane,49.265172,-123.237697
VAD10525,Acadia Park Residence - Melfa Lane (2507),Vancouver,V6T 2C5,BC,VBL10258,Residential,CampusMail,2507 Melfa Lane,49.264871,-123.237783
VAD10526,Acadia Park Residence - Tennis Crescent (2642),Vancouver,V6T 2E1,BC,VBL10436,Residential,CampusMail,2642 Tennis Crescent,49.263564,-123.237602
VAD10527,Acadia Park Residence - Pearkes Lane (2509),Vancouver,V6T 2C5,BC,VBL10440,Residential,CampusMail,2509 Pearkes Lane,49.264519,-123.23965
VAD10565,Fairview Crescent Residence (Unit 1),Vancouver,V6T 2B9,BC,VBL10193,Residential,CampusMail,2712 Fairview Crescent,49.263547,-123.23941
VAD10231,Fairview Crescent Residence (Unit 31),Vancouver,V6T 2B9,BC,VBL10193,Residential,CampusMail,2658 Fairview Crescent,49.263512,-123.240179
VAD10232,Fairview Crescent Residence (Unit 32),Vancouver,V6T 2B9,BC,VBL10193,Residential,CampusMail,2674 Fairview Crescent,49.263573,-123.239899
VAD10233,Fairview Crescent Residence (Unit 32),Vancouver,V6T 2B9,BC,VBL10193,Residential,CampusMail,2668 Fairview Crescent,49.263529,-123.240022
VAD10577,Acadia Park Residence - Yalta Place (5506),Vancouver,V6T 2C2,BC,VBL10438,Residential,CampusMail,5506 Yalta Place,49.264325,-123.237344
VAD10566,Fairview Crescent Residence (Unit 1),Vancouver,V6T 2B9,BC,VBL10193,Residential,CampusMail,2714 Fairview Crescent,49.263506,-123.239392
VAD10567,Fairview Crescent Residence (Unit 1),Vancouver,V6T 2B9,BC,VBL10193,Residential,CampusMail,2710 Fairview Crescent,49.263582,-123.239373
VAD10568,Fairview Crescent Residence (Unit 10),Vancouver,V6T 2B9,BC,VBL10193,Residential,CampusMail,2802 Fairview Crescent,49.262624,-123.238608
VAD10471,Fairview Crescent Residence (Unit 30),Vancouver,V6T 2B9,BC,VBL10193,Residential,CampusMail,2650 Fairview Crescent,49.263429,-123.240189
VAD10494,Acadia Park Residence - Melfa Lane (2628),Vancouver,V6T 2C6,BC,VBL10258,Residential,CampusMail,2628 Melfa Lane,49.263811,-123.236479
VAD10495,Acadia Park Residence - Melfa Lane (2630),Vancouver,V6T 2C6,BC,VBL10258,Residential,CampusMail,2630 Melfa Lane,49.263721,-123.236517
VAD10496,Acadia Park Residence - Melfa Lane (2640),Vancouver,V6T 2C6,BC,VBL10258,Residential,CampusMail,2640 Melfa Lane,49.263446,-123.236397
VAD10497,Acadia Park Residence - Montgomery Place (5608),Vancouver,V6T 2C7,BC,VBL10439,Residential,CampusMail,5608 Montgomery Place,49.264813,-123.238349
VAD10498,Acadia Park Residence - Yalta Place (5649),Vancouver,V6T 1L7,BC,VBL10438,Residential,CampusMail,5649 Yalta Place,49.264004,-123.238986
VAD10499,Acadia Park Residence - Melfa Lane (2522),Vancouver,V6T 2C6,BC,VBL10258,Residential,CampusMail,2522 Melfa Lane,49.264798,-123.237367
VAD10500,Acadia Park Residence - Yalta Place (5621),Vancouver,V6T 1L7,BC,VBL10438,Residential,CampusMail,5621 Yalta Place,49.264307,-123.238341
VAD10501,Acadia Park Residence - Pearkes Lane (2505),Vancouver,V6T 2C5,BC,VBL10440,Residential,CampusMail,2505 Pearkes Lane,49.264584,-123.239718
VAD10502,Acadia Park Residence - Montgomery Place (5604),Vancouver,V6T 2C7,BC,VBL10439,Residential,CampusMail,5604 Montgomery Place,49.264869,-123.238252
VAD10503,Acadia Park Residence - Tennis Crescent (2641),Vancouver,V6T 2C1,BC,VBL10436,Residential,CampusMail,2641 Tennis Crescent,49.263513,-123.237817
VAD10504,Acadia Park Residence - Melfa Lane (2613),Vancouver,V6T 2C5,BC,VBL10258,Residential,CampusMail,2613 Melfa Lane,49.263933,-123.236997
VAD10505,Acadia Park Residence - Melfa Lane (2638),Vancouver,V6T 2C6,BC,VBL10258,Residential,CampusMail,2638 Melfa Lane,49.263526,-123.236463
VAD10506,Acadia Park Residence - Melfa Lane (2606),Vancouver,V6T 2C6,BC,VBL10258,Residential,CampusMail,2606 Melfa Lane,49.26446,-123.237097
VAD10508,Acadia Park Residence - Tennis Crescent (2659),Vancouver,V6T 2C1,BC,VBL10436,Residential,CampusMail,2659 Tennis Crescent,49.263068,-123.237572
VAD10509,Acadia Park Residence - Yalta Place (5618),Vancouver,V6T 2C2,BC,VBL10438,Residential,CampusMail,5618 Yalta Place,49.263959,-123.238029
VAD10510,Acadia Park Residence - Tennis Crescent (2646),Vancouver,V6T 2E1,BC,VBL10436,Residential,CampusMail,2646 Tennis Crescent,49.263463,-123.237443
VAD10511,Acadia Park Residence - Pearkes Lane (2517),Vancouver,V6T 2C5,BC,VBL10440,Residential,CampusMail,2517 Pearkes Lane,49.26438,-123.239533
VAD10512,Acadia Park Residence - Melfa Lane (2627),Vancouver,V6T 2C5,BC,VBL10258,Residential,CampusMail,2627 Melfa Lane,49.263686,-123.236849
VAD10341,Fairview Crescent Residence (Unit 17),Vancouver,V6T 2B8,BC,VBL10198,Residential,CampusMail,2695 Fairview Crescent,49.263194,-123.239474
VAD10342,Fairview Crescent Residence (Unit 17),Vancouver,V6T 2B8,BC,VBL10198,Residential,CampusMail,2691 Fairview Crescent,49.263267,-123.239483
VAD10343,Fairview Crescent Residence (Unit 17),Vancouver,V6T 2B8,BC,VBL10198,Residential,CampusMail,2689 Fairview Crescent,49.263305,-123.239495
VAD10344,Fairview Crescent Residence (Unit 18),Vancouver,V6T 2B8,BC,VBL10198,Residential,CampusMail,2687 Fairview Crescent,49.263326,-123.239513
VAD10345,Fairview Crescent Residence (Unit 8),Vancouver,V6T 2B9,BC,VBL10193,Residential,CampusMail,2786 Fairview Crescent,49.262806,-123.238823
VAD10346,Fairview Crescent Residence (Unit 8),Vancouver,V6T 2B9,BC,VBL10193,Residential,CampusMail,2784 Fairview Crescent,49.262845,-123.238789
VAD10347,Fairview Crescent Residence (Unit 7),Vancouver,V6T 2B9,BC,VBL10193,Residential,CampusMail,2774 Fairview Crescent,49.262946,-123.238852
VAD10348,Fairview Crescent Residence (Unit 8),Vancouver,V6T 2B9,BC,VBL10193,Residential,CampusMail,2782 Fairview Crescent,49.262825,-123.238844
VAD10349,Fairview Crescent Residence (Unit 8),Vancouver,V6T 2B9,BC,VBL10193,Residential,CampusMail,2780 Fairview Crescent,49.262855,-123.23888
VAD10351,Fairview Crescent Residence (Unit 9),Vancouver,V6T 2B9,BC,VBL10193,Residential,CampusMail,2788 Fairview Crescent,49.262765,-123.238805
VAD10352,Fairview Crescent Residence (Unit 9),Vancouver,V6T 2B9,BC,VBL10193,Residential,CampusMail,2796 Fairview Crescent,49.262656,-123.238715
VAD10353,Fairview Crescent Residence (Unit 9),Vancouver,V6T 2B9,BC,VBL10193,Residential,CampusMail,2790 Fairview Crescent,49.262716,-123.238751
VAD10354,Fairview Crescent Residence (Unit 9),Vancouver,V6T 2B9,BC,VBL10193,Residential,CampusMail,2794 Fairview Crescent,49.262695,-123.238737
VAD10355,Fairview Crescent Residence - Beanery (Unit 1),Vancouver,V6T 2B9,BC,VBL10193,Commercial,CampusMail,2706 Fairview Crescent,49.263599,-123.239468
VAD10456,Fairview Crescent Residence (Unit 31),Vancouver,V6T 2B9,BC,VBL10193,Residential,CampusMail,2652 Fairview Crescent,49.263454,-123.240112
VAD10457,Fairview Crescent Residence (Unit 31),Vancouver,V6T 2B9,BC,VBL10193,Residential,CampusMail,2656 Fairview Crescent,49.263502,-123.240184
VAD10458,Fairview Crescent Residence (Unit 31),Vancouver,V6T 2B9,BC,VBL10193,Residential,CampusMail,2660 Fairview Crescent,49.263529,-123.240171
VAD10460,Fairview Crescent Residence (Unit 29),Vancouver,V6T 2B9,BC,VBL10193,Residential,CampusMail,2642 Fairview Crescent,49.263333,-123.240328
VAD10611,Fairview Crescent Residence (Unit 19),Vancouver,V6T 2B8,BC,VBL10198,Residential,CampusMail,2677 Fairview Crescent,49.263384,-123.239807
VAD10612,Fairview Crescent Residence (Unit 19),Vancouver,V6T 2B8,BC,VBL10198,Residential,CampusMail,2679 Fairview Crescent,49.263429,-123.239752
VAD10618,Fairview Crescent Residence (Unit 19),Vancouver,V6T 2B8,BC,VBL10198,Residential,CampusMail,2673 Fairview Crescent,49.263404,-123.239904
VAD10619,Fairview Crescent Residence (Unit 2),Vancouver,V6T 2B9,BC,VBL10193,Residential,CampusMail,2716 Fairview Crescent,49.263487,-123.239376
VAD10620,Fairview Crescent Residence (Unit 2),Vancouver,V6T 2B9,BC,VBL10193,Residential,CampusMail,2718 Fairview Crescent,49.263455,-123.239342
VAD10621,Fairview Crescent Residence (Unit 2),Vancouver,V6T 2B9,BC,VBL10193,Residential,CampusMail,2722 Fairview Crescent,49.263409,-123.239312
VAD10796,Westchester (D1),Vancouver,V6T 2J9,BC,VBL10220,Residential,CanadaPost,2568 West Mall,49.257446,-123.249503
VAD10267,Folio - Townhouse (A1),Vancouver,V6T 2L5,BC,VBL10316,NeighbourhoodBldg,CanadaPost,5962 Chancellor Mews,49.272301,-123.250196
VAD10019,Indian Residential School History and Dialogue Centre (IRSHDC),Vancouver,V6T 1Z1,BC,VBL10109,CampusBuilding,CampusMail,1985 Learners' Walk,49.267101,-123.253601
VAD10813,Azalea House,Vancouver,V6T 0B9,BC,VBL10133,NeighbourhoodBldg,CanadaPost,6388 Hawthorn Lane,49.257825,-123.249826
VAD10284,Folio - Duplex (1A),Vancouver,V6T 0A1,BC,VBL10291,NeighbourhoodBldg,CanadaPost,5998 Chancellor Boulevard,49.272349,-123.251127
VAD10784,Westchester (A1),Vancouver,V6T 2J9,BC,VBL10220,Residential,CanadaPost,2598 West Mall,49.256884,-123.249047
VAD11118,UBC Tennis Centre,Vancouver,V6T 1Z3,BC,VBL10090,CampusBuilding,CampusMail,6160 Thunderbird Boulevard,49.25969,-123.243612
VAD10269,Folio - Duplex (2D),Vancouver,V6T 0A1,BC,VBL10291,Residential,CanadaPost,5982 Chancellor Boulevard,49.272496,-123.250744
VAD10010,Hawthorn Green (E2),Vancouver,V6T 2J6,BC,VBL10144,Residential,CanadaPost,6318 Hawthorn Lane,49.258314,-123.24838
VAD10410,Somerset (A1),Vancouver,V6T 2K5,BC,VBL10147,Residential,CanadaPost,6360 Larkin Drive,49.256906,-123.248157
VAD10185,Nine on the Park (1),Vancouver,V6T 0A3,BC,VBL10158,Residential,CanadaPost,6298 Eagles Drive,49.259442,-123.247265
VAD10271,Folio - Duplex (3F),Vancouver,V6T 0A1,BC,VBL10291,Residential,CanadaPost,5972 Chancellor Boulevard,49.272575,-123.250493
VAD10036,Logan Lane (C14),Vancouver,V6T 2K9,BC,VBL10226,Residential,CanadaPost,6226 Logan Lane,49.259137,-123.246122
VAD10272,Folio - Duplex (4G),Vancouver,V6T 0A1,BC,VBL10291,Residential,CanadaPost,5968 Chancellor Boulevard,49.272605,-123.250389
VAD10535,Chancellor Hall - Townhome (2),Vancouver,V6T 2L5,BC,VBL10271,Residential,CanadaPost,5980 Chancellor Mews,49.272213,-123.250447
VAD10435,St Mark's Duplex (8B),Vancouver,V6T 0A1,BC,VBL10279,Residential,CanadaPost,5908 Chancellor Boulevard,49.272864,-123.249167
VAD10432,St Mark's Duplex (7A),Vancouver,V6T 0A1,BC,VBL10279,Residential,CanadaPost,5912 Chancellor Boulevard,49.272847,-123.249255
VAD10275,Folio - Townhouse (A2),Vancouver,V6T 2L5,BC,VBL10316,Residential,CanadaPost,5966 Chancellor Mews,49.272279,-123.250259
VAD10283,Folio - Townhouse (A3),Vancouver,V6T 2L5,BC,VBL10316,Residential,CanadaPost,5968 Chancellor Mews,49.272258,-123.250319
VAD10433,St Mark's Duplex (7B),Vancouver,V6T 0A1,BC,VBL10279,Residential,CanadaPost,5918 Chancellor Boulevard,49.2728,-123.249418
VAD10424,St Mark's Duplex (5A),Vancouver,V6T 0A1,BC,VBL10279,Residential,CanadaPost,5938 Chancellor Boulevard,49.272689,-123.2499
VAD10430,St Mark's Duplex (6B),Vancouver,V6T 0A1,BC,VBL10279,Residential,CanadaPost,5922 Chancellor Boulevard,49.272797,-123.249495
VAD10428,St Mark's Duplex (6A),Vancouver,V6T 0A1,BC,VBL10279,Residential,CanadaPost,5928 Chancellor Boulevard,49.272748,-123.24966
VAD10534,Chancellor Hall - Townhome (1),Vancouver,V6T 2L5,BC,VBL10271,NeighbourhoodBldg,CanadaPost,5978 Chancellor Mews,49.272235,-123.250384
VAD10569,Fairview Crescent Residence (Unit 10),Vancouver,V6T 2B9,BC,VBL10193,Residential,CampusMail,2800 Fairview Crescent,49.262607,-123.238658
VAD10571,Acadia Park Residence - Tennis Crescent (2662),Vancouver,V6T 2E1,BC,VBL10436,Residential,CampusMail,2662 Tennis Crescent,49.263106,-123.23733
VAD10572,Acadia Park Residence - Montgomery Place (5505),Vancouver,V6T 2C8,BC,VBL10439,Residential,CampusMail,5505 Montgomery Place,49.265193,-123.238031
VAD10573,Acadia Park Residence - Tennis Crescent (2631),Vancouver,V6T 2C1,BC,VBL10436,Residential,CampusMail,2631 Tennis Crescent,49.263768,-123.238112
VAD10575,Acadia Park Residence - Yalta Place (5640),Vancouver,V6T 2C2,BC,VBL10438,Residential,CampusMail,5640 Yalta Place,49.263973,-123.238653
VAD10576,Acadia Park Residence - Montgomery Place (5613),Vancouver,V6T 2C8,BC,VBL10439,Residential,CampusMail,5613 Montgomery Place,49.265005,-123.238691
VAD10234,Fairview Crescent Residence (Unit 32),Vancouver,V6T 2B9,BC,VBL10193,Residential,CampusMail,2670 Fairview Crescent,49.263594,-123.23999
VAD10235,Fairview Crescent Residence (Unit 32),Vancouver,V6T 2B9,BC,VBL10193,Residential,CampusMail,2666 Fairview Crescent,49.263524,-123.240037
VAD10237,Fairview Crescent Residence (Unit 33),Vancouver,V6T 2B9,BC,VBL10193,Residential,CampusMail,2680 Fairview Crescent,49.263647,-123.23984
VAD10238,Fairview Crescent Residence (Unit 33),Vancouver,V6T 2B9,BC,VBL10193,Residential,CampusMail,2678 Fairview Crescent,49.263588,-123.239854
VAD10239,Fairview Crescent Residence (Unit 33),Vancouver,V6T 2B9,BC,VBL10193,Residential,CampusMail,2684 Fairview Crescent,49.263631,-123.239733
VAD10240,Fairview Crescent Residence (Unit 33),Vancouver,V6T 2B9,BC,VBL10193,Residential,CampusMail,2676 Fairview Crescent,49.263582,-123.239871
VAD10241,Fairview Crescent Residence (Unit 33),Vancouver,V6T 2B9,BC,VBL10193,Residential,CampusMail,2682 Fairview Crescent,49.263615,-123.239789
VAD10242,Fairview Crescent Residence (Unit 34),Vancouver,V6T 2B9,BC,VBL10193,Residential,CampusMail,2690 Fairview Crescent,49.263704,-123.239678
VAD10243,Fairview Crescent Residence (Unit 34),Vancouver,V6T 2B9,BC,VBL10193,Residential,CampusMail,2688 Fairview Crescent,49.263648,-123.239686
VAD10578,Acadia Park Residence - Yalta Place (5641),Vancouver,V6T 1L7,BC,VBL10438,Residential,CampusMail,5641 Yalta Place,49.26409,-123.238792
VAD10582,Acadia Park Residence - Pearkes Lane (2523),Vancouver,V6T 2C5,BC,VBL10440,Residential,CampusMail,2523 Pearkes Lane,49.264267,-123.239414
VAD10583,Acadia Park Residence - Yalta Place (5614),Vancouver,V6T 2C2,BC,VBL10438,Residential,CampusMail,5614 Yalta Place,49.264058,-123.237938
VAD10589,Fairview Crescent Residence (Unit 30),Vancouver,V6T 2B9,BC,VBL10193,Residential,CampusMail,2646 Fairview Crescent,49.263349,-123.240283
VAD10590,Fairview Crescent Residence (Unit 31),Vancouver,V6T 2B9,BC,VBL10193,Residential,CampusMail,2662 Fairview Crescent,49.263521,-123.240142
VAD10591,Fairview Crescent Residence (Unit 31),Vancouver,V6T 2B9,BC,VBL10193,Residential,CampusMail,2654 Fairview Crescent,49.263491,-123.240132
VAD10592,Fairview Crescent Residence (Unit 31),Vancouver,V6T 2B9,BC,VBL10193,Residential,CampusMail,2664 Fairview Crescent,49.263511,-123.240073
VAD10593,Acadia Park Residence - Yalta Place (5633),Vancouver,V6T 1L7,BC,VBL10438,Residential,CampusMail,5633 Yalta Place,49.264143,-123.238561
VAD10594,Acadia Park Residence - Montgomery Place (5617),Vancouver,V6T 2C8,BC,VBL10439,Residential,CampusMail,5617 Montgomery Place,49.26488,-123.238675
VAD10595,Acadia Park Residence - Melfa Lane (2637),Vancouver,V6T 2C5,BC,VBL10258,Residential,CampusMail,2637 Melfa Lane,49.263454,-123.23661
VAD10244,Fairview Crescent Residence (Unit 34),Vancouver,V6T 2B9,BC,VBL10193,Residential,CampusMail,2686 Fairview Crescent,49.263642,-123.239703
VAD10245,Fairview Crescent Residence (Unit 34),Vancouver,V6T 2B9,BC,VBL10193,Residential,CampusMail,2696 Fairview Crescent,49.26369,-123.239566
VAD10246,Fairview Crescent Residence (Unit 34),Vancouver,V6T 2B9,BC,VBL10193,Residential,CampusMail,2694 Fairview Crescent,49.263673,-123.23962
VAD10247,Fairview Crescent Residence (Unit 34),Vancouver,V6T 2B9,BC,VBL10193,Residential,CampusMail,2692 Fairview Crescent,49.26371,-123.239659
VAD10248,Fairview Crescent Residence (Unit 35),Vancouver,V6T 2B9,BC,VBL10193,Residential,CampusMail,2704 Fairview Crescent,49.263788,-123.239422
VAD10249,Fairview Crescent Residence (Unit 35),Vancouver,V6T 2B9,BC,VBL10193,Residential,CampusMail,2698 Fairview Crescent,49.263701,-123.239536
VAD10250,Fairview Crescent Residence (Unit 35),Vancouver,V6T 2B9,BC,VBL10193,Residential,CampusMail,2702 Fairview Crescent,49.263762,-123.239513
VAD10251,Fairview Crescent Residence (Unit 35) ,Vancouver,V6T 2B9,BC,VBL10193,Residential,CampusMail,2700 Fairview Crescent,49.263707,-123.239518
VAD10252,Fairview Crescent Residence (Unit 4),Vancouver,V6T 2B9,BC,VBL10193,Residential,CampusMail,2740 Fairview Crescent,49.263258,-123.239104
VAD10253,Fairview Crescent Residence (Unit 4),Vancouver,V6T 2B9,BC,VBL10193,Residential,CampusMail,2736 Fairview Crescent,49.263269,-123.239197
VAD10607,Fairview Crescent Residence (Unit 18),Vancouver,V6T 2B8,BC,VBL10198,Residential,CampusMail,2681 Fairview Crescent,49.263398,-123.239648
VAD10608,Fairview Crescent Residence (Unit 18),Vancouver,V6T 2B8,BC,VBL10198,Residential,CampusMail,2683 Fairview Crescent,49.263343,-123.239609
VAD10609,Fairview Crescent Residence (Unit 18),Vancouver,V6T 2B8,BC,VBL10198,Residential,CampusMail,2685 Fairview Crescent,49.263357,-123.239549
VAD10556,Corus - Townhouse (7),Vancouver,V6T 0A9,BC,VBL10303,Residential,CanadaPost,5987 Walter Gage Road,49.270577,-123.249298
VAD10025,Logan Lane (E3),Vancouver,V6T 2K9,BC,VBL10226,Residential,CanadaPost,6276 Logan Lane,49.259047,-123.246388
VAD10907,Corus - Townhouse (11),Vancouver,V6T 0A9,BC,VBL10303,Residential,CanadaPost,5997 Walter Gage Road,49.270464,-123.24962
VAD10037,Logan Lane (A5),Vancouver,V6T 2K8,BC,VBL10226,Residential,CanadaPost,2569 East Mall,49.258631,-123.245064
VAD10551,Chancellor House - Duplex (3B),Vancouver,V6T 1E7,BC,VBL10385,Residential,CanadaPost,6008 Chancellor Boulevard,49.272072,-123.251755
VAD10221,MBA House - Retail,Vancouver,V6S 0B9,BC,VBL10403,Commercial,CanadaPost,3380 Shrum Lane,49.253931,-123.235435
VAD10317,Fairview Crescent Residence (Unit 13),Vancouver,V6T 2B8,BC,VBL10198,Residential,CampusMail,2737 Fairview Crescent,49.262708,-123.239362
VAD10641,Fairview Crescent Residence (Unit 22),Vancouver,V6T 2B8,BC,VBL10198,Residential,CampusMail,2643 Fairview Crescent,49.263124,-123.24032
VAD10296,Fairview Crescent Residence (Unit 7),Vancouver,V6T 2B9,BC,VBL10193,Residential,CampusMail,2772 Fairview Crescent,49.262949,-123.238867
VAD10651,Fairview Crescent Residence (Unit 24),Vancouver,V6T 2B8,BC,VBL10198,Residential,CampusMail,2621 Fairview Crescent,49.262961,-123.240572
VAD10307,Fairview Crescent Residence (Unit 11),Vancouver,V6T 2B8,BC,VBL10198,Residential,CampusMail,2759 Fairview Crescent,49.262628,-123.239046
VAD10470,Fairview Crescent Residence (Unit 3),Vancouver,V6T 2B9,BC,VBL10193,Residential,CampusMail,2730 Fairview Crescent,49.263346,-123.239179
VAD10350,Fairview Crescent Residence (Unit 9),Vancouver,V6T 2B9,BC,VBL10193,Residential,CampusMail,2792 Fairview Crescent,49.262733,-123.238697
VAD10459,Fairview Crescent Residence (Unit 30),Vancouver,V6T 2B9,BC,VBL10193,Residential,CampusMail,2644 Fairview Crescent,49.263341,-123.240305
VAD11125,UBC Research Ponds,Vancouver,V6T 1W5,BC,VBL10222,CampusBuilding,CampusMail,4069 Wesbrook Mall,49.247208,-123.232683
VAD10270,Folio - Duplex (3E),Vancouver,V6T 0A1,BC,VBL10291,Residential,CanadaPost,5978 Chancellor Boulevard,49.272524,-123.250657
VAD10236,Fairview Crescent Residence (Unit 32) ,Vancouver,V6T 2B9,BC,VBL10193,Residential,CampusMail,2672 Fairview Crescent,49.263555,-123.239957
VAD10610,Fairview Crescent Residence (Unit 19),Vancouver,V6T 2B8,BC,VBL10198,Residential,CampusMail,2675 Fairview Crescent,49.263428,-123.23986
VAD10079,The Mews - Retail,Vancouver,V6S 0B9,BC,VBL10165,Commercial,CanadaPost,3308 Shrum Lane,49.254693,-123.236094
VAD10024,Logan Lane (D3),Vancouver,V6T 2K9,BC,VBL10226,Residential,CanadaPost,6256 Logan Lane,49.258611,-123.245673
VAD10423,Spirit,Vancouver,V6S 0B6,BC,VBL10238,NeighbourhoodBldg,CanadaPost,3478 Wesbrook Mall,49.252924,-123.233778
VAD10273,Folio - Duplex (4H),Vancouver,V6T 0A1,BC,VBL10291,Residential,CanadaPost,5962 Chancellor Boulevard,49.272655,-123.250221
VAD10939,Acadia Park Residence - Tennis Crescent (2656),Vancouver,V6T 2E1,BC,VBL10436,Residential,CampusMail,2656 Tennis Crescent,49.263224,-123.237388
VAD10967,Acadia Park Residence - Montgomery Place (5640),Vancouver,V6T 2C7,BC,VBL10439,Residential,CampusMail,5640 Montgomery Place,49.264516,-123.239252
VAD10856,Acadia Park Residence - Melfa Lane (2612),Vancouver,V6T 2C6,BC,VBL10258,Residential,CampusMail,2612 Melfa Lane,49.264196,-123.236795
VAD11044,Engineering Student Centre (ESC),Vancouver,V6T 1Z4,BC,VBL10073,CampusBuilding,CampusMail,2335 Engineering Road,49.262062,-123.249171
VAD10734,Coal and Mineral Processing Laboratory,Vancouver,V6T 1Z4,BC,VBL10068,CampusBuilding,CampusMail,2332 West Mall,49.261208,-123.252296
VAD10379,Ponderosa Office Annex E,Vancouver,V6T 1Z2,BC,VBL10151,CampusBuilding,CampusMail,2034 Lower Mall,49.264703,-123.25677
VAD10623,Fairview Crescent Residence (Unit 20),Vancouver,V6T 2B8,BC,VBL10198,Residential,CampusMail,2671 Fairview Crescent,49.263392,-123.239937
VAD10286,Fairview Crescent Residence (Unit 4),Vancouver,V6T 2B9,BC,VBL10193,Residential,CampusMail,2744 Fairview Crescent,49.263225,-123.239113
VAD10104,P. A. Woodward Instructional Resources Centre (IRC),Vancouver,V6T 1Z3,BC,VBL10102,CampusBuilding,CampusMail,2194 Health Sciences Mall,49.264803,-123.247336
VAD10417,Sandringham,Vancouver,V6T 2G5,BC,VBL10106,NeighbourhoodBldg,CanadaPost,5650 Hampton Place,49.258282,-123.233503
VAD11071,Thames Court,Vancouver,V6T 2E9,BC,VBL10253,NeighbourhoodBldg,CanadaPost,5880 Hampton Place,49.257487,-123.236599
VAD11112,UBC Botanical Garden - Scholars' Retreat,Vancouver,V6T 1Z4,BC,VBL10004,CampusBuilding,CampusMail,6380 Stadium Road,49.255045,-123.246835
VAD11210,Gateway Health Building,Vancouver,V6T 1Z1,BC,VBL10442,CampusBuilding,CampusMail,5955 University Boulevard,49.266489,-123.246275
VAD10135,Ivy on the Park - Highrise,Vancouver,V6S 0L5,BC,VBL10265,NeighbourhoodBldg,CanadaPost,5629 Birney Avenue,49.254594,-123.231046
VAD10226,Granite Terrace 2 - Offices,Vancouver,V6S 0B3,BC,VBL10414,NeighbourhoodBldg,CanadaPost,5923 Berton Avenue,49.255085,-123.236262
VAD10606,Granite Terrace - Save-on-Foods,Vancouver,V6S 0B3,BC,VBL10164,Commercial,CanadaPost,5945 Berton Avenue,49.254766,-123.236554
VAD11026,Crescent West,Vancouver,V6S 0A9,BC,VBL10219,NeighbourhoodBldg,CanadaPost,5879 Gray Avenue,49.252869,-123.233025
VAD10408,Sail - Building 2,Vancouver,V6S 0G1,BC,VBL10390,NeighbourhoodBldg,CanadaPost,5981 Gray Avenue,49.252638,-123.234865
VAD10172,Mundell House,Vancouver,V6S 0L4,BC,VBL10213,NeighbourhoodBldg,CanadaPost,6038 Birney Avenue,49.253013,-123.236351
VAD10305,Fairview Crescent Residence (Unit 11),Vancouver,V6T 2B8,BC,VBL10198,Residential,CampusMail,2769 Fairview Crescent,49.262663,-123.238969
VAD10477,Acadia Modular Child Care 2 - Barish,Vancouver,V6T 1S1,BC,VBL10373,CampusBuilding,CampusMail,2835 Revelstoke Court,49.260536,-123.235169
VAD10478,Acadia Modular Child Care 3 - Willow,Vancouver,V6T 1S1,BC,VBL10375,CampusBuilding,CampusMail,2845 Revelstoke Court,49.260768,-123.235088
VAD10222,Georgia Point,Vancouver,V6S 0L2,BC,VBL10247,NeighbourhoodBldg,CanadaPost,3381 Ross Drive,49.251855,-123.239023
VAD10476,Acadia Modular Child Care 1 - Saw-Whet,Vancouver,V6T 1S1,BC,VBL10372,CampusBuilding,CampusMail,2850 Salmo Court,49.26032,-123.236127
VAD10017,Hugh Dempster Pavilion,Vancouver,V6T 1Z4,BC,VBL10363,CampusBuilding,CampusMail,6245 Agronomy Road,49.261179,-123.24812
VAD10722,Civil and Mechanical Engineering Building,Vancouver,V6T 1Z4,BC,VBL10329,CampusBuilding,CampusMail,6250 Applied Science Lane,49.262685,-123.249239
VAD10111,Life Sciences Centre,Vancouver,V6T 1Z3,BC,VBL10111,CampusBuilding,CampusMail,2350 Health Sciences Mall,49.262394,-123.246025
VAD11216,Wordsworth,Vancouver,V6S 0N1,BC,VBL10445,NeighbourhoodBldg,,6138 Birney Avenue,49.252372,-123.237074
VAD11131,UBC Hospital - Purdy Pavilion,Vancouver,V6T 1Z9,BC,VBL10388,OtherBuilding,CampusMail,2221 Wesbrook Mall,49.263496,-123.245823
VAD10014,Henry Angus Building,Vancouver,V6T 1Z2,BC,VBL10067,CampusBuilding,CampusMail,2053 Main Mall,49.265068,-123.253537
VAD10264,Folio - Apartment,Vancouver,V6T 2L4,BC,VBL10309,NeighbourhoodBldg,CanadaPost,5955 Iona Drive,49.271801,-123.249736
VAD10210,Jack Bell Building for the School of Social Work,Vancouver,V6T 1Z2,BC,VBL10081,CampusBuilding,CampusMail,2080 West Mall,49.264305,-123.255021
VAD11164,David Strangway - Retail,Vancouver,V6T 1Z3,BC,VBL10070,Commercial,CanadaPost,5998 University Boulevard,49.265836,-123.246748
VAD10563,David Strangway - Retail,Vancouver,V6T 1Z3,BC,VBL10070,Commercial,CanadaPost,5990 University Boulevard,49.265942,-123.246706
VAD11168,David Strangway - Retail,Vancouver,V6T 1Z3,BC,VBL10070,Commercial,CanadaPost,5988 University Boulevard,49.265953,-123.246595
VAD11169,David Strangway - Retail,Vancouver,V6T 1Z3,BC,VBL10070,Commercial,CanadaPost,5980 University Boulevard,49.265977,-123.246505
VAD10886,Chan Centre for the Performing Arts,Vancouver,V6T 1Z1,BC,VBL10282,CampusBuilding,CampusMail,6265 Crescent Road,49.269833,-123.254771
VAD11217,Third Space,Vancouver,V6T 1Z4,BC,VBL10447,CampusBuilding,,6363 Biological Sciences Road,49.262999,-123.253187
VAD10560,David Strangway - Retail,Vancouver,V6T 1Z3,BC,VBL10070,Commercial,CanadaPost,5970 University Boulevard,49.265991,-123.246407
VAD10561,David Strangway - Retail,Vancouver,V6T 1Z3,BC,VBL10070,Commercial,CanadaPost,5960 University Boulevard,49.266026,-123.246176
VAD11100,Child Care Services - Sandpiper,Vancouver,V6T 1S1,BC,VBL10276,Occupant,CampusMail,2805 Revelstoke Court,49.260325,-123.234985
VAD11129,Focal,Vancouver,V6T 0C7,BC,VBL10232,NeighbourhoodBldg,CanadaPost,6111 University Boulevard,49.266126,-123.248163
VAD10559,David Lam Restaurants,Vancouver,V6T 1Z2,BC,VBL10278,Occupant,CampusMail,2015 Main Mall,49.265904,-123.254278
VAD10507,Acadia Park Residence - Montgomery Place (5618),Vancouver,V6T 2C7,BC,VBL10439,Residential,CampusMail,5618 Montgomery Place,49.264688,-123.238573
VAD10724,University RCMP,Vancouver,V6T 2B7,BC,VBL10046,OtherBuilding,CampusMail,2990 Wesbrook Mall,49.25902,-123.238541
VAD11236,Gateway North,Vancouver,V6T 1Z1,BC,VBL10462,CampusBuilding,CampusMail,2047 Wesbrook Mall,49.267389,-123.246692
VAD11035,Dorothy Somerset Studios,Vancouver,V6T 1Z2,BC,VBL10130,CampusBuilding,CampusMail,6361 University Boulevard,49.264667,-123.254709
VAD11194,UBC Water Pump Station,Vancouver,V6T 1Z2,BC,VBL10420,CampusBuilding,CampusMail,6355 University Boulevard,49.264664,-123.254211
VAD10706,Epiphany Chapel,Vancouver,V6T 1X3,BC,VBL10392,OtherBuilding,CanadaPost,6030 Chancellor Boulevard,49.271429,-123.252295
VAD10882,Acadia Park Highrise,Vancouver,V6T 1N4,BC,VBL10260,CampusBuilding,CampusMail,2725 Melfa Road,49.26242,-123.236888
VAD10958,Acadia Park Residence - Tennis Crescent (2663),Vancouver,V6T 2C1,BC,VBL10436,Residential,CampusMail,2663 Tennis Crescent,49.262951,-123.237542
VAD11008,Acadia Park Residence - Yalta Place (5508),Vancouver,V6T 2C2,BC,VBL10438,Residential,CampusMail,5508 Yalta Place,49.264259,-123.237405
VAD10711,Child Care Services - Little Goslings/Coho,Vancouver,V6T 2E6,BC,VBL10274,CampusBuilding,CampusMail,5590 Osoyoos Crescent,49.259859,-123.234238
VAD11107,Child Care Services - Auklet,Vancouver,V6T 1S1,BC,VBL10276,CampusBuilding,CampusMail,5615 Osoyoos Crescent,49.260096,-123.234687
VAD11101,Child Care Services - Salal,Vancouver,V6T 1S1,BC,VBL10273,CampusBuilding,CampusMail,5655 Osoyoos Crescent,49.25983,-123.235113
VAD11242,South Campus Warehouse,Vancouver,V6T 1W5,BC,VBL10077,CampusBuilding,CampusMail,4120 Wesbrook Mall,49.246347,-123.232168
VAD11119,Focal - Retail,Vancouver,V6T 0C7,BC,VBL10232,Commercial,CanadaPost,"6111 University Boulevard, Unit 101",49.266106,-123.248668
VAD11127,Focal - Retail,Vancouver,V6T 0C7,BC,VBL10232,Commercial,CanadaPost,"6111 University Boulevard, Unit 102",49.266093,-123.248412
VAD11115,Focal - Retail,Vancouver,V6T 0C7,BC,VBL10232,Commercial,CanadaPost,"6111 University Boulevard, Unit 103",49.266111,-123.248262
VAD10229,Greenwood Commons,Vancouver,V6T 0A5,BC,VBL10010,NeighbourhoodBldg,CanadaPost,2660 Wesbrook Mall,49.26081,-123.23975
VAD10743,Spirit Park Apartments - 3,Vancouver,V6T 1X7,BC,VBL10074,Residential,CampusMail,2725 Osoyoos Crescent,49.261252,-123.23921
VAD11116,Focal - Retail,Vancouver,V6T 0C7,BC,VBL10232,Commercial,CanadaPost,"6111 University Boulevard, Unit 106",49.26627,-123.248443
VAD11235,Sauder expansion,Vancouver,V6T 1Z2,BC,VBL10456,CampusBuilding,CampusMail,2046 West Mall,49.264907,-123.255399
VAD10224,Gerald McGavin UBC Rugby Centre,Vancouver,V6T 1Z3,BC,VBL10412,CampusBuilding,CampusMail,2765 Wesbrook Mall,49.259615,-123.241322
VAD10042,Tamarack House,Vancouver,V6T 0C3,BC,VBL10159,NeighbourhoodBldg,CanadaPost,6230 Thunderbird Boulevard,49.259741,-123.246446
VAD10390,Reflections,Vancouver,V6T 2K7,BC,VBL10148,NeighbourhoodBldg,CanadaPost,6279 Eagles Drive,49.258303,-123.246755
VAD10121,Journey,Vancouver,V6T 2K2,BC,VBL10225,NeighbourhoodBldg,CanadaPost,6328 Larkin Drive,49.257973,-123.247618
VAD10184,Neville Scarfe Building,Vancouver,V6T 1Z4,BC,VBL10095,CampusBuilding,CampusMail,2125 Main Mall,49.264141,-123.252922
VAD10165,Ponderosa Commons East,Vancouver,V6T 1Z4,BC,VBL10311,CampusBuilding,CampusMail,6398 University Boulevard,49.263882,-123.254712
VAD11225,Verve,Vancouver,V6S 0M8,BC,VBL10453,NeighbourhoodBldg,CanadaPost,5855 Binning Avenue,49.250737,-123.231761
VAD11038,Earth Sciences Building (ESB),Vancouver,V6T 1Z4,BC,VBL10072,CampusBuilding,CampusMail,2207 Main Mall,49.263195,-123.251973
VAD10821,Building Operations Storage Shed,Vancouver,V6T 1Z4,BC,VBL10207,CampusBuilding,CampusMail,2214 Lower Mall,49.262084,-123.254572
VAD10015,Hillel House,Vancouver,V6T 1Z1,BC,VBL10361,OtherBuilding,CampusMail,6145 Student Union Boulevard,49.268481,-123.251292
VAD10427,UBC Counselling Services,Vancouver,V6T 1Z1,BC,VBL10421,CampusBuilding,CampusMail,1930 East Mall,49.268169,-123.251824
VAD11213,tə šxʷhəleləm̓s tə k̓ʷaƛ̓kʷəʔaʔɬ (Saltwater) - Front Desk,Vancouver,V6T 1K2,BC,VBL10378,Complex,CampusMail,5955 Student Union Boulevard,49.269118,-123.248612
VAD10613,Walter H. Gage Residence - Front Desk,Vancouver,V6T 1K2,BC,VBL10263,Complex,CampusMail,5959 Student Union Boulevard,49.269436,-123.249617
VAD10828,Carey Hall (Carey Theological College),Vancouver,V6T 1J6,BC,VBL10208,OtherBuilding,CanadaPost,1815 Wesbrook Mall,49.271734,-123.248494
VAD10455,Student Recreation Centre (SRC),Vancouver,V6T 1Z1,BC,VBL10125,CampusBuilding,CampusMail,6000 Student Union Boulevard,49.268293,-123.249378
VAD10817,Binning Tower,Vancouver,V6S 0J1,BC,VBL10210,NeighbourhoodBldg,CanadaPost,3355 Binning Road,49.255501,-123.231218
VAD10069,Tapestry North - Retail,Vancouver,V6S 0A8,BC,VBL10137,Commercial,CanadaPost,3328 Wesbrook Mall,49.254761,-123.235292
VAD10075,Tapestry North - Retail,Vancouver,V6S 0A8,BC,VBL10137,Commercial,CanadaPost,3318 Wesbrook Mall,49.254846,-123.235361
VAD10489,The Laureates - Apartment,Vancouver,V6S 0H8,BC,VBL10261,NeighbourhoodBldg,CanadaPost,5638 Birney Avenue,49.254219,-123.231298
VAD11193,Focal - Retail,Vancouver,V6T 0C7,BC,VBL10232,Commercial,CanadaPost,"6111 University Boulevard, Unit 105",49.266282,-123.248272
VAD11192,Focal - Retail,Vancouver,V6T 0C7,BC,VBL10232,Commercial,CanadaPost,"6111 University Boulevard, Unit 104",49.266259,-123.248044
VAD10488,The Laureates - Highrise,Vancouver,V6S 0H7,BC,VBL10241,NeighbourhoodBldg,CanadaPost,5628 Birney Avenue,49.254206,-123.230914
VAD10387,Prodigy - Building 2,Vancouver,V6S 0H6,BC,VBL10336,NeighbourhoodBldg,CanadaPost,3462 Ross Drive,49.251487,-123.236762
VAD11219,MBA House - Retail,Vancouver,V6S 0B1,BC,VBL10403,Commercial,CanadaPost,3387 Wesbrook Mall,49.253828,-123.234908
VAD10584,The Wesbrook,Vancouver,V6S 0A5,BC,VBL10184,NeighbourhoodBldg,CanadaPost,5838 Berton Avenue,49.255178,-123.234668
VAD10282,Frederic Lasserre Building,Vancouver,V6T 1Z2,BC,VBL10042,CampusBuilding,CampusMail,6333 Memorial Road,49.267473,-123.256207
VAD10434,St Mark's Duplex (8A),Vancouver,V6T 0A1,BC,VBL10279,NeighbourhoodBldg,CanadaPost,5902 Chancellor Boulevard,49.27291,-123.24894
VAD10440,St. Mark's College,Vancouver,V6T 1J7,BC,VBL10118,OtherBuilding,CanadaPost,5935 Iona Drive,49.272156,-123.249324
VAD10705,Chancellor House - Apartment,Vancouver,V6T 2J4,BC,VBL10387,NeighbourhoodBldg,CanadaPost,6015 Iona Drive,49.271335,-123.251261
VAD11050,Esse,Vancouver,V6T 2J7,BC,VBL10280,NeighbourhoodBldg,CanadaPost,1863 Wesbrook Mall,49.270935,-123.248221
VAD10475,Wood Fluid and Thermal Treatments Laboratory,Vancouver,V6T 1Z4,BC,VBL10285,CampusBuilding,CampusMail,2324 West Mall,49.261455,-123.252322
VAD11090,University Boulevard Lot,Vancouver,V6T 1Z3,BC,VBL10355,CampusBuilding,CampusMail,6131 University Boulevard,49.266431,-123.24916
VAD10436,St. Andrew's Hall,Vancouver,V6T 2E8,BC,VBL10114,OtherBuilding,CanadaPost,6040 Iona Drive,49.270367,-123.251638
VAD10812,Axis,Vancouver,V6T 0B6,BC,VBL10314,NeighbourhoodBldg,CanadaPost,6090 Iona Drive,49.270112,-123.252345
VAD10479,Woodward Library,Vancouver,V6T 1Z3,BC,VBL10262,CampusBuilding,CampusMail,2198 Health Sciences Mall,49.264801,-123.247561
VAD10166,Mary Bollert Hall,Vancouver,V6T 1Z1,BC,VBL10201,CampusBuilding,CampusMail,6253 NW Marine Drive,49.270543,-123.256281
VAD10220,Central - Retail,Vancouver,V6T 0C4,BC,VBL10356,Commercial,CanadaPost,6005 University Boulevard,49.266293,-123.246837
VAD10219,Central - Retail,Vancouver,V6T 0C4,BC,VBL10356,Commercial,CanadaPost,6001 University Boulevard,49.266432,-123.246822
VAD10851,Central,Vancouver,V6T 0C4,BC,VBL10356,NeighbourhoodBldg,CanadaPost,6015 University Boulevard,49.266282,-123.247001
VAD10094,Central - Retail,Vancouver,V6T 0C4,BC,VBL10356,Commercial,CanadaPost,6025 University Boulevard,49.266257,-123.247101
VAD10838,Biological Sciences Building,Vancouver,V6T 1Z4,BC,VBL10409,CampusBuilding,CampusMail,6270 University Boulevard,49.264693,-123.251932
VAD11220,Timothy Hall,Vancouver,V6T 1J6,BC,VBL10450,OtherBuilding,CanadaPost,5950 Iona Drive,49.271107,-123.248928
VAD10492,Anthropology and Sociology Building,Vancouver,V6T 1Z1,BC,VBL10204,CampusBuilding,CampusMail,6303 NW Marine Drive,49.270129,-123.257573
VAD10808,Argyll House East,Vancouver,V6T 2L2,BC,VBL10288,NeighbourhoodBldg,CanadaPost,5958 Iona Drive,49.27141,-123.249768
VAD10022,Iona Building,Vancouver,V6T 1L4,BC,VBL10292,CampusBuilding,CampusMail,6000 Iona Drive,49.271068,-123.250378
VAD11114,Vancouver School of Theology (VST),Vancouver,V6T 1Z1,BC,VBL10302,OtherBuilding,CanadaPost,6015 Walter Gage Road,49.270347,-123.251171
VAD10473,Westpoint,Vancouver,V6T 0B3,BC,VBL10305,NeighbourhoodBldg,CanadaPost,6005 Walter Gage Road,49.270092,-123.250606
VAD10062,Corus - Apartment,Vancouver,V6T 0A8,BC,VBL10303,NeighbourhoodBldg,CanadaPost,5989 Walter Gage Road,49.270565,-123.249382
VAD10195,North Parkade,Vancouver,V6T 1Z1,BC,VBL10234,CampusBuilding,CampusMail,6115 Student Union Boulevard,49.268792,-123.250489
VAD10905,Chemistry Building,Vancouver,V6T 1Z1,BC,VBL10328,CampusBuilding,CampusMail,2036 Main Mall,49.265893,-123.253115
VAD11063,Exchange Residence,Vancouver,V6T 2C9,BC,VBL10370,CampusBuilding,CampusMail,5960 Student Union Boulevard,49.268846,-123.24849
VAD10842,Buchanan Tower,Vancouver,V6T 1Z1,BC,VBL10324,CampusBuilding,CampusMail,1873 East Mall,49.268659,-123.253238
VAD11180,Brock Commons South,Vancouver,V6T 1K2,BC,VBL10424,CampusBuilding,CampusMail,6180 Walter Gage Road,49.269046,-123.252746
VAD11181,Brock Commons South - Residential,Vancouver,V6T 1K2,BC,VBL10424,Residential,CampusMail,6122 Walter Gage Road,49.269277,-123.252089
VAD10109,Ivy on the Park - Townhomes,Vancouver,V6S 0A5,BC,VBL10264,NeighbourhoodBldg,CanadaPost,5681 Birney Avenue,49.254572,-123.231815
VAD11165,Evolve,Vancouver,V6T 1W5,BC,VBL10422,NeighbourhoodBldg,CanadaPost,3518 Wesbrook Mall,49.252352,-123.233453
VAD10177,Michael Smith Laboratories,Vancouver,V6T 1Z4,BC,VBL10221,CampusBuilding,CampusMail,2185 East Mall,49.264505,-123.249866
VAD11089,Central - Retail,Vancouver,V6T 0C4,BC,VBL10356,Commercial,CanadaPost,6065 University Boulevard,49.266202,-123.247542
VAD10709,Child Care Services - Administration Building,Vancouver,V6T 1S1,BC,VBL10306,CampusBuilding,CampusMail,2881 Acadia Road,49.261171,-123.23426
VAD10687,Child Care Services - Acadia,Vancouver,V6T 1S1,BC,VBL10272,CampusBuilding,CampusMail,2865 Revelstoke Court,49.260845,-123.234876
VAD10092,Central - Retail,Vancouver,V6T 0C4,BC,VBL10356,Commercial,CanadaPost,6035 University Boulevard,49.266249,-123.247159
VAD10090,Central - Retail,Vancouver,V6T 0C4,BC,VBL10356,Commercial,CanadaPost,6045 University Boulevard,49.266234,-123.247272
VAD11221,Symphony,Vancouver,V6S 0M9,BC,VBL10454,NeighbourhoodBldg,CanadaPost,3638 Wesbrook Mall,49.251061,-123.232694
VAD10713,Child Care Services - Sitka/Discovery,Vancouver,V6T 2E6,BC,VBL10140,CampusBuilding,CampusMail,5620 Osoyoos Crescent,49.259677,-123.234702
VAD10715,Child Care Services - Tillicum/Canada Goose,Vancouver,V6T 2E6,BC,VBL10142,CampusBuilding,CampusMail,5660 Osoyoos Crescent,49.259529,-123.235196
VAD10714,Child Care Services - Summer of 73/Lilliput,Vancouver,V6T 2E6,BC,VBL10141,CampusBuilding,CampusMail,5690 Osoyoos Crescent,49.259387,-123.235744
VAD10091,Central - Retail,Vancouver,V6T 0C4,BC,VBL10356,Commercial,CanadaPost,6055 University Boulevard,49.266214,-123.247407
VAD10018,In-Vessel Composting Facility,Vancouver,V6T 1W5,BC,VBL10364,CampusBuilding,CampusMail,6035 Nurseries Road,49.244922,-123.228103
VAD11189,UBC Botanical Garden Nursery,Vancouver,V6T 1W5,BC,VBL10195,CampusBuilding,CampusMail,3929 Wesbrook Mall,49.249444,-123.234689
VAD11069,Tapestry South,Vancouver,V6S 0A7,BC,VBL10182,NeighbourhoodBldg,CanadaPost,3382 Wesbrook Mall,49.254109,-123.234745
VAD11040,Earth and Ocean Sciences (EOS),Vancouver,V6T 1Z4,BC,VBL10001,CampusBuilding,CampusMail,6339 Stores Road,49.26258,-123.252309
VAD10161,Liu Institute for Global Issues,Vancouver,V6T 1Z2,BC,VBL10177,CampusBuilding,CampusMail,6476 NW Marine Drive,49.267367,-123.259348
VAD10077,The Mews - Retail,Vancouver,V6S 0B1,BC,VBL10165,Commercial,CanadaPost,3311 Wesbrook Mall,49.254784,-123.235681
VAD10081,The Mews - Retail,Vancouver,V6S 0B1,BC,VBL10165,Commercial,CanadaPost,3323 Wesbrook Mall,49.254666,-123.235615
VAD10078,The Mews - Retail,Vancouver,V6S 0B1,BC,VBL10165,Commercial,CanadaPost,3317 Wesbrook Mall,49.254706,-123.235636
VAD11057,The Mews,Vancouver,V6S 0E3,BC,VBL10165,NeighbourhoodBldg,CanadaPost,3333 Wesbrook Mall,49.25459,-123.235561
VAD11064,The Mews - Retail,Vancouver,V6S 0B1,BC,VBL10165,Commercial,CanadaPost,3337 Wesbrook Mall,49.25451,-123.235473
VAD11128,University Services Building (USB),Vancouver,V6T 1Z4,BC,VBL10150,CampusBuilding,CampusMail,2329 West Mall,49.261102,-123.253387
VAD11212,Recreation Centre North,Vancouver,V6T 1Z1,BC,VBL10441,CampusBuilding,,6140 Student Union Boulevard,49.268044,-123.250884
VAD11138,Village Square - Retail,Vancouver,V6S 0J7,BC,VBL10170,Commercial,CanadaPost,5958 Webber Lane,49.254125,-123.236254
VAD11224,Theory,Vancouver,V6S 0M7,BC,VBL10455,NeighbourhoodBldg,CanadaPost,5781 Binning Avenue,49.250843,-123.230884
VAD11032,UBC Hospital - Detwiller Pavilion,Vancouver,V6T 2A1,BC,VBL10334,OtherBuilding,CampusMail,2255 Wesbrook Mall,49.263833,-123.244481
VAD11068,The Mews - Retail,Vancouver,V6S 0B9,BC,VBL10165,Commercial,CanadaPost,3332 Shrum Lane,49.254456,-123.23586
VAD11126,UBC Hospital - Koerner Pavilion,Vancouver,V6T 2B5,BC,VBL10318,OtherBuilding,CampusMail,2211 Wesbrook Mall,49.264162,-123.245555
VAD10168,Ponderosa Commons West,Vancouver,V6T 1Z4,BC,VBL10310,CampusBuilding,CampusMail,6488 University Boulevard,49.263456,-123.255926
VAD10169,Ponderosa Commons North,Vancouver,V6T 1Z2,BC,VBL10312,CampusBuilding,CampusMail,6445 University Boulevard,49.26395,-123.255825
VAD10357,First Nations Longhouse,Vancouver,V6T 1Z2,BC,VBL10386,CampusBuilding,CampusMail,1985 West Mall,49.265535,-123.257204
VAD11083,Thea Koerner House,Vancouver,V6T 1Z2,BC,VBL10249,CampusBuilding,CampusMail,6371 Crescent Road,49.268526,-123.257767
VAD10830,UBC Security,Vancouver,V6T 1Z4,BC,VBL10065,Occupant,CampusMail,2133 East Mall,49.264905,-123.250275
VAD10071,The Mews - Retail,Vancouver,V6S 0B1,BC,VBL10165,Commercial,CanadaPost,3340 Shrum Lane,49.254228,-123.235714
VAD10831,Networks of Centres of Excellence,Vancouver,V6T 1Z4,BC,VBL10065,Occupant,CampusMail,2125 East Mall,49.264959,-123.250244
VAD10815,Beaty Biodiversity Centre,Vancouver,V6T 1Z4,BC,VBL10086,CampusBuilding,CampusMail,2212 Main Mall,49.263466,-123.251064
VAD10072,The Mews - Retail,Vancouver,V6S 0B9,BC,VBL10165,Commercial,CanadaPost,3312 Shrum Lane,49.254615,-123.236009
VAD11143,Village Square - Retail,Vancouver,V6S 0J7,BC,VBL10170,Commercial,CanadaPost,5968 Webber Lane,49.254056,-123.236468
VAD11142,Village Square - Retail,Vancouver,V6S 0J7,BC,VBL10170,Commercial,CanadaPost,5988 Webber Lane,49.253989,-123.236661
VAD11067,The Mews - Retail,Vancouver,V6S 0B1,BC,VBL10165,Commercial,CanadaPost,3309 Wesbrook Mall,49.254845,-123.235733
VAD11031,David Strangway Building,Vancouver,V6T 1Z3,BC,VBL10070,CampusBuilding,CanadaPost,5950 University Boulevard,49.265991,-123.246016
VAD10074,The Leonard S. Klinck Building,Vancouver,V6T 1Z2,BC,VBL10252,CampusBuilding,CampusMail,6356 Agricultural Road,49.265661,-123.255151
VAD10097,Old Administration Building,Vancouver,V6T 1Z2,BC,VBL10138,CampusBuilding,CampusMail,6328 Memorial Road,49.267257,-123.255526
VAD10825,Campus and Community Planning,Vancouver,V6T 1Z4,BC,VBL10332,CampusBuilding,CampusMail,2210 West Mall,49.262433,-123.253297
VAD10826,Carey Centre,Vancouver,V6T 1J6,BC,VBL10257,OtherBuilding,CanadaPost,5920 Iona Drive,49.271434,-123.249012
VAD10841,Buchanan Building,Vancouver,V6T 1Z1,BC,VBL10323,CampusBuilding,CampusMail,1866 Main Mall,49.268283,-123.254908
VAD10849,Cecil Green Park Coach House,Vancouver,V6T 1Z1,BC,VBL10341,CampusBuilding,CampusMail,6323 Cecil Green Park Road,49.270993,-123.258582
VAD10850,Cecil Green Park House,Vancouver,V6T 1Z1,BC,VBL10342,CampusBuilding,CampusMail,6251 Cecil Green Park Road,49.271306,-123.257747
VAD10772,Cascara House,Vancouver,V6T 0C1,BC,VBL10347,NeighbourhoodBldg,CanadaPost,6385 Hawthorn Lane,49.258272,-123.249554
VAD11146,Walter C. Koerner Library,Vancouver,V6T 1Z2,BC,VBL10154,CampusBuilding,CampusMail,1958 Main Mall,49.266704,-123.25499
VAD10175,Mathematics Building,Vancouver,V6T 1Z2,BC,VBL10229,CampusBuilding,CampusMail,1984 Mathematics Road,49.266504,-123.255416
VAD10178,Morris and Helen Belkin Art Gallery,Vancouver,V6T 1Z2,BC,VBL10315,CampusBuilding,CampusMail,1825 Main Mall,49.268232,-123.25627
VAD10262,Geography Building,Vancouver,V6T 1Z2,BC,VBL10411,CampusBuilding,CampusMail,1984 West Mall,49.26579,-123.256219
VAD10811,Auditorium Annexes,Vancouver,V6T 1Z2,BC,VBL10228,CampusBuilding,CampusMail,1924 West Mall,49.266726,-123.256931
VAD10814,B.C. Binning Studios,Vancouver,V6T 1Z2,BC,VBL10134,CampusBuilding,CampusMail,6373 University Boulevard,49.264642,-123.25478
VAD10732,Civil and Mechanical Engineering Laboratories,Vancouver,V6T 1Z4,BC,VBL10330,CampusBuilding,CampusMail,2275 East Mall,49.263177,-123.249597
VAD10196,Oakwood Residences,Vancouver,V6S 0L1,BC,VBL10255,NeighbourhoodBldg,CanadaPost,3383 Ross Drive,49.25186,-123.238684
VAD11079,The Residences at Nobel Park - Townhouses,Vancouver,V6S 0L3,BC,VBL10352,NeighbourhoodBldg,CanadaPost,3483 Ross Drive,49.251014,-123.23627
VAD11183,Brock Commons North,Vancouver,V6T 1K2,BC,VBL10423,CampusBuilding,CampusMail,6177 Walter Gage Road,49.269389,-123.252594
VAD10385,Prodigy - Building 1,Vancouver,V6S 0G3,BC,VBL10349,NeighbourhoodBldg,CanadaPost,6033 Gray Avenue,49.251676,-123.235776
VAD10581,Sage,Vancouver,V6S 0C1,BC,VBL10187,NeighbourhoodBldg,CanadaPost,5782 Berton Avenue,49.255351,-123.23377
VAD11191,The Conservatory,Vancouver,V6S 2L2,BC,VBL10427,NeighbourhoodBldg,CanadaPost,5608 Berton Avenue,49.256192,-123.231666
VAD11232,BCR7 - Building B,Vancouver,,BC,VBL10460,NeighbourhoodBldg,CanadaPost,3562 Wesbrook Mall,49.251806,-123.233079
VAD11233,BCR7 - Building A,Vancouver,,BC,VBL10459,NeighbourhoodBldg,CanadaPost,3588 Wesbrook Mall,49.251577,-123.23295
VAD10827,David Lam Learning Centre,Vancouver,V6T 1Z2,BC,VBL10278,Occupant,CampusMail,6326 Agricultural Road,49.265776,-123.25461
VAD10027,Landscape Operations Building,Vancouver,V6T 1Z4,BC,VBL10097,Occupant,CampusMail,2333 Lower Mall,49.260522,-123.254794
VAD10844,Earthquake Engineering Research Facility,Vancouver,V6T 1Z4,BC,VBL10330,Occupant,CampusMail,2235 East Mall,49.263563,-123.2489
VAD10725,Vancouver Fire Rescue Services - No. 10 Firehall,Vancouver,V6T 2B7,BC,VBL10046,Occupant,CampusMail,2992 Wesbrook Mall,49.258699,-123.238245
VAD10107,Berwick Memorial Centre - Daycare,Vancouver,V6T 1X7,BC,VBL10155,Occupant,CampusMail,2767 Osoyoos Crescent,49.260495,-123.239348
VAD10863,Spirit Park Apartments - Huckleberry Daycare,Vancouver,V6T 1X7,BC,VBL10074,Occupant,CampusMail,2735 Osoyoos Crescent,49.261151,-123.239447
VAD11096,Child Care Services - Kittiwake,Vancouver,V6T 1S1,BC,VBL10273,Occupant,CampusMail,2815 Revelstoke Court,49.260162,-123.235249
VAD10484,Acadia House - 1 (101-104),Vancouver,V6T 1R9,BC,VBL10308,Residential,CampusMail,2710 Acadia Road,49.262924,-123.235851
VAD10483,Acadia House,Vancouver,V6T 1R9,BC,VBL10308,CampusBuilding,CampusMail,2700 Acadia Road,49.263104,-123.236093
VAD10482,Acadia House - 3 (106-110),Vancouver,V6T 1R9,BC,VBL10308,Residential,CampusMail,2720 Acadia Road,49.262682,-123.235502
VAD10741,TRIUMF,Vancouver,V6T 2A3,BC,VBL10132,Complex,CampusMail,4004 Wesbrook Mall,49.247585,-123.230881
VAD11105,UBC Farm,Vancouver,V6T 1W5,BC,VBL10014,Complex,CampusMail,3461 Ross Drive,49.250754,-123.237372
VAD11140,UBC Botanical Garden,Vancouver,V6T 1Z4,BC,VBL10419,Complex,CampusMail,6804 SW Marine Drive,49.254049,-123.250619
VAD11179,Walter H. Gage Residence - Temporary Front Desk,Vancouver,V6T 1K2,BC,VBL10263,Complex,CampusMail,6002 Walter Gage Road,49.270101,-123.249901
VAD11106,UBC Life Building,Vancouver,V6T 1Z1,BC,VBL10248,CampusBuilding,CampusMail,6138 Student Union Boulevard,49.267559,-123.24946
VAD10011,Health Sciences Parkade,Vancouver,V6T 1Z3,BC,VBL10357,CampusBuilding,CampusMail,2250 Health Sciences Mall,49.263054,-123.24736
VAD10020,"Institute for Computing, Information and Cognitive Systems / Computer Science (ICICS/CS)",Vancouver,V6T 1Z4,BC,VBL10078,CampusBuilding,CampusMail,2366 Main Mall,49.261098,-123.249279
VAD10098,Panhellenic House,Vancouver,V6T 2B7,BC,VBL10313,OtherBuilding,CampusMail,2770 Wesbrook Mall,49.260091,-123.239604
VAD10223,Gerald McGavin Building,Vancouver,V6T 1Z3,BC,VBL10043,OtherBuilding,CampusMail,2386 East Mall,49.261639,-123.246812
VAD10263,George Cunningham Building,Vancouver,V6T 1Z3,BC,VBL10039,CampusBuilding,CampusMail,2146 East Mall,49.264767,-123.249109
VAD10278,Fraser Hall,Vancouver,V6T 1Z3,BC,VBL10117,CampusBuilding,CanadaPost,2550 Wesbrook Mall,49.261492,-123.240791
VAD10401,School of Population & Public Health,Vancouver,V6T 1Z3,BC,VBL10107,CampusBuilding,CampusMail,2206 East Mall,49.264066,-123.248628
VAD10474,Westpoint - Retail,Vancouver,V6T 0B4,BC,VBL10305,Commercial,CanadaPost,6011 Walter Gage Road,49.270054,-123.250715
VAD10616,AMS Nest,Vancouver,V6T 1Z1,BC,VBL10407,CampusBuilding,CampusMail,6133 University Boulevard,49.266226,-123.24969
VAD10889,Centre for Interactive Research on Sustainability,Vancouver,V6T 1Z4,BC,VBL10162,CampusBuilding,CampusMail,2260 West Mall,49.262063,-123.253354
VAD11094,UBC Aquatic Centre,Vancouver,V6T 1Z1,BC,VBL10071,CampusBuilding,CampusMail,6080 Student Union Boulevard,49.267857,-123.249291
VAD10605,Marine Drive Residence - Front Desk,Vancouver,V6T 1Z4,BC,VBL10088,Complex,CampusMail,2205 Lower Mall,49.261492,-123.256534
VAD10604,Place Vanier Residence - Front Desk,Vancouver,V6T 1X1,BC,VBL10108,Complex,CampusMail,1935 Lower Mall,49.26488,-123.258822
VAD10603,Ponderosa Commons - Front Desk,Vancouver,V6T 1Z2,BC,VBL10312,Complex,CampusMail,2075 West Mall,49.264269,-123.256079
VAD10602,Totem Park Residence - Front Desk,Vancouver,V6T 1W9,BC,VBL10231,Complex,CampusMail,2525 West Mall,49.257903,-123.252795
VAD10601,Thunderbird Residence - Front Desk ,Vancouver,V6T 2G9,BC,VBL10215,Complex,CampusMail,6335 Thunderbird Crescent,49.259328,-123.249193
VAD10528,Acadia Park & Fairview Crescent Residence Complex - Front Desk ,Vancouver,V6T 2E5,BC,VBL10185,Complex,CampusMail,2707 Tennis Crescent,49.262638,-123.237336
VAD10145,Robert F. Osborne Centre,Vancouver,V6T 1Z3,BC,VBL10251,Complex,CampusMail,6108 Thunderbird Boulevard,49.260195,-123.243988
VAD10127,Green College - Front Desk,Vancouver,V6T 1Z1,BC,VBL10200,Complex,CampusMail,6201 Cecil Green Park Road,49.271048,-123.256371
VAD10126,Environmental Services Facility,Vancouver,V6T 1W5,BC,VBL10400,Complex,CampusMail,6025 Nurseries Road,49.243483,-123.228971
VAD10065,Manufacturing Automation Laboratory,Vancouver,V6T 1Z4,BC,VBL10330,Occupant,CampusMail,2225 East Mall,49.263589,-123.248921
VAD10865,Nobel Biocare Oral Health Centre,Vancouver,V6T 1Z3,BC,VBL10070,Occupant,CanadaPost,2151 Wesbrook Mall,49.265894,-123.245555
VAD11211,Gordon B. Shrum Building,Vancouver,V6T 1Z3,BC,VBL10444,CampusBuilding,CampusMail,6088 University Boulevard,49.265801,-123.247762
VAD11234,Gordon B. Shrum Building - Retail,Vancouver,V6T 1Z3,BC,VBL10444,Commercial,CampusMail,6020 University Boulevard,49.265838,-123.24704
VAD10823,C. K. Choi Building for the Institute of Asian Research,Vancouver,V6T 1Z2,BC,VBL10338,CampusBuilding,CampusMail,1855 West Mall,49.267236,-123.257813
VAD11231,BCR7 - Building C,Vancouver,,BC,VBL10461,NeighbourhoodBldg,CanadaPost,3578 Wesbrook Mall,49.25187,-123.232163
VAD10128,Nitobe Memorial Garden,Vancouver,V6T 1Z2,BC,VBL10230,CampusBuilding,CampusMail,1895 Lower Mall,49.266504,-123.259252
VAD10783,West Parkade,Vancouver,V6T 1Z4,BC,VBL10284,CampusBuilding,CampusMail,2140 Lower Mall,49.262895,-123.255541
VAD10376,Ponderosa Office Annex A,Vancouver,V6T 1Z2,BC,VBL10146,CampusBuilding,CampusMail,2011 West Mall,49.265202,-123.256203
VAD10279,Fraser River Parkade,Vancouver,V6T 1Z2,BC,VBL10397,CampusBuilding,CampusMail,6440 Memorial Road,49.266268,-123.258346
VAD10032,Leon and Thea Koerner University Centre,Vancouver,V6T 1Z2,BC,VBL10093,CampusBuilding,CampusMail,6331 Crescent Road,49.268769,-123.256946
VAD10708,Chemical and Biological Engineering Building,Vancouver,V6T 1Z3,BC,VBL10062,CampusBuilding,CampusMail,2360 East Mall,49.262297,-123.247268
VAD11228,Exeter Hall,Vancouver,,BC,VBL10451,NeighbourhoodBldg,CanadaPost,6036 Gray Avenue,49.251453,-123.235546
VAD10888,Chan Gunn Pavilion,Vancouver,V6T 1Z3,BC,VBL10092,CampusBuilding,CampusMail,2553 Wesbrook Mall,49.260782,-123.241364
VAD11023,John Barfoot Macdonald Building,Vancouver,V6T 1Z3,BC,VBL10366,CampusBuilding,CampusMail,2199 Wesbrook Mall,49.265022,-123.245305
VAD11033,Djavad Mowafaghian Centre for Brain Health (CBH),Vancouver,V6T 1Z3,BC,VBL10103,OtherBuilding,CampusMail,2215 Wesbrook Mall,49.264412,-123.24473
VAD11076,Thunderbird Parkade,Vancouver,V6T 1Z3,BC,VBL10113,CampusBuilding,CampusMail,6085 Thunderbird Boulevard,49.261157,-123.243443
VAD10358,Frederic Wood Theatre,Vancouver,V6T 1Z2,BC,VBL10405,CampusBuilding,CampusMail,6354 Crescent Road,49.268244,-123.25677
VAD10398,Sing Tao Building,Vancouver,V6T 1Z2,BC,VBL10348,CampusBuilding,CampusMail,6388 Crescent Road,49.267846,-123.257851
VAD10171,Mathematics Annex,Vancouver,V6T 1Z2,BC,VBL10216,CampusBuilding,CampusMail,1986 Mathematics Road,49.266164,-123.254907
VAD11037,Douglas T. Kenny Building,Vancouver,V6T 1Z4,BC,VBL10131,CampusBuilding,CampusMail,2136 West Mall,49.26347,-123.254077
VAD10103,Orchard Commons,Vancouver,V6T 1Z4,BC,VBL10013,CampusBuilding,CampusMail,6363 Agronomy Road,49.260109,-123.250837
VAD10277,Frank Forward Building,Vancouver,V6T 1Z4,BC,VBL10044,CampusBuilding,CampusMail,6350 Stores Road,49.261781,-123.25175
VAD10230,HR MacMillan Building,Vancouver,V6T 1Z4,BC,VBL10060,CampusBuilding,CampusMail,2357 Main Mall,49.260867,-123.250829
VAD10281,Fred Kaiser Building,Vancouver,V6T 1Z4,BC,VBL10085,CampusBuilding,CampusMail,2332 Main Mall,49.262144,-123.250168
VAD11227,Orchard Commons - Childcare,Vancouver,V6T 1Z4,BC,VBL10458,CampusBuilding,,2378 West Mall,49.260513,-123.25215
VAD11205,Arts Student Centre,Vancouver,V6T 1Z1,BC,VBL10426,CampusBuilding,CampusMail,1860 East Mall,49.269227,-123.253156
VAD10742,Spirit Park Apartments,Vancouver,V6T 1X7,BC,VBL10074,CampusBuilding,CampusMail,2715 Osoyoos Crescent,49.261516,-123.239274
VAD10744,Spirit Park Apartments - 2,Vancouver,V6T 1X7,BC,VBL10074,Residential,CampusMail,2705 Osoyoos Crescent,49.261718,-123.239467
VAD11145,Vista Point,Vancouver,V6T 0B8,BC,VBL10011,NeighbourhoodBldg,CanadaPost,5828 Thunderbird Boulevard,49.26182,-123.240401
VAD10040,TRIUMF House,Vancouver,V6T 2L6,BC,VBL10320,OtherBuilding,CanadaPost,5835 Thunderbird Boulevard,49.262105,-123.241013
VAD10280,Fraternity Village,Vancouver,V6T 2J3,BC,VBL10404,OtherBuilding,CampusMail,2880 Wesbrook Mall,49.259618,-123.238984
VAD10490,Allard Hall,Vancouver,V6T 1Z1,BC,VBL10104,CampusBuilding,CampusMail,1822 East Mall,49.269839,-123.253646
VAD10409,Rose Garden Parkade,Vancouver,V6T 1Z1,BC,VBL10054,CampusBuilding,CampusMail,6278 NW Marine Drive,49.269521,-123.256706
VAD10493,Aquatic Ecosystems Research Laboratory,Vancouver,V6T 1Z4,BC,VBL10087,CampusBuilding,CampusMail,2202 Main Mall,49.263591,-123.251161
VAD11103,UBC Bookstore,Vancouver,V6T 1Z4,BC,VBL10065,CampusBuilding,CampusMail,6200 University Boulevard,49.265143,-123.25034
VAD10627,Abdul Ladha Science Student Centre,Vancouver,V6T 1Z1,BC,VBL10163,CampusBuilding,CampusMail,2055 East Mall,49.26606,-123.251246
VAD10906,Chemistry Physics Building,Vancouver,V6T 1Z1,BC,VBL10327,CampusBuilding,CampusMail,6221 University Boulevard,49.265736,-123.251264
VAD10402,Rodney Graham Millennial Time Machine,Vancouver,V6T 1Z1,BC,VBL10051,CampusBuilding,CampusMail,1940 Main Mall,49.267555,-123.254562
VAD10158,Ladner Clock Tower,Vancouver,V6T 1Z1,BC,VBL10376,CampusBuilding,CampusMail,1956 Main Mall,49.26737,-123.25364
VAD10023,Irving K. Barber Learning Centre,Vancouver,V6T 1Z1,BC,VBL10080,CampusBuilding,CampusMail,1961 East Mall,49.26763,-123.252357
VAD11243,Lower Mall Precinct - Front Desk,Vancouver,V6T 1Z4,BC,VBL10468,Complex,CampusMail,2115 Lower Mall,49.263128,-123.256389
VAD10439,St. John's College,Vancouver,V6T 1Z4,BC,VBL10116,CampusBuilding,CampusMail,2111 Lower Mall,49.26299,-123.256469
VAD10384,Power House,Vancouver,V6T 1Z2,BC,VBL10024,CampusBuilding,CampusMail,2040 West Mall,49.265239,-123.254834
