id,count,description,name,slug,taxonomy,parent,meta,yoast_head,yoast_head_json,url,urls
363,116,,Audience - All,audience-all,tribe_events_cat,0,[],"<!-- This site is optimized with the Yoast SEO plugin v28.2 - https://yoast.com/product/yoast-seo-wordpress/ -->
<title>Audience - All Archives - UBCevents</title>
<meta name=""robots"" content=""index, follow, max-snippet:-1, max-image-preview:large, max-video-preview:-1"" />
<link rel=""canonical"" href=""https://events.ubc.ca/events/category/audience-all/"" />
<meta property=""og:locale"" content=""en_US"" />
<meta property=""og:type"" content=""article"" />
<meta property=""og:title"" content=""Audience - All Archives - UBCevents"" />
<meta property=""og:url"" content=""https://events.ubc.ca/events/category/audience-all/"" />
<meta property=""og:site_name"" content=""UBCevents"" />
<meta name=""twitter:card"" content=""summary_large_image"" />
<meta name=""twitter:site"" content=""@ubcevents"" />
<script type=""application/ld+json"" class=""yoast-schema-graph"">{""@context"":""https:\/\/schema.org"",""@graph"":[{""@type"":""CollectionPage"",""@id"":""https:\/\/events.ubc.ca\/events\/category\/audience-all\/"",""url"":""https:\/\/events.ubc.ca\/events\/category\/audience-all\/"",""name"":""Audience - All Archives - UBCevents"",""isPartOf"":{""@id"":""https:\/\/events.ubc.ca\/#website""},""breadcrumb"":{""@id"":""https:\/\/events.ubc.ca\/events\/category\/audience-all\/#breadcrumb""},""inLanguage"":""en-US""},{""@type"":""BreadcrumbList"",""@id"":""https:\/\/events.ubc.ca\/events\/category\/audience-all\/#breadcrumb"",""itemListElement"":[{""@type"":""ListItem"",""position"":1,""name"":""Home"",""item"":""https:\/\/events.ubc.ca\/""},{""@type"":""ListItem"",""position"":2,""name"":""Audience - All""}]},{""@type"":""WebSite"",""@id"":""https:\/\/events.ubc.ca\/#website"",""url"":""https:\/\/events.ubc.ca\/"",""name"":""UBC Events"",""description"":"""",""publisher"":{""@id"":""https:\/\/events.ubc.ca\/#organization""},""potentialAction"":[{""@type"":""SearchAction"",""target"":{""@type"":""EntryPoint"",""urlTemplate"":""https:\/\/events.ubc.ca\/?s={search_term_string}""},""query-input"":{""@type"":""PropertyValueSpecification"",""valueRequired"":true,""valueName"":""search_term_string""}}],""inLanguage"":""en-US""},{""@type"":""Organization"",""@id"":""https:\/\/events.ubc.ca\/#organization"",""name"":""UBC events"",""url"":""https:\/\/events.ubc.ca\/"",""logo"":{""@type"":""ImageObject"",""inLanguage"":""en-US"",""@id"":""https:\/\/events.ubc.ca\/#\/schema\/logo\/image\/"",""url"":""https:\/\/events.ubc.ca\/wp-content\/uploads\/2023\/11\/ubc-logo-2018-crest-blue-rgb72.jpg"",""contentUrl"":""https:\/\/events.ubc.ca\/wp-content\/uploads\/2023\/11\/ubc-logo-2018-crest-blue-rgb72.jpg"",""width"":99,""height"":135,""caption"":""UBC events""},""image"":{""@id"":""https:\/\/events.ubc.ca\/#\/schema\/logo\/image\/""},""sameAs"":[""https:\/\/www.facebook.com\/universityofbc\/"",""https:\/\/x.com\/ubcevents"",""https:\/\/www.youtube.com\/user\/UBC#g\/c\/94CEF848B9790AE4""]}]}</script>
<!-- / Yoast SEO plugin. -->","{""title"": ""Audience - All Archives - UBCevents"", ""robots"": {""index"": ""index"", ""follow"": ""follow"", ""max-snippet"": ""max-snippet:-1"", ""max-image-preview"": ""max-image-preview:large"", ""max-video-preview"": ""max-video-preview:-1""}, ""canonical"": ""https://events.ubc.ca/events/category/audience-all/"", ""og_locale"": ""en_US"", ""og_type"": ""article"", ""og_title"": ""Audience - All Archives - UBCevents"", ""og_url"": ""https://events.ubc.ca/events/category/audience-all/"", ""og_site_name"": ""UBCevents"", ""twitter_card"": ""summary_large_image"", ""twitter_site"": ""@ubcevents"", ""schema"": {""@context"": ""https://schema.org"", ""@graph"": [{""@type"": ""CollectionPage"", ""@id"": ""https://events.ubc.ca/events/category/audience-all/"", ""url"": ""https://events.ubc.ca/events/category/audience-all/"", ""name"": ""Audience - All Archives - UBCevents"", ""isPartOf"": {""@id"": ""https://events.ubc.ca/#website""}, ""breadcrumb"": {""@id"": ""https://events.ubc.ca/events/category/audience-all/#breadcrumb""}, ""inLanguage"": ""en-US""}, {""@type"": ""BreadcrumbList"", ""@id"": ""https://events.ubc.ca/events/category/audience-all/#breadcrumb"", ""itemListElement"": [{""@type"": ""ListItem"", ""position"": 1, ""name"": ""Home"", ""item"": ""https://events.ubc.ca/""}, {""@type"": ""ListItem"", ""position"": 2, ""name"": ""Audience - All""}]}, {""@type"": ""WebSite"", ""@id"": ""https://events.ubc.ca/#website"", ""url"": ""https://events.ubc.ca/"", ""name"": ""UBC Events"", ""description"": """", ""publisher"": {""@id"": ""https://events.ubc.ca/#organization""}, ""potentialAction"": [{""@type"": ""SearchAction"", ""target"": {""@type"": ""EntryPoint"", ""urlTemplate"": ""https://events.ubc.ca/?s={search_term_string}""}, ""query-input"": {""@type"": ""PropertyValueSpecification"", ""valueRequired"": true, ""valueName"": ""search_term_string""}}], ""inLanguage"": ""en-US""}, {""@type"": ""Organization"", ""@id"": ""https://events.ubc.ca/#organization"", ""name"": ""UBC events"", ""url"": ""https://events.ubc.ca/"", ""logo"": {""@type"": ""ImageObject"", ""inLanguage"": ""en-US"", ""@id"": ""https://events.ubc.ca/#/schema/logo/image/"", ""url"": ""https://events.ubc.ca/wp-content/uploads/2023/11/ubc-logo-2018-crest-blue-rgb72.jpg"", ""contentUrl"": ""https://events.ubc.ca/wp-content/uploads/2023/11/ubc-logo-2018-crest-blue-rgb72.jpg"", ""width"": 99, ""height"": 135, ""caption"": ""UBC events""}, ""image"": {""@id"": ""https://events.ubc.ca/#/schema/logo/image/""}, ""sameAs"": [""https://www.facebook.com/universityofbc/"", ""https://x.com/ubcevents"", ""https://www.youtube.com/user/UBC#g/c/94CEF848B9790AE4""]}]}}",https://events.ubc.ca/events/category/audience-all/,"{""self"": ""https://events.ubc.ca/wp-json/tribe/events/v1/categories/363"", ""collection"": ""https://events.ubc.ca/wp-json/tribe/events/v1/categories""}"
122,1759,,Audience – All Students,audience-all-students,tribe_events_cat,0,[],"<!-- This site is optimized with the Yoast SEO plugin v28.2 - https://yoast.com/product/yoast-seo-wordpress/ -->
<title>Audience – All Students Archives - UBCevents</title>
<meta name=""robots"" content=""index, follow, max-snippet:-1, max-image-preview:large, max-video-preview:-1"" />
<link rel=""canonical"" href=""https://events.ubc.ca/events/category/audience-all-students/"" />
<meta property=""og:locale"" content=""en_US"" />
<meta property=""og:type"" content=""article"" />
<meta property=""og:title"" content=""Audience – All Students Archives - UBCevents"" />
<meta property=""og:url"" content=""https://events.ubc.ca/events/category/audience-all-students/"" />
<meta property=""og:site_name"" content=""UBCevents"" />
<meta name=""twitter:card"" content=""summary_large_image"" />
<meta name=""twitter:site"" content=""@ubcevents"" />
<script type=""application/ld+json"" class=""yoast-schema-graph"">{""@context"":""https:\/\/schema.org"",""@graph"":[{""@type"":""CollectionPage"",""@id"":""https:\/\/events.ubc.ca\/events\/category\/audience-all-students\/"",""url"":""https:\/\/events.ubc.ca\/events\/category\/audience-all-students\/"",""name"":""Audience – All Students Archives - UBCevents"",""isPartOf"":{""@id"":""https:\/\/events.ubc.ca\/#website""},""breadcrumb"":{""@id"":""https:\/\/events.ubc.ca\/events\/category\/audience-all-students\/#breadcrumb""},""inLanguage"":""en-US""},{""@type"":""BreadcrumbList"",""@id"":""https:\/\/events.ubc.ca\/events\/category\/audience-all-students\/#breadcrumb"",""itemListElement"":[{""@type"":""ListItem"",""position"":1,""name"":""Home"",""item"":""https:\/\/events.ubc.ca\/""},{""@type"":""ListItem"",""position"":2,""name"":""Audience – All Students""}]},{""@type"":""WebSite"",""@id"":""https:\/\/events.ubc.ca\/#website"",""url"":""https:\/\/events.ubc.ca\/"",""name"":""UBC Events"",""description"":"""",""publisher"":{""@id"":""https:\/\/events.ubc.ca\/#organization""},""potentialAction"":[{""@type"":""SearchAction"",""target"":{""@type"":""EntryPoint"",""urlTemplate"":""https:\/\/events.ubc.ca\/?s={search_term_string}""},""query-input"":{""@type"":""PropertyValueSpecification"",""valueRequired"":true,""valueName"":""search_term_string""}}],""inLanguage"":""en-US""},{""@type"":""Organization"",""@id"":""https:\/\/events.ubc.ca\/#organization"",""name"":""UBC events"",""url"":""https:\/\/events.ubc.ca\/"",""logo"":{""@type"":""ImageObject"",""inLanguage"":""en-US"",""@id"":""https:\/\/events.ubc.ca\/#\/schema\/logo\/image\/"",""url"":""https:\/\/events.ubc.ca\/wp-content\/uploads\/2023\/11\/ubc-logo-2018-crest-blue-rgb72.jpg"",""contentUrl"":""https:\/\/events.ubc.ca\/wp-content\/uploads\/2023\/11\/ubc-logo-2018-crest-blue-rgb72.jpg"",""width"":99,""height"":135,""caption"":""UBC events""},""image"":{""@id"":""https:\/\/events.ubc.ca\/#\/schema\/logo\/image\/""},""sameAs"":[""https:\/\/www.facebook.com\/universityofbc\/"",""https:\/\/x.com\/ubcevents"",""https:\/\/www.youtube.com\/user\/UBC#g\/c\/94CEF848B9790AE4""]}]}</script>
<!-- / Yoast SEO plugin. -->","{""title"": ""Audience – All Students Archives - UBCevents"", ""robots"": {""index"": ""index"", ""follow"": ""follow"", ""max-snippet"": ""max-snippet:-1"", ""max-image-preview"": ""max-image-preview:large"", ""max-video-preview"": ""max-video-preview:-1""}, ""canonical"": ""https://events.ubc.ca/events/category/audience-all-students/"", ""og_locale"": ""en_US"", ""og_type"": ""article"", ""og_title"": ""Audience – All Students Archives - UBCevents"", ""og_url"": ""https://events.ubc.ca/events/category/audience-all-students/"", ""og_site_name"": ""UBCevents"", ""twitter_card"": ""summary_large_image"", ""twitter_site"": ""@ubcevents"", ""schema"": {""@context"": ""https://schema.org"", ""@graph"": [{""@type"": ""CollectionPage"", ""@id"": ""https://events.ubc.ca/events/category/audience-all-students/"", ""url"": ""https://events.ubc.ca/events/category/audience-all-students/"", ""name"": ""Audience – All Students Archives - UBCevents"", ""isPartOf"": {""@id"": ""https://events.ubc.ca/#website""}, ""breadcrumb"": {""@id"": ""https://events.ubc.ca/events/category/audience-all-students/#breadcrumb""}, ""inLanguage"": ""en-US""}, {""@type"": ""BreadcrumbList"", ""@id"": ""https://events.ubc.ca/events/category/audience-all-students/#breadcrumb"", ""itemListElement"": [{""@type"": ""ListItem"", ""position"": 1, ""name"": ""Home"", ""item"": ""https://events.ubc.ca/""}, {""@type"": ""ListItem"", ""position"": 2, ""name"": ""Audience – All Students""}]}, {""@type"": ""WebSite"", ""@id"": ""https://events.ubc.ca/#website"", ""url"": ""https://events.ubc.ca/"", ""name"": ""UBC Events"", ""description"": """", ""publisher"": {""@id"": ""https://events.ubc.ca/#organization""}, ""potentialAction"": [{""@type"": ""SearchAction"", ""target"": {""@type"": ""EntryPoint"", ""urlTemplate"": ""https://events.ubc.ca/?s={search_term_string}""}, ""query-input"": {""@type"": ""PropertyValueSpecification"", ""valueRequired"": true, ""valueName"": ""search_term_string""}}], ""inLanguage"": ""en-US""}, {""@type"": ""Organization"", ""@id"": ""https://events.ubc.ca/#organization"", ""name"": ""UBC events"", ""url"": ""https://events.ubc.ca/"", ""logo"": {""@type"": ""ImageObject"", ""inLanguage"": ""en-US"", ""@id"": ""https://events.ubc.ca/#/schema/logo/image/"", ""url"": ""https://events.ubc.ca/wp-content/uploads/2023/11/ubc-logo-2018-crest-blue-rgb72.jpg"", ""contentUrl"": ""https://events.ubc.ca/wp-content/uploads/2023/11/ubc-logo-2018-crest-blue-rgb72.jpg"", ""width"": 99, ""height"": 135, ""caption"": ""UBC events""}, ""image"": {""@id"": ""https://events.ubc.ca/#/schema/logo/image/""}, ""sameAs"": [""https://www.facebook.com/universityofbc/"", ""https://x.com/ubcevents"", ""https://www.youtube.com/user/UBC#g/c/94CEF848B9790AE4""]}]}}",https://events.ubc.ca/events/category/audience-all-students/,"{""self"": ""https://events.ubc.ca/wp-json/tribe/events/v1/categories/122"", ""collection"": ""https://events.ubc.ca/wp-json/tribe/events/v1/categories""}"
123,822,,Audience – Alumni,audience-alumni,tribe_events_cat,0,[],"<!-- This site is optimized with the Yoast SEO plugin v28.2 - https://yoast.com/product/yoast-seo-wordpress/ -->
<title>Audience – Alumni Archives - UBCevents</title>
<meta name=""robots"" content=""index, follow, max-snippet:-1, max-image-preview:large, max-video-preview:-1"" />
<link rel=""canonical"" href=""https://events.ubc.ca/events/category/audience-alumni/"" />
<meta property=""og:locale"" content=""en_US"" />
<meta property=""og:type"" content=""article"" />
<meta property=""og:title"" content=""Audience – Alumni Archives - UBCevents"" />
<meta property=""og:url"" content=""https://events.ubc.ca/events/category/audience-alumni/"" />
<meta property=""og:site_name"" content=""UBCevents"" />
<meta name=""twitter:card"" content=""summary_large_image"" />
<meta name=""twitter:site"" content=""@ubcevents"" />
<script type=""application/ld+json"" class=""yoast-schema-graph"">{""@context"":""https:\/\/schema.org"",""@graph"":[{""@type"":""CollectionPage"",""@id"":""https:\/\/events.ubc.ca\/events\/category\/audience-alumni\/"",""url"":""https:\/\/events.ubc.ca\/events\/category\/audience-alumni\/"",""name"":""Audience – Alumni Archives - UBCevents"",""isPartOf"":{""@id"":""https:\/\/events.ubc.ca\/#website""},""breadcrumb"":{""@id"":""https:\/\/events.ubc.ca\/events\/category\/audience-alumni\/#breadcrumb""},""inLanguage"":""en-US""},{""@type"":""BreadcrumbList"",""@id"":""https:\/\/events.ubc.ca\/events\/category\/audience-alumni\/#breadcrumb"",""itemListElement"":[{""@type"":""ListItem"",""position"":1,""name"":""Home"",""item"":""https:\/\/events.ubc.ca\/""},{""@type"":""ListItem"",""position"":2,""name"":""Audience – Alumni""}]},{""@type"":""WebSite"",""@id"":""https:\/\/events.ubc.ca\/#website"",""url"":""https:\/\/events.ubc.ca\/"",""name"":""UBC Events"",""description"":"""",""publisher"":{""@id"":""https:\/\/events.ubc.ca\/#organization""},""potentialAction"":[{""@type"":""SearchAction"",""target"":{""@type"":""EntryPoint"",""urlTemplate"":""https:\/\/events.ubc.ca\/?s={search_term_string}""},""query-input"":{""@type"":""PropertyValueSpecification"",""valueRequired"":true,""valueName"":""search_term_string""}}],""inLanguage"":""en-US""},{""@type"":""Organization"",""@id"":""https:\/\/events.ubc.ca\/#organization"",""name"":""UBC events"",""url"":""https:\/\/events.ubc.ca\/"",""logo"":{""@type"":""ImageObject"",""inLanguage"":""en-US"",""@id"":""https:\/\/events.ubc.ca\/#\/schema\/logo\/image\/"",""url"":""https:\/\/events.ubc.ca\/wp-content\/uploads\/2023\/11\/ubc-logo-2018-crest-blue-rgb72.jpg"",""contentUrl"":""https:\/\/events.ubc.ca\/wp-content\/uploads\/2023\/11\/ubc-logo-2018-crest-blue-rgb72.jpg"",""width"":99,""height"":135,""caption"":""UBC events""},""image"":{""@id"":""https:\/\/events.ubc.ca\/#\/schema\/logo\/image\/""},""sameAs"":[""https:\/\/www.facebook.com\/universityofbc\/"",""https:\/\/x.com\/ubcevents"",""https:\/\/www.youtube.com\/user\/UBC#g\/c\/94CEF848B9790AE4""]}]}</script>
<!-- / Yoast SEO plugin. -->","{""title"": ""Audience – Alumni Archives - UBCevents"", ""robots"": {""index"": ""index"", ""follow"": ""follow"", ""max-snippet"": ""max-snippet:-1"", ""max-image-preview"": ""max-image-preview:large"", ""max-video-preview"": ""max-video-preview:-1""}, ""canonical"": ""https://events.ubc.ca/events/category/audience-alumni/"", ""og_locale"": ""en_US"", ""og_type"": ""article"", ""og_title"": ""Audience – Alumni Archives - UBCevents"", ""og_url"": ""https://events.ubc.ca/events/category/audience-alumni/"", ""og_site_name"": ""UBCevents"", ""twitter_card"": ""summary_large_image"", ""twitter_site"": ""@ubcevents"", ""schema"": {""@context"": ""https://schema.org"", ""@graph"": [{""@type"": ""CollectionPage"", ""@id"": ""https://events.ubc.ca/events/category/audience-alumni/"", ""url"": ""https://events.ubc.ca/events/category/audience-alumni/"", ""name"": ""Audience – Alumni Archives - UBCevents"", ""isPartOf"": {""@id"": ""https://events.ubc.ca/#website""}, ""breadcrumb"": {""@id"": ""https://events.ubc.ca/events/category/audience-alumni/#breadcrumb""}, ""inLanguage"": ""en-US""}, {""@type"": ""BreadcrumbList"", ""@id"": ""https://events.ubc.ca/events/category/audience-alumni/#breadcrumb"", ""itemListElement"": [{""@type"": ""ListItem"", ""position"": 1, ""name"": ""Home"", ""item"": ""https://events.ubc.ca/""}, {""@type"": ""ListItem"", ""position"": 2, ""name"": ""Audience – Alumni""}]}, {""@type"": ""WebSite"", ""@id"": ""https://events.ubc.ca/#website"", ""url"": ""https://events.ubc.ca/"", ""name"": ""UBC Events"", ""description"": """", ""publisher"": {""@id"": ""https://events.ubc.ca/#organization""}, ""potentialAction"": [{""@type"": ""SearchAction"", ""target"": {""@type"": ""EntryPoint"", ""urlTemplate"": ""https://events.ubc.ca/?s={search_term_string}""}, ""query-input"": {""@type"": ""PropertyValueSpecification"", ""valueRequired"": true, ""valueName"": ""search_term_string""}}], ""inLanguage"": ""en-US""}, {""@type"": ""Organization"", ""@id"": ""https://events.ubc.ca/#organization"", ""name"": ""UBC events"", ""url"": ""https://events.ubc.ca/"", ""logo"": {""@type"": ""ImageObject"", ""inLanguage"": ""en-US"", ""@id"": ""https://events.ubc.ca/#/schema/logo/image/"", ""url"": ""https://events.ubc.ca/wp-content/uploads/2023/11/ubc-logo-2018-crest-blue-rgb72.jpg"", ""contentUrl"": ""https://events.ubc.ca/wp-content/uploads/2023/11/ubc-logo-2018-crest-blue-rgb72.jpg"", ""width"": 99, ""height"": 135, ""caption"": ""UBC events""}, ""image"": {""@id"": ""https://events.ubc.ca/#/schema/logo/image/""}, ""sameAs"": [""https://www.facebook.com/universityofbc/"", ""https://x.com/ubcevents"", ""https://www.youtube.com/user/UBC#g/c/94CEF848B9790AE4""]}]}}",https://events.ubc.ca/events/category/audience-alumni/,"{""self"": ""https://events.ubc.ca/wp-json/tribe/events/v1/categories/123"", ""collection"": ""https://events.ubc.ca/wp-json/tribe/events/v1/categories""}"
124,960,,Audience – Community,audience-community,tribe_events_cat,0,[],"<!-- This site is optimized with the Yoast SEO plugin v28.2 - https://yoast.com/product/yoast-seo-wordpress/ -->
<title>Audience – Community Archives - UBCevents</title>
<meta name=""robots"" content=""index, follow, max-snippet:-1, max-image-preview:large, max-video-preview:-1"" />
<link rel=""canonical"" href=""https://events.ubc.ca/events/category/audience-community/"" />
<meta property=""og:locale"" content=""en_US"" />
<meta property=""og:type"" content=""article"" />
<meta property=""og:title"" content=""Audience – Community Archives - UBCevents"" />
<meta property=""og:url"" content=""https://events.ubc.ca/events/category/audience-community/"" />
<meta property=""og:site_name"" content=""UBCevents"" />
<meta name=""twitter:card"" content=""summary_large_image"" />
<meta name=""twitter:site"" content=""@ubcevents"" />
<script type=""application/ld+json"" class=""yoast-schema-graph"">{""@context"":""https:\/\/schema.org"",""@graph"":[{""@type"":""CollectionPage"",""@id"":""https:\/\/events.ubc.ca\/events\/category\/audience-community\/"",""url"":""https:\/\/events.ubc.ca\/events\/category\/audience-community\/"",""name"":""Audience – Community Archives - UBCevents"",""isPartOf"":{""@id"":""https:\/\/events.ubc.ca\/#website""},""breadcrumb"":{""@id"":""https:\/\/events.ubc.ca\/events\/category\/audience-community\/#breadcrumb""},""inLanguage"":""en-US""},{""@type"":""BreadcrumbList"",""@id"":""https:\/\/events.ubc.ca\/events\/category\/audience-community\/#breadcrumb"",""itemListElement"":[{""@type"":""ListItem"",""position"":1,""name"":""Home"",""item"":""https:\/\/events.ubc.ca\/""},{""@type"":""ListItem"",""position"":2,""name"":""Audience – Community""}]},{""@type"":""WebSite"",""@id"":""https:\/\/events.ubc.ca\/#website"",""url"":""https:\/\/events.ubc.ca\/"",""name"":""UBC Events"",""description"":"""",""publisher"":{""@id"":""https:\/\/events.ubc.ca\/#organization""},""potentialAction"":[{""@type"":""SearchAction"",""target"":{""@type"":""EntryPoint"",""urlTemplate"":""https:\/\/events.ubc.ca\/?s={search_term_string}""},""query-input"":{""@type"":""PropertyValueSpecification"",""valueRequired"":true,""valueName"":""search_term_string""}}],""inLanguage"":""en-US""},{""@type"":""Organization"",""@id"":""https:\/\/events.ubc.ca\/#organization"",""name"":""UBC events"",""url"":""https:\/\/events.ubc.ca\/"",""logo"":{""@type"":""ImageObject"",""inLanguage"":""en-US"",""@id"":""https:\/\/events.ubc.ca\/#\/schema\/logo\/image\/"",""url"":""https:\/\/events.ubc.ca\/wp-content\/uploads\/2023\/11\/ubc-logo-2018-crest-blue-rgb72.jpg"",""contentUrl"":""https:\/\/events.ubc.ca\/wp-content\/uploads\/2023\/11\/ubc-logo-2018-crest-blue-rgb72.jpg"",""width"":99,""height"":135,""caption"":""UBC events""},""image"":{""@id"":""https:\/\/events.ubc.ca\/#\/schema\/logo\/image\/""},""sameAs"":[""https:\/\/www.facebook.com\/universityofbc\/"",""https:\/\/x.com\/ubcevents"",""https:\/\/www.youtube.com\/user\/UBC#g\/c\/94CEF848B9790AE4""]}]}</script>
<!-- / Yoast SEO plugin. -->","{""title"": ""Audience – Community Archives - UBCevents"", ""robots"": {""index"": ""index"", ""follow"": ""follow"", ""max-snippet"": ""max-snippet:-1"", ""max-image-preview"": ""max-image-preview:large"", ""max-video-preview"": ""max-video-preview:-1""}, ""canonical"": ""https://events.ubc.ca/events/category/audience-community/"", ""og_locale"": ""en_US"", ""og_type"": ""article"", ""og_title"": ""Audience – Community Archives - UBCevents"", ""og_url"": ""https://events.ubc.ca/events/category/audience-community/"", ""og_site_name"": ""UBCevents"", ""twitter_card"": ""summary_large_image"", ""twitter_site"": ""@ubcevents"", ""schema"": {""@context"": ""https://schema.org"", ""@graph"": [{""@type"": ""CollectionPage"", ""@id"": ""https://events.ubc.ca/events/category/audience-community/"", ""url"": ""https://events.ubc.ca/events/category/audience-community/"", ""name"": ""Audience – Community Archives - UBCevents"", ""isPartOf"": {""@id"": ""https://events.ubc.ca/#website""}, ""breadcrumb"": {""@id"": ""https://events.ubc.ca/events/category/audience-community/#breadcrumb""}, ""inLanguage"": ""en-US""}, {""@type"": ""BreadcrumbList"", ""@id"": ""https://events.ubc.ca/events/category/audience-community/#breadcrumb"", ""itemListElement"": [{""@type"": ""ListItem"", ""position"": 1, ""name"": ""Home"", ""item"": ""https://events.ubc.ca/""}, {""@type"": ""ListItem"", ""position"": 2, ""name"": ""Audience – Community""}]}, {""@type"": ""WebSite"", ""@id"": ""https://events.ubc.ca/#website"", ""url"": ""https://events.ubc.ca/"", ""name"": ""UBC Events"", ""description"": """", ""publisher"": {""@id"": ""https://events.ubc.ca/#organization""}, ""potentialAction"": [{""@type"": ""SearchAction"", ""target"": {""@type"": ""EntryPoint"", ""urlTemplate"": ""https://events.ubc.ca/?s={search_term_string}""}, ""query-input"": {""@type"": ""PropertyValueSpecification"", ""valueRequired"": true, ""valueName"": ""search_term_string""}}], ""inLanguage"": ""en-US""}, {""@type"": ""Organization"", ""@id"": ""https://events.ubc.ca/#organization"", ""name"": ""UBC events"", ""url"": ""https://events.ubc.ca/"", ""logo"": {""@type"": ""ImageObject"", ""inLanguage"": ""en-US"", ""@id"": ""https://events.ubc.ca/#/schema/logo/image/"", ""url"": ""https://events.ubc.ca/wp-content/uploads/2023/11/ubc-logo-2018-crest-blue-rgb72.jpg"", ""contentUrl"": ""https://events.ubc.ca/wp-content/uploads/2023/11/ubc-logo-2018-crest-blue-rgb72.jpg"", ""width"": 99, ""height"": 135, ""caption"": ""UBC events""}, ""image"": {""@id"": ""https://events.ubc.ca/#/schema/logo/image/""}, ""sameAs"": [""https://www.facebook.com/universityofbc/"", ""https://x.com/ubcevents"", ""https://www.youtube.com/user/UBC#g/c/94CEF848B9790AE4""]}]}}",https://events.ubc.ca/events/category/audience-community/,"{""self"": ""https://events.ubc.ca/wp-json/tribe/events/v1/categories/124"", ""collection"": ""https://events.ubc.ca/wp-json/tribe/events/v1/categories""}"
125,976,,Audience – Faculty and Staff – Okanagan,audience-faculty-and-staff-okanagan,tribe_events_cat,0,[],"<!-- This site is optimized with the Yoast SEO plugin v28.2 - https://yoast.com/product/yoast-seo-wordpress/ -->
<title>Audience – Faculty and Staff – Okanagan Archives - UBCevents</title>
<meta name=""robots"" content=""index, follow, max-snippet:-1, max-image-preview:large, max-video-preview:-1"" />
<link rel=""canonical"" href=""https://events.ubc.ca/events/category/audience-faculty-and-staff-okanagan/"" />
<meta property=""og:locale"" content=""en_US"" />
<meta property=""og:type"" content=""article"" />
<meta property=""og:title"" content=""Audience – Faculty and Staff – Okanagan Archives - UBCevents"" />
<meta property=""og:url"" content=""https://events.ubc.ca/events/category/audience-faculty-and-staff-okanagan/"" />
<meta property=""og:site_name"" content=""UBCevents"" />
<meta name=""twitter:card"" content=""summary_large_image"" />
<meta name=""twitter:site"" content=""@ubcevents"" />
<script type=""application/ld+json"" class=""yoast-schema-graph"">{""@context"":""https:\/\/schema.org"",""@graph"":[{""@type"":""CollectionPage"",""@id"":""https:\/\/events.ubc.ca\/events\/category\/audience-faculty-and-staff-okanagan\/"",""url"":""https:\/\/events.ubc.ca\/events\/category\/audience-faculty-and-staff-okanagan\/"",""name"":""Audience – Faculty and Staff – Okanagan Archives - UBCevents"",""isPartOf"":{""@id"":""https:\/\/events.ubc.ca\/#website""},""breadcrumb"":{""@id"":""https:\/\/events.ubc.ca\/events\/category\/audience-faculty-and-staff-okanagan\/#breadcrumb""},""inLanguage"":""en-US""},{""@type"":""BreadcrumbList"",""@id"":""https:\/\/events.ubc.ca\/events\/category\/audience-faculty-and-staff-okanagan\/#breadcrumb"",""itemListElement"":[{""@type"":""ListItem"",""position"":1,""name"":""Home"",""item"":""https:\/\/events.ubc.ca\/""},{""@type"":""ListItem"",""position"":2,""name"":""Audience – Faculty and Staff – Okanagan""}]},{""@type"":""WebSite"",""@id"":""https:\/\/events.ubc.ca\/#website"",""url"":""https:\/\/events.ubc.ca\/"",""name"":""UBC Events"",""description"":"""",""publisher"":{""@id"":""https:\/\/events.ubc.ca\/#organization""},""potentialAction"":[{""@type"":""SearchAction"",""target"":{""@type"":""EntryPoint"",""urlTemplate"":""https:\/\/events.ubc.ca\/?s={search_term_string}""},""query-input"":{""@type"":""PropertyValueSpecification"",""valueRequired"":true,""valueName"":""search_term_string""}}],""inLanguage"":""en-US""},{""@type"":""Organization"",""@id"":""https:\/\/events.ubc.ca\/#organization"",""name"":""UBC events"",""url"":""https:\/\/events.ubc.ca\/"",""logo"":{""@type"":""ImageObject"",""inLanguage"":""en-US"",""@id"":""https:\/\/events.ubc.ca\/#\/schema\/logo\/image\/"",""url"":""https:\/\/events.ubc.ca\/wp-content\/uploads\/2023\/11\/ubc-logo-2018-crest-blue-rgb72.jpg"",""contentUrl"":""https:\/\/events.ubc.ca\/wp-content\/uploads\/2023\/11\/ubc-logo-2018-crest-blue-rgb72.jpg"",""width"":99,""height"":135,""caption"":""UBC events""},""image"":{""@id"":""https:\/\/events.ubc.ca\/#\/schema\/logo\/image\/""},""sameAs"":[""https:\/\/www.facebook.com\/universityofbc\/"",""https:\/\/x.com\/ubcevents"",""https:\/\/www.youtube.com\/user\/UBC#g\/c\/94CEF848B9790AE4""]}]}</script>
<!-- / Yoast SEO plugin. -->","{""title"": ""Audience – Faculty and Staff – Okanagan Archives - UBCevents"", ""robots"": {""index"": ""index"", ""follow"": ""follow"", ""max-snippet"": ""max-snippet:-1"", ""max-image-preview"": ""max-image-preview:large"", ""max-video-preview"": ""max-video-preview:-1""}, ""canonical"": ""https://events.ubc.ca/events/category/audience-faculty-and-staff-okanagan/"", ""og_locale"": ""en_US"", ""og_type"": ""article"", ""og_title"": ""Audience – Faculty and Staff – Okanagan Archives - UBCevents"", ""og_url"": ""https://events.ubc.ca/events/category/audience-faculty-and-staff-okanagan/"", ""og_site_name"": ""UBCevents"", ""twitter_card"": ""summary_large_image"", ""twitter_site"": ""@ubcevents"", ""schema"": {""@context"": ""https://schema.org"", ""@graph"": [{""@type"": ""CollectionPage"", ""@id"": ""https://events.ubc.ca/events/category/audience-faculty-and-staff-okanagan/"", ""url"": ""https://events.ubc.ca/events/category/audience-faculty-and-staff-okanagan/"", ""name"": ""Audience – Faculty and Staff – Okanagan Archives - UBCevents"", ""isPartOf"": {""@id"": ""https://events.ubc.ca/#website""}, ""breadcrumb"": {""@id"": ""https://events.ubc.ca/events/category/audience-faculty-and-staff-okanagan/#breadcrumb""}, ""inLanguage"": ""en-US""}, {""@type"": ""BreadcrumbList"", ""@id"": ""https://events.ubc.ca/events/category/audience-faculty-and-staff-okanagan/#breadcrumb"", ""itemListElement"": [{""@type"": ""ListItem"", ""position"": 1, ""name"": ""Home"", ""item"": ""https://events.ubc.ca/""}, {""@type"": ""ListItem"", ""position"": 2, ""name"": ""Audience – Faculty and Staff – Okanagan""}]}, {""@type"": ""WebSite"", ""@id"": ""https://events.ubc.ca/#website"", ""url"": ""https://events.ubc.ca/"", ""name"": ""UBC Events"", ""description"": """", ""publisher"": {""@id"": ""https://events.ubc.ca/#organization""}, ""potentialAction"": [{""@type"": ""SearchAction"", ""target"": {""@type"": ""EntryPoint"", ""urlTemplate"": ""https://events.ubc.ca/?s={search_term_string}""}, ""query-input"": {""@type"": ""PropertyValueSpecification"", ""valueRequired"": true, ""valueName"": ""search_term_string""}}], ""inLanguage"": ""en-US""}, {""@type"": ""Organization"", ""@id"": ""https://events.ubc.ca/#organization"", ""name"": ""UBC events"", ""url"": ""https://events.ubc.ca/"", ""logo"": {""@type"": ""ImageObject"", ""inLanguage"": ""en-US"", ""@id"": ""https://events.ubc.ca/#/schema/logo/image/"", ""url"": ""https://events.ubc.ca/wp-content/uploads/2023/11/ubc-logo-2018-crest-blue-rgb72.jpg"", ""contentUrl"": ""https://events.ubc.ca/wp-content/uploads/2023/11/ubc-logo-2018-crest-blue-rgb72.jpg"", ""width"": 99, ""height"": 135, ""caption"": ""UBC events""}, ""image"": {""@id"": ""https://events.ubc.ca/#/schema/logo/image/""}, ""sameAs"": [""https://www.facebook.com/universityofbc/"", ""https://x.com/ubcevents"", ""https://www.youtube.com/user/UBC#g/c/94CEF848B9790AE4""]}]}}",https://events.ubc.ca/events/category/audience-faculty-and-staff-okanagan/,"{""self"": ""https://events.ubc.ca/wp-json/tribe/events/v1/categories/125"", ""collection"": ""https://events.ubc.ca/wp-json/tribe/events/v1/categories""}"
126,1930,,Audience – Faculty and Staff – Vancouver,audience-faculty-and-staff-vancouver,tribe_events_cat,0,[],"<!-- This site is optimized with the Yoast SEO plugin v28.2 - https://yoast.com/product/yoast-seo-wordpress/ -->
<title>Audience – Faculty and Staff – Vancouver Archives - UBCevents</title>
<meta name=""robots"" content=""index, follow, max-snippet:-1, max-image-preview:large, max-video-preview:-1"" />
<link rel=""canonical"" href=""https://events.ubc.ca/events/category/audience-faculty-and-staff-vancouver/"" />
<meta property=""og:locale"" content=""en_US"" />
<meta property=""og:type"" content=""article"" />
<meta property=""og:title"" content=""Audience – Faculty and Staff – Vancouver Archives - UBCevents"" />
<meta property=""og:url"" content=""https://events.ubc.ca/events/category/audience-faculty-and-staff-vancouver/"" />
<meta property=""og:site_name"" content=""UBCevents"" />
<meta name=""twitter:card"" content=""summary_large_image"" />
<meta name=""twitter:site"" content=""@ubcevents"" />
<script type=""application/ld+json"" class=""yoast-schema-graph"">{""@context"":""https:\/\/schema.org"",""@graph"":[{""@type"":""CollectionPage"",""@id"":""https:\/\/events.ubc.ca\/events\/category\/audience-faculty-and-staff-vancouver\/"",""url"":""https:\/\/events.ubc.ca\/events\/category\/audience-faculty-and-staff-vancouver\/"",""name"":""Audience – Faculty and Staff – Vancouver Archives - UBCevents"",""isPartOf"":{""@id"":""https:\/\/events.ubc.ca\/#website""},""breadcrumb"":{""@id"":""https:\/\/events.ubc.ca\/events\/category\/audience-faculty-and-staff-vancouver\/#breadcrumb""},""inLanguage"":""en-US""},{""@type"":""BreadcrumbList"",""@id"":""https:\/\/events.ubc.ca\/events\/category\/audience-faculty-and-staff-vancouver\/#breadcrumb"",""itemListElement"":[{""@type"":""ListItem"",""position"":1,""name"":""Home"",""item"":""https:\/\/events.ubc.ca\/""},{""@type"":""ListItem"",""position"":2,""name"":""Audience – Faculty and Staff – Vancouver""}]},{""@type"":""WebSite"",""@id"":""https:\/\/events.ubc.ca\/#website"",""url"":""https:\/\/events.ubc.ca\/"",""name"":""UBC Events"",""description"":"""",""publisher"":{""@id"":""https:\/\/events.ubc.ca\/#organization""},""potentialAction"":[{""@type"":""SearchAction"",""target"":{""@type"":""EntryPoint"",""urlTemplate"":""https:\/\/events.ubc.ca\/?s={search_term_string}""},""query-input"":{""@type"":""PropertyValueSpecification"",""valueRequired"":true,""valueName"":""search_term_string""}}],""inLanguage"":""en-US""},{""@type"":""Organization"",""@id"":""https:\/\/events.ubc.ca\/#organization"",""name"":""UBC events"",""url"":""https:\/\/events.ubc.ca\/"",""logo"":{""@type"":""ImageObject"",""inLanguage"":""en-US"",""@id"":""https:\/\/events.ubc.ca\/#\/schema\/logo\/image\/"",""url"":""https:\/\/events.ubc.ca\/wp-content\/uploads\/2023\/11\/ubc-logo-2018-crest-blue-rgb72.jpg"",""contentUrl"":""https:\/\/events.ubc.ca\/wp-content\/uploads\/2023\/11\/ubc-logo-2018-crest-blue-rgb72.jpg"",""width"":99,""height"":135,""caption"":""UBC events""},""image"":{""@id"":""https:\/\/events.ubc.ca\/#\/schema\/logo\/image\/""},""sameAs"":[""https:\/\/www.facebook.com\/universityofbc\/"",""https:\/\/x.com\/ubcevents"",""https:\/\/www.youtube.com\/user\/UBC#g\/c\/94CEF848B9790AE4""]}]}</script>
<!-- / Yoast SEO plugin. -->","{""title"": ""Audience – Faculty and Staff – Vancouver Archives - UBCevents"", ""robots"": {""index"": ""index"", ""follow"": ""follow"", ""max-snippet"": ""max-snippet:-1"", ""max-image-preview"": ""max-image-preview:large"", ""max-video-preview"": ""max-video-preview:-1""}, ""canonical"": ""https://events.ubc.ca/events/category/audience-faculty-and-staff-vancouver/"", ""og_locale"": ""en_US"", ""og_type"": ""article"", ""og_title"": ""Audience – Faculty and Staff – Vancouver Archives - UBCevents"", ""og_url"": ""https://events.ubc.ca/events/category/audience-faculty-and-staff-vancouver/"", ""og_site_name"": ""UBCevents"", ""twitter_card"": ""summary_large_image"", ""twitter_site"": ""@ubcevents"", ""schema"": {""@context"": ""https://schema.org"", ""@graph"": [{""@type"": ""CollectionPage"", ""@id"": ""https://events.ubc.ca/events/category/audience-faculty-and-staff-vancouver/"", ""url"": ""https://events.ubc.ca/events/category/audience-faculty-and-staff-vancouver/"", ""name"": ""Audience – Faculty and Staff – Vancouver Archives - UBCevents"", ""isPartOf"": {""@id"": ""https://events.ubc.ca/#website""}, ""breadcrumb"": {""@id"": ""https://events.ubc.ca/events/category/audience-faculty-and-staff-vancouver/#breadcrumb""}, ""inLanguage"": ""en-US""}, {""@type"": ""BreadcrumbList"", ""@id"": ""https://events.ubc.ca/events/category/audience-faculty-and-staff-vancouver/#breadcrumb"", ""itemListElement"": [{""@type"": ""ListItem"", ""position"": 1, ""name"": ""Home"", ""item"": ""https://events.ubc.ca/""}, {""@type"": ""ListItem"", ""position"": 2, ""name"": ""Audience – Faculty and Staff – Vancouver""}]}, {""@type"": ""WebSite"", ""@id"": ""https://events.ubc.ca/#website"", ""url"": ""https://events.ubc.ca/"", ""name"": ""UBC Events"", ""description"": """", ""publisher"": {""@id"": ""https://events.ubc.ca/#organization""}, ""potentialAction"": [{""@type"": ""SearchAction"", ""target"": {""@type"": ""EntryPoint"", ""urlTemplate"": ""https://events.ubc.ca/?s={search_term_string}""}, ""query-input"": {""@type"": ""PropertyValueSpecification"", ""valueRequired"": true, ""valueName"": ""search_term_string""}}], ""inLanguage"": ""en-US""}, {""@type"": ""Organization"", ""@id"": ""https://events.ubc.ca/#organization"", ""name"": ""UBC events"", ""url"": ""https://events.ubc.ca/"", ""logo"": {""@type"": ""ImageObject"", ""inLanguage"": ""en-US"", ""@id"": ""https://events.ubc.ca/#/schema/logo/image/"", ""url"": ""https://events.ubc.ca/wp-content/uploads/2023/11/ubc-logo-2018-crest-blue-rgb72.jpg"", ""contentUrl"": ""https://events.ubc.ca/wp-content/uploads/2023/11/ubc-logo-2018-crest-blue-rgb72.jpg"", ""width"": 99, ""height"": 135, ""caption"": ""UBC events""}, ""image"": {""@id"": ""https://events.ubc.ca/#/schema/logo/image/""}, ""sameAs"": [""https://www.facebook.com/universityofbc/"", ""https://x.com/ubcevents"", ""https://www.youtube.com/user/UBC#g/c/94CEF848B9790AE4""]}]}}",https://events.ubc.ca/events/category/audience-faculty-and-staff-vancouver/,"{""self"": ""https://events.ubc.ca/wp-json/tribe/events/v1/categories/126"", ""collection"": ""https://events.ubc.ca/wp-json/tribe/events/v1/categories""}"
127,1442,,Audience – Graduate Students,audience-graduate-students,tribe_events_cat,0,[],"<!-- This site is optimized with the Yoast SEO plugin v28.2 - https://yoast.com/product/yoast-seo-wordpress/ -->
<title>Audience – Graduate Students Archives - UBCevents</title>
<meta name=""robots"" content=""index, follow, max-snippet:-1, max-image-preview:large, max-video-preview:-1"" />
<link rel=""canonical"" href=""https://events.ubc.ca/events/category/audience-graduate-students/"" />
<meta property=""og:locale"" content=""en_US"" />
<meta property=""og:type"" content=""article"" />
<meta property=""og:title"" content=""Audience – Graduate Students Archives - UBCevents"" />
<meta property=""og:url"" content=""https://events.ubc.ca/events/category/audience-graduate-students/"" />
<meta property=""og:site_name"" content=""UBCevents"" />
<meta name=""twitter:card"" content=""summary_large_image"" />
<meta name=""twitter:site"" content=""@ubcevents"" />
<script type=""application/ld+json"" class=""yoast-schema-graph"">{""@context"":""https:\/\/schema.org"",""@graph"":[{""@type"":""CollectionPage"",""@id"":""https:\/\/events.ubc.ca\/events\/category\/audience-graduate-students\/"",""url"":""https:\/\/events.ubc.ca\/events\/category\/audience-graduate-students\/"",""name"":""Audience – Graduate Students Archives - UBCevents"",""isPartOf"":{""@id"":""https:\/\/events.ubc.ca\/#website""},""breadcrumb"":{""@id"":""https:\/\/events.ubc.ca\/events\/category\/audience-graduate-students\/#breadcrumb""},""inLanguage"":""en-US""},{""@type"":""BreadcrumbList"",""@id"":""https:\/\/events.ubc.ca\/events\/category\/audience-graduate-students\/#breadcrumb"",""itemListElement"":[{""@type"":""ListItem"",""position"":1,""name"":""Home"",""item"":""https:\/\/events.ubc.ca\/""},{""@type"":""ListItem"",""position"":2,""name"":""Audience – Graduate Students""}]},{""@type"":""WebSite"",""@id"":""https:\/\/events.ubc.ca\/#website"",""url"":""https:\/\/events.ubc.ca\/"",""name"":""UBC Events"",""description"":"""",""publisher"":{""@id"":""https:\/\/events.ubc.ca\/#organization""},""potentialAction"":[{""@type"":""SearchAction"",""target"":{""@type"":""EntryPoint"",""urlTemplate"":""https:\/\/events.ubc.ca\/?s={search_term_string}""},""query-input"":{""@type"":""PropertyValueSpecification"",""valueRequired"":true,""valueName"":""search_term_string""}}],""inLanguage"":""en-US""},{""@type"":""Organization"",""@id"":""https:\/\/events.ubc.ca\/#organization"",""name"":""UBC events"",""url"":""https:\/\/events.ubc.ca\/"",""logo"":{""@type"":""ImageObject"",""inLanguage"":""en-US"",""@id"":""https:\/\/events.ubc.ca\/#\/schema\/logo\/image\/"",""url"":""https:\/\/events.ubc.ca\/wp-content\/uploads\/2023\/11\/ubc-logo-2018-crest-blue-rgb72.jpg"",""contentUrl"":""https:\/\/events.ubc.ca\/wp-content\/uploads\/2023\/11\/ubc-logo-2018-crest-blue-rgb72.jpg"",""width"":99,""height"":135,""caption"":""UBC events""},""image"":{""@id"":""https:\/\/events.ubc.ca\/#\/schema\/logo\/image\/""},""sameAs"":[""https:\/\/www.facebook.com\/universityofbc\/"",""https:\/\/x.com\/ubcevents"",""https:\/\/www.youtube.com\/user\/UBC#g\/c\/94CEF848B9790AE4""]}]}</script>
<!-- / Yoast SEO plugin. -->","{""title"": ""Audience – Graduate Students Archives - UBCevents"", ""robots"": {""index"": ""index"", ""follow"": ""follow"", ""max-snippet"": ""max-snippet:-1"", ""max-image-preview"": ""max-image-preview:large"", ""max-video-preview"": ""max-video-preview:-1""}, ""canonical"": ""https://events.ubc.ca/events/category/audience-graduate-students/"", ""og_locale"": ""en_US"", ""og_type"": ""article"", ""og_title"": ""Audience – Graduate Students Archives - UBCevents"", ""og_url"": ""https://events.ubc.ca/events/category/audience-graduate-students/"", ""og_site_name"": ""UBCevents"", ""twitter_card"": ""summary_large_image"", ""twitter_site"": ""@ubcevents"", ""schema"": {""@context"": ""https://schema.org"", ""@graph"": [{""@type"": ""CollectionPage"", ""@id"": ""https://events.ubc.ca/events/category/audience-graduate-students/"", ""url"": ""https://events.ubc.ca/events/category/audience-graduate-students/"", ""name"": ""Audience – Graduate Students Archives - UBCevents"", ""isPartOf"": {""@id"": ""https://events.ubc.ca/#website""}, ""breadcrumb"": {""@id"": ""https://events.ubc.ca/events/category/audience-graduate-students/#breadcrumb""}, ""inLanguage"": ""en-US""}, {""@type"": ""BreadcrumbList"", ""@id"": ""https://events.ubc.ca/events/category/audience-graduate-students/#breadcrumb"", ""itemListElement"": [{""@type"": ""ListItem"", ""position"": 1, ""name"": ""Home"", ""item"": ""https://events.ubc.ca/""}, {""@type"": ""ListItem"", ""position"": 2, ""name"": ""Audience – Graduate Students""}]}, {""@type"": ""WebSite"", ""@id"": ""https://events.ubc.ca/#website"", ""url"": ""https://events.ubc.ca/"", ""name"": ""UBC Events"", ""description"": """", ""publisher"": {""@id"": ""https://events.ubc.ca/#organization""}, ""potentialAction"": [{""@type"": ""SearchAction"", ""target"": {""@type"": ""EntryPoint"", ""urlTemplate"": ""https://events.ubc.ca/?s={search_term_string}""}, ""query-input"": {""@type"": ""PropertyValueSpecification"", ""valueRequired"": true, ""valueName"": ""search_term_string""}}], ""inLanguage"": ""en-US""}, {""@type"": ""Organization"", ""@id"": ""https://events.ubc.ca/#organization"", ""name"": ""UBC events"", ""url"": ""https://events.ubc.ca/"", ""logo"": {""@type"": ""ImageObject"", ""inLanguage"": ""en-US"", ""@id"": ""https://events.ubc.ca/#/schema/logo/image/"", ""url"": ""https://events.ubc.ca/wp-content/uploads/2023/11/ubc-logo-2018-crest-blue-rgb72.jpg"", ""contentUrl"": ""https://events.ubc.ca/wp-content/uploads/2023/11/ubc-logo-2018-crest-blue-rgb72.jpg"", ""width"": 99, ""height"": 135, ""caption"": ""UBC events""}, ""image"": {""@id"": ""https://events.ubc.ca/#/schema/logo/image/""}, ""sameAs"": [""https://www.facebook.com/universityofbc/"", ""https://x.com/ubcevents"", ""https://www.youtube.com/user/UBC#g/c/94CEF848B9790AE4""]}]}}",https://events.ubc.ca/events/category/audience-graduate-students/,"{""self"": ""https://events.ubc.ca/wp-json/tribe/events/v1/categories/127"", ""collection"": ""https://events.ubc.ca/wp-json/tribe/events/v1/categories""}"
128,870,,Audience – Undergraduate Students,audience-undergraduate-students,tribe_events_cat,0,[],"<!-- This site is optimized with the Yoast SEO plugin v28.2 - https://yoast.com/product/yoast-seo-wordpress/ -->
<title>Audience – Undergraduate Students Archives - UBCevents</title>
<meta name=""robots"" content=""index, follow, max-snippet:-1, max-image-preview:large, max-video-preview:-1"" />
<link rel=""canonical"" href=""https://events.ubc.ca/events/category/audience-undergraduate-students/"" />
<meta property=""og:locale"" content=""en_US"" />
<meta property=""og:type"" content=""article"" />
<meta property=""og:title"" content=""Audience – Undergraduate Students Archives - UBCevents"" />
<meta property=""og:url"" content=""https://events.ubc.ca/events/category/audience-undergraduate-students/"" />
<meta property=""og:site_name"" content=""UBCevents"" />
<meta name=""twitter:card"" content=""summary_large_image"" />
<meta name=""twitter:site"" content=""@ubcevents"" />
<script type=""application/ld+json"" class=""yoast-schema-graph"">{""@context"":""https:\/\/schema.org"",""@graph"":[{""@type"":""CollectionPage"",""@id"":""https:\/\/events.ubc.ca\/events\/category\/audience-undergraduate-students\/"",""url"":""https:\/\/events.ubc.ca\/events\/category\/audience-undergraduate-students\/"",""name"":""Audience – Undergraduate Students Archives - UBCevents"",""isPartOf"":{""@id"":""https:\/\/events.ubc.ca\/#website""},""breadcrumb"":{""@id"":""https:\/\/events.ubc.ca\/events\/category\/audience-undergraduate-students\/#breadcrumb""},""inLanguage"":""en-US""},{""@type"":""BreadcrumbList"",""@id"":""https:\/\/events.ubc.ca\/events\/category\/audience-undergraduate-students\/#breadcrumb"",""itemListElement"":[{""@type"":""ListItem"",""position"":1,""name"":""Home"",""item"":""https:\/\/events.ubc.ca\/""},{""@type"":""ListItem"",""position"":2,""name"":""Audience – Undergraduate Students""}]},{""@type"":""WebSite"",""@id"":""https:\/\/events.ubc.ca\/#website"",""url"":""https:\/\/events.ubc.ca\/"",""name"":""UBC Events"",""description"":"""",""publisher"":{""@id"":""https:\/\/events.ubc.ca\/#organization""},""potentialAction"":[{""@type"":""SearchAction"",""target"":{""@type"":""EntryPoint"",""urlTemplate"":""https:\/\/events.ubc.ca\/?s={search_term_string}""},""query-input"":{""@type"":""PropertyValueSpecification"",""valueRequired"":true,""valueName"":""search_term_string""}}],""inLanguage"":""en-US""},{""@type"":""Organization"",""@id"":""https:\/\/events.ubc.ca\/#organization"",""name"":""UBC events"",""url"":""https:\/\/events.ubc.ca\/"",""logo"":{""@type"":""ImageObject"",""inLanguage"":""en-US"",""@id"":""https:\/\/events.ubc.ca\/#\/schema\/logo\/image\/"",""url"":""https:\/\/events.ubc.ca\/wp-content\/uploads\/2023\/11\/ubc-logo-2018-crest-blue-rgb72.jpg"",""contentUrl"":""https:\/\/events.ubc.ca\/wp-content\/uploads\/2023\/11\/ubc-logo-2018-crest-blue-rgb72.jpg"",""width"":99,""height"":135,""caption"":""UBC events""},""image"":{""@id"":""https:\/\/events.ubc.ca\/#\/schema\/logo\/image\/""},""sameAs"":[""https:\/\/www.facebook.com\/universityofbc\/"",""https:\/\/x.com\/ubcevents"",""https:\/\/www.youtube.com\/user\/UBC#g\/c\/94CEF848B9790AE4""]}]}</script>
<!-- / Yoast SEO plugin. -->","{""title"": ""Audience – Undergraduate Students Archives - UBCevents"", ""robots"": {""index"": ""index"", ""follow"": ""follow"", ""max-snippet"": ""max-snippet:-1"", ""max-image-preview"": ""max-image-preview:large"", ""max-video-preview"": ""max-video-preview:-1""}, ""canonical"": ""https://events.ubc.ca/events/category/audience-undergraduate-students/"", ""og_locale"": ""en_US"", ""og_type"": ""article"", ""og_title"": ""Audience – Undergraduate Students Archives - UBCevents"", ""og_url"": ""https://events.ubc.ca/events/category/audience-undergraduate-students/"", ""og_site_name"": ""UBCevents"", ""twitter_card"": ""summary_large_image"", ""twitter_site"": ""@ubcevents"", ""schema"": {""@context"": ""https://schema.org"", ""@graph"": [{""@type"": ""CollectionPage"", ""@id"": ""https://events.ubc.ca/events/category/audience-undergraduate-students/"", ""url"": ""https://events.ubc.ca/events/category/audience-undergraduate-students/"", ""name"": ""Audience – Undergraduate Students Archives - UBCevents"", ""isPartOf"": {""@id"": ""https://events.ubc.ca/#website""}, ""breadcrumb"": {""@id"": ""https://events.ubc.ca/events/category/audience-undergraduate-students/#breadcrumb""}, ""inLanguage"": ""en-US""}, {""@type"": ""BreadcrumbList"", ""@id"": ""https://events.ubc.ca/events/category/audience-undergraduate-students/#breadcrumb"", ""itemListElement"": [{""@type"": ""ListItem"", ""position"": 1, ""name"": ""Home"", ""item"": ""https://events.ubc.ca/""}, {""@type"": ""ListItem"", ""position"": 2, ""name"": ""Audience – Undergraduate Students""}]}, {""@type"": ""WebSite"", ""@id"": ""https://events.ubc.ca/#website"", ""url"": ""https://events.ubc.ca/"", ""name"": ""UBC Events"", ""description"": """", ""publisher"": {""@id"": ""https://events.ubc.ca/#organization""}, ""potentialAction"": [{""@type"": ""SearchAction"", ""target"": {""@type"": ""EntryPoint"", ""urlTemplate"": ""https://events.ubc.ca/?s={search_term_string}""}, ""query-input"": {""@type"": ""PropertyValueSpecification"", ""valueRequired"": true, ""valueName"": ""search_term_string""}}], ""inLanguage"": ""en-US""}, {""@type"": ""Organization"", ""@id"": ""https://events.ubc.ca/#organization"", ""name"": ""UBC events"", ""url"": ""https://events.ubc.ca/"", ""logo"": {""@type"": ""ImageObject"", ""inLanguage"": ""en-US"", ""@id"": ""https://events.ubc.ca/#/schema/logo/image/"", ""url"": ""https://events.ubc.ca/wp-content/uploads/2023/11/ubc-logo-2018-crest-blue-rgb72.jpg"", ""contentUrl"": ""https://events.ubc.ca/wp-content/uploads/2023/11/ubc-logo-2018-crest-blue-rgb72.jpg"", ""width"": 99, ""height"": 135, ""caption"": ""UBC events""}, ""image"": {""@id"": ""https://events.ubc.ca/#/schema/logo/image/""}, ""sameAs"": [""https://www.facebook.com/universityofbc/"", ""https://x.com/ubcevents"", ""https://www.youtube.com/user/UBC#g/c/94CEF848B9790AE4""]}]}}",https://events.ubc.ca/events/category/audience-undergraduate-students/,"{""self"": ""https://events.ubc.ca/wp-json/tribe/events/v1/categories/128"", ""collection"": ""https://events.ubc.ca/wp-json/tribe/events/v1/categories""}"
365,11,,Subject - Equity,subject-equity,tribe_events_cat,0,[],"<!-- This site is optimized with the Yoast SEO plugin v28.2 - https://yoast.com/product/yoast-seo-wordpress/ -->
<title>Subject - Equity Archives - UBCevents</title>
<meta name=""robots"" content=""index, follow, max-snippet:-1, max-image-preview:large, max-video-preview:-1"" />
<link rel=""canonical"" href=""https://events.ubc.ca/events/category/subject-equity/"" />
<meta property=""og:locale"" content=""en_US"" />
<meta property=""og:type"" content=""article"" />
<meta property=""og:title"" content=""Subject - Equity Archives - UBCevents"" />
<meta property=""og:url"" content=""https://events.ubc.ca/events/category/subject-equity/"" />
<meta property=""og:site_name"" content=""UBCevents"" />
<meta name=""twitter:card"" content=""summary_large_image"" />
<meta name=""twitter:site"" content=""@ubcevents"" />
<script type=""application/ld+json"" class=""yoast-schema-graph"">{""@context"":""https:\/\/schema.org"",""@graph"":[{""@type"":""CollectionPage"",""@id"":""https:\/\/events.ubc.ca\/events\/category\/subject-equity\/"",""url"":""https:\/\/events.ubc.ca\/events\/category\/subject-equity\/"",""name"":""Subject - Equity Archives - UBCevents"",""isPartOf"":{""@id"":""https:\/\/events.ubc.ca\/#website""},""breadcrumb"":{""@id"":""https:\/\/events.ubc.ca\/events\/category\/subject-equity\/#breadcrumb""},""inLanguage"":""en-US""},{""@type"":""BreadcrumbList"",""@id"":""https:\/\/events.ubc.ca\/events\/category\/subject-equity\/#breadcrumb"",""itemListElement"":[{""@type"":""ListItem"",""position"":1,""name"":""Home"",""item"":""https:\/\/events.ubc.ca\/""},{""@type"":""ListItem"",""position"":2,""name"":""Subject - Equity""}]},{""@type"":""WebSite"",""@id"":""https:\/\/events.ubc.ca\/#website"",""url"":""https:\/\/events.ubc.ca\/"",""name"":""UBC Events"",""description"":"""",""publisher"":{""@id"":""https:\/\/events.ubc.ca\/#organization""},""potentialAction"":[{""@type"":""SearchAction"",""target"":{""@type"":""EntryPoint"",""urlTemplate"":""https:\/\/events.ubc.ca\/?s={search_term_string}""},""query-input"":{""@type"":""PropertyValueSpecification"",""valueRequired"":true,""valueName"":""search_term_string""}}],""inLanguage"":""en-US""},{""@type"":""Organization"",""@id"":""https:\/\/events.ubc.ca\/#organization"",""name"":""UBC events"",""url"":""https:\/\/events.ubc.ca\/"",""logo"":{""@type"":""ImageObject"",""inLanguage"":""en-US"",""@id"":""https:\/\/events.ubc.ca\/#\/schema\/logo\/image\/"",""url"":""https:\/\/events.ubc.ca\/wp-content\/uploads\/2023\/11\/ubc-logo-2018-crest-blue-rgb72.jpg"",""contentUrl"":""https:\/\/events.ubc.ca\/wp-content\/uploads\/2023\/11\/ubc-logo-2018-crest-blue-rgb72.jpg"",""width"":99,""height"":135,""caption"":""UBC events""},""image"":{""@id"":""https:\/\/events.ubc.ca\/#\/schema\/logo\/image\/""},""sameAs"":[""https:\/\/www.facebook.com\/universityofbc\/"",""https:\/\/x.com\/ubcevents"",""https:\/\/www.youtube.com\/user\/UBC#g\/c\/94CEF848B9790AE4""]}]}</script>
<!-- / Yoast SEO plugin. -->","{""title"": ""Subject - Equity Archives - UBCevents"", ""robots"": {""index"": ""index"", ""follow"": ""follow"", ""max-snippet"": ""max-snippet:-1"", ""max-image-preview"": ""max-image-preview:large"", ""max-video-preview"": ""max-video-preview:-1""}, ""canonical"": ""https://events.ubc.ca/events/category/subject-equity/"", ""og_locale"": ""en_US"", ""og_type"": ""article"", ""og_title"": ""Subject - Equity Archives - UBCevents"", ""og_url"": ""https://events.ubc.ca/events/category/subject-equity/"", ""og_site_name"": ""UBCevents"", ""twitter_card"": ""summary_large_image"", ""twitter_site"": ""@ubcevents"", ""schema"": {""@context"": ""https://schema.org"", ""@graph"": [{""@type"": ""CollectionPage"", ""@id"": ""https://events.ubc.ca/events/category/subject-equity/"", ""url"": ""https://events.ubc.ca/events/category/subject-equity/"", ""name"": ""Subject - Equity Archives - UBCevents"", ""isPartOf"": {""@id"": ""https://events.ubc.ca/#website""}, ""breadcrumb"": {""@id"": ""https://events.ubc.ca/events/category/subject-equity/#breadcrumb""}, ""inLanguage"": ""en-US""}, {""@type"": ""BreadcrumbList"", ""@id"": ""https://events.ubc.ca/events/category/subject-equity/#breadcrumb"", ""itemListElement"": [{""@type"": ""ListItem"", ""position"": 1, ""name"": ""Home"", ""item"": ""https://events.ubc.ca/""}, {""@type"": ""ListItem"", ""position"": 2, ""name"": ""Subject - Equity""}]}, {""@type"": ""WebSite"", ""@id"": ""https://events.ubc.ca/#website"", ""url"": ""https://events.ubc.ca/"", ""name"": ""UBC Events"", ""description"": """", ""publisher"": {""@id"": ""https://events.ubc.ca/#organization""}, ""potentialAction"": [{""@type"": ""SearchAction"", ""target"": {""@type"": ""EntryPoint"", ""urlTemplate"": ""https://events.ubc.ca/?s={search_term_string}""}, ""query-input"": {""@type"": ""PropertyValueSpecification"", ""valueRequired"": true, ""valueName"": ""search_term_string""}}], ""inLanguage"": ""en-US""}, {""@type"": ""Organization"", ""@id"": ""https://events.ubc.ca/#organization"", ""name"": ""UBC events"", ""url"": ""https://events.ubc.ca/"", ""logo"": {""@type"": ""ImageObject"", ""inLanguage"": ""en-US"", ""@id"": ""https://events.ubc.ca/#/schema/logo/image/"", ""url"": ""https://events.ubc.ca/wp-content/uploads/2023/11/ubc-logo-2018-crest-blue-rgb72.jpg"", ""contentUrl"": ""https://events.ubc.ca/wp-content/uploads/2023/11/ubc-logo-2018-crest-blue-rgb72.jpg"", ""width"": 99, ""height"": 135, ""caption"": ""UBC events""}, ""image"": {""@id"": ""https://events.ubc.ca/#/schema/logo/image/""}, ""sameAs"": [""https://www.facebook.com/universityofbc/"", ""https://x.com/ubcevents"", ""https://www.youtube.com/user/UBC#g/c/94CEF848B9790AE4""]}]}}",https://events.ubc.ca/events/category/subject-equity/,"{""self"": ""https://events.ubc.ca/wp-json/tribe/events/v1/categories/365"", ""collection"": ""https://events.ubc.ca/wp-json/tribe/events/v1/categories""}"
129,261,,Subject – Entertainment – Arts,subject-entertainment-arts,tribe_events_cat,0,[],"<!-- This site is optimized with the Yoast SEO plugin v28.2 - https://yoast.com/product/yoast-seo-wordpress/ -->
<title>Subject – Entertainment – Arts Archives - UBCevents</title>
<meta name=""robots"" content=""index, follow, max-snippet:-1, max-image-preview:large, max-video-preview:-1"" />
<link rel=""canonical"" href=""https://events.ubc.ca/events/category/subject-entertainment-arts/"" />
<meta property=""og:locale"" content=""en_US"" />
<meta property=""og:type"" content=""article"" />
<meta property=""og:title"" content=""Subject – Entertainment – Arts Archives - UBCevents"" />
<meta property=""og:url"" content=""https://events.ubc.ca/events/category/subject-entertainment-arts/"" />
<meta property=""og:site_name"" content=""UBCevents"" />
<meta name=""twitter:card"" content=""summary_large_image"" />
<meta name=""twitter:site"" content=""@ubcevents"" />
<script type=""application/ld+json"" class=""yoast-schema-graph"">{""@context"":""https:\/\/schema.org"",""@graph"":[{""@type"":""CollectionPage"",""@id"":""https:\/\/events.ubc.ca\/events\/category\/subject-entertainment-arts\/"",""url"":""https:\/\/events.ubc.ca\/events\/category\/subject-entertainment-arts\/"",""name"":""Subject – Entertainment – Arts Archives - UBCevents"",""isPartOf"":{""@id"":""https:\/\/events.ubc.ca\/#website""},""breadcrumb"":{""@id"":""https:\/\/events.ubc.ca\/events\/category\/subject-entertainment-arts\/#breadcrumb""},""inLanguage"":""en-US""},{""@type"":""BreadcrumbList"",""@id"":""https:\/\/events.ubc.ca\/events\/category\/subject-entertainment-arts\/#breadcrumb"",""itemListElement"":[{""@type"":""ListItem"",""position"":1,""name"":""Home"",""item"":""https:\/\/events.ubc.ca\/""},{""@type"":""ListItem"",""position"":2,""name"":""Subject – Entertainment – Arts""}]},{""@type"":""WebSite"",""@id"":""https:\/\/events.ubc.ca\/#website"",""url"":""https:\/\/events.ubc.ca\/"",""name"":""UBC Events"",""description"":"""",""publisher"":{""@id"":""https:\/\/events.ubc.ca\/#organization""},""potentialAction"":[{""@type"":""SearchAction"",""target"":{""@type"":""EntryPoint"",""urlTemplate"":""https:\/\/events.ubc.ca\/?s={search_term_string}""},""query-input"":{""@type"":""PropertyValueSpecification"",""valueRequired"":true,""valueName"":""search_term_string""}}],""inLanguage"":""en-US""},{""@type"":""Organization"",""@id"":""https:\/\/events.ubc.ca\/#organization"",""name"":""UBC events"",""url"":""https:\/\/events.ubc.ca\/"",""logo"":{""@type"":""ImageObject"",""inLanguage"":""en-US"",""@id"":""https:\/\/events.ubc.ca\/#\/schema\/logo\/image\/"",""url"":""https:\/\/events.ubc.ca\/wp-content\/uploads\/2023\/11\/ubc-logo-2018-crest-blue-rgb72.jpg"",""contentUrl"":""https:\/\/events.ubc.ca\/wp-content\/uploads\/2023\/11\/ubc-logo-2018-crest-blue-rgb72.jpg"",""width"":99,""height"":135,""caption"":""UBC events""},""image"":{""@id"":""https:\/\/events.ubc.ca\/#\/schema\/logo\/image\/""},""sameAs"":[""https:\/\/www.facebook.com\/universityofbc\/"",""https:\/\/x.com\/ubcevents"",""https:\/\/www.youtube.com\/user\/UBC#g\/c\/94CEF848B9790AE4""]}]}</script>
<!-- / Yoast SEO plugin. -->","{""title"": ""Subject – Entertainment – Arts Archives - UBCevents"", ""robots"": {""index"": ""index"", ""follow"": ""follow"", ""max-snippet"": ""max-snippet:-1"", ""max-image-preview"": ""max-image-preview:large"", ""max-video-preview"": ""max-video-preview:-1""}, ""canonical"": ""https://events.ubc.ca/events/category/subject-entertainment-arts/"", ""og_locale"": ""en_US"", ""og_type"": ""article"", ""og_title"": ""Subject – Entertainment – Arts Archives - UBCevents"", ""og_url"": ""https://events.ubc.ca/events/category/subject-entertainment-arts/"", ""og_site_name"": ""UBCevents"", ""twitter_card"": ""summary_large_image"", ""twitter_site"": ""@ubcevents"", ""schema"": {""@context"": ""https://schema.org"", ""@graph"": [{""@type"": ""CollectionPage"", ""@id"": ""https://events.ubc.ca/events/category/subject-entertainment-arts/"", ""url"": ""https://events.ubc.ca/events/category/subject-entertainment-arts/"", ""name"": ""Subject – Entertainment – Arts Archives - UBCevents"", ""isPartOf"": {""@id"": ""https://events.ubc.ca/#website""}, ""breadcrumb"": {""@id"": ""https://events.ubc.ca/events/category/subject-entertainment-arts/#breadcrumb""}, ""inLanguage"": ""en-US""}, {""@type"": ""BreadcrumbList"", ""@id"": ""https://events.ubc.ca/events/category/subject-entertainment-arts/#breadcrumb"", ""itemListElement"": [{""@type"": ""ListItem"", ""position"": 1, ""name"": ""Home"", ""item"": ""https://events.ubc.ca/""}, {""@type"": ""ListItem"", ""position"": 2, ""name"": ""Subject – Entertainment – Arts""}]}, {""@type"": ""WebSite"", ""@id"": ""https://events.ubc.ca/#website"", ""url"": ""https://events.ubc.ca/"", ""name"": ""UBC Events"", ""description"": """", ""publisher"": {""@id"": ""https://events.ubc.ca/#organization""}, ""potentialAction"": [{""@type"": ""SearchAction"", ""target"": {""@type"": ""EntryPoint"", ""urlTemplate"": ""https://events.ubc.ca/?s={search_term_string}""}, ""query-input"": {""@type"": ""PropertyValueSpecification"", ""valueRequired"": true, ""valueName"": ""search_term_string""}}], ""inLanguage"": ""en-US""}, {""@type"": ""Organization"", ""@id"": ""https://events.ubc.ca/#organization"", ""name"": ""UBC events"", ""url"": ""https://events.ubc.ca/"", ""logo"": {""@type"": ""ImageObject"", ""inLanguage"": ""en-US"", ""@id"": ""https://events.ubc.ca/#/schema/logo/image/"", ""url"": ""https://events.ubc.ca/wp-content/uploads/2023/11/ubc-logo-2018-crest-blue-rgb72.jpg"", ""contentUrl"": ""https://events.ubc.ca/wp-content/uploads/2023/11/ubc-logo-2018-crest-blue-rgb72.jpg"", ""width"": 99, ""height"": 135, ""caption"": ""UBC events""}, ""image"": {""@id"": ""https://events.ubc.ca/#/schema/logo/image/""}, ""sameAs"": [""https://www.facebook.com/universityofbc/"", ""https://x.com/ubcevents"", ""https://www.youtube.com/user/UBC#g/c/94CEF848B9790AE4""]}]}}",https://events.ubc.ca/events/category/subject-entertainment-arts/,"{""self"": ""https://events.ubc.ca/wp-json/tribe/events/v1/categories/129"", ""collection"": ""https://events.ubc.ca/wp-json/tribe/events/v1/categories""}"
130,198,,Subject – Entertainment – Culture,subject-entertainment-culture,tribe_events_cat,0,[],"<!-- This site is optimized with the Yoast SEO plugin v28.2 - https://yoast.com/product/yoast-seo-wordpress/ -->
<title>Subject – Entertainment – Culture Archives - UBCevents</title>
<meta name=""robots"" content=""index, follow, max-snippet:-1, max-image-preview:large, max-video-preview:-1"" />
<link rel=""canonical"" href=""https://events.ubc.ca/events/category/subject-entertainment-culture/"" />
<meta property=""og:locale"" content=""en_US"" />
<meta property=""og:type"" content=""article"" />
<meta property=""og:title"" content=""Subject – Entertainment – Culture Archives - UBCevents"" />
<meta property=""og:url"" content=""https://events.ubc.ca/events/category/subject-entertainment-culture/"" />
<meta property=""og:site_name"" content=""UBCevents"" />
<meta name=""twitter:card"" content=""summary_large_image"" />
<meta name=""twitter:site"" content=""@ubcevents"" />
<script type=""application/ld+json"" class=""yoast-schema-graph"">{""@context"":""https:\/\/schema.org"",""@graph"":[{""@type"":""CollectionPage"",""@id"":""https:\/\/events.ubc.ca\/events\/category\/subject-entertainment-culture\/"",""url"":""https:\/\/events.ubc.ca\/events\/category\/subject-entertainment-culture\/"",""name"":""Subject – Entertainment – Culture Archives - UBCevents"",""isPartOf"":{""@id"":""https:\/\/events.ubc.ca\/#website""},""breadcrumb"":{""@id"":""https:\/\/events.ubc.ca\/events\/category\/subject-entertainment-culture\/#breadcrumb""},""inLanguage"":""en-US""},{""@type"":""BreadcrumbList"",""@id"":""https:\/\/events.ubc.ca\/events\/category\/subject-entertainment-culture\/#breadcrumb"",""itemListElement"":[{""@type"":""ListItem"",""position"":1,""name"":""Home"",""item"":""https:\/\/events.ubc.ca\/""},{""@type"":""ListItem"",""position"":2,""name"":""Subject – Entertainment – Culture""}]},{""@type"":""WebSite"",""@id"":""https:\/\/events.ubc.ca\/#website"",""url"":""https:\/\/events.ubc.ca\/"",""name"":""UBC Events"",""description"":"""",""publisher"":{""@id"":""https:\/\/events.ubc.ca\/#organization""},""potentialAction"":[{""@type"":""SearchAction"",""target"":{""@type"":""EntryPoint"",""urlTemplate"":""https:\/\/events.ubc.ca\/?s={search_term_string}""},""query-input"":{""@type"":""PropertyValueSpecification"",""valueRequired"":true,""valueName"":""search_term_string""}}],""inLanguage"":""en-US""},{""@type"":""Organization"",""@id"":""https:\/\/events.ubc.ca\/#organization"",""name"":""UBC events"",""url"":""https:\/\/events.ubc.ca\/"",""logo"":{""@type"":""ImageObject"",""inLanguage"":""en-US"",""@id"":""https:\/\/events.ubc.ca\/#\/schema\/logo\/image\/"",""url"":""https:\/\/events.ubc.ca\/wp-content\/uploads\/2023\/11\/ubc-logo-2018-crest-blue-rgb72.jpg"",""contentUrl"":""https:\/\/events.ubc.ca\/wp-content\/uploads\/2023\/11\/ubc-logo-2018-crest-blue-rgb72.jpg"",""width"":99,""height"":135,""caption"":""UBC events""},""image"":{""@id"":""https:\/\/events.ubc.ca\/#\/schema\/logo\/image\/""},""sameAs"":[""https:\/\/www.facebook.com\/universityofbc\/"",""https:\/\/x.com\/ubcevents"",""https:\/\/www.youtube.com\/user\/UBC#g\/c\/94CEF848B9790AE4""]}]}</script>
<!-- / Yoast SEO plugin. -->","{""title"": ""Subject – Entertainment – Culture Archives - UBCevents"", ""robots"": {""index"": ""index"", ""follow"": ""follow"", ""max-snippet"": ""max-snippet:-1"", ""max-image-preview"": ""max-image-preview:large"", ""max-video-preview"": ""max-video-preview:-1""}, ""canonical"": ""https://events.ubc.ca/events/category/subject-entertainment-culture/"", ""og_locale"": ""en_US"", ""og_type"": ""article"", ""og_title"": ""Subject – Entertainment – Culture Archives - UBCevents"", ""og_url"": ""https://events.ubc.ca/events/category/subject-entertainment-culture/"", ""og_site_name"": ""UBCevents"", ""twitter_card"": ""summary_large_image"", ""twitter_site"": ""@ubcevents"", ""schema"": {""@context"": ""https://schema.org"", ""@graph"": [{""@type"": ""CollectionPage"", ""@id"": ""https://events.ubc.ca/events/category/subject-entertainment-culture/"", ""url"": ""https://events.ubc.ca/events/category/subject-entertainment-culture/"", ""name"": ""Subject – Entertainment – Culture Archives - UBCevents"", ""isPartOf"": {""@id"": ""https://events.ubc.ca/#website""}, ""breadcrumb"": {""@id"": ""https://events.ubc.ca/events/category/subject-entertainment-culture/#breadcrumb""}, ""inLanguage"": ""en-US""}, {""@type"": ""BreadcrumbList"", ""@id"": ""https://events.ubc.ca/events/category/subject-entertainment-culture/#breadcrumb"", ""itemListElement"": [{""@type"": ""ListItem"", ""position"": 1, ""name"": ""Home"", ""item"": ""https://events.ubc.ca/""}, {""@type"": ""ListItem"", ""position"": 2, ""name"": ""Subject – Entertainment – Culture""}]}, {""@type"": ""WebSite"", ""@id"": ""https://events.ubc.ca/#website"", ""url"": ""https://events.ubc.ca/"", ""name"": ""UBC Events"", ""description"": """", ""publisher"": {""@id"": ""https://events.ubc.ca/#organization""}, ""potentialAction"": [{""@type"": ""SearchAction"", ""target"": {""@type"": ""EntryPoint"", ""urlTemplate"": ""https://events.ubc.ca/?s={search_term_string}""}, ""query-input"": {""@type"": ""PropertyValueSpecification"", ""valueRequired"": true, ""valueName"": ""search_term_string""}}], ""inLanguage"": ""en-US""}, {""@type"": ""Organization"", ""@id"": ""https://events.ubc.ca/#organization"", ""name"": ""UBC events"", ""url"": ""https://events.ubc.ca/"", ""logo"": {""@type"": ""ImageObject"", ""inLanguage"": ""en-US"", ""@id"": ""https://events.ubc.ca/#/schema/logo/image/"", ""url"": ""https://events.ubc.ca/wp-content/uploads/2023/11/ubc-logo-2018-crest-blue-rgb72.jpg"", ""contentUrl"": ""https://events.ubc.ca/wp-content/uploads/2023/11/ubc-logo-2018-crest-blue-rgb72.jpg"", ""width"": 99, ""height"": 135, ""caption"": ""UBC events""}, ""image"": {""@id"": ""https://events.ubc.ca/#/schema/logo/image/""}, ""sameAs"": [""https://www.facebook.com/universityofbc/"", ""https://x.com/ubcevents"", ""https://www.youtube.com/user/UBC#g/c/94CEF848B9790AE4""]}]}}",https://events.ubc.ca/events/category/subject-entertainment-culture/,"{""self"": ""https://events.ubc.ca/wp-json/tribe/events/v1/categories/130"", ""collection"": ""https://events.ubc.ca/wp-json/tribe/events/v1/categories""}"
131,82,,Subject – Entertainment – Media,subject-entertainment-media,tribe_events_cat,0,[],"<!-- This site is optimized with the Yoast SEO plugin v28.2 - https://yoast.com/product/yoast-seo-wordpress/ -->
<title>Subject – Entertainment – Media Archives - UBCevents</title>
<meta name=""robots"" content=""index, follow, max-snippet:-1, max-image-preview:large, max-video-preview:-1"" />
<link rel=""canonical"" href=""https://events.ubc.ca/events/category/subject-entertainment-media/"" />
<meta property=""og:locale"" content=""en_US"" />
<meta property=""og:type"" content=""article"" />
<meta property=""og:title"" content=""Subject – Entertainment – Media Archives - UBCevents"" />
<meta property=""og:url"" content=""https://events.ubc.ca/events/category/subject-entertainment-media/"" />
<meta property=""og:site_name"" content=""UBCevents"" />
<meta name=""twitter:card"" content=""summary_large_image"" />
<meta name=""twitter:site"" content=""@ubcevents"" />
<script type=""application/ld+json"" class=""yoast-schema-graph"">{""@context"":""https:\/\/schema.org"",""@graph"":[{""@type"":""CollectionPage"",""@id"":""https:\/\/events.ubc.ca\/events\/category\/subject-entertainment-media\/"",""url"":""https:\/\/events.ubc.ca\/events\/category\/subject-entertainment-media\/"",""name"":""Subject – Entertainment – Media Archives - UBCevents"",""isPartOf"":{""@id"":""https:\/\/events.ubc.ca\/#website""},""breadcrumb"":{""@id"":""https:\/\/events.ubc.ca\/events\/category\/subject-entertainment-media\/#breadcrumb""},""inLanguage"":""en-US""},{""@type"":""BreadcrumbList"",""@id"":""https:\/\/events.ubc.ca\/events\/category\/subject-entertainment-media\/#breadcrumb"",""itemListElement"":[{""@type"":""ListItem"",""position"":1,""name"":""Home"",""item"":""https:\/\/events.ubc.ca\/""},{""@type"":""ListItem"",""position"":2,""name"":""Subject – Entertainment – Media""}]},{""@type"":""WebSite"",""@id"":""https:\/\/events.ubc.ca\/#website"",""url"":""https:\/\/events.ubc.ca\/"",""name"":""UBC Events"",""description"":"""",""publisher"":{""@id"":""https:\/\/events.ubc.ca\/#organization""},""potentialAction"":[{""@type"":""SearchAction"",""target"":{""@type"":""EntryPoint"",""urlTemplate"":""https:\/\/events.ubc.ca\/?s={search_term_string}""},""query-input"":{""@type"":""PropertyValueSpecification"",""valueRequired"":true,""valueName"":""search_term_string""}}],""inLanguage"":""en-US""},{""@type"":""Organization"",""@id"":""https:\/\/events.ubc.ca\/#organization"",""name"":""UBC events"",""url"":""https:\/\/events.ubc.ca\/"",""logo"":{""@type"":""ImageObject"",""inLanguage"":""en-US"",""@id"":""https:\/\/events.ubc.ca\/#\/schema\/logo\/image\/"",""url"":""https:\/\/events.ubc.ca\/wp-content\/uploads\/2023\/11\/ubc-logo-2018-crest-blue-rgb72.jpg"",""contentUrl"":""https:\/\/events.ubc.ca\/wp-content\/uploads\/2023\/11\/ubc-logo-2018-crest-blue-rgb72.jpg"",""width"":99,""height"":135,""caption"":""UBC events""},""image"":{""@id"":""https:\/\/events.ubc.ca\/#\/schema\/logo\/image\/""},""sameAs"":[""https:\/\/www.facebook.com\/universityofbc\/"",""https:\/\/x.com\/ubcevents"",""https:\/\/www.youtube.com\/user\/UBC#g\/c\/94CEF848B9790AE4""]}]}</script>
<!-- / Yoast SEO plugin. -->","{""title"": ""Subject – Entertainment – Media Archives - UBCevents"", ""robots"": {""index"": ""index"", ""follow"": ""follow"", ""max-snippet"": ""max-snippet:-1"", ""max-image-preview"": ""max-image-preview:large"", ""max-video-preview"": ""max-video-preview:-1""}, ""canonical"": ""https://events.ubc.ca/events/category/subject-entertainment-media/"", ""og_locale"": ""en_US"", ""og_type"": ""article"", ""og_title"": ""Subject – Entertainment – Media Archives - UBCevents"", ""og_url"": ""https://events.ubc.ca/events/category/subject-entertainment-media/"", ""og_site_name"": ""UBCevents"", ""twitter_card"": ""summary_large_image"", ""twitter_site"": ""@ubcevents"", ""schema"": {""@context"": ""https://schema.org"", ""@graph"": [{""@type"": ""CollectionPage"", ""@id"": ""https://events.ubc.ca/events/category/subject-entertainment-media/"", ""url"": ""https://events.ubc.ca/events/category/subject-entertainment-media/"", ""name"": ""Subject – Entertainment – Media Archives - UBCevents"", ""isPartOf"": {""@id"": ""https://events.ubc.ca/#website""}, ""breadcrumb"": {""@id"": ""https://events.ubc.ca/events/category/subject-entertainment-media/#breadcrumb""}, ""inLanguage"": ""en-US""}, {""@type"": ""BreadcrumbList"", ""@id"": ""https://events.ubc.ca/events/category/subject-entertainment-media/#breadcrumb"", ""itemListElement"": [{""@type"": ""ListItem"", ""position"": 1, ""name"": ""Home"", ""item"": ""https://events.ubc.ca/""}, {""@type"": ""ListItem"", ""position"": 2, ""name"": ""Subject – Entertainment – Media""}]}, {""@type"": ""WebSite"", ""@id"": ""https://events.ubc.ca/#website"", ""url"": ""https://events.ubc.ca/"", ""name"": ""UBC Events"", ""description"": """", ""publisher"": {""@id"": ""https://events.ubc.ca/#organization""}, ""potentialAction"": [{""@type"": ""SearchAction"", ""target"": {""@type"": ""EntryPoint"", ""urlTemplate"": ""https://events.ubc.ca/?s={search_term_string}""}, ""query-input"": {""@type"": ""PropertyValueSpecification"", ""valueRequired"": true, ""valueName"": ""search_term_string""}}], ""inLanguage"": ""en-US""}, {""@type"": ""Organization"", ""@id"": ""https://events.ubc.ca/#organization"", ""name"": ""UBC events"", ""url"": ""https://events.ubc.ca/"", ""logo"": {""@type"": ""ImageObject"", ""inLanguage"": ""en-US"", ""@id"": ""https://events.ubc.ca/#/schema/logo/image/"", ""url"": ""https://events.ubc.ca/wp-content/uploads/2023/11/ubc-logo-2018-crest-blue-rgb72.jpg"", ""contentUrl"": ""https://events.ubc.ca/wp-content/uploads/2023/11/ubc-logo-2018-crest-blue-rgb72.jpg"", ""width"": 99, ""height"": 135, ""caption"": ""UBC events""}, ""image"": {""@id"": ""https://events.ubc.ca/#/schema/logo/image/""}, ""sameAs"": [""https://www.facebook.com/universityofbc/"", ""https://x.com/ubcevents"", ""https://www.youtube.com/user/UBC#g/c/94CEF848B9790AE4""]}]}}",https://events.ubc.ca/events/category/subject-entertainment-media/,"{""self"": ""https://events.ubc.ca/wp-json/tribe/events/v1/categories/131"", ""collection"": ""https://events.ubc.ca/wp-json/tribe/events/v1/categories""}"
132,282,,Subject – Entertainment – Music,subject-entertainment-music,tribe_events_cat,0,[],"<!-- This site is optimized with the Yoast SEO plugin v28.2 - https://yoast.com/product/yoast-seo-wordpress/ -->
<title>Subject – Entertainment – Music Archives - UBCevents</title>
<meta name=""robots"" content=""index, follow, max-snippet:-1, max-image-preview:large, max-video-preview:-1"" />
<link rel=""canonical"" href=""https://events.ubc.ca/events/category/subject-entertainment-music/"" />
<meta property=""og:locale"" content=""en_US"" />
<meta property=""og:type"" content=""article"" />
<meta property=""og:title"" content=""Subject – Entertainment – Music Archives - UBCevents"" />
<meta property=""og:url"" content=""https://events.ubc.ca/events/category/subject-entertainment-music/"" />
<meta property=""og:site_name"" content=""UBCevents"" />
<meta name=""twitter:card"" content=""summary_large_image"" />
<meta name=""twitter:site"" content=""@ubcevents"" />
<script type=""application/ld+json"" class=""yoast-schema-graph"">{""@context"":""https:\/\/schema.org"",""@graph"":[{""@type"":""CollectionPage"",""@id"":""https:\/\/events.ubc.ca\/events\/category\/subject-entertainment-music\/"",""url"":""https:\/\/events.ubc.ca\/events\/category\/subject-entertainment-music\/"",""name"":""Subject – Entertainment – Music Archives - UBCevents"",""isPartOf"":{""@id"":""https:\/\/events.ubc.ca\/#website""},""breadcrumb"":{""@id"":""https:\/\/events.ubc.ca\/events\/category\/subject-entertainment-music\/#breadcrumb""},""inLanguage"":""en-US""},{""@type"":""BreadcrumbList"",""@id"":""https:\/\/events.ubc.ca\/events\/category\/subject-entertainment-music\/#breadcrumb"",""itemListElement"":[{""@type"":""ListItem"",""position"":1,""name"":""Home"",""item"":""https:\/\/events.ubc.ca\/""},{""@type"":""ListItem"",""position"":2,""name"":""Subject – Entertainment – Music""}]},{""@type"":""WebSite"",""@id"":""https:\/\/events.ubc.ca\/#website"",""url"":""https:\/\/events.ubc.ca\/"",""name"":""UBC Events"",""description"":"""",""publisher"":{""@id"":""https:\/\/events.ubc.ca\/#organization""},""potentialAction"":[{""@type"":""SearchAction"",""target"":{""@type"":""EntryPoint"",""urlTemplate"":""https:\/\/events.ubc.ca\/?s={search_term_string}""},""query-input"":{""@type"":""PropertyValueSpecification"",""valueRequired"":true,""valueName"":""search_term_string""}}],""inLanguage"":""en-US""},{""@type"":""Organization"",""@id"":""https:\/\/events.ubc.ca\/#organization"",""name"":""UBC events"",""url"":""https:\/\/events.ubc.ca\/"",""logo"":{""@type"":""ImageObject"",""inLanguage"":""en-US"",""@id"":""https:\/\/events.ubc.ca\/#\/schema\/logo\/image\/"",""url"":""https:\/\/events.ubc.ca\/wp-content\/uploads\/2023\/11\/ubc-logo-2018-crest-blue-rgb72.jpg"",""contentUrl"":""https:\/\/events.ubc.ca\/wp-content\/uploads\/2023\/11\/ubc-logo-2018-crest-blue-rgb72.jpg"",""width"":99,""height"":135,""caption"":""UBC events""},""image"":{""@id"":""https:\/\/events.ubc.ca\/#\/schema\/logo\/image\/""},""sameAs"":[""https:\/\/www.facebook.com\/universityofbc\/"",""https:\/\/x.com\/ubcevents"",""https:\/\/www.youtube.com\/user\/UBC#g\/c\/94CEF848B9790AE4""]}]}</script>
<!-- / Yoast SEO plugin. -->","{""title"": ""Subject – Entertainment – Music Archives - UBCevents"", ""robots"": {""index"": ""index"", ""follow"": ""follow"", ""max-snippet"": ""max-snippet:-1"", ""max-image-preview"": ""max-image-preview:large"", ""max-video-preview"": ""max-video-preview:-1""}, ""canonical"": ""https://events.ubc.ca/events/category/subject-entertainment-music/"", ""og_locale"": ""en_US"", ""og_type"": ""article"", ""og_title"": ""Subject – Entertainment – Music Archives - UBCevents"", ""og_url"": ""https://events.ubc.ca/events/category/subject-entertainment-music/"", ""og_site_name"": ""UBCevents"", ""twitter_card"": ""summary_large_image"", ""twitter_site"": ""@ubcevents"", ""schema"": {""@context"": ""https://schema.org"", ""@graph"": [{""@type"": ""CollectionPage"", ""@id"": ""https://events.ubc.ca/events/category/subject-entertainment-music/"", ""url"": ""https://events.ubc.ca/events/category/subject-entertainment-music/"", ""name"": ""Subject – Entertainment – Music Archives - UBCevents"", ""isPartOf"": {""@id"": ""https://events.ubc.ca/#website""}, ""breadcrumb"": {""@id"": ""https://events.ubc.ca/events/category/subject-entertainment-music/#breadcrumb""}, ""inLanguage"": ""en-US""}, {""@type"": ""BreadcrumbList"", ""@id"": ""https://events.ubc.ca/events/category/subject-entertainment-music/#breadcrumb"", ""itemListElement"": [{""@type"": ""ListItem"", ""position"": 1, ""name"": ""Home"", ""item"": ""https://events.ubc.ca/""}, {""@type"": ""ListItem"", ""position"": 2, ""name"": ""Subject – Entertainment – Music""}]}, {""@type"": ""WebSite"", ""@id"": ""https://events.ubc.ca/#website"", ""url"": ""https://events.ubc.ca/"", ""name"": ""UBC Events"", ""description"": """", ""publisher"": {""@id"": ""https://events.ubc.ca/#organization""}, ""potentialAction"": [{""@type"": ""SearchAction"", ""target"": {""@type"": ""EntryPoint"", ""urlTemplate"": ""https://events.ubc.ca/?s={search_term_string}""}, ""query-input"": {""@type"": ""PropertyValueSpecification"", ""valueRequired"": true, ""valueName"": ""search_term_string""}}], ""inLanguage"": ""en-US""}, {""@type"": ""Organization"", ""@id"": ""https://events.ubc.ca/#organization"", ""name"": ""UBC events"", ""url"": ""https://events.ubc.ca/"", ""logo"": {""@type"": ""ImageObject"", ""inLanguage"": ""en-US"", ""@id"": ""https://events.ubc.ca/#/schema/logo/image/"", ""url"": ""https://events.ubc.ca/wp-content/uploads/2023/11/ubc-logo-2018-crest-blue-rgb72.jpg"", ""contentUrl"": ""https://events.ubc.ca/wp-content/uploads/2023/11/ubc-logo-2018-crest-blue-rgb72.jpg"", ""width"": 99, ""height"": 135, ""caption"": ""UBC events""}, ""image"": {""@id"": ""https://events.ubc.ca/#/schema/logo/image/""}, ""sameAs"": [""https://www.facebook.com/universityofbc/"", ""https://x.com/ubcevents"", ""https://www.youtube.com/user/UBC#g/c/94CEF848B9790AE4""]}]}}",https://events.ubc.ca/events/category/subject-entertainment-music/,"{""self"": ""https://events.ubc.ca/wp-json/tribe/events/v1/categories/132"", ""collection"": ""https://events.ubc.ca/wp-json/tribe/events/v1/categories""}"
133,160,,Subject – Entertainment – Social,subject-entertainment-social,tribe_events_cat,0,[],"<!-- This site is optimized with the Yoast SEO plugin v28.2 - https://yoast.com/product/yoast-seo-wordpress/ -->
<title>Subject – Entertainment – Social Archives - UBCevents</title>
<meta name=""robots"" content=""index, follow, max-snippet:-1, max-image-preview:large, max-video-preview:-1"" />
<link rel=""canonical"" href=""https://events.ubc.ca/events/category/subject-entertainment-social/"" />
<meta property=""og:locale"" content=""en_US"" />
<meta property=""og:type"" content=""article"" />
<meta property=""og:title"" content=""Subject – Entertainment – Social Archives - UBCevents"" />
<meta property=""og:url"" content=""https://events.ubc.ca/events/category/subject-entertainment-social/"" />
<meta property=""og:site_name"" content=""UBCevents"" />
<meta name=""twitter:card"" content=""summary_large_image"" />
<meta name=""twitter:site"" content=""@ubcevents"" />
<script type=""application/ld+json"" class=""yoast-schema-graph"">{""@context"":""https:\/\/schema.org"",""@graph"":[{""@type"":""CollectionPage"",""@id"":""https:\/\/events.ubc.ca\/events\/category\/subject-entertainment-social\/"",""url"":""https:\/\/events.ubc.ca\/events\/category\/subject-entertainment-social\/"",""name"":""Subject – Entertainment – Social Archives - UBCevents"",""isPartOf"":{""@id"":""https:\/\/events.ubc.ca\/#website""},""breadcrumb"":{""@id"":""https:\/\/events.ubc.ca\/events\/category\/subject-entertainment-social\/#breadcrumb""},""inLanguage"":""en-US""},{""@type"":""BreadcrumbList"",""@id"":""https:\/\/events.ubc.ca\/events\/category\/subject-entertainment-social\/#breadcrumb"",""itemListElement"":[{""@type"":""ListItem"",""position"":1,""name"":""Home"",""item"":""https:\/\/events.ubc.ca\/""},{""@type"":""ListItem"",""position"":2,""name"":""Subject – Entertainment – Social""}]},{""@type"":""WebSite"",""@id"":""https:\/\/events.ubc.ca\/#website"",""url"":""https:\/\/events.ubc.ca\/"",""name"":""UBC Events"",""description"":"""",""publisher"":{""@id"":""https:\/\/events.ubc.ca\/#organization""},""potentialAction"":[{""@type"":""SearchAction"",""target"":{""@type"":""EntryPoint"",""urlTemplate"":""https:\/\/events.ubc.ca\/?s={search_term_string}""},""query-input"":{""@type"":""PropertyValueSpecification"",""valueRequired"":true,""valueName"":""search_term_string""}}],""inLanguage"":""en-US""},{""@type"":""Organization"",""@id"":""https:\/\/events.ubc.ca\/#organization"",""name"":""UBC events"",""url"":""https:\/\/events.ubc.ca\/"",""logo"":{""@type"":""ImageObject"",""inLanguage"":""en-US"",""@id"":""https:\/\/events.ubc.ca\/#\/schema\/logo\/image\/"",""url"":""https:\/\/events.ubc.ca\/wp-content\/uploads\/2023\/11\/ubc-logo-2018-crest-blue-rgb72.jpg"",""contentUrl"":""https:\/\/events.ubc.ca\/wp-content\/uploads\/2023\/11\/ubc-logo-2018-crest-blue-rgb72.jpg"",""width"":99,""height"":135,""caption"":""UBC events""},""image"":{""@id"":""https:\/\/events.ubc.ca\/#\/schema\/logo\/image\/""},""sameAs"":[""https:\/\/www.facebook.com\/universityofbc\/"",""https:\/\/x.com\/ubcevents"",""https:\/\/www.youtube.com\/user\/UBC#g\/c\/94CEF848B9790AE4""]}]}</script>
<!-- / Yoast SEO plugin. -->","{""title"": ""Subject – Entertainment – Social Archives - UBCevents"", ""robots"": {""index"": ""index"", ""follow"": ""follow"", ""max-snippet"": ""max-snippet:-1"", ""max-image-preview"": ""max-image-preview:large"", ""max-video-preview"": ""max-video-preview:-1""}, ""canonical"": ""https://events.ubc.ca/events/category/subject-entertainment-social/"", ""og_locale"": ""en_US"", ""og_type"": ""article"", ""og_title"": ""Subject – Entertainment – Social Archives - UBCevents"", ""og_url"": ""https://events.ubc.ca/events/category/subject-entertainment-social/"", ""og_site_name"": ""UBCevents"", ""twitter_card"": ""summary_large_image"", ""twitter_site"": ""@ubcevents"", ""schema"": {""@context"": ""https://schema.org"", ""@graph"": [{""@type"": ""CollectionPage"", ""@id"": ""https://events.ubc.ca/events/category/subject-entertainment-social/"", ""url"": ""https://events.ubc.ca/events/category/subject-entertainment-social/"", ""name"": ""Subject – Entertainment – Social Archives - UBCevents"", ""isPartOf"": {""@id"": ""https://events.ubc.ca/#website""}, ""breadcrumb"": {""@id"": ""https://events.ubc.ca/events/category/subject-entertainment-social/#breadcrumb""}, ""inLanguage"": ""en-US""}, {""@type"": ""BreadcrumbList"", ""@id"": ""https://events.ubc.ca/events/category/subject-entertainment-social/#breadcrumb"", ""itemListElement"": [{""@type"": ""ListItem"", ""position"": 1, ""name"": ""Home"", ""item"": ""https://events.ubc.ca/""}, {""@type"": ""ListItem"", ""position"": 2, ""name"": ""Subject – Entertainment – Social""}]}, {""@type"": ""WebSite"", ""@id"": ""https://events.ubc.ca/#website"", ""url"": ""https://events.ubc.ca/"", ""name"": ""UBC Events"", ""description"": """", ""publisher"": {""@id"": ""https://events.ubc.ca/#organization""}, ""potentialAction"": [{""@type"": ""SearchAction"", ""target"": {""@type"": ""EntryPoint"", ""urlTemplate"": ""https://events.ubc.ca/?s={search_term_string}""}, ""query-input"": {""@type"": ""PropertyValueSpecification"", ""valueRequired"": true, ""valueName"": ""search_term_string""}}], ""inLanguage"": ""en-US""}, {""@type"": ""Organization"", ""@id"": ""https://events.ubc.ca/#organization"", ""name"": ""UBC events"", ""url"": ""https://events.ubc.ca/"", ""logo"": {""@type"": ""ImageObject"", ""inLanguage"": ""en-US"", ""@id"": ""https://events.ubc.ca/#/schema/logo/image/"", ""url"": ""https://events.ubc.ca/wp-content/uploads/2023/11/ubc-logo-2018-crest-blue-rgb72.jpg"", ""contentUrl"": ""https://events.ubc.ca/wp-content/uploads/2023/11/ubc-logo-2018-crest-blue-rgb72.jpg"", ""width"": 99, ""height"": 135, ""caption"": ""UBC events""}, ""image"": {""@id"": ""https://events.ubc.ca/#/schema/logo/image/""}, ""sameAs"": [""https://www.facebook.com/universityofbc/"", ""https://x.com/ubcevents"", ""https://www.youtube.com/user/UBC#g/c/94CEF848B9790AE4""]}]}}",https://events.ubc.ca/events/category/subject-entertainment-social/,"{""self"": ""https://events.ubc.ca/wp-json/tribe/events/v1/categories/133"", ""collection"": ""https://events.ubc.ca/wp-json/tribe/events/v1/categories""}"
134,317,subject-equity-diversity-and-inclusion,"Subject – Equity, Diversity and Inclusion",subject-equity-diversity-and-inclusion,tribe_events_cat,0,[],"<!-- This site is optimized with the Yoast SEO plugin v28.2 - https://yoast.com/product/yoast-seo-wordpress/ -->
<title>Subject – Equity, Diversity and Inclusion Archives - UBCevents</title>
<meta name=""robots"" content=""index, follow, max-snippet:-1, max-image-preview:large, max-video-preview:-1"" />
<link rel=""canonical"" href=""https://events.ubc.ca/events/category/subject-equity-diversity-and-inclusion/"" />
<meta property=""og:locale"" content=""en_US"" />
<meta property=""og:type"" content=""article"" />
<meta property=""og:title"" content=""Subject – Equity, Diversity and Inclusion Archives - UBCevents"" />
<meta property=""og:description"" content=""subject-equity-diversity-and-inclusion"" />
<meta property=""og:url"" content=""https://events.ubc.ca/events/category/subject-equity-diversity-and-inclusion/"" />
<meta property=""og:site_name"" content=""UBCevents"" />
<meta name=""twitter:card"" content=""summary_large_image"" />
<meta name=""twitter:site"" content=""@ubcevents"" />
<script type=""application/ld+json"" class=""yoast-schema-graph"">{""@context"":""https:\/\/schema.org"",""@graph"":[{""@type"":""CollectionPage"",""@id"":""https:\/\/events.ubc.ca\/events\/category\/subject-equity-diversity-and-inclusion\/"",""url"":""https:\/\/events.ubc.ca\/events\/category\/subject-equity-diversity-and-inclusion\/"",""name"":""Subject – Equity, Diversity and Inclusion Archives - UBCevents"",""isPartOf"":{""@id"":""https:\/\/events.ubc.ca\/#website""},""breadcrumb"":{""@id"":""https:\/\/events.ubc.ca\/events\/category\/subject-equity-diversity-and-inclusion\/#breadcrumb""},""inLanguage"":""en-US""},{""@type"":""BreadcrumbList"",""@id"":""https:\/\/events.ubc.ca\/events\/category\/subject-equity-diversity-and-inclusion\/#breadcrumb"",""itemListElement"":[{""@type"":""ListItem"",""position"":1,""name"":""Home"",""item"":""https:\/\/events.ubc.ca\/""},{""@type"":""ListItem"",""position"":2,""name"":""Subject – Equity, Diversity and Inclusion""}]},{""@type"":""WebSite"",""@id"":""https:\/\/events.ubc.ca\/#website"",""url"":""https:\/\/events.ubc.ca\/"",""name"":""UBC Events"",""description"":"""",""publisher"":{""@id"":""https:\/\/events.ubc.ca\/#organization""},""potentialAction"":[{""@type"":""SearchAction"",""target"":{""@type"":""EntryPoint"",""urlTemplate"":""https:\/\/events.ubc.ca\/?s={search_term_string}""},""query-input"":{""@type"":""PropertyValueSpecification"",""valueRequired"":true,""valueName"":""search_term_string""}}],""inLanguage"":""en-US""},{""@type"":""Organization"",""@id"":""https:\/\/events.ubc.ca\/#organization"",""name"":""UBC events"",""url"":""https:\/\/events.ubc.ca\/"",""logo"":{""@type"":""ImageObject"",""inLanguage"":""en-US"",""@id"":""https:\/\/events.ubc.ca\/#\/schema\/logo\/image\/"",""url"":""https:\/\/events.ubc.ca\/wp-content\/uploads\/2023\/11\/ubc-logo-2018-crest-blue-rgb72.jpg"",""contentUrl"":""https:\/\/events.ubc.ca\/wp-content\/uploads\/2023\/11\/ubc-logo-2018-crest-blue-rgb72.jpg"",""width"":99,""height"":135,""caption"":""UBC events""},""image"":{""@id"":""https:\/\/events.ubc.ca\/#\/schema\/logo\/image\/""},""sameAs"":[""https:\/\/www.facebook.com\/universityofbc\/"",""https:\/\/x.com\/ubcevents"",""https:\/\/www.youtube.com\/user\/UBC#g\/c\/94CEF848B9790AE4""]}]}</script>
<!-- / Yoast SEO plugin. -->","{""title"": ""Subject – Equity, Diversity and Inclusion Archives - UBCevents"", ""robots"": {""index"": ""index"", ""follow"": ""follow"", ""max-snippet"": ""max-snippet:-1"", ""max-image-preview"": ""max-image-preview:large"", ""max-video-preview"": ""max-video-preview:-1""}, ""canonical"": ""https://events.ubc.ca/events/category/subject-equity-diversity-and-inclusion/"", ""og_locale"": ""en_US"", ""og_type"": ""article"", ""og_title"": ""Subject – Equity, Diversity and Inclusion Archives - UBCevents"", ""og_description"": ""subject-equity-diversity-and-inclusion"", ""og_url"": ""https://events.ubc.ca/events/category/subject-equity-diversity-and-inclusion/"", ""og_site_name"": ""UBCevents"", ""twitter_card"": ""summary_large_image"", ""twitter_site"": ""@ubcevents"", ""schema"": {""@context"": ""https://schema.org"", ""@graph"": [{""@type"": ""CollectionPage"", ""@id"": ""https://events.ubc.ca/events/category/subject-equity-diversity-and-inclusion/"", ""url"": ""https://events.ubc.ca/events/category/subject-equity-diversity-and-inclusion/"", ""name"": ""Subject – Equity, Diversity and Inclusion Archives - UBCevents"", ""isPartOf"": {""@id"": ""https://events.ubc.ca/#website""}, ""breadcrumb"": {""@id"": ""https://events.ubc.ca/events/category/subject-equity-diversity-and-inclusion/#breadcrumb""}, ""inLanguage"": ""en-US""}, {""@type"": ""BreadcrumbList"", ""@id"": ""https://events.ubc.ca/events/category/subject-equity-diversity-and-inclusion/#breadcrumb"", ""itemListElement"": [{""@type"": ""ListItem"", ""position"": 1, ""name"": ""Home"", ""item"": ""https://events.ubc.ca/""}, {""@type"": ""ListItem"", ""position"": 2, ""name"": ""Subject – Equity, Diversity and Inclusion""}]}, {""@type"": ""WebSite"", ""@id"": ""https://events.ubc.ca/#website"", ""url"": ""https://events.ubc.ca/"", ""name"": ""UBC Events"", ""description"": """", ""publisher"": {""@id"": ""https://events.ubc.ca/#organization""}, ""potentialAction"": [{""@type"": ""SearchAction"", ""target"": {""@type"": ""EntryPoint"", ""urlTemplate"": ""https://events.ubc.ca/?s={search_term_string}""}, ""query-input"": {""@type"": ""PropertyValueSpecification"", ""valueRequired"": true, ""valueName"": ""search_term_string""}}], ""inLanguage"": ""en-US""}, {""@type"": ""Organization"", ""@id"": ""https://events.ubc.ca/#organization"", ""name"": ""UBC events"", ""url"": ""https://events.ubc.ca/"", ""logo"": {""@type"": ""ImageObject"", ""inLanguage"": ""en-US"", ""@id"": ""https://events.ubc.ca/#/schema/logo/image/"", ""url"": ""https://events.ubc.ca/wp-content/uploads/2023/11/ubc-logo-2018-crest-blue-rgb72.jpg"", ""contentUrl"": ""https://events.ubc.ca/wp-content/uploads/2023/11/ubc-logo-2018-crest-blue-rgb72.jpg"", ""width"": 99, ""height"": 135, ""caption"": ""UBC events""}, ""image"": {""@id"": ""https://events.ubc.ca/#/schema/logo/image/""}, ""sameAs"": [""https://www.facebook.com/universityofbc/"", ""https://x.com/ubcevents"", ""https://www.youtube.com/user/UBC#g/c/94CEF848B9790AE4""]}]}}",https://events.ubc.ca/events/category/subject-equity-diversity-and-inclusion/,"{""self"": ""https://events.ubc.ca/wp-json/tribe/events/v1/categories/134"", ""collection"": ""https://events.ubc.ca/wp-json/tribe/events/v1/categories""}"
135,5,subject-graduation,Subject – Graduation,subject-graduation,tribe_events_cat,0,[],"<!-- This site is optimized with the Yoast SEO plugin v28.2 - https://yoast.com/product/yoast-seo-wordpress/ -->
<title>Subject – Graduation Archives - UBCevents</title>
<meta name=""robots"" content=""index, follow, max-snippet:-1, max-image-preview:large, max-video-preview:-1"" />
<link rel=""canonical"" href=""https://events.ubc.ca/events/category/subject-graduation/"" />
<meta property=""og:locale"" content=""en_US"" />
<meta property=""og:type"" content=""article"" />
<meta property=""og:title"" content=""Subject – Graduation Archives - UBCevents"" />
<meta property=""og:description"" content=""subject-graduation"" />
<meta property=""og:url"" content=""https://events.ubc.ca/events/category/subject-graduation/"" />
<meta property=""og:site_name"" content=""UBCevents"" />
<meta name=""twitter:card"" content=""summary_large_image"" />
<meta name=""twitter:site"" content=""@ubcevents"" />
<script type=""application/ld+json"" class=""yoast-schema-graph"">{""@context"":""https:\/\/schema.org"",""@graph"":[{""@type"":""CollectionPage"",""@id"":""https:\/\/events.ubc.ca\/events\/category\/subject-graduation\/"",""url"":""https:\/\/events.ubc.ca\/events\/category\/subject-graduation\/"",""name"":""Subject – Graduation Archives - UBCevents"",""isPartOf"":{""@id"":""https:\/\/events.ubc.ca\/#website""},""breadcrumb"":{""@id"":""https:\/\/events.ubc.ca\/events\/category\/subject-graduation\/#breadcrumb""},""inLanguage"":""en-US""},{""@type"":""BreadcrumbList"",""@id"":""https:\/\/events.ubc.ca\/events\/category\/subject-graduation\/#breadcrumb"",""itemListElement"":[{""@type"":""ListItem"",""position"":1,""name"":""Home"",""item"":""https:\/\/events.ubc.ca\/""},{""@type"":""ListItem"",""position"":2,""name"":""Subject – Graduation""}]},{""@type"":""WebSite"",""@id"":""https:\/\/events.ubc.ca\/#website"",""url"":""https:\/\/events.ubc.ca\/"",""name"":""UBC Events"",""description"":"""",""publisher"":{""@id"":""https:\/\/events.ubc.ca\/#organization""},""potentialAction"":[{""@type"":""SearchAction"",""target"":{""@type"":""EntryPoint"",""urlTemplate"":""https:\/\/events.ubc.ca\/?s={search_term_string}""},""query-input"":{""@type"":""PropertyValueSpecification"",""valueRequired"":true,""valueName"":""search_term_string""}}],""inLanguage"":""en-US""},{""@type"":""Organization"",""@id"":""https:\/\/events.ubc.ca\/#organization"",""name"":""UBC events"",""url"":""https:\/\/events.ubc.ca\/"",""logo"":{""@type"":""ImageObject"",""inLanguage"":""en-US"",""@id"":""https:\/\/events.ubc.ca\/#\/schema\/logo\/image\/"",""url"":""https:\/\/events.ubc.ca\/wp-content\/uploads\/2023\/11\/ubc-logo-2018-crest-blue-rgb72.jpg"",""contentUrl"":""https:\/\/events.ubc.ca\/wp-content\/uploads\/2023\/11\/ubc-logo-2018-crest-blue-rgb72.jpg"",""width"":99,""height"":135,""caption"":""UBC events""},""image"":{""@id"":""https:\/\/events.ubc.ca\/#\/schema\/logo\/image\/""},""sameAs"":[""https:\/\/www.facebook.com\/universityofbc\/"",""https:\/\/x.com\/ubcevents"",""https:\/\/www.youtube.com\/user\/UBC#g\/c\/94CEF848B9790AE4""]}]}</script>
<!-- / Yoast SEO plugin. -->","{""title"": ""Subject – Graduation Archives - UBCevents"", ""robots"": {""index"": ""index"", ""follow"": ""follow"", ""max-snippet"": ""max-snippet:-1"", ""max-image-preview"": ""max-image-preview:large"", ""max-video-preview"": ""max-video-preview:-1""}, ""canonical"": ""https://events.ubc.ca/events/category/subject-graduation/"", ""og_locale"": ""en_US"", ""og_type"": ""article"", ""og_title"": ""Subject – Graduation Archives - UBCevents"", ""og_description"": ""subject-graduation"", ""og_url"": ""https://events.ubc.ca/events/category/subject-graduation/"", ""og_site_name"": ""UBCevents"", ""twitter_card"": ""summary_large_image"", ""twitter_site"": ""@ubcevents"", ""schema"": {""@context"": ""https://schema.org"", ""@graph"": [{""@type"": ""CollectionPage"", ""@id"": ""https://events.ubc.ca/events/category/subject-graduation/"", ""url"": ""https://events.ubc.ca/events/category/subject-graduation/"", ""name"": ""Subject – Graduation Archives - UBCevents"", ""isPartOf"": {""@id"": ""https://events.ubc.ca/#website""}, ""breadcrumb"": {""@id"": ""https://events.ubc.ca/events/category/subject-graduation/#breadcrumb""}, ""inLanguage"": ""en-US""}, {""@type"": ""BreadcrumbList"", ""@id"": ""https://events.ubc.ca/events/category/subject-graduation/#breadcrumb"", ""itemListElement"": [{""@type"": ""ListItem"", ""position"": 1, ""name"": ""Home"", ""item"": ""https://events.ubc.ca/""}, {""@type"": ""ListItem"", ""position"": 2, ""name"": ""Subject – Graduation""}]}, {""@type"": ""WebSite"", ""@id"": ""https://events.ubc.ca/#website"", ""url"": ""https://events.ubc.ca/"", ""name"": ""UBC Events"", ""description"": """", ""publisher"": {""@id"": ""https://events.ubc.ca/#organization""}, ""potentialAction"": [{""@type"": ""SearchAction"", ""target"": {""@type"": ""EntryPoint"", ""urlTemplate"": ""https://events.ubc.ca/?s={search_term_string}""}, ""query-input"": {""@type"": ""PropertyValueSpecification"", ""valueRequired"": true, ""valueName"": ""search_term_string""}}], ""inLanguage"": ""en-US""}, {""@type"": ""Organization"", ""@id"": ""https://events.ubc.ca/#organization"", ""name"": ""UBC events"", ""url"": ""https://events.ubc.ca/"", ""logo"": {""@type"": ""ImageObject"", ""inLanguage"": ""en-US"", ""@id"": ""https://events.ubc.ca/#/schema/logo/image/"", ""url"": ""https://events.ubc.ca/wp-content/uploads/2023/11/ubc-logo-2018-crest-blue-rgb72.jpg"", ""contentUrl"": ""https://events.ubc.ca/wp-content/uploads/2023/11/ubc-logo-2018-crest-blue-rgb72.jpg"", ""width"": 99, ""height"": 135, ""caption"": ""UBC events""}, ""image"": {""@id"": ""https://events.ubc.ca/#/schema/logo/image/""}, ""sameAs"": [""https://www.facebook.com/universityofbc/"", ""https://x.com/ubcevents"", ""https://www.youtube.com/user/UBC#g/c/94CEF848B9790AE4""]}]}}",https://events.ubc.ca/events/category/subject-graduation/,"{""self"": ""https://events.ubc.ca/wp-json/tribe/events/v1/categories/135"", ""collection"": ""https://events.ubc.ca/wp-json/tribe/events/v1/categories""}"
136,327,,Subject – Indigenous,subject-indigenous,tribe_events_cat,0,[],"<!-- This site is optimized with the Yoast SEO plugin v28.2 - https://yoast.com/product/yoast-seo-wordpress/ -->
<title>Subject – Indigenous Archives - UBCevents</title>
<meta name=""robots"" content=""index, follow, max-snippet:-1, max-image-preview:large, max-video-preview:-1"" />
<link rel=""canonical"" href=""https://events.ubc.ca/events/category/subject-indigenous/"" />
<meta property=""og:locale"" content=""en_US"" />
<meta property=""og:type"" content=""article"" />
<meta property=""og:title"" content=""Subject – Indigenous Archives - UBCevents"" />
<meta property=""og:url"" content=""https://events.ubc.ca/events/category/subject-indigenous/"" />
<meta property=""og:site_name"" content=""UBCevents"" />
<meta name=""twitter:card"" content=""summary_large_image"" />
<meta name=""twitter:site"" content=""@ubcevents"" />
<script type=""application/ld+json"" class=""yoast-schema-graph"">{""@context"":""https:\/\/schema.org"",""@graph"":[{""@type"":""CollectionPage"",""@id"":""https:\/\/events.ubc.ca\/events\/category\/subject-indigenous\/"",""url"":""https:\/\/events.ubc.ca\/events\/category\/subject-indigenous\/"",""name"":""Subject – Indigenous Archives - UBCevents"",""isPartOf"":{""@id"":""https:\/\/events.ubc.ca\/#website""},""breadcrumb"":{""@id"":""https:\/\/events.ubc.ca\/events\/category\/subject-indigenous\/#breadcrumb""},""inLanguage"":""en-US""},{""@type"":""BreadcrumbList"",""@id"":""https:\/\/events.ubc.ca\/events\/category\/subject-indigenous\/#breadcrumb"",""itemListElement"":[{""@type"":""ListItem"",""position"":1,""name"":""Home"",""item"":""https:\/\/events.ubc.ca\/""},{""@type"":""ListItem"",""position"":2,""name"":""Subject – Indigenous""}]},{""@type"":""WebSite"",""@id"":""https:\/\/events.ubc.ca\/#website"",""url"":""https:\/\/events.ubc.ca\/"",""name"":""UBC Events"",""description"":"""",""publisher"":{""@id"":""https:\/\/events.ubc.ca\/#organization""},""potentialAction"":[{""@type"":""SearchAction"",""target"":{""@type"":""EntryPoint"",""urlTemplate"":""https:\/\/events.ubc.ca\/?s={search_term_string}""},""query-input"":{""@type"":""PropertyValueSpecification"",""valueRequired"":true,""valueName"":""search_term_string""}}],""inLanguage"":""en-US""},{""@type"":""Organization"",""@id"":""https:\/\/events.ubc.ca\/#organization"",""name"":""UBC events"",""url"":""https:\/\/events.ubc.ca\/"",""logo"":{""@type"":""ImageObject"",""inLanguage"":""en-US"",""@id"":""https:\/\/events.ubc.ca\/#\/schema\/logo\/image\/"",""url"":""https:\/\/events.ubc.ca\/wp-content\/uploads\/2023\/11\/ubc-logo-2018-crest-blue-rgb72.jpg"",""contentUrl"":""https:\/\/events.ubc.ca\/wp-content\/uploads\/2023\/11\/ubc-logo-2018-crest-blue-rgb72.jpg"",""width"":99,""height"":135,""caption"":""UBC events""},""image"":{""@id"":""https:\/\/events.ubc.ca\/#\/schema\/logo\/image\/""},""sameAs"":[""https:\/\/www.facebook.com\/universityofbc\/"",""https:\/\/x.com\/ubcevents"",""https:\/\/www.youtube.com\/user\/UBC#g\/c\/94CEF848B9790AE4""]}]}</script>
<!-- / Yoast SEO plugin. -->","{""title"": ""Subject – Indigenous Archives - UBCevents"", ""robots"": {""index"": ""index"", ""follow"": ""follow"", ""max-snippet"": ""max-snippet:-1"", ""max-image-preview"": ""max-image-preview:large"", ""max-video-preview"": ""max-video-preview:-1""}, ""canonical"": ""https://events.ubc.ca/events/category/subject-indigenous/"", ""og_locale"": ""en_US"", ""og_type"": ""article"", ""og_title"": ""Subject – Indigenous Archives - UBCevents"", ""og_url"": ""https://events.ubc.ca/events/category/subject-indigenous/"", ""og_site_name"": ""UBCevents"", ""twitter_card"": ""summary_large_image"", ""twitter_site"": ""@ubcevents"", ""schema"": {""@context"": ""https://schema.org"", ""@graph"": [{""@type"": ""CollectionPage"", ""@id"": ""https://events.ubc.ca/events/category/subject-indigenous/"", ""url"": ""https://events.ubc.ca/events/category/subject-indigenous/"", ""name"": ""Subject – Indigenous Archives - UBCevents"", ""isPartOf"": {""@id"": ""https://events.ubc.ca/#website""}, ""breadcrumb"": {""@id"": ""https://events.ubc.ca/events/category/subject-indigenous/#breadcrumb""}, ""inLanguage"": ""en-US""}, {""@type"": ""BreadcrumbList"", ""@id"": ""https://events.ubc.ca/events/category/subject-indigenous/#breadcrumb"", ""itemListElement"": [{""@type"": ""ListItem"", ""position"": 1, ""name"": ""Home"", ""item"": ""https://events.ubc.ca/""}, {""@type"": ""ListItem"", ""position"": 2, ""name"": ""Subject – Indigenous""}]}, {""@type"": ""WebSite"", ""@id"": ""https://events.ubc.ca/#website"", ""url"": ""https://events.ubc.ca/"", ""name"": ""UBC Events"", ""description"": """", ""publisher"": {""@id"": ""https://events.ubc.ca/#organization""}, ""potentialAction"": [{""@type"": ""SearchAction"", ""target"": {""@type"": ""EntryPoint"", ""urlTemplate"": ""https://events.ubc.ca/?s={search_term_string}""}, ""query-input"": {""@type"": ""PropertyValueSpecification"", ""valueRequired"": true, ""valueName"": ""search_term_string""}}], ""inLanguage"": ""en-US""}, {""@type"": ""Organization"", ""@id"": ""https://events.ubc.ca/#organization"", ""name"": ""UBC events"", ""url"": ""https://events.ubc.ca/"", ""logo"": {""@type"": ""ImageObject"", ""inLanguage"": ""en-US"", ""@id"": ""https://events.ubc.ca/#/schema/logo/image/"", ""url"": ""https://events.ubc.ca/wp-content/uploads/2023/11/ubc-logo-2018-crest-blue-rgb72.jpg"", ""contentUrl"": ""https://events.ubc.ca/wp-content/uploads/2023/11/ubc-logo-2018-crest-blue-rgb72.jpg"", ""width"": 99, ""height"": 135, ""caption"": ""UBC events""}, ""image"": {""@id"": ""https://events.ubc.ca/#/schema/logo/image/""}, ""sameAs"": [""https://www.facebook.com/universityofbc/"", ""https://x.com/ubcevents"", ""https://www.youtube.com/user/UBC#g/c/94CEF848B9790AE4""]}]}}",https://events.ubc.ca/events/category/subject-indigenous/,"{""self"": ""https://events.ubc.ca/wp-json/tribe/events/v1/categories/136"", ""collection"": ""https://events.ubc.ca/wp-json/tribe/events/v1/categories""}"
137,134,,Subject – International,subject-international,tribe_events_cat,0,[],"<!-- This site is optimized with the Yoast SEO plugin v28.2 - https://yoast.com/product/yoast-seo-wordpress/ -->
<title>Subject – International Archives - UBCevents</title>
<meta name=""robots"" content=""index, follow, max-snippet:-1, max-image-preview:large, max-video-preview:-1"" />
<link rel=""canonical"" href=""https://events.ubc.ca/events/category/subject-international/"" />
<meta property=""og:locale"" content=""en_US"" />
<meta property=""og:type"" content=""article"" />
<meta property=""og:title"" content=""Subject – International Archives - UBCevents"" />
<meta property=""og:url"" content=""https://events.ubc.ca/events/category/subject-international/"" />
<meta property=""og:site_name"" content=""UBCevents"" />
<meta name=""twitter:card"" content=""summary_large_image"" />
<meta name=""twitter:site"" content=""@ubcevents"" />
<script type=""application/ld+json"" class=""yoast-schema-graph"">{""@context"":""https:\/\/schema.org"",""@graph"":[{""@type"":""CollectionPage"",""@id"":""https:\/\/events.ubc.ca\/events\/category\/subject-international\/"",""url"":""https:\/\/events.ubc.ca\/events\/category\/subject-international\/"",""name"":""Subject – International Archives - UBCevents"",""isPartOf"":{""@id"":""https:\/\/events.ubc.ca\/#website""},""breadcrumb"":{""@id"":""https:\/\/events.ubc.ca\/events\/category\/subject-international\/#breadcrumb""},""inLanguage"":""en-US""},{""@type"":""BreadcrumbList"",""@id"":""https:\/\/events.ubc.ca\/events\/category\/subject-international\/#breadcrumb"",""itemListElement"":[{""@type"":""ListItem"",""position"":1,""name"":""Home"",""item"":""https:\/\/events.ubc.ca\/""},{""@type"":""ListItem"",""position"":2,""name"":""Subject – International""}]},{""@type"":""WebSite"",""@id"":""https:\/\/events.ubc.ca\/#website"",""url"":""https:\/\/events.ubc.ca\/"",""name"":""UBC Events"",""description"":"""",""publisher"":{""@id"":""https:\/\/events.ubc.ca\/#organization""},""potentialAction"":[{""@type"":""SearchAction"",""target"":{""@type"":""EntryPoint"",""urlTemplate"":""https:\/\/events.ubc.ca\/?s={search_term_string}""},""query-input"":{""@type"":""PropertyValueSpecification"",""valueRequired"":true,""valueName"":""search_term_string""}}],""inLanguage"":""en-US""},{""@type"":""Organization"",""@id"":""https:\/\/events.ubc.ca\/#organization"",""name"":""UBC events"",""url"":""https:\/\/events.ubc.ca\/"",""logo"":{""@type"":""ImageObject"",""inLanguage"":""en-US"",""@id"":""https:\/\/events.ubc.ca\/#\/schema\/logo\/image\/"",""url"":""https:\/\/events.ubc.ca\/wp-content\/uploads\/2023\/11\/ubc-logo-2018-crest-blue-rgb72.jpg"",""contentUrl"":""https:\/\/events.ubc.ca\/wp-content\/uploads\/2023\/11\/ubc-logo-2018-crest-blue-rgb72.jpg"",""width"":99,""height"":135,""caption"":""UBC events""},""image"":{""@id"":""https:\/\/events.ubc.ca\/#\/schema\/logo\/image\/""},""sameAs"":[""https:\/\/www.facebook.com\/universityofbc\/"",""https:\/\/x.com\/ubcevents"",""https:\/\/www.youtube.com\/user\/UBC#g\/c\/94CEF848B9790AE4""]}]}</script>
<!-- / Yoast SEO plugin. -->","{""title"": ""Subject – International Archives - UBCevents"", ""robots"": {""index"": ""index"", ""follow"": ""follow"", ""max-snippet"": ""max-snippet:-1"", ""max-image-preview"": ""max-image-preview:large"", ""max-video-preview"": ""max-video-preview:-1""}, ""canonical"": ""https://events.ubc.ca/events/category/subject-international/"", ""og_locale"": ""en_US"", ""og_type"": ""article"", ""og_title"": ""Subject – International Archives - UBCevents"", ""og_url"": ""https://events.ubc.ca/events/category/subject-international/"", ""og_site_name"": ""UBCevents"", ""twitter_card"": ""summary_large_image"", ""twitter_site"": ""@ubcevents"", ""schema"": {""@context"": ""https://schema.org"", ""@graph"": [{""@type"": ""CollectionPage"", ""@id"": ""https://events.ubc.ca/events/category/subject-international/"", ""url"": ""https://events.ubc.ca/events/category/subject-international/"", ""name"": ""Subject – International Archives - UBCevents"", ""isPartOf"": {""@id"": ""https://events.ubc.ca/#website""}, ""breadcrumb"": {""@id"": ""https://events.ubc.ca/events/category/subject-international/#breadcrumb""}, ""inLanguage"": ""en-US""}, {""@type"": ""BreadcrumbList"", ""@id"": ""https://events.ubc.ca/events/category/subject-international/#breadcrumb"", ""itemListElement"": [{""@type"": ""ListItem"", ""position"": 1, ""name"": ""Home"", ""item"": ""https://events.ubc.ca/""}, {""@type"": ""ListItem"", ""position"": 2, ""name"": ""Subject – International""}]}, {""@type"": ""WebSite"", ""@id"": ""https://events.ubc.ca/#website"", ""url"": ""https://events.ubc.ca/"", ""name"": ""UBC Events"", ""description"": """", ""publisher"": {""@id"": ""https://events.ubc.ca/#organization""}, ""potentialAction"": [{""@type"": ""SearchAction"", ""target"": {""@type"": ""EntryPoint"", ""urlTemplate"": ""https://events.ubc.ca/?s={search_term_string}""}, ""query-input"": {""@type"": ""PropertyValueSpecification"", ""valueRequired"": true, ""valueName"": ""search_term_string""}}], ""inLanguage"": ""en-US""}, {""@type"": ""Organization"", ""@id"": ""https://events.ubc.ca/#organization"", ""name"": ""UBC events"", ""url"": ""https://events.ubc.ca/"", ""logo"": {""@type"": ""ImageObject"", ""inLanguage"": ""en-US"", ""@id"": ""https://events.ubc.ca/#/schema/logo/image/"", ""url"": ""https://events.ubc.ca/wp-content/uploads/2023/11/ubc-logo-2018-crest-blue-rgb72.jpg"", ""contentUrl"": ""https://events.ubc.ca/wp-content/uploads/2023/11/ubc-logo-2018-crest-blue-rgb72.jpg"", ""width"": 99, ""height"": 135, ""caption"": ""UBC events""}, ""image"": {""@id"": ""https://events.ubc.ca/#/schema/logo/image/""}, ""sameAs"": [""https://www.facebook.com/universityofbc/"", ""https://x.com/ubcevents"", ""https://www.youtube.com/user/UBC#g/c/94CEF848B9790AE4""]}]}}",https://events.ubc.ca/events/category/subject-international/,"{""self"": ""https://events.ubc.ca/wp-json/tribe/events/v1/categories/137"", ""collection"": ""https://events.ubc.ca/wp-json/tribe/events/v1/categories""}"
138,441,,"Subject – Learning And Research – Arts, Humanities And Social Sciences",subject-learning-and-research-arts-humanities-and-social-sciences,tribe_events_cat,0,[],"<!-- This site is optimized with the Yoast SEO plugin v28.2 - https://yoast.com/product/yoast-seo-wordpress/ -->
<title>Subject – Learning And Research – Arts, Humanities And Social Sciences Archives - UBCevents</title>
<meta name=""robots"" content=""index, follow, max-snippet:-1, max-image-preview:large, max-video-preview:-1"" />
<link rel=""canonical"" href=""https://events.ubc.ca/events/category/subject-learning-and-research-arts-humanities-and-social-sciences/"" />
<meta property=""og:locale"" content=""en_US"" />
<meta property=""og:type"" content=""article"" />
<meta property=""og:title"" content=""Subject – Learning And Research – Arts, Humanities And Social Sciences Archives - UBCevents"" />
<meta property=""og:url"" content=""https://events.ubc.ca/events/category/subject-learning-and-research-arts-humanities-and-social-sciences/"" />
<meta property=""og:site_name"" content=""UBCevents"" />
<meta name=""twitter:card"" content=""summary_large_image"" />
<meta name=""twitter:site"" content=""@ubcevents"" />
<script type=""application/ld+json"" class=""yoast-schema-graph"">{""@context"":""https:\/\/schema.org"",""@graph"":[{""@type"":""CollectionPage"",""@id"":""https:\/\/events.ubc.ca\/events\/category\/subject-learning-and-research-arts-humanities-and-social-sciences\/"",""url"":""https:\/\/events.ubc.ca\/events\/category\/subject-learning-and-research-arts-humanities-and-social-sciences\/"",""name"":""Subject – Learning And Research – Arts, Humanities And Social Sciences Archives - UBCevents"",""isPartOf"":{""@id"":""https:\/\/events.ubc.ca\/#website""},""breadcrumb"":{""@id"":""https:\/\/events.ubc.ca\/events\/category\/subject-learning-and-research-arts-humanities-and-social-sciences\/#breadcrumb""},""inLanguage"":""en-US""},{""@type"":""BreadcrumbList"",""@id"":""https:\/\/events.ubc.ca\/events\/category\/subject-learning-and-research-arts-humanities-and-social-sciences\/#breadcrumb"",""itemListElement"":[{""@type"":""ListItem"",""position"":1,""name"":""Home"",""item"":""https:\/\/events.ubc.ca\/""},{""@type"":""ListItem"",""position"":2,""name"":""Subject – Learning And Research – Arts, Humanities And Social Sciences""}]},{""@type"":""WebSite"",""@id"":""https:\/\/events.ubc.ca\/#website"",""url"":""https:\/\/events.ubc.ca\/"",""name"":""UBC Events"",""description"":"""",""publisher"":{""@id"":""https:\/\/events.ubc.ca\/#organization""},""potentialAction"":[{""@type"":""SearchAction"",""target"":{""@type"":""EntryPoint"",""urlTemplate"":""https:\/\/events.ubc.ca\/?s={search_term_string}""},""query-input"":{""@type"":""PropertyValueSpecification"",""valueRequired"":true,""valueName"":""search_term_string""}}],""inLanguage"":""en-US""},{""@type"":""Organization"",""@id"":""https:\/\/events.ubc.ca\/#organization"",""name"":""UBC events"",""url"":""https:\/\/events.ubc.ca\/"",""logo"":{""@type"":""ImageObject"",""inLanguage"":""en-US"",""@id"":""https:\/\/events.ubc.ca\/#\/schema\/logo\/image\/"",""url"":""https:\/\/events.ubc.ca\/wp-content\/uploads\/2023\/11\/ubc-logo-2018-crest-blue-rgb72.jpg"",""contentUrl"":""https:\/\/events.ubc.ca\/wp-content\/uploads\/2023\/11\/ubc-logo-2018-crest-blue-rgb72.jpg"",""width"":99,""height"":135,""caption"":""UBC events""},""image"":{""@id"":""https:\/\/events.ubc.ca\/#\/schema\/logo\/image\/""},""sameAs"":[""https:\/\/www.facebook.com\/universityofbc\/"",""https:\/\/x.com\/ubcevents"",""https:\/\/www.youtube.com\/user\/UBC#g\/c\/94CEF848B9790AE4""]}]}</script>
<!-- / Yoast SEO plugin. -->","{""title"": ""Subject – Learning And Research – Arts, Humanities And Social Sciences Archives - UBCevents"", ""robots"": {""index"": ""index"", ""follow"": ""follow"", ""max-snippet"": ""max-snippet:-1"", ""max-image-preview"": ""max-image-preview:large"", ""max-video-preview"": ""max-video-preview:-1""}, ""canonical"": ""https://events.ubc.ca/events/category/subject-learning-and-research-arts-humanities-and-social-sciences/"", ""og_locale"": ""en_US"", ""og_type"": ""article"", ""og_title"": ""Subject – Learning And Research – Arts, Humanities And Social Sciences Archives - UBCevents"", ""og_url"": ""https://events.ubc.ca/events/category/subject-learning-and-research-arts-humanities-and-social-sciences/"", ""og_site_name"": ""UBCevents"", ""twitter_card"": ""summary_large_image"", ""twitter_site"": ""@ubcevents"", ""schema"": {""@context"": ""https://schema.org"", ""@graph"": [{""@type"": ""CollectionPage"", ""@id"": ""https://events.ubc.ca/events/category/subject-learning-and-research-arts-humanities-and-social-sciences/"", ""url"": ""https://events.ubc.ca/events/category/subject-learning-and-research-arts-humanities-and-social-sciences/"", ""name"": ""Subject – Learning And Research – Arts, Humanities And Social Sciences Archives - UBCevents"", ""isPartOf"": {""@id"": ""https://events.ubc.ca/#website""}, ""breadcrumb"": {""@id"": ""https://events.ubc.ca/events/category/subject-learning-and-research-arts-humanities-and-social-sciences/#breadcrumb""}, ""inLanguage"": ""en-US""}, {""@type"": ""BreadcrumbList"", ""@id"": ""https://events.ubc.ca/events/category/subject-learning-and-research-arts-humanities-and-social-sciences/#breadcrumb"", ""itemListElement"": [{""@type"": ""ListItem"", ""position"": 1, ""name"": ""Home"", ""item"": ""https://events.ubc.ca/""}, {""@type"": ""ListItem"", ""position"": 2, ""name"": ""Subject – Learning And Research – Arts, Humanities And Social Sciences""}]}, {""@type"": ""WebSite"", ""@id"": ""https://events.ubc.ca/#website"", ""url"": ""https://events.ubc.ca/"", ""name"": ""UBC Events"", ""description"": """", ""publisher"": {""@id"": ""https://events.ubc.ca/#organization""}, ""potentialAction"": [{""@type"": ""SearchAction"", ""target"": {""@type"": ""EntryPoint"", ""urlTemplate"": ""https://events.ubc.ca/?s={search_term_string}""}, ""query-input"": {""@type"": ""PropertyValueSpecification"", ""valueRequired"": true, ""valueName"": ""search_term_string""}}], ""inLanguage"": ""en-US""}, {""@type"": ""Organization"", ""@id"": ""https://events.ubc.ca/#organization"", ""name"": ""UBC events"", ""url"": ""https://events.ubc.ca/"", ""logo"": {""@type"": ""ImageObject"", ""inLanguage"": ""en-US"", ""@id"": ""https://events.ubc.ca/#/schema/logo/image/"", ""url"": ""https://events.ubc.ca/wp-content/uploads/2023/11/ubc-logo-2018-crest-blue-rgb72.jpg"", ""contentUrl"": ""https://events.ubc.ca/wp-content/uploads/2023/11/ubc-logo-2018-crest-blue-rgb72.jpg"", ""width"": 99, ""height"": 135, ""caption"": ""UBC events""}, ""image"": {""@id"": ""https://events.ubc.ca/#/schema/logo/image/""}, ""sameAs"": [""https://www.facebook.com/universityofbc/"", ""https://x.com/ubcevents"", ""https://www.youtube.com/user/UBC#g/c/94CEF848B9790AE4""]}]}}",https://events.ubc.ca/events/category/subject-learning-and-research-arts-humanities-and-social-sciences/,"{""self"": ""https://events.ubc.ca/wp-json/tribe/events/v1/categories/138"", ""collection"": ""https://events.ubc.ca/wp-json/tribe/events/v1/categories""}"
139,73,,Subject – Learning And Research – Business,subject-learning-and-research-business,tribe_events_cat,0,[],"<!-- This site is optimized with the Yoast SEO plugin v28.2 - https://yoast.com/product/yoast-seo-wordpress/ -->
<title>Subject – Learning And Research – Business Archives - UBCevents</title>
<meta name=""robots"" content=""index, follow, max-snippet:-1, max-image-preview:large, max-video-preview:-1"" />
<link rel=""canonical"" href=""https://events.ubc.ca/events/category/subject-learning-and-research-business/"" />
<meta property=""og:locale"" content=""en_US"" />
<meta property=""og:type"" content=""article"" />
<meta property=""og:title"" content=""Subject – Learning And Research – Business Archives - UBCevents"" />
<meta property=""og:url"" content=""https://events.ubc.ca/events/category/subject-learning-and-research-business/"" />
<meta property=""og:site_name"" content=""UBCevents"" />
<meta name=""twitter:card"" content=""summary_large_image"" />
<meta name=""twitter:site"" content=""@ubcevents"" />
<script type=""application/ld+json"" class=""yoast-schema-graph"">{""@context"":""https:\/\/schema.org"",""@graph"":[{""@type"":""CollectionPage"",""@id"":""https:\/\/events.ubc.ca\/events\/category\/subject-learning-and-research-business\/"",""url"":""https:\/\/events.ubc.ca\/events\/category\/subject-learning-and-research-business\/"",""name"":""Subject – Learning And Research – Business Archives - UBCevents"",""isPartOf"":{""@id"":""https:\/\/events.ubc.ca\/#website""},""breadcrumb"":{""@id"":""https:\/\/events.ubc.ca\/events\/category\/subject-learning-and-research-business\/#breadcrumb""},""inLanguage"":""en-US""},{""@type"":""BreadcrumbList"",""@id"":""https:\/\/events.ubc.ca\/events\/category\/subject-learning-and-research-business\/#breadcrumb"",""itemListElement"":[{""@type"":""ListItem"",""position"":1,""name"":""Home"",""item"":""https:\/\/events.ubc.ca\/""},{""@type"":""ListItem"",""position"":2,""name"":""Subject – Learning And Research – Business""}]},{""@type"":""WebSite"",""@id"":""https:\/\/events.ubc.ca\/#website"",""url"":""https:\/\/events.ubc.ca\/"",""name"":""UBC Events"",""description"":"""",""publisher"":{""@id"":""https:\/\/events.ubc.ca\/#organization""},""potentialAction"":[{""@type"":""SearchAction"",""target"":{""@type"":""EntryPoint"",""urlTemplate"":""https:\/\/events.ubc.ca\/?s={search_term_string}""},""query-input"":{""@type"":""PropertyValueSpecification"",""valueRequired"":true,""valueName"":""search_term_string""}}],""inLanguage"":""en-US""},{""@type"":""Organization"",""@id"":""https:\/\/events.ubc.ca\/#organization"",""name"":""UBC events"",""url"":""https:\/\/events.ubc.ca\/"",""logo"":{""@type"":""ImageObject"",""inLanguage"":""en-US"",""@id"":""https:\/\/events.ubc.ca\/#\/schema\/logo\/image\/"",""url"":""https:\/\/events.ubc.ca\/wp-content\/uploads\/2023\/11\/ubc-logo-2018-crest-blue-rgb72.jpg"",""contentUrl"":""https:\/\/events.ubc.ca\/wp-content\/uploads\/2023\/11\/ubc-logo-2018-crest-blue-rgb72.jpg"",""width"":99,""height"":135,""caption"":""UBC events""},""image"":{""@id"":""https:\/\/events.ubc.ca\/#\/schema\/logo\/image\/""},""sameAs"":[""https:\/\/www.facebook.com\/universityofbc\/"",""https:\/\/x.com\/ubcevents"",""https:\/\/www.youtube.com\/user\/UBC#g\/c\/94CEF848B9790AE4""]}]}</script>
<!-- / Yoast SEO plugin. -->","{""title"": ""Subject – Learning And Research – Business Archives - UBCevents"", ""robots"": {""index"": ""index"", ""follow"": ""follow"", ""max-snippet"": ""max-snippet:-1"", ""max-image-preview"": ""max-image-preview:large"", ""max-video-preview"": ""max-video-preview:-1""}, ""canonical"": ""https://events.ubc.ca/events/category/subject-learning-and-research-business/"", ""og_locale"": ""en_US"", ""og_type"": ""article"", ""og_title"": ""Subject – Learning And Research – Business Archives - UBCevents"", ""og_url"": ""https://events.ubc.ca/events/category/subject-learning-and-research-business/"", ""og_site_name"": ""UBCevents"", ""twitter_card"": ""summary_large_image"", ""twitter_site"": ""@ubcevents"", ""schema"": {""@context"": ""https://schema.org"", ""@graph"": [{""@type"": ""CollectionPage"", ""@id"": ""https://events.ubc.ca/events/category/subject-learning-and-research-business/"", ""url"": ""https://events.ubc.ca/events/category/subject-learning-and-research-business/"", ""name"": ""Subject – Learning And Research – Business Archives - UBCevents"", ""isPartOf"": {""@id"": ""https://events.ubc.ca/#website""}, ""breadcrumb"": {""@id"": ""https://events.ubc.ca/events/category/subject-learning-and-research-business/#breadcrumb""}, ""inLanguage"": ""en-US""}, {""@type"": ""BreadcrumbList"", ""@id"": ""https://events.ubc.ca/events/category/subject-learning-and-research-business/#breadcrumb"", ""itemListElement"": [{""@type"": ""ListItem"", ""position"": 1, ""name"": ""Home"", ""item"": ""https://events.ubc.ca/""}, {""@type"": ""ListItem"", ""position"": 2, ""name"": ""Subject – Learning And Research – Business""}]}, {""@type"": ""WebSite"", ""@id"": ""https://events.ubc.ca/#website"", ""url"": ""https://events.ubc.ca/"", ""name"": ""UBC Events"", ""description"": """", ""publisher"": {""@id"": ""https://events.ubc.ca/#organization""}, ""potentialAction"": [{""@type"": ""SearchAction"", ""target"": {""@type"": ""EntryPoint"", ""urlTemplate"": ""https://events.ubc.ca/?s={search_term_string}""}, ""query-input"": {""@type"": ""PropertyValueSpecification"", ""valueRequired"": true, ""valueName"": ""search_term_string""}}], ""inLanguage"": ""en-US""}, {""@type"": ""Organization"", ""@id"": ""https://events.ubc.ca/#organization"", ""name"": ""UBC events"", ""url"": ""https://events.ubc.ca/"", ""logo"": {""@type"": ""ImageObject"", ""inLanguage"": ""en-US"", ""@id"": ""https://events.ubc.ca/#/schema/logo/image/"", ""url"": ""https://events.ubc.ca/wp-content/uploads/2023/11/ubc-logo-2018-crest-blue-rgb72.jpg"", ""contentUrl"": ""https://events.ubc.ca/wp-content/uploads/2023/11/ubc-logo-2018-crest-blue-rgb72.jpg"", ""width"": 99, ""height"": 135, ""caption"": ""UBC events""}, ""image"": {""@id"": ""https://events.ubc.ca/#/schema/logo/image/""}, ""sameAs"": [""https://www.facebook.com/universityofbc/"", ""https://x.com/ubcevents"", ""https://www.youtube.com/user/UBC#g/c/94CEF848B9790AE4""]}]}}",https://events.ubc.ca/events/category/subject-learning-and-research-business/,"{""self"": ""https://events.ubc.ca/wp-json/tribe/events/v1/categories/139"", ""collection"": ""https://events.ubc.ca/wp-json/tribe/events/v1/categories""}"
140,140,,Subject – Learning And Research – Community,subject-learning-and-research-community,tribe_events_cat,0,[],"<!-- This site is optimized with the Yoast SEO plugin v28.2 - https://yoast.com/product/yoast-seo-wordpress/ -->
<title>Subject – Learning And Research – Community Archives - UBCevents</title>
<meta name=""robots"" content=""index, follow, max-snippet:-1, max-image-preview:large, max-video-preview:-1"" />
<link rel=""canonical"" href=""https://events.ubc.ca/events/category/subject-learning-and-research-community/"" />
<meta property=""og:locale"" content=""en_US"" />
<meta property=""og:type"" content=""article"" />
<meta property=""og:title"" content=""Subject – Learning And Research – Community Archives - UBCevents"" />
<meta property=""og:url"" content=""https://events.ubc.ca/events/category/subject-learning-and-research-community/"" />
<meta property=""og:site_name"" content=""UBCevents"" />
<meta name=""twitter:card"" content=""summary_large_image"" />
<meta name=""twitter:site"" content=""@ubcevents"" />
<script type=""application/ld+json"" class=""yoast-schema-graph"">{""@context"":""https:\/\/schema.org"",""@graph"":[{""@type"":""CollectionPage"",""@id"":""https:\/\/events.ubc.ca\/events\/category\/subject-learning-and-research-community\/"",""url"":""https:\/\/events.ubc.ca\/events\/category\/subject-learning-and-research-community\/"",""name"":""Subject – Learning And Research – Community Archives - UBCevents"",""isPartOf"":{""@id"":""https:\/\/events.ubc.ca\/#website""},""breadcrumb"":{""@id"":""https:\/\/events.ubc.ca\/events\/category\/subject-learning-and-research-community\/#breadcrumb""},""inLanguage"":""en-US""},{""@type"":""BreadcrumbList"",""@id"":""https:\/\/events.ubc.ca\/events\/category\/subject-learning-and-research-community\/#breadcrumb"",""itemListElement"":[{""@type"":""ListItem"",""position"":1,""name"":""Home"",""item"":""https:\/\/events.ubc.ca\/""},{""@type"":""ListItem"",""position"":2,""name"":""Subject – Learning And Research – Community""}]},{""@type"":""WebSite"",""@id"":""https:\/\/events.ubc.ca\/#website"",""url"":""https:\/\/events.ubc.ca\/"",""name"":""UBC Events"",""description"":"""",""publisher"":{""@id"":""https:\/\/events.ubc.ca\/#organization""},""potentialAction"":[{""@type"":""SearchAction"",""target"":{""@type"":""EntryPoint"",""urlTemplate"":""https:\/\/events.ubc.ca\/?s={search_term_string}""},""query-input"":{""@type"":""PropertyValueSpecification"",""valueRequired"":true,""valueName"":""search_term_string""}}],""inLanguage"":""en-US""},{""@type"":""Organization"",""@id"":""https:\/\/events.ubc.ca\/#organization"",""name"":""UBC events"",""url"":""https:\/\/events.ubc.ca\/"",""logo"":{""@type"":""ImageObject"",""inLanguage"":""en-US"",""@id"":""https:\/\/events.ubc.ca\/#\/schema\/logo\/image\/"",""url"":""https:\/\/events.ubc.ca\/wp-content\/uploads\/2023\/11\/ubc-logo-2018-crest-blue-rgb72.jpg"",""contentUrl"":""https:\/\/events.ubc.ca\/wp-content\/uploads\/2023\/11\/ubc-logo-2018-crest-blue-rgb72.jpg"",""width"":99,""height"":135,""caption"":""UBC events""},""image"":{""@id"":""https:\/\/events.ubc.ca\/#\/schema\/logo\/image\/""},""sameAs"":[""https:\/\/www.facebook.com\/universityofbc\/"",""https:\/\/x.com\/ubcevents"",""https:\/\/www.youtube.com\/user\/UBC#g\/c\/94CEF848B9790AE4""]}]}</script>
<!-- / Yoast SEO plugin. -->","{""title"": ""Subject – Learning And Research – Community Archives - UBCevents"", ""robots"": {""index"": ""index"", ""follow"": ""follow"", ""max-snippet"": ""max-snippet:-1"", ""max-image-preview"": ""max-image-preview:large"", ""max-video-preview"": ""max-video-preview:-1""}, ""canonical"": ""https://events.ubc.ca/events/category/subject-learning-and-research-community/"", ""og_locale"": ""en_US"", ""og_type"": ""article"", ""og_title"": ""Subject – Learning And Research – Community Archives - UBCevents"", ""og_url"": ""https://events.ubc.ca/events/category/subject-learning-and-research-community/"", ""og_site_name"": ""UBCevents"", ""twitter_card"": ""summary_large_image"", ""twitter_site"": ""@ubcevents"", ""schema"": {""@context"": ""https://schema.org"", ""@graph"": [{""@type"": ""CollectionPage"", ""@id"": ""https://events.ubc.ca/events/category/subject-learning-and-research-community/"", ""url"": ""https://events.ubc.ca/events/category/subject-learning-and-research-community/"", ""name"": ""Subject – Learning And Research – Community Archives - UBCevents"", ""isPartOf"": {""@id"": ""https://events.ubc.ca/#website""}, ""breadcrumb"": {""@id"": ""https://events.ubc.ca/events/category/subject-learning-and-research-community/#breadcrumb""}, ""inLanguage"": ""en-US""}, {""@type"": ""BreadcrumbList"", ""@id"": ""https://events.ubc.ca/events/category/subject-learning-and-research-community/#breadcrumb"", ""itemListElement"": [{""@type"": ""ListItem"", ""position"": 1, ""name"": ""Home"", ""item"": ""https://events.ubc.ca/""}, {""@type"": ""ListItem"", ""position"": 2, ""name"": ""Subject – Learning And Research – Community""}]}, {""@type"": ""WebSite"", ""@id"": ""https://events.ubc.ca/#website"", ""url"": ""https://events.ubc.ca/"", ""name"": ""UBC Events"", ""description"": """", ""publisher"": {""@id"": ""https://events.ubc.ca/#organization""}, ""potentialAction"": [{""@type"": ""SearchAction"", ""target"": {""@type"": ""EntryPoint"", ""urlTemplate"": ""https://events.ubc.ca/?s={search_term_string}""}, ""query-input"": {""@type"": ""PropertyValueSpecification"", ""valueRequired"": true, ""valueName"": ""search_term_string""}}], ""inLanguage"": ""en-US""}, {""@type"": ""Organization"", ""@id"": ""https://events.ubc.ca/#organization"", ""name"": ""UBC events"", ""url"": ""https://events.ubc.ca/"", ""logo"": {""@type"": ""ImageObject"", ""inLanguage"": ""en-US"", ""@id"": ""https://events.ubc.ca/#/schema/logo/image/"", ""url"": ""https://events.ubc.ca/wp-content/uploads/2023/11/ubc-logo-2018-crest-blue-rgb72.jpg"", ""contentUrl"": ""https://events.ubc.ca/wp-content/uploads/2023/11/ubc-logo-2018-crest-blue-rgb72.jpg"", ""width"": 99, ""height"": 135, ""caption"": ""UBC events""}, ""image"": {""@id"": ""https://events.ubc.ca/#/schema/logo/image/""}, ""sameAs"": [""https://www.facebook.com/universityofbc/"", ""https://x.com/ubcevents"", ""https://www.youtube.com/user/UBC#g/c/94CEF848B9790AE4""]}]}}",https://events.ubc.ca/events/category/subject-learning-and-research-community/,"{""self"": ""https://events.ubc.ca/wp-json/tribe/events/v1/categories/140"", ""collection"": ""https://events.ubc.ca/wp-json/tribe/events/v1/categories""}"
141,335,,Subject – Learning And Research – Health,subject-learning-and-research-health,tribe_events_cat,0,[],"<!-- This site is optimized with the Yoast SEO plugin v28.2 - https://yoast.com/product/yoast-seo-wordpress/ -->
<title>Subject – Learning And Research – Health Archives - UBCevents</title>
<meta name=""robots"" content=""index, follow, max-snippet:-1, max-image-preview:large, max-video-preview:-1"" />
<link rel=""canonical"" href=""https://events.ubc.ca/events/category/subject-learning-and-research-health/"" />
<meta property=""og:locale"" content=""en_US"" />
<meta property=""og:type"" content=""article"" />
<meta property=""og:title"" content=""Subject – Learning And Research – Health Archives - UBCevents"" />
<meta property=""og:url"" content=""https://events.ubc.ca/events/category/subject-learning-and-research-health/"" />
<meta property=""og:site_name"" content=""UBCevents"" />
<meta name=""twitter:card"" content=""summary_large_image"" />
<meta name=""twitter:site"" content=""@ubcevents"" />
<script type=""application/ld+json"" class=""yoast-schema-graph"">{""@context"":""https:\/\/schema.org"",""@graph"":[{""@type"":""CollectionPage"",""@id"":""https:\/\/events.ubc.ca\/events\/category\/subject-learning-and-research-health\/"",""url"":""https:\/\/events.ubc.ca\/events\/category\/subject-learning-and-research-health\/"",""name"":""Subject – Learning And Research – Health Archives - UBCevents"",""isPartOf"":{""@id"":""https:\/\/events.ubc.ca\/#website""},""breadcrumb"":{""@id"":""https:\/\/events.ubc.ca\/events\/category\/subject-learning-and-research-health\/#breadcrumb""},""inLanguage"":""en-US""},{""@type"":""BreadcrumbList"",""@id"":""https:\/\/events.ubc.ca\/events\/category\/subject-learning-and-research-health\/#breadcrumb"",""itemListElement"":[{""@type"":""ListItem"",""position"":1,""name"":""Home"",""item"":""https:\/\/events.ubc.ca\/""},{""@type"":""ListItem"",""position"":2,""name"":""Subject – Learning And Research – Health""}]},{""@type"":""WebSite"",""@id"":""https:\/\/events.ubc.ca\/#website"",""url"":""https:\/\/events.ubc.ca\/"",""name"":""UBC Events"",""description"":"""",""publisher"":{""@id"":""https:\/\/events.ubc.ca\/#organization""},""potentialAction"":[{""@type"":""SearchAction"",""target"":{""@type"":""EntryPoint"",""urlTemplate"":""https:\/\/events.ubc.ca\/?s={search_term_string}""},""query-input"":{""@type"":""PropertyValueSpecification"",""valueRequired"":true,""valueName"":""search_term_string""}}],""inLanguage"":""en-US""},{""@type"":""Organization"",""@id"":""https:\/\/events.ubc.ca\/#organization"",""name"":""UBC events"",""url"":""https:\/\/events.ubc.ca\/"",""logo"":{""@type"":""ImageObject"",""inLanguage"":""en-US"",""@id"":""https:\/\/events.ubc.ca\/#\/schema\/logo\/image\/"",""url"":""https:\/\/events.ubc.ca\/wp-content\/uploads\/2023\/11\/ubc-logo-2018-crest-blue-rgb72.jpg"",""contentUrl"":""https:\/\/events.ubc.ca\/wp-content\/uploads\/2023\/11\/ubc-logo-2018-crest-blue-rgb72.jpg"",""width"":99,""height"":135,""caption"":""UBC events""},""image"":{""@id"":""https:\/\/events.ubc.ca\/#\/schema\/logo\/image\/""},""sameAs"":[""https:\/\/www.facebook.com\/universityofbc\/"",""https:\/\/x.com\/ubcevents"",""https:\/\/www.youtube.com\/user\/UBC#g\/c\/94CEF848B9790AE4""]}]}</script>
<!-- / Yoast SEO plugin. -->","{""title"": ""Subject – Learning And Research – Health Archives - UBCevents"", ""robots"": {""index"": ""index"", ""follow"": ""follow"", ""max-snippet"": ""max-snippet:-1"", ""max-image-preview"": ""max-image-preview:large"", ""max-video-preview"": ""max-video-preview:-1""}, ""canonical"": ""https://events.ubc.ca/events/category/subject-learning-and-research-health/"", ""og_locale"": ""en_US"", ""og_type"": ""article"", ""og_title"": ""Subject – Learning And Research – Health Archives - UBCevents"", ""og_url"": ""https://events.ubc.ca/events/category/subject-learning-and-research-health/"", ""og_site_name"": ""UBCevents"", ""twitter_card"": ""summary_large_image"", ""twitter_site"": ""@ubcevents"", ""schema"": {""@context"": ""https://schema.org"", ""@graph"": [{""@type"": ""CollectionPage"", ""@id"": ""https://events.ubc.ca/events/category/subject-learning-and-research-health/"", ""url"": ""https://events.ubc.ca/events/category/subject-learning-and-research-health/"", ""name"": ""Subject – Learning And Research – Health Archives - UBCevents"", ""isPartOf"": {""@id"": ""https://events.ubc.ca/#website""}, ""breadcrumb"": {""@id"": ""https://events.ubc.ca/events/category/subject-learning-and-research-health/#breadcrumb""}, ""inLanguage"": ""en-US""}, {""@type"": ""BreadcrumbList"", ""@id"": ""https://events.ubc.ca/events/category/subject-learning-and-research-health/#breadcrumb"", ""itemListElement"": [{""@type"": ""ListItem"", ""position"": 1, ""name"": ""Home"", ""item"": ""https://events.ubc.ca/""}, {""@type"": ""ListItem"", ""position"": 2, ""name"": ""Subject – Learning And Research – Health""}]}, {""@type"": ""WebSite"", ""@id"": ""https://events.ubc.ca/#website"", ""url"": ""https://events.ubc.ca/"", ""name"": ""UBC Events"", ""description"": """", ""publisher"": {""@id"": ""https://events.ubc.ca/#organization""}, ""potentialAction"": [{""@type"": ""SearchAction"", ""target"": {""@type"": ""EntryPoint"", ""urlTemplate"": ""https://events.ubc.ca/?s={search_term_string}""}, ""query-input"": {""@type"": ""PropertyValueSpecification"", ""valueRequired"": true, ""valueName"": ""search_term_string""}}], ""inLanguage"": ""en-US""}, {""@type"": ""Organization"", ""@id"": ""https://events.ubc.ca/#organization"", ""name"": ""UBC events"", ""url"": ""https://events.ubc.ca/"", ""logo"": {""@type"": ""ImageObject"", ""inLanguage"": ""en-US"", ""@id"": ""https://events.ubc.ca/#/schema/logo/image/"", ""url"": ""https://events.ubc.ca/wp-content/uploads/2023/11/ubc-logo-2018-crest-blue-rgb72.jpg"", ""contentUrl"": ""https://events.ubc.ca/wp-content/uploads/2023/11/ubc-logo-2018-crest-blue-rgb72.jpg"", ""width"": 99, ""height"": 135, ""caption"": ""UBC events""}, ""image"": {""@id"": ""https://events.ubc.ca/#/schema/logo/image/""}, ""sameAs"": [""https://www.facebook.com/universityofbc/"", ""https://x.com/ubcevents"", ""https://www.youtube.com/user/UBC#g/c/94CEF848B9790AE4""]}]}}",https://events.ubc.ca/events/category/subject-learning-and-research-health/,"{""self"": ""https://events.ubc.ca/wp-json/tribe/events/v1/categories/141"", ""collection"": ""https://events.ubc.ca/wp-json/tribe/events/v1/categories""}"
142,686,,Subject – Learning And Research – Interdisciplinary,subject-learning-and-research-interdisciplinary,tribe_events_cat,0,[],"<!-- This site is optimized with the Yoast SEO plugin v28.2 - https://yoast.com/product/yoast-seo-wordpress/ -->
<title>Subject – Learning And Research – Interdisciplinary Archives - UBCevents</title>
<meta name=""robots"" content=""index, follow, max-snippet:-1, max-image-preview:large, max-video-preview:-1"" />
<link rel=""canonical"" href=""https://events.ubc.ca/events/category/subject-learning-and-research-interdisciplinary/"" />
<meta property=""og:locale"" content=""en_US"" />
<meta property=""og:type"" content=""article"" />
<meta property=""og:title"" content=""Subject – Learning And Research – Interdisciplinary Archives - UBCevents"" />
<meta property=""og:url"" content=""https://events.ubc.ca/events/category/subject-learning-and-research-interdisciplinary/"" />
<meta property=""og:site_name"" content=""UBCevents"" />
<meta name=""twitter:card"" content=""summary_large_image"" />
<meta name=""twitter:site"" content=""@ubcevents"" />
<script type=""application/ld+json"" class=""yoast-schema-graph"">{""@context"":""https:\/\/schema.org"",""@graph"":[{""@type"":""CollectionPage"",""@id"":""https:\/\/events.ubc.ca\/events\/category\/subject-learning-and-research-interdisciplinary\/"",""url"":""https:\/\/events.ubc.ca\/events\/category\/subject-learning-and-research-interdisciplinary\/"",""name"":""Subject – Learning And Research – Interdisciplinary Archives - UBCevents"",""isPartOf"":{""@id"":""https:\/\/events.ubc.ca\/#website""},""breadcrumb"":{""@id"":""https:\/\/events.ubc.ca\/events\/category\/subject-learning-and-research-interdisciplinary\/#breadcrumb""},""inLanguage"":""en-US""},{""@type"":""BreadcrumbList"",""@id"":""https:\/\/events.ubc.ca\/events\/category\/subject-learning-and-research-interdisciplinary\/#breadcrumb"",""itemListElement"":[{""@type"":""ListItem"",""position"":1,""name"":""Home"",""item"":""https:\/\/events.ubc.ca\/""},{""@type"":""ListItem"",""position"":2,""name"":""Subject – Learning And Research – Interdisciplinary""}]},{""@type"":""WebSite"",""@id"":""https:\/\/events.ubc.ca\/#website"",""url"":""https:\/\/events.ubc.ca\/"",""name"":""UBC Events"",""description"":"""",""publisher"":{""@id"":""https:\/\/events.ubc.ca\/#organization""},""potentialAction"":[{""@type"":""SearchAction"",""target"":{""@type"":""EntryPoint"",""urlTemplate"":""https:\/\/events.ubc.ca\/?s={search_term_string}""},""query-input"":{""@type"":""PropertyValueSpecification"",""valueRequired"":true,""valueName"":""search_term_string""}}],""inLanguage"":""en-US""},{""@type"":""Organization"",""@id"":""https:\/\/events.ubc.ca\/#organization"",""name"":""UBC events"",""url"":""https:\/\/events.ubc.ca\/"",""logo"":{""@type"":""ImageObject"",""inLanguage"":""en-US"",""@id"":""https:\/\/events.ubc.ca\/#\/schema\/logo\/image\/"",""url"":""https:\/\/events.ubc.ca\/wp-content\/uploads\/2023\/11\/ubc-logo-2018-crest-blue-rgb72.jpg"",""contentUrl"":""https:\/\/events.ubc.ca\/wp-content\/uploads\/2023\/11\/ubc-logo-2018-crest-blue-rgb72.jpg"",""width"":99,""height"":135,""caption"":""UBC events""},""image"":{""@id"":""https:\/\/events.ubc.ca\/#\/schema\/logo\/image\/""},""sameAs"":[""https:\/\/www.facebook.com\/universityofbc\/"",""https:\/\/x.com\/ubcevents"",""https:\/\/www.youtube.com\/user\/UBC#g\/c\/94CEF848B9790AE4""]}]}</script>
<!-- / Yoast SEO plugin. -->","{""title"": ""Subject – Learning And Research – Interdisciplinary Archives - UBCevents"", ""robots"": {""index"": ""index"", ""follow"": ""follow"", ""max-snippet"": ""max-snippet:-1"", ""max-image-preview"": ""max-image-preview:large"", ""max-video-preview"": ""max-video-preview:-1""}, ""canonical"": ""https://events.ubc.ca/events/category/subject-learning-and-research-interdisciplinary/"", ""og_locale"": ""en_US"", ""og_type"": ""article"", ""og_title"": ""Subject – Learning And Research – Interdisciplinary Archives - UBCevents"", ""og_url"": ""https://events.ubc.ca/events/category/subject-learning-and-research-interdisciplinary/"", ""og_site_name"": ""UBCevents"", ""twitter_card"": ""summary_large_image"", ""twitter_site"": ""@ubcevents"", ""schema"": {""@context"": ""https://schema.org"", ""@graph"": [{""@type"": ""CollectionPage"", ""@id"": ""https://events.ubc.ca/events/category/subject-learning-and-research-interdisciplinary/"", ""url"": ""https://events.ubc.ca/events/category/subject-learning-and-research-interdisciplinary/"", ""name"": ""Subject – Learning And Research – Interdisciplinary Archives - UBCevents"", ""isPartOf"": {""@id"": ""https://events.ubc.ca/#website""}, ""breadcrumb"": {""@id"": ""https://events.ubc.ca/events/category/subject-learning-and-research-interdisciplinary/#breadcrumb""}, ""inLanguage"": ""en-US""}, {""@type"": ""BreadcrumbList"", ""@id"": ""https://events.ubc.ca/events/category/subject-learning-and-research-interdisciplinary/#breadcrumb"", ""itemListElement"": [{""@type"": ""ListItem"", ""position"": 1, ""name"": ""Home"", ""item"": ""https://events.ubc.ca/""}, {""@type"": ""ListItem"", ""position"": 2, ""name"": ""Subject – Learning And Research – Interdisciplinary""}]}, {""@type"": ""WebSite"", ""@id"": ""https://events.ubc.ca/#website"", ""url"": ""https://events.ubc.ca/"", ""name"": ""UBC Events"", ""description"": """", ""publisher"": {""@id"": ""https://events.ubc.ca/#organization""}, ""potentialAction"": [{""@type"": ""SearchAction"", ""target"": {""@type"": ""EntryPoint"", ""urlTemplate"": ""https://events.ubc.ca/?s={search_term_string}""}, ""query-input"": {""@type"": ""PropertyValueSpecification"", ""valueRequired"": true, ""valueName"": ""search_term_string""}}], ""inLanguage"": ""en-US""}, {""@type"": ""Organization"", ""@id"": ""https://events.ubc.ca/#organization"", ""name"": ""UBC events"", ""url"": ""https://events.ubc.ca/"", ""logo"": {""@type"": ""ImageObject"", ""inLanguage"": ""en-US"", ""@id"": ""https://events.ubc.ca/#/schema/logo/image/"", ""url"": ""https://events.ubc.ca/wp-content/uploads/2023/11/ubc-logo-2018-crest-blue-rgb72.jpg"", ""contentUrl"": ""https://events.ubc.ca/wp-content/uploads/2023/11/ubc-logo-2018-crest-blue-rgb72.jpg"", ""width"": 99, ""height"": 135, ""caption"": ""UBC events""}, ""image"": {""@id"": ""https://events.ubc.ca/#/schema/logo/image/""}, ""sameAs"": [""https://www.facebook.com/universityofbc/"", ""https://x.com/ubcevents"", ""https://www.youtube.com/user/UBC#g/c/94CEF848B9790AE4""]}]}}",https://events.ubc.ca/events/category/subject-learning-and-research-interdisciplinary/,"{""self"": ""https://events.ubc.ca/wp-json/tribe/events/v1/categories/142"", ""collection"": ""https://events.ubc.ca/wp-json/tribe/events/v1/categories""}"
143,228,,Subject – Learning And Research – Learning Support,subject-learning-and-research-learning-support,tribe_events_cat,0,[],"<!-- This site is optimized with the Yoast SEO plugin v28.2 - https://yoast.com/product/yoast-seo-wordpress/ -->
<title>Subject – Learning And Research – Learning Support Archives - UBCevents</title>
<meta name=""robots"" content=""index, follow, max-snippet:-1, max-image-preview:large, max-video-preview:-1"" />
<link rel=""canonical"" href=""https://events.ubc.ca/events/category/subject-learning-and-research-learning-support/"" />
<meta property=""og:locale"" content=""en_US"" />
<meta property=""og:type"" content=""article"" />
<meta property=""og:title"" content=""Subject – Learning And Research – Learning Support Archives - UBCevents"" />
<meta property=""og:url"" content=""https://events.ubc.ca/events/category/subject-learning-and-research-learning-support/"" />
<meta property=""og:site_name"" content=""UBCevents"" />
<meta name=""twitter:card"" content=""summary_large_image"" />
<meta name=""twitter:site"" content=""@ubcevents"" />
<script type=""application/ld+json"" class=""yoast-schema-graph"">{""@context"":""https:\/\/schema.org"",""@graph"":[{""@type"":""CollectionPage"",""@id"":""https:\/\/events.ubc.ca\/events\/category\/subject-learning-and-research-learning-support\/"",""url"":""https:\/\/events.ubc.ca\/events\/category\/subject-learning-and-research-learning-support\/"",""name"":""Subject – Learning And Research – Learning Support Archives - UBCevents"",""isPartOf"":{""@id"":""https:\/\/events.ubc.ca\/#website""},""breadcrumb"":{""@id"":""https:\/\/events.ubc.ca\/events\/category\/subject-learning-and-research-learning-support\/#breadcrumb""},""inLanguage"":""en-US""},{""@type"":""BreadcrumbList"",""@id"":""https:\/\/events.ubc.ca\/events\/category\/subject-learning-and-research-learning-support\/#breadcrumb"",""itemListElement"":[{""@type"":""ListItem"",""position"":1,""name"":""Home"",""item"":""https:\/\/events.ubc.ca\/""},{""@type"":""ListItem"",""position"":2,""name"":""Subject – Learning And Research – Learning Support""}]},{""@type"":""WebSite"",""@id"":""https:\/\/events.ubc.ca\/#website"",""url"":""https:\/\/events.ubc.ca\/"",""name"":""UBC Events"",""description"":"""",""publisher"":{""@id"":""https:\/\/events.ubc.ca\/#organization""},""potentialAction"":[{""@type"":""SearchAction"",""target"":{""@type"":""EntryPoint"",""urlTemplate"":""https:\/\/events.ubc.ca\/?s={search_term_string}""},""query-input"":{""@type"":""PropertyValueSpecification"",""valueRequired"":true,""valueName"":""search_term_string""}}],""inLanguage"":""en-US""},{""@type"":""Organization"",""@id"":""https:\/\/events.ubc.ca\/#organization"",""name"":""UBC events"",""url"":""https:\/\/events.ubc.ca\/"",""logo"":{""@type"":""ImageObject"",""inLanguage"":""en-US"",""@id"":""https:\/\/events.ubc.ca\/#\/schema\/logo\/image\/"",""url"":""https:\/\/events.ubc.ca\/wp-content\/uploads\/2023\/11\/ubc-logo-2018-crest-blue-rgb72.jpg"",""contentUrl"":""https:\/\/events.ubc.ca\/wp-content\/uploads\/2023\/11\/ubc-logo-2018-crest-blue-rgb72.jpg"",""width"":99,""height"":135,""caption"":""UBC events""},""image"":{""@id"":""https:\/\/events.ubc.ca\/#\/schema\/logo\/image\/""},""sameAs"":[""https:\/\/www.facebook.com\/universityofbc\/"",""https:\/\/x.com\/ubcevents"",""https:\/\/www.youtube.com\/user\/UBC#g\/c\/94CEF848B9790AE4""]}]}</script>
<!-- / Yoast SEO plugin. -->","{""title"": ""Subject – Learning And Research – Learning Support Archives - UBCevents"", ""robots"": {""index"": ""index"", ""follow"": ""follow"", ""max-snippet"": ""max-snippet:-1"", ""max-image-preview"": ""max-image-preview:large"", ""max-video-preview"": ""max-video-preview:-1""}, ""canonical"": ""https://events.ubc.ca/events/category/subject-learning-and-research-learning-support/"", ""og_locale"": ""en_US"", ""og_type"": ""article"", ""og_title"": ""Subject – Learning And Research – Learning Support Archives - UBCevents"", ""og_url"": ""https://events.ubc.ca/events/category/subject-learning-and-research-learning-support/"", ""og_site_name"": ""UBCevents"", ""twitter_card"": ""summary_large_image"", ""twitter_site"": ""@ubcevents"", ""schema"": {""@context"": ""https://schema.org"", ""@graph"": [{""@type"": ""CollectionPage"", ""@id"": ""https://events.ubc.ca/events/category/subject-learning-and-research-learning-support/"", ""url"": ""https://events.ubc.ca/events/category/subject-learning-and-research-learning-support/"", ""name"": ""Subject – Learning And Research – Learning Support Archives - UBCevents"", ""isPartOf"": {""@id"": ""https://events.ubc.ca/#website""}, ""breadcrumb"": {""@id"": ""https://events.ubc.ca/events/category/subject-learning-and-research-learning-support/#breadcrumb""}, ""inLanguage"": ""en-US""}, {""@type"": ""BreadcrumbList"", ""@id"": ""https://events.ubc.ca/events/category/subject-learning-and-research-learning-support/#breadcrumb"", ""itemListElement"": [{""@type"": ""ListItem"", ""position"": 1, ""name"": ""Home"", ""item"": ""https://events.ubc.ca/""}, {""@type"": ""ListItem"", ""position"": 2, ""name"": ""Subject – Learning And Research – Learning Support""}]}, {""@type"": ""WebSite"", ""@id"": ""https://events.ubc.ca/#website"", ""url"": ""https://events.ubc.ca/"", ""name"": ""UBC Events"", ""description"": """", ""publisher"": {""@id"": ""https://events.ubc.ca/#organization""}, ""potentialAction"": [{""@type"": ""SearchAction"", ""target"": {""@type"": ""EntryPoint"", ""urlTemplate"": ""https://events.ubc.ca/?s={search_term_string}""}, ""query-input"": {""@type"": ""PropertyValueSpecification"", ""valueRequired"": true, ""valueName"": ""search_term_string""}}], ""inLanguage"": ""en-US""}, {""@type"": ""Organization"", ""@id"": ""https://events.ubc.ca/#organization"", ""name"": ""UBC events"", ""url"": ""https://events.ubc.ca/"", ""logo"": {""@type"": ""ImageObject"", ""inLanguage"": ""en-US"", ""@id"": ""https://events.ubc.ca/#/schema/logo/image/"", ""url"": ""https://events.ubc.ca/wp-content/uploads/2023/11/ubc-logo-2018-crest-blue-rgb72.jpg"", ""contentUrl"": ""https://events.ubc.ca/wp-content/uploads/2023/11/ubc-logo-2018-crest-blue-rgb72.jpg"", ""width"": 99, ""height"": 135, ""caption"": ""UBC events""}, ""image"": {""@id"": ""https://events.ubc.ca/#/schema/logo/image/""}, ""sameAs"": [""https://www.facebook.com/universityofbc/"", ""https://x.com/ubcevents"", ""https://www.youtube.com/user/UBC#g/c/94CEF848B9790AE4""]}]}}",https://events.ubc.ca/events/category/subject-learning-and-research-learning-support/,"{""self"": ""https://events.ubc.ca/wp-json/tribe/events/v1/categories/143"", ""collection"": ""https://events.ubc.ca/wp-json/tribe/events/v1/categories""}"
144,398,,Subject – Learning And Research – Science And Technology,subject-learning-and-research-science-and-technology,tribe_events_cat,0,[],"<!-- This site is optimized with the Yoast SEO plugin v28.2 - https://yoast.com/product/yoast-seo-wordpress/ -->
<title>Subject – Learning And Research – Science And Technology Archives - UBCevents</title>
<meta name=""robots"" content=""index, follow, max-snippet:-1, max-image-preview:large, max-video-preview:-1"" />
<link rel=""canonical"" href=""https://events.ubc.ca/events/category/subject-learning-and-research-science-and-technology/"" />
<meta property=""og:locale"" content=""en_US"" />
<meta property=""og:type"" content=""article"" />
<meta property=""og:title"" content=""Subject – Learning And Research – Science And Technology Archives - UBCevents"" />
<meta property=""og:url"" content=""https://events.ubc.ca/events/category/subject-learning-and-research-science-and-technology/"" />
<meta property=""og:site_name"" content=""UBCevents"" />
<meta name=""twitter:card"" content=""summary_large_image"" />
<meta name=""twitter:site"" content=""@ubcevents"" />
<script type=""application/ld+json"" class=""yoast-schema-graph"">{""@context"":""https:\/\/schema.org"",""@graph"":[{""@type"":""CollectionPage"",""@id"":""https:\/\/events.ubc.ca\/events\/category\/subject-learning-and-research-science-and-technology\/"",""url"":""https:\/\/events.ubc.ca\/events\/category\/subject-learning-and-research-science-and-technology\/"",""name"":""Subject – Learning And Research – Science And Technology Archives - UBCevents"",""isPartOf"":{""@id"":""https:\/\/events.ubc.ca\/#website""},""breadcrumb"":{""@id"":""https:\/\/events.ubc.ca\/events\/category\/subject-learning-and-research-science-and-technology\/#breadcrumb""},""inLanguage"":""en-US""},{""@type"":""BreadcrumbList"",""@id"":""https:\/\/events.ubc.ca\/events\/category\/subject-learning-and-research-science-and-technology\/#breadcrumb"",""itemListElement"":[{""@type"":""ListItem"",""position"":1,""name"":""Home"",""item"":""https:\/\/events.ubc.ca\/""},{""@type"":""ListItem"",""position"":2,""name"":""Subject – Learning And Research – Science And Technology""}]},{""@type"":""WebSite"",""@id"":""https:\/\/events.ubc.ca\/#website"",""url"":""https:\/\/events.ubc.ca\/"",""name"":""UBC Events"",""description"":"""",""publisher"":{""@id"":""https:\/\/events.ubc.ca\/#organization""},""potentialAction"":[{""@type"":""SearchAction"",""target"":{""@type"":""EntryPoint"",""urlTemplate"":""https:\/\/events.ubc.ca\/?s={search_term_string}""},""query-input"":{""@type"":""PropertyValueSpecification"",""valueRequired"":true,""valueName"":""search_term_string""}}],""inLanguage"":""en-US""},{""@type"":""Organization"",""@id"":""https:\/\/events.ubc.ca\/#organization"",""name"":""UBC events"",""url"":""https:\/\/events.ubc.ca\/"",""logo"":{""@type"":""ImageObject"",""inLanguage"":""en-US"",""@id"":""https:\/\/events.ubc.ca\/#\/schema\/logo\/image\/"",""url"":""https:\/\/events.ubc.ca\/wp-content\/uploads\/2023\/11\/ubc-logo-2018-crest-blue-rgb72.jpg"",""contentUrl"":""https:\/\/events.ubc.ca\/wp-content\/uploads\/2023\/11\/ubc-logo-2018-crest-blue-rgb72.jpg"",""width"":99,""height"":135,""caption"":""UBC events""},""image"":{""@id"":""https:\/\/events.ubc.ca\/#\/schema\/logo\/image\/""},""sameAs"":[""https:\/\/www.facebook.com\/universityofbc\/"",""https:\/\/x.com\/ubcevents"",""https:\/\/www.youtube.com\/user\/UBC#g\/c\/94CEF848B9790AE4""]}]}</script>
<!-- / Yoast SEO plugin. -->","{""title"": ""Subject – Learning And Research – Science And Technology Archives - UBCevents"", ""robots"": {""index"": ""index"", ""follow"": ""follow"", ""max-snippet"": ""max-snippet:-1"", ""max-image-preview"": ""max-image-preview:large"", ""max-video-preview"": ""max-video-preview:-1""}, ""canonical"": ""https://events.ubc.ca/events/category/subject-learning-and-research-science-and-technology/"", ""og_locale"": ""en_US"", ""og_type"": ""article"", ""og_title"": ""Subject – Learning And Research – Science And Technology Archives - UBCevents"", ""og_url"": ""https://events.ubc.ca/events/category/subject-learning-and-research-science-and-technology/"", ""og_site_name"": ""UBCevents"", ""twitter_card"": ""summary_large_image"", ""twitter_site"": ""@ubcevents"", ""schema"": {""@context"": ""https://schema.org"", ""@graph"": [{""@type"": ""CollectionPage"", ""@id"": ""https://events.ubc.ca/events/category/subject-learning-and-research-science-and-technology/"", ""url"": ""https://events.ubc.ca/events/category/subject-learning-and-research-science-and-technology/"", ""name"": ""Subject – Learning And Research – Science And Technology Archives - UBCevents"", ""isPartOf"": {""@id"": ""https://events.ubc.ca/#website""}, ""breadcrumb"": {""@id"": ""https://events.ubc.ca/events/category/subject-learning-and-research-science-and-technology/#breadcrumb""}, ""inLanguage"": ""en-US""}, {""@type"": ""BreadcrumbList"", ""@id"": ""https://events.ubc.ca/events/category/subject-learning-and-research-science-and-technology/#breadcrumb"", ""itemListElement"": [{""@type"": ""ListItem"", ""position"": 1, ""name"": ""Home"", ""item"": ""https://events.ubc.ca/""}, {""@type"": ""ListItem"", ""position"": 2, ""name"": ""Subject – Learning And Research – Science And Technology""}]}, {""@type"": ""WebSite"", ""@id"": ""https://events.ubc.ca/#website"", ""url"": ""https://events.ubc.ca/"", ""name"": ""UBC Events"", ""description"": """", ""publisher"": {""@id"": ""https://events.ubc.ca/#organization""}, ""potentialAction"": [{""@type"": ""SearchAction"", ""target"": {""@type"": ""EntryPoint"", ""urlTemplate"": ""https://events.ubc.ca/?s={search_term_string}""}, ""query-input"": {""@type"": ""PropertyValueSpecification"", ""valueRequired"": true, ""valueName"": ""search_term_string""}}], ""inLanguage"": ""en-US""}, {""@type"": ""Organization"", ""@id"": ""https://events.ubc.ca/#organization"", ""name"": ""UBC events"", ""url"": ""https://events.ubc.ca/"", ""logo"": {""@type"": ""ImageObject"", ""inLanguage"": ""en-US"", ""@id"": ""https://events.ubc.ca/#/schema/logo/image/"", ""url"": ""https://events.ubc.ca/wp-content/uploads/2023/11/ubc-logo-2018-crest-blue-rgb72.jpg"", ""contentUrl"": ""https://events.ubc.ca/wp-content/uploads/2023/11/ubc-logo-2018-crest-blue-rgb72.jpg"", ""width"": 99, ""height"": 135, ""caption"": ""UBC events""}, ""image"": {""@id"": ""https://events.ubc.ca/#/schema/logo/image/""}, ""sameAs"": [""https://www.facebook.com/universityofbc/"", ""https://x.com/ubcevents"", ""https://www.youtube.com/user/UBC#g/c/94CEF848B9790AE4""]}]}}",https://events.ubc.ca/events/category/subject-learning-and-research-science-and-technology/,"{""self"": ""https://events.ubc.ca/wp-json/tribe/events/v1/categories/144"", ""collection"": ""https://events.ubc.ca/wp-json/tribe/events/v1/categories""}"
145,303,,Subject – Learning And Research – Sustainability,subject-learning-and-research-sustainability,tribe_events_cat,0,[],"<!-- This site is optimized with the Yoast SEO plugin v28.2 - https://yoast.com/product/yoast-seo-wordpress/ -->
<title>Subject – Learning And Research – Sustainability Archives - UBCevents</title>
<meta name=""robots"" content=""index, follow, max-snippet:-1, max-image-preview:large, max-video-preview:-1"" />
<link rel=""canonical"" href=""https://events.ubc.ca/events/category/subject-learning-and-research-sustainability/"" />
<meta property=""og:locale"" content=""en_US"" />
<meta property=""og:type"" content=""article"" />
<meta property=""og:title"" content=""Subject – Learning And Research – Sustainability Archives - UBCevents"" />
<meta property=""og:url"" content=""https://events.ubc.ca/events/category/subject-learning-and-research-sustainability/"" />
<meta property=""og:site_name"" content=""UBCevents"" />
<meta name=""twitter:card"" content=""summary_large_image"" />
<meta name=""twitter:site"" content=""@ubcevents"" />
<script type=""application/ld+json"" class=""yoast-schema-graph"">{""@context"":""https:\/\/schema.org"",""@graph"":[{""@type"":""CollectionPage"",""@id"":""https:\/\/events.ubc.ca\/events\/category\/subject-learning-and-research-sustainability\/"",""url"":""https:\/\/events.ubc.ca\/events\/category\/subject-learning-and-research-sustainability\/"",""name"":""Subject – Learning And Research – Sustainability Archives - UBCevents"",""isPartOf"":{""@id"":""https:\/\/events.ubc.ca\/#website""},""breadcrumb"":{""@id"":""https:\/\/events.ubc.ca\/events\/category\/subject-learning-and-research-sustainability\/#breadcrumb""},""inLanguage"":""en-US""},{""@type"":""BreadcrumbList"",""@id"":""https:\/\/events.ubc.ca\/events\/category\/subject-learning-and-research-sustainability\/#breadcrumb"",""itemListElement"":[{""@type"":""ListItem"",""position"":1,""name"":""Home"",""item"":""https:\/\/events.ubc.ca\/""},{""@type"":""ListItem"",""position"":2,""name"":""Subject – Learning And Research – Sustainability""}]},{""@type"":""WebSite"",""@id"":""https:\/\/events.ubc.ca\/#website"",""url"":""https:\/\/events.ubc.ca\/"",""name"":""UBC Events"",""description"":"""",""publisher"":{""@id"":""https:\/\/events.ubc.ca\/#organization""},""potentialAction"":[{""@type"":""SearchAction"",""target"":{""@type"":""EntryPoint"",""urlTemplate"":""https:\/\/events.ubc.ca\/?s={search_term_string}""},""query-input"":{""@type"":""PropertyValueSpecification"",""valueRequired"":true,""valueName"":""search_term_string""}}],""inLanguage"":""en-US""},{""@type"":""Organization"",""@id"":""https:\/\/events.ubc.ca\/#organization"",""name"":""UBC events"",""url"":""https:\/\/events.ubc.ca\/"",""logo"":{""@type"":""ImageObject"",""inLanguage"":""en-US"",""@id"":""https:\/\/events.ubc.ca\/#\/schema\/logo\/image\/"",""url"":""https:\/\/events.ubc.ca\/wp-content\/uploads\/2023\/11\/ubc-logo-2018-crest-blue-rgb72.jpg"",""contentUrl"":""https:\/\/events.ubc.ca\/wp-content\/uploads\/2023\/11\/ubc-logo-2018-crest-blue-rgb72.jpg"",""width"":99,""height"":135,""caption"":""UBC events""},""image"":{""@id"":""https:\/\/events.ubc.ca\/#\/schema\/logo\/image\/""},""sameAs"":[""https:\/\/www.facebook.com\/universityofbc\/"",""https:\/\/x.com\/ubcevents"",""https:\/\/www.youtube.com\/user\/UBC#g\/c\/94CEF848B9790AE4""]}]}</script>
<!-- / Yoast SEO plugin. -->","{""title"": ""Subject – Learning And Research – Sustainability Archives - UBCevents"", ""robots"": {""index"": ""index"", ""follow"": ""follow"", ""max-snippet"": ""max-snippet:-1"", ""max-image-preview"": ""max-image-preview:large"", ""max-video-preview"": ""max-video-preview:-1""}, ""canonical"": ""https://events.ubc.ca/events/category/subject-learning-and-research-sustainability/"", ""og_locale"": ""en_US"", ""og_type"": ""article"", ""og_title"": ""Subject – Learning And Research – Sustainability Archives - UBCevents"", ""og_url"": ""https://events.ubc.ca/events/category/subject-learning-and-research-sustainability/"", ""og_site_name"": ""UBCevents"", ""twitter_card"": ""summary_large_image"", ""twitter_site"": ""@ubcevents"", ""schema"": {""@context"": ""https://schema.org"", ""@graph"": [{""@type"": ""CollectionPage"", ""@id"": ""https://events.ubc.ca/events/category/subject-learning-and-research-sustainability/"", ""url"": ""https://events.ubc.ca/events/category/subject-learning-and-research-sustainability/"", ""name"": ""Subject – Learning And Research – Sustainability Archives - UBCevents"", ""isPartOf"": {""@id"": ""https://events.ubc.ca/#website""}, ""breadcrumb"": {""@id"": ""https://events.ubc.ca/events/category/subject-learning-and-research-sustainability/#breadcrumb""}, ""inLanguage"": ""en-US""}, {""@type"": ""BreadcrumbList"", ""@id"": ""https://events.ubc.ca/events/category/subject-learning-and-research-sustainability/#breadcrumb"", ""itemListElement"": [{""@type"": ""ListItem"", ""position"": 1, ""name"": ""Home"", ""item"": ""https://events.ubc.ca/""}, {""@type"": ""ListItem"", ""position"": 2, ""name"": ""Subject – Learning And Research – Sustainability""}]}, {""@type"": ""WebSite"", ""@id"": ""https://events.ubc.ca/#website"", ""url"": ""https://events.ubc.ca/"", ""name"": ""UBC Events"", ""description"": """", ""publisher"": {""@id"": ""https://events.ubc.ca/#organization""}, ""potentialAction"": [{""@type"": ""SearchAction"", ""target"": {""@type"": ""EntryPoint"", ""urlTemplate"": ""https://events.ubc.ca/?s={search_term_string}""}, ""query-input"": {""@type"": ""PropertyValueSpecification"", ""valueRequired"": true, ""valueName"": ""search_term_string""}}], ""inLanguage"": ""en-US""}, {""@type"": ""Organization"", ""@id"": ""https://events.ubc.ca/#organization"", ""name"": ""UBC events"", ""url"": ""https://events.ubc.ca/"", ""logo"": {""@type"": ""ImageObject"", ""inLanguage"": ""en-US"", ""@id"": ""https://events.ubc.ca/#/schema/logo/image/"", ""url"": ""https://events.ubc.ca/wp-content/uploads/2023/11/ubc-logo-2018-crest-blue-rgb72.jpg"", ""contentUrl"": ""https://events.ubc.ca/wp-content/uploads/2023/11/ubc-logo-2018-crest-blue-rgb72.jpg"", ""width"": 99, ""height"": 135, ""caption"": ""UBC events""}, ""image"": {""@id"": ""https://events.ubc.ca/#/schema/logo/image/""}, ""sameAs"": [""https://www.facebook.com/universityofbc/"", ""https://x.com/ubcevents"", ""https://www.youtube.com/user/UBC#g/c/94CEF848B9790AE4""]}]}}",https://events.ubc.ca/events/category/subject-learning-and-research-sustainability/,"{""self"": ""https://events.ubc.ca/wp-json/tribe/events/v1/categories/145"", ""collection"": ""https://events.ubc.ca/wp-json/tribe/events/v1/categories""}"
146,34,,Subject – Lifestyle And Sport – Athletics,subject-lifestyle-and-sport-athletics,tribe_events_cat,0,[],"<!-- This site is optimized with the Yoast SEO plugin v28.2 - https://yoast.com/product/yoast-seo-wordpress/ -->
<title>Subject – Lifestyle And Sport – Athletics Archives - UBCevents</title>
<meta name=""robots"" content=""index, follow, max-snippet:-1, max-image-preview:large, max-video-preview:-1"" />
<link rel=""canonical"" href=""https://events.ubc.ca/events/category/subject-lifestyle-and-sport-athletics/"" />
<meta property=""og:locale"" content=""en_US"" />
<meta property=""og:type"" content=""article"" />
<meta property=""og:title"" content=""Subject – Lifestyle And Sport – Athletics Archives - UBCevents"" />
<meta property=""og:url"" content=""https://events.ubc.ca/events/category/subject-lifestyle-and-sport-athletics/"" />
<meta property=""og:site_name"" content=""UBCevents"" />
<meta name=""twitter:card"" content=""summary_large_image"" />
<meta name=""twitter:site"" content=""@ubcevents"" />
<script type=""application/ld+json"" class=""yoast-schema-graph"">{""@context"":""https:\/\/schema.org"",""@graph"":[{""@type"":""CollectionPage"",""@id"":""https:\/\/events.ubc.ca\/events\/category\/subject-lifestyle-and-sport-athletics\/"",""url"":""https:\/\/events.ubc.ca\/events\/category\/subject-lifestyle-and-sport-athletics\/"",""name"":""Subject – Lifestyle And Sport – Athletics Archives - UBCevents"",""isPartOf"":{""@id"":""https:\/\/events.ubc.ca\/#website""},""breadcrumb"":{""@id"":""https:\/\/events.ubc.ca\/events\/category\/subject-lifestyle-and-sport-athletics\/#breadcrumb""},""inLanguage"":""en-US""},{""@type"":""BreadcrumbList"",""@id"":""https:\/\/events.ubc.ca\/events\/category\/subject-lifestyle-and-sport-athletics\/#breadcrumb"",""itemListElement"":[{""@type"":""ListItem"",""position"":1,""name"":""Home"",""item"":""https:\/\/events.ubc.ca\/""},{""@type"":""ListItem"",""position"":2,""name"":""Subject – Lifestyle And Sport – Athletics""}]},{""@type"":""WebSite"",""@id"":""https:\/\/events.ubc.ca\/#website"",""url"":""https:\/\/events.ubc.ca\/"",""name"":""UBC Events"",""description"":"""",""publisher"":{""@id"":""https:\/\/events.ubc.ca\/#organization""},""potentialAction"":[{""@type"":""SearchAction"",""target"":{""@type"":""EntryPoint"",""urlTemplate"":""https:\/\/events.ubc.ca\/?s={search_term_string}""},""query-input"":{""@type"":""PropertyValueSpecification"",""valueRequired"":true,""valueName"":""search_term_string""}}],""inLanguage"":""en-US""},{""@type"":""Organization"",""@id"":""https:\/\/events.ubc.ca\/#organization"",""name"":""UBC events"",""url"":""https:\/\/events.ubc.ca\/"",""logo"":{""@type"":""ImageObject"",""inLanguage"":""en-US"",""@id"":""https:\/\/events.ubc.ca\/#\/schema\/logo\/image\/"",""url"":""https:\/\/events.ubc.ca\/wp-content\/uploads\/2023\/11\/ubc-logo-2018-crest-blue-rgb72.jpg"",""contentUrl"":""https:\/\/events.ubc.ca\/wp-content\/uploads\/2023\/11\/ubc-logo-2018-crest-blue-rgb72.jpg"",""width"":99,""height"":135,""caption"":""UBC events""},""image"":{""@id"":""https:\/\/events.ubc.ca\/#\/schema\/logo\/image\/""},""sameAs"":[""https:\/\/www.facebook.com\/universityofbc\/"",""https:\/\/x.com\/ubcevents"",""https:\/\/www.youtube.com\/user\/UBC#g\/c\/94CEF848B9790AE4""]}]}</script>
<!-- / Yoast SEO plugin. -->","{""title"": ""Subject – Lifestyle And Sport – Athletics Archives - UBCevents"", ""robots"": {""index"": ""index"", ""follow"": ""follow"", ""max-snippet"": ""max-snippet:-1"", ""max-image-preview"": ""max-image-preview:large"", ""max-video-preview"": ""max-video-preview:-1""}, ""canonical"": ""https://events.ubc.ca/events/category/subject-lifestyle-and-sport-athletics/"", ""og_locale"": ""en_US"", ""og_type"": ""article"", ""og_title"": ""Subject – Lifestyle And Sport – Athletics Archives - UBCevents"", ""og_url"": ""https://events.ubc.ca/events/category/subject-lifestyle-and-sport-athletics/"", ""og_site_name"": ""UBCevents"", ""twitter_card"": ""summary_large_image"", ""twitter_site"": ""@ubcevents"", ""schema"": {""@context"": ""https://schema.org"", ""@graph"": [{""@type"": ""CollectionPage"", ""@id"": ""https://events.ubc.ca/events/category/subject-lifestyle-and-sport-athletics/"", ""url"": ""https://events.ubc.ca/events/category/subject-lifestyle-and-sport-athletics/"", ""name"": ""Subject – Lifestyle And Sport – Athletics Archives - UBCevents"", ""isPartOf"": {""@id"": ""https://events.ubc.ca/#website""}, ""breadcrumb"": {""@id"": ""https://events.ubc.ca/events/category/subject-lifestyle-and-sport-athletics/#breadcrumb""}, ""inLanguage"": ""en-US""}, {""@type"": ""BreadcrumbList"", ""@id"": ""https://events.ubc.ca/events/category/subject-lifestyle-and-sport-athletics/#breadcrumb"", ""itemListElement"": [{""@type"": ""ListItem"", ""position"": 1, ""name"": ""Home"", ""item"": ""https://events.ubc.ca/""}, {""@type"": ""ListItem"", ""position"": 2, ""name"": ""Subject – Lifestyle And Sport – Athletics""}]}, {""@type"": ""WebSite"", ""@id"": ""https://events.ubc.ca/#website"", ""url"": ""https://events.ubc.ca/"", ""name"": ""UBC Events"", ""description"": """", ""publisher"": {""@id"": ""https://events.ubc.ca/#organization""}, ""potentialAction"": [{""@type"": ""SearchAction"", ""target"": {""@type"": ""EntryPoint"", ""urlTemplate"": ""https://events.ubc.ca/?s={search_term_string}""}, ""query-input"": {""@type"": ""PropertyValueSpecification"", ""valueRequired"": true, ""valueName"": ""search_term_string""}}], ""inLanguage"": ""en-US""}, {""@type"": ""Organization"", ""@id"": ""https://events.ubc.ca/#organization"", ""name"": ""UBC events"", ""url"": ""https://events.ubc.ca/"", ""logo"": {""@type"": ""ImageObject"", ""inLanguage"": ""en-US"", ""@id"": ""https://events.ubc.ca/#/schema/logo/image/"", ""url"": ""https://events.ubc.ca/wp-content/uploads/2023/11/ubc-logo-2018-crest-blue-rgb72.jpg"", ""contentUrl"": ""https://events.ubc.ca/wp-content/uploads/2023/11/ubc-logo-2018-crest-blue-rgb72.jpg"", ""width"": 99, ""height"": 135, ""caption"": ""UBC events""}, ""image"": {""@id"": ""https://events.ubc.ca/#/schema/logo/image/""}, ""sameAs"": [""https://www.facebook.com/universityofbc/"", ""https://x.com/ubcevents"", ""https://www.youtube.com/user/UBC#g/c/94CEF848B9790AE4""]}]}}",https://events.ubc.ca/events/category/subject-lifestyle-and-sport-athletics/,"{""self"": ""https://events.ubc.ca/wp-json/tribe/events/v1/categories/146"", ""collection"": ""https://events.ubc.ca/wp-json/tribe/events/v1/categories""}"
147,45,,Subject – Lifestyle And Sport – Lifestyle,subject-lifestyle-and-sport-lifestyle,tribe_events_cat,0,[],"<!-- This site is optimized with the Yoast SEO plugin v28.2 - https://yoast.com/product/yoast-seo-wordpress/ -->
<title>Subject – Lifestyle And Sport – Lifestyle Archives - UBCevents</title>
<meta name=""robots"" content=""index, follow, max-snippet:-1, max-image-preview:large, max-video-preview:-1"" />
<link rel=""canonical"" href=""https://events.ubc.ca/events/category/subject-lifestyle-and-sport-lifestyle/"" />
<meta property=""og:locale"" content=""en_US"" />
<meta property=""og:type"" content=""article"" />
<meta property=""og:title"" content=""Subject – Lifestyle And Sport – Lifestyle Archives - UBCevents"" />
<meta property=""og:url"" content=""https://events.ubc.ca/events/category/subject-lifestyle-and-sport-lifestyle/"" />
<meta property=""og:site_name"" content=""UBCevents"" />
<meta name=""twitter:card"" content=""summary_large_image"" />
<meta name=""twitter:site"" content=""@ubcevents"" />
<script type=""application/ld+json"" class=""yoast-schema-graph"">{""@context"":""https:\/\/schema.org"",""@graph"":[{""@type"":""CollectionPage"",""@id"":""https:\/\/events.ubc.ca\/events\/category\/subject-lifestyle-and-sport-lifestyle\/"",""url"":""https:\/\/events.ubc.ca\/events\/category\/subject-lifestyle-and-sport-lifestyle\/"",""name"":""Subject – Lifestyle And Sport – Lifestyle Archives - UBCevents"",""isPartOf"":{""@id"":""https:\/\/events.ubc.ca\/#website""},""breadcrumb"":{""@id"":""https:\/\/events.ubc.ca\/events\/category\/subject-lifestyle-and-sport-lifestyle\/#breadcrumb""},""inLanguage"":""en-US""},{""@type"":""BreadcrumbList"",""@id"":""https:\/\/events.ubc.ca\/events\/category\/subject-lifestyle-and-sport-lifestyle\/#breadcrumb"",""itemListElement"":[{""@type"":""ListItem"",""position"":1,""name"":""Home"",""item"":""https:\/\/events.ubc.ca\/""},{""@type"":""ListItem"",""position"":2,""name"":""Subject – Lifestyle And Sport – Lifestyle""}]},{""@type"":""WebSite"",""@id"":""https:\/\/events.ubc.ca\/#website"",""url"":""https:\/\/events.ubc.ca\/"",""name"":""UBC Events"",""description"":"""",""publisher"":{""@id"":""https:\/\/events.ubc.ca\/#organization""},""potentialAction"":[{""@type"":""SearchAction"",""target"":{""@type"":""EntryPoint"",""urlTemplate"":""https:\/\/events.ubc.ca\/?s={search_term_string}""},""query-input"":{""@type"":""PropertyValueSpecification"",""valueRequired"":true,""valueName"":""search_term_string""}}],""inLanguage"":""en-US""},{""@type"":""Organization"",""@id"":""https:\/\/events.ubc.ca\/#organization"",""name"":""UBC events"",""url"":""https:\/\/events.ubc.ca\/"",""logo"":{""@type"":""ImageObject"",""inLanguage"":""en-US"",""@id"":""https:\/\/events.ubc.ca\/#\/schema\/logo\/image\/"",""url"":""https:\/\/events.ubc.ca\/wp-content\/uploads\/2023\/11\/ubc-logo-2018-crest-blue-rgb72.jpg"",""contentUrl"":""https:\/\/events.ubc.ca\/wp-content\/uploads\/2023\/11\/ubc-logo-2018-crest-blue-rgb72.jpg"",""width"":99,""height"":135,""caption"":""UBC events""},""image"":{""@id"":""https:\/\/events.ubc.ca\/#\/schema\/logo\/image\/""},""sameAs"":[""https:\/\/www.facebook.com\/universityofbc\/"",""https:\/\/x.com\/ubcevents"",""https:\/\/www.youtube.com\/user\/UBC#g\/c\/94CEF848B9790AE4""]}]}</script>
<!-- / Yoast SEO plugin. -->","{""title"": ""Subject – Lifestyle And Sport – Lifestyle Archives - UBCevents"", ""robots"": {""index"": ""index"", ""follow"": ""follow"", ""max-snippet"": ""max-snippet:-1"", ""max-image-preview"": ""max-image-preview:large"", ""max-video-preview"": ""max-video-preview:-1""}, ""canonical"": ""https://events.ubc.ca/events/category/subject-lifestyle-and-sport-lifestyle/"", ""og_locale"": ""en_US"", ""og_type"": ""article"", ""og_title"": ""Subject – Lifestyle And Sport – Lifestyle Archives - UBCevents"", ""og_url"": ""https://events.ubc.ca/events/category/subject-lifestyle-and-sport-lifestyle/"", ""og_site_name"": ""UBCevents"", ""twitter_card"": ""summary_large_image"", ""twitter_site"": ""@ubcevents"", ""schema"": {""@context"": ""https://schema.org"", ""@graph"": [{""@type"": ""CollectionPage"", ""@id"": ""https://events.ubc.ca/events/category/subject-lifestyle-and-sport-lifestyle/"", ""url"": ""https://events.ubc.ca/events/category/subject-lifestyle-and-sport-lifestyle/"", ""name"": ""Subject – Lifestyle And Sport – Lifestyle Archives - UBCevents"", ""isPartOf"": {""@id"": ""https://events.ubc.ca/#website""}, ""breadcrumb"": {""@id"": ""https://events.ubc.ca/events/category/subject-lifestyle-and-sport-lifestyle/#breadcrumb""}, ""inLanguage"": ""en-US""}, {""@type"": ""BreadcrumbList"", ""@id"": ""https://events.ubc.ca/events/category/subject-lifestyle-and-sport-lifestyle/#breadcrumb"", ""itemListElement"": [{""@type"": ""ListItem"", ""position"": 1, ""name"": ""Home"", ""item"": ""https://events.ubc.ca/""}, {""@type"": ""ListItem"", ""position"": 2, ""name"": ""Subject – Lifestyle And Sport – Lifestyle""}]}, {""@type"": ""WebSite"", ""@id"": ""https://events.ubc.ca/#website"", ""url"": ""https://events.ubc.ca/"", ""name"": ""UBC Events"", ""description"": """", ""publisher"": {""@id"": ""https://events.ubc.ca/#organization""}, ""potentialAction"": [{""@type"": ""SearchAction"", ""target"": {""@type"": ""EntryPoint"", ""urlTemplate"": ""https://events.ubc.ca/?s={search_term_string}""}, ""query-input"": {""@type"": ""PropertyValueSpecification"", ""valueRequired"": true, ""valueName"": ""search_term_string""}}], ""inLanguage"": ""en-US""}, {""@type"": ""Organization"", ""@id"": ""https://events.ubc.ca/#organization"", ""name"": ""UBC events"", ""url"": ""https://events.ubc.ca/"", ""logo"": {""@type"": ""ImageObject"", ""inLanguage"": ""en-US"", ""@id"": ""https://events.ubc.ca/#/schema/logo/image/"", ""url"": ""https://events.ubc.ca/wp-content/uploads/2023/11/ubc-logo-2018-crest-blue-rgb72.jpg"", ""contentUrl"": ""https://events.ubc.ca/wp-content/uploads/2023/11/ubc-logo-2018-crest-blue-rgb72.jpg"", ""width"": 99, ""height"": 135, ""caption"": ""UBC events""}, ""image"": {""@id"": ""https://events.ubc.ca/#/schema/logo/image/""}, ""sameAs"": [""https://www.facebook.com/universityofbc/"", ""https://x.com/ubcevents"", ""https://www.youtube.com/user/UBC#g/c/94CEF848B9790AE4""]}]}}",https://events.ubc.ca/events/category/subject-lifestyle-and-sport-lifestyle/,"{""self"": ""https://events.ubc.ca/wp-json/tribe/events/v1/categories/147"", ""collection"": ""https://events.ubc.ca/wp-json/tribe/events/v1/categories""}"
148,49,,Subject – Lifestyle And Sport – Recreation,subject-lifestyle-and-sport-recreation,tribe_events_cat,0,[],"<!-- This site is optimized with the Yoast SEO plugin v28.2 - https://yoast.com/product/yoast-seo-wordpress/ -->
<title>Subject – Lifestyle And Sport – Recreation Archives - UBCevents</title>
<meta name=""robots"" content=""index, follow, max-snippet:-1, max-image-preview:large, max-video-preview:-1"" />
<link rel=""canonical"" href=""https://events.ubc.ca/events/category/subject-lifestyle-and-sport-recreation/"" />
<meta property=""og:locale"" content=""en_US"" />
<meta property=""og:type"" content=""article"" />
<meta property=""og:title"" content=""Subject – Lifestyle And Sport – Recreation Archives - UBCevents"" />
<meta property=""og:url"" content=""https://events.ubc.ca/events/category/subject-lifestyle-and-sport-recreation/"" />
<meta property=""og:site_name"" content=""UBCevents"" />
<meta name=""twitter:card"" content=""summary_large_image"" />
<meta name=""twitter:site"" content=""@ubcevents"" />
<script type=""application/ld+json"" class=""yoast-schema-graph"">{""@context"":""https:\/\/schema.org"",""@graph"":[{""@type"":""CollectionPage"",""@id"":""https:\/\/events.ubc.ca\/events\/category\/subject-lifestyle-and-sport-recreation\/"",""url"":""https:\/\/events.ubc.ca\/events\/category\/subject-lifestyle-and-sport-recreation\/"",""name"":""Subject – Lifestyle And Sport – Recreation Archives - UBCevents"",""isPartOf"":{""@id"":""https:\/\/events.ubc.ca\/#website""},""breadcrumb"":{""@id"":""https:\/\/events.ubc.ca\/events\/category\/subject-lifestyle-and-sport-recreation\/#breadcrumb""},""inLanguage"":""en-US""},{""@type"":""BreadcrumbList"",""@id"":""https:\/\/events.ubc.ca\/events\/category\/subject-lifestyle-and-sport-recreation\/#breadcrumb"",""itemListElement"":[{""@type"":""ListItem"",""position"":1,""name"":""Home"",""item"":""https:\/\/events.ubc.ca\/""},{""@type"":""ListItem"",""position"":2,""name"":""Subject – Lifestyle And Sport – Recreation""}]},{""@type"":""WebSite"",""@id"":""https:\/\/events.ubc.ca\/#website"",""url"":""https:\/\/events.ubc.ca\/"",""name"":""UBC Events"",""description"":"""",""publisher"":{""@id"":""https:\/\/events.ubc.ca\/#organization""},""potentialAction"":[{""@type"":""SearchAction"",""target"":{""@type"":""EntryPoint"",""urlTemplate"":""https:\/\/events.ubc.ca\/?s={search_term_string}""},""query-input"":{""@type"":""PropertyValueSpecification"",""valueRequired"":true,""valueName"":""search_term_string""}}],""inLanguage"":""en-US""},{""@type"":""Organization"",""@id"":""https:\/\/events.ubc.ca\/#organization"",""name"":""UBC events"",""url"":""https:\/\/events.ubc.ca\/"",""logo"":{""@type"":""ImageObject"",""inLanguage"":""en-US"",""@id"":""https:\/\/events.ubc.ca\/#\/schema\/logo\/image\/"",""url"":""https:\/\/events.ubc.ca\/wp-content\/uploads\/2023\/11\/ubc-logo-2018-crest-blue-rgb72.jpg"",""contentUrl"":""https:\/\/events.ubc.ca\/wp-content\/uploads\/2023\/11\/ubc-logo-2018-crest-blue-rgb72.jpg"",""width"":99,""height"":135,""caption"":""UBC events""},""image"":{""@id"":""https:\/\/events.ubc.ca\/#\/schema\/logo\/image\/""},""sameAs"":[""https:\/\/www.facebook.com\/universityofbc\/"",""https:\/\/x.com\/ubcevents"",""https:\/\/www.youtube.com\/user\/UBC#g\/c\/94CEF848B9790AE4""]}]}</script>
<!-- / Yoast SEO plugin. -->","{""title"": ""Subject – Lifestyle And Sport – Recreation Archives - UBCevents"", ""robots"": {""index"": ""index"", ""follow"": ""follow"", ""max-snippet"": ""max-snippet:-1"", ""max-image-preview"": ""max-image-preview:large"", ""max-video-preview"": ""max-video-preview:-1""}, ""canonical"": ""https://events.ubc.ca/events/category/subject-lifestyle-and-sport-recreation/"", ""og_locale"": ""en_US"", ""og_type"": ""article"", ""og_title"": ""Subject – Lifestyle And Sport – Recreation Archives - UBCevents"", ""og_url"": ""https://events.ubc.ca/events/category/subject-lifestyle-and-sport-recreation/"", ""og_site_name"": ""UBCevents"", ""twitter_card"": ""summary_large_image"", ""twitter_site"": ""@ubcevents"", ""schema"": {""@context"": ""https://schema.org"", ""@graph"": [{""@type"": ""CollectionPage"", ""@id"": ""https://events.ubc.ca/events/category/subject-lifestyle-and-sport-recreation/"", ""url"": ""https://events.ubc.ca/events/category/subject-lifestyle-and-sport-recreation/"", ""name"": ""Subject – Lifestyle And Sport – Recreation Archives - UBCevents"", ""isPartOf"": {""@id"": ""https://events.ubc.ca/#website""}, ""breadcrumb"": {""@id"": ""https://events.ubc.ca/events/category/subject-lifestyle-and-sport-recreation/#breadcrumb""}, ""inLanguage"": ""en-US""}, {""@type"": ""BreadcrumbList"", ""@id"": ""https://events.ubc.ca/events/category/subject-lifestyle-and-sport-recreation/#breadcrumb"", ""itemListElement"": [{""@type"": ""ListItem"", ""position"": 1, ""name"": ""Home"", ""item"": ""https://events.ubc.ca/""}, {""@type"": ""ListItem"", ""position"": 2, ""name"": ""Subject – Lifestyle And Sport – Recreation""}]}, {""@type"": ""WebSite"", ""@id"": ""https://events.ubc.ca/#website"", ""url"": ""https://events.ubc.ca/"", ""name"": ""UBC Events"", ""description"": """", ""publisher"": {""@id"": ""https://events.ubc.ca/#organization""}, ""potentialAction"": [{""@type"": ""SearchAction"", ""target"": {""@type"": ""EntryPoint"", ""urlTemplate"": ""https://events.ubc.ca/?s={search_term_string}""}, ""query-input"": {""@type"": ""PropertyValueSpecification"", ""valueRequired"": true, ""valueName"": ""search_term_string""}}], ""inLanguage"": ""en-US""}, {""@type"": ""Organization"", ""@id"": ""https://events.ubc.ca/#organization"", ""name"": ""UBC events"", ""url"": ""https://events.ubc.ca/"", ""logo"": {""@type"": ""ImageObject"", ""inLanguage"": ""en-US"", ""@id"": ""https://events.ubc.ca/#/schema/logo/image/"", ""url"": ""https://events.ubc.ca/wp-content/uploads/2023/11/ubc-logo-2018-crest-blue-rgb72.jpg"", ""contentUrl"": ""https://events.ubc.ca/wp-content/uploads/2023/11/ubc-logo-2018-crest-blue-rgb72.jpg"", ""width"": 99, ""height"": 135, ""caption"": ""UBC events""}, ""image"": {""@id"": ""https://events.ubc.ca/#/schema/logo/image/""}, ""sameAs"": [""https://www.facebook.com/universityofbc/"", ""https://x.com/ubcevents"", ""https://www.youtube.com/user/UBC#g/c/94CEF848B9790AE4""]}]}}",https://events.ubc.ca/events/category/subject-lifestyle-and-sport-recreation/,"{""self"": ""https://events.ubc.ca/wp-json/tribe/events/v1/categories/148"", ""collection"": ""https://events.ubc.ca/wp-json/tribe/events/v1/categories""}"
149,31,,Subject – Lifestyle And Sport – Spirituality,subject-lifestyle-and-sport-spirituality,tribe_events_cat,0,[],"<!-- This site is optimized with the Yoast SEO plugin v28.2 - https://yoast.com/product/yoast-seo-wordpress/ -->
<title>Subject – Lifestyle And Sport – Spirituality Archives - UBCevents</title>
<meta name=""robots"" content=""index, follow, max-snippet:-1, max-image-preview:large, max-video-preview:-1"" />
<link rel=""canonical"" href=""https://events.ubc.ca/events/category/subject-lifestyle-and-sport-spirituality/"" />
<meta property=""og:locale"" content=""en_US"" />
<meta property=""og:type"" content=""article"" />
<meta property=""og:title"" content=""Subject – Lifestyle And Sport – Spirituality Archives - UBCevents"" />
<meta property=""og:url"" content=""https://events.ubc.ca/events/category/subject-lifestyle-and-sport-spirituality/"" />
<meta property=""og:site_name"" content=""UBCevents"" />
<meta name=""twitter:card"" content=""summary_large_image"" />
<meta name=""twitter:site"" content=""@ubcevents"" />
<script type=""application/ld+json"" class=""yoast-schema-graph"">{""@context"":""https:\/\/schema.org"",""@graph"":[{""@type"":""CollectionPage"",""@id"":""https:\/\/events.ubc.ca\/events\/category\/subject-lifestyle-and-sport-spirituality\/"",""url"":""https:\/\/events.ubc.ca\/events\/category\/subject-lifestyle-and-sport-spirituality\/"",""name"":""Subject – Lifestyle And Sport – Spirituality Archives - UBCevents"",""isPartOf"":{""@id"":""https:\/\/events.ubc.ca\/#website""},""breadcrumb"":{""@id"":""https:\/\/events.ubc.ca\/events\/category\/subject-lifestyle-and-sport-spirituality\/#breadcrumb""},""inLanguage"":""en-US""},{""@type"":""BreadcrumbList"",""@id"":""https:\/\/events.ubc.ca\/events\/category\/subject-lifestyle-and-sport-spirituality\/#breadcrumb"",""itemListElement"":[{""@type"":""ListItem"",""position"":1,""name"":""Home"",""item"":""https:\/\/events.ubc.ca\/""},{""@type"":""ListItem"",""position"":2,""name"":""Subject – Lifestyle And Sport – Spirituality""}]},{""@type"":""WebSite"",""@id"":""https:\/\/events.ubc.ca\/#website"",""url"":""https:\/\/events.ubc.ca\/"",""name"":""UBC Events"",""description"":"""",""publisher"":{""@id"":""https:\/\/events.ubc.ca\/#organization""},""potentialAction"":[{""@type"":""SearchAction"",""target"":{""@type"":""EntryPoint"",""urlTemplate"":""https:\/\/events.ubc.ca\/?s={search_term_string}""},""query-input"":{""@type"":""PropertyValueSpecification"",""valueRequired"":true,""valueName"":""search_term_string""}}],""inLanguage"":""en-US""},{""@type"":""Organization"",""@id"":""https:\/\/events.ubc.ca\/#organization"",""name"":""UBC events"",""url"":""https:\/\/events.ubc.ca\/"",""logo"":{""@type"":""ImageObject"",""inLanguage"":""en-US"",""@id"":""https:\/\/events.ubc.ca\/#\/schema\/logo\/image\/"",""url"":""https:\/\/events.ubc.ca\/wp-content\/uploads\/2023\/11\/ubc-logo-2018-crest-blue-rgb72.jpg"",""contentUrl"":""https:\/\/events.ubc.ca\/wp-content\/uploads\/2023\/11\/ubc-logo-2018-crest-blue-rgb72.jpg"",""width"":99,""height"":135,""caption"":""UBC events""},""image"":{""@id"":""https:\/\/events.ubc.ca\/#\/schema\/logo\/image\/""},""sameAs"":[""https:\/\/www.facebook.com\/universityofbc\/"",""https:\/\/x.com\/ubcevents"",""https:\/\/www.youtube.com\/user\/UBC#g\/c\/94CEF848B9790AE4""]}]}</script>
<!-- / Yoast SEO plugin. -->","{""title"": ""Subject – Lifestyle And Sport – Spirituality Archives - UBCevents"", ""robots"": {""index"": ""index"", ""follow"": ""follow"", ""max-snippet"": ""max-snippet:-1"", ""max-image-preview"": ""max-image-preview:large"", ""max-video-preview"": ""max-video-preview:-1""}, ""canonical"": ""https://events.ubc.ca/events/category/subject-lifestyle-and-sport-spirituality/"", ""og_locale"": ""en_US"", ""og_type"": ""article"", ""og_title"": ""Subject – Lifestyle And Sport – Spirituality Archives - UBCevents"", ""og_url"": ""https://events.ubc.ca/events/category/subject-lifestyle-and-sport-spirituality/"", ""og_site_name"": ""UBCevents"", ""twitter_card"": ""summary_large_image"", ""twitter_site"": ""@ubcevents"", ""schema"": {""@context"": ""https://schema.org"", ""@graph"": [{""@type"": ""CollectionPage"", ""@id"": ""https://events.ubc.ca/events/category/subject-lifestyle-and-sport-spirituality/"", ""url"": ""https://events.ubc.ca/events/category/subject-lifestyle-and-sport-spirituality/"", ""name"": ""Subject – Lifestyle And Sport – Spirituality Archives - UBCevents"", ""isPartOf"": {""@id"": ""https://events.ubc.ca/#website""}, ""breadcrumb"": {""@id"": ""https://events.ubc.ca/events/category/subject-lifestyle-and-sport-spirituality/#breadcrumb""}, ""inLanguage"": ""en-US""}, {""@type"": ""BreadcrumbList"", ""@id"": ""https://events.ubc.ca/events/category/subject-lifestyle-and-sport-spirituality/#breadcrumb"", ""itemListElement"": [{""@type"": ""ListItem"", ""position"": 1, ""name"": ""Home"", ""item"": ""https://events.ubc.ca/""}, {""@type"": ""ListItem"", ""position"": 2, ""name"": ""Subject – Lifestyle And Sport – Spirituality""}]}, {""@type"": ""WebSite"", ""@id"": ""https://events.ubc.ca/#website"", ""url"": ""https://events.ubc.ca/"", ""name"": ""UBC Events"", ""description"": """", ""publisher"": {""@id"": ""https://events.ubc.ca/#organization""}, ""potentialAction"": [{""@type"": ""SearchAction"", ""target"": {""@type"": ""EntryPoint"", ""urlTemplate"": ""https://events.ubc.ca/?s={search_term_string}""}, ""query-input"": {""@type"": ""PropertyValueSpecification"", ""valueRequired"": true, ""valueName"": ""search_term_string""}}], ""inLanguage"": ""en-US""}, {""@type"": ""Organization"", ""@id"": ""https://events.ubc.ca/#organization"", ""name"": ""UBC events"", ""url"": ""https://events.ubc.ca/"", ""logo"": {""@type"": ""ImageObject"", ""inLanguage"": ""en-US"", ""@id"": ""https://events.ubc.ca/#/schema/logo/image/"", ""url"": ""https://events.ubc.ca/wp-content/uploads/2023/11/ubc-logo-2018-crest-blue-rgb72.jpg"", ""contentUrl"": ""https://events.ubc.ca/wp-content/uploads/2023/11/ubc-logo-2018-crest-blue-rgb72.jpg"", ""width"": 99, ""height"": 135, ""caption"": ""UBC events""}, ""image"": {""@id"": ""https://events.ubc.ca/#/schema/logo/image/""}, ""sameAs"": [""https://www.facebook.com/universityofbc/"", ""https://x.com/ubcevents"", ""https://www.youtube.com/user/UBC#g/c/94CEF848B9790AE4""]}]}}",https://events.ubc.ca/events/category/subject-lifestyle-and-sport-spirituality/,"{""self"": ""https://events.ubc.ca/wp-json/tribe/events/v1/categories/149"", ""collection"": ""https://events.ubc.ca/wp-json/tribe/events/v1/categories""}"
150,172,,Subject – Lifestyle And Sport – Wellness,subject-lifestyle-and-sport-wellness,tribe_events_cat,0,[],"<!-- This site is optimized with the Yoast SEO plugin v28.2 - https://yoast.com/product/yoast-seo-wordpress/ -->
<title>Subject – Lifestyle And Sport – Wellness Archives - UBCevents</title>
<meta name=""robots"" content=""index, follow, max-snippet:-1, max-image-preview:large, max-video-preview:-1"" />
<link rel=""canonical"" href=""https://events.ubc.ca/events/category/subject-lifestyle-and-sport-wellness/"" />
<meta property=""og:locale"" content=""en_US"" />
<meta property=""og:type"" content=""article"" />
<meta property=""og:title"" content=""Subject – Lifestyle And Sport – Wellness Archives - UBCevents"" />
<meta property=""og:url"" content=""https://events.ubc.ca/events/category/subject-lifestyle-and-sport-wellness/"" />
<meta property=""og:site_name"" content=""UBCevents"" />
<meta name=""twitter:card"" content=""summary_large_image"" />
<meta name=""twitter:site"" content=""@ubcevents"" />
<script type=""application/ld+json"" class=""yoast-schema-graph"">{""@context"":""https:\/\/schema.org"",""@graph"":[{""@type"":""CollectionPage"",""@id"":""https:\/\/events.ubc.ca\/events\/category\/subject-lifestyle-and-sport-wellness\/"",""url"":""https:\/\/events.ubc.ca\/events\/category\/subject-lifestyle-and-sport-wellness\/"",""name"":""Subject – Lifestyle And Sport – Wellness Archives - UBCevents"",""isPartOf"":{""@id"":""https:\/\/events.ubc.ca\/#website""},""breadcrumb"":{""@id"":""https:\/\/events.ubc.ca\/events\/category\/subject-lifestyle-and-sport-wellness\/#breadcrumb""},""inLanguage"":""en-US""},{""@type"":""BreadcrumbList"",""@id"":""https:\/\/events.ubc.ca\/events\/category\/subject-lifestyle-and-sport-wellness\/#breadcrumb"",""itemListElement"":[{""@type"":""ListItem"",""position"":1,""name"":""Home"",""item"":""https:\/\/events.ubc.ca\/""},{""@type"":""ListItem"",""position"":2,""name"":""Subject – Lifestyle And Sport – Wellness""}]},{""@type"":""WebSite"",""@id"":""https:\/\/events.ubc.ca\/#website"",""url"":""https:\/\/events.ubc.ca\/"",""name"":""UBC Events"",""description"":"""",""publisher"":{""@id"":""https:\/\/events.ubc.ca\/#organization""},""potentialAction"":[{""@type"":""SearchAction"",""target"":{""@type"":""EntryPoint"",""urlTemplate"":""https:\/\/events.ubc.ca\/?s={search_term_string}""},""query-input"":{""@type"":""PropertyValueSpecification"",""valueRequired"":true,""valueName"":""search_term_string""}}],""inLanguage"":""en-US""},{""@type"":""Organization"",""@id"":""https:\/\/events.ubc.ca\/#organization"",""name"":""UBC events"",""url"":""https:\/\/events.ubc.ca\/"",""logo"":{""@type"":""ImageObject"",""inLanguage"":""en-US"",""@id"":""https:\/\/events.ubc.ca\/#\/schema\/logo\/image\/"",""url"":""https:\/\/events.ubc.ca\/wp-content\/uploads\/2023\/11\/ubc-logo-2018-crest-blue-rgb72.jpg"",""contentUrl"":""https:\/\/events.ubc.ca\/wp-content\/uploads\/2023\/11\/ubc-logo-2018-crest-blue-rgb72.jpg"",""width"":99,""height"":135,""caption"":""UBC events""},""image"":{""@id"":""https:\/\/events.ubc.ca\/#\/schema\/logo\/image\/""},""sameAs"":[""https:\/\/www.facebook.com\/universityofbc\/"",""https:\/\/x.com\/ubcevents"",""https:\/\/www.youtube.com\/user\/UBC#g\/c\/94CEF848B9790AE4""]}]}</script>
<!-- / Yoast SEO plugin. -->","{""title"": ""Subject – Lifestyle And Sport – Wellness Archives - UBCevents"", ""robots"": {""index"": ""index"", ""follow"": ""follow"", ""max-snippet"": ""max-snippet:-1"", ""max-image-preview"": ""max-image-preview:large"", ""max-video-preview"": ""max-video-preview:-1""}, ""canonical"": ""https://events.ubc.ca/events/category/subject-lifestyle-and-sport-wellness/"", ""og_locale"": ""en_US"", ""og_type"": ""article"", ""og_title"": ""Subject – Lifestyle And Sport – Wellness Archives - UBCevents"", ""og_url"": ""https://events.ubc.ca/events/category/subject-lifestyle-and-sport-wellness/"", ""og_site_name"": ""UBCevents"", ""twitter_card"": ""summary_large_image"", ""twitter_site"": ""@ubcevents"", ""schema"": {""@context"": ""https://schema.org"", ""@graph"": [{""@type"": ""CollectionPage"", ""@id"": ""https://events.ubc.ca/events/category/subject-lifestyle-and-sport-wellness/"", ""url"": ""https://events.ubc.ca/events/category/subject-lifestyle-and-sport-wellness/"", ""name"": ""Subject – Lifestyle And Sport – Wellness Archives - UBCevents"", ""isPartOf"": {""@id"": ""https://events.ubc.ca/#website""}, ""breadcrumb"": {""@id"": ""https://events.ubc.ca/events/category/subject-lifestyle-and-sport-wellness/#breadcrumb""}, ""inLanguage"": ""en-US""}, {""@type"": ""BreadcrumbList"", ""@id"": ""https://events.ubc.ca/events/category/subject-lifestyle-and-sport-wellness/#breadcrumb"", ""itemListElement"": [{""@type"": ""ListItem"", ""position"": 1, ""name"": ""Home"", ""item"": ""https://events.ubc.ca/""}, {""@type"": ""ListItem"", ""position"": 2, ""name"": ""Subject – Lifestyle And Sport – Wellness""}]}, {""@type"": ""WebSite"", ""@id"": ""https://events.ubc.ca/#website"", ""url"": ""https://events.ubc.ca/"", ""name"": ""UBC Events"", ""description"": """", ""publisher"": {""@id"": ""https://events.ubc.ca/#organization""}, ""potentialAction"": [{""@type"": ""SearchAction"", ""target"": {""@type"": ""EntryPoint"", ""urlTemplate"": ""https://events.ubc.ca/?s={search_term_string}""}, ""query-input"": {""@type"": ""PropertyValueSpecification"", ""valueRequired"": true, ""valueName"": ""search_term_string""}}], ""inLanguage"": ""en-US""}, {""@type"": ""Organization"", ""@id"": ""https://events.ubc.ca/#organization"", ""name"": ""UBC events"", ""url"": ""https://events.ubc.ca/"", ""logo"": {""@type"": ""ImageObject"", ""inLanguage"": ""en-US"", ""@id"": ""https://events.ubc.ca/#/schema/logo/image/"", ""url"": ""https://events.ubc.ca/wp-content/uploads/2023/11/ubc-logo-2018-crest-blue-rgb72.jpg"", ""contentUrl"": ""https://events.ubc.ca/wp-content/uploads/2023/11/ubc-logo-2018-crest-blue-rgb72.jpg"", ""width"": 99, ""height"": 135, ""caption"": ""UBC events""}, ""image"": {""@id"": ""https://events.ubc.ca/#/schema/logo/image/""}, ""sameAs"": [""https://www.facebook.com/universityofbc/"", ""https://x.com/ubcevents"", ""https://www.youtube.com/user/UBC#g/c/94CEF848B9790AE4""]}]}}",https://events.ubc.ca/events/category/subject-lifestyle-and-sport-wellness/,"{""self"": ""https://events.ubc.ca/wp-json/tribe/events/v1/categories/150"", ""collection"": ""https://events.ubc.ca/wp-json/tribe/events/v1/categories""}"
151,21,,Subject – Orientations,subject-orientations,tribe_events_cat,0,[],"<!-- This site is optimized with the Yoast SEO plugin v28.2 - https://yoast.com/product/yoast-seo-wordpress/ -->
<title>Subject – Orientations Archives - UBCevents</title>
<meta name=""robots"" content=""index, follow, max-snippet:-1, max-image-preview:large, max-video-preview:-1"" />
<link rel=""canonical"" href=""https://events.ubc.ca/events/category/subject-orientations/"" />
<meta property=""og:locale"" content=""en_US"" />
<meta property=""og:type"" content=""article"" />
<meta property=""og:title"" content=""Subject – Orientations Archives - UBCevents"" />
<meta property=""og:url"" content=""https://events.ubc.ca/events/category/subject-orientations/"" />
<meta property=""og:site_name"" content=""UBCevents"" />
<meta name=""twitter:card"" content=""summary_large_image"" />
<meta name=""twitter:site"" content=""@ubcevents"" />
<script type=""application/ld+json"" class=""yoast-schema-graph"">{""@context"":""https:\/\/schema.org"",""@graph"":[{""@type"":""CollectionPage"",""@id"":""https:\/\/events.ubc.ca\/events\/category\/subject-orientations\/"",""url"":""https:\/\/events.ubc.ca\/events\/category\/subject-orientations\/"",""name"":""Subject – Orientations Archives - UBCevents"",""isPartOf"":{""@id"":""https:\/\/events.ubc.ca\/#website""},""breadcrumb"":{""@id"":""https:\/\/events.ubc.ca\/events\/category\/subject-orientations\/#breadcrumb""},""inLanguage"":""en-US""},{""@type"":""BreadcrumbList"",""@id"":""https:\/\/events.ubc.ca\/events\/category\/subject-orientations\/#breadcrumb"",""itemListElement"":[{""@type"":""ListItem"",""position"":1,""name"":""Home"",""item"":""https:\/\/events.ubc.ca\/""},{""@type"":""ListItem"",""position"":2,""name"":""Subject – Orientations""}]},{""@type"":""WebSite"",""@id"":""https:\/\/events.ubc.ca\/#website"",""url"":""https:\/\/events.ubc.ca\/"",""name"":""UBC Events"",""description"":"""",""publisher"":{""@id"":""https:\/\/events.ubc.ca\/#organization""},""potentialAction"":[{""@type"":""SearchAction"",""target"":{""@type"":""EntryPoint"",""urlTemplate"":""https:\/\/events.ubc.ca\/?s={search_term_string}""},""query-input"":{""@type"":""PropertyValueSpecification"",""valueRequired"":true,""valueName"":""search_term_string""}}],""inLanguage"":""en-US""},{""@type"":""Organization"",""@id"":""https:\/\/events.ubc.ca\/#organization"",""name"":""UBC events"",""url"":""https:\/\/events.ubc.ca\/"",""logo"":{""@type"":""ImageObject"",""inLanguage"":""en-US"",""@id"":""https:\/\/events.ubc.ca\/#\/schema\/logo\/image\/"",""url"":""https:\/\/events.ubc.ca\/wp-content\/uploads\/2023\/11\/ubc-logo-2018-crest-blue-rgb72.jpg"",""contentUrl"":""https:\/\/events.ubc.ca\/wp-content\/uploads\/2023\/11\/ubc-logo-2018-crest-blue-rgb72.jpg"",""width"":99,""height"":135,""caption"":""UBC events""},""image"":{""@id"":""https:\/\/events.ubc.ca\/#\/schema\/logo\/image\/""},""sameAs"":[""https:\/\/www.facebook.com\/universityofbc\/"",""https:\/\/x.com\/ubcevents"",""https:\/\/www.youtube.com\/user\/UBC#g\/c\/94CEF848B9790AE4""]}]}</script>
<!-- / Yoast SEO plugin. -->","{""title"": ""Subject – Orientations Archives - UBCevents"", ""robots"": {""index"": ""index"", ""follow"": ""follow"", ""max-snippet"": ""max-snippet:-1"", ""max-image-preview"": ""max-image-preview:large"", ""max-video-preview"": ""max-video-preview:-1""}, ""canonical"": ""https://events.ubc.ca/events/category/subject-orientations/"", ""og_locale"": ""en_US"", ""og_type"": ""article"", ""og_title"": ""Subject – Orientations Archives - UBCevents"", ""og_url"": ""https://events.ubc.ca/events/category/subject-orientations/"", ""og_site_name"": ""UBCevents"", ""twitter_card"": ""summary_large_image"", ""twitter_site"": ""@ubcevents"", ""schema"": {""@context"": ""https://schema.org"", ""@graph"": [{""@type"": ""CollectionPage"", ""@id"": ""https://events.ubc.ca/events/category/subject-orientations/"", ""url"": ""https://events.ubc.ca/events/category/subject-orientations/"", ""name"": ""Subject – Orientations Archives - UBCevents"", ""isPartOf"": {""@id"": ""https://events.ubc.ca/#website""}, ""breadcrumb"": {""@id"": ""https://events.ubc.ca/events/category/subject-orientations/#breadcrumb""}, ""inLanguage"": ""en-US""}, {""@type"": ""BreadcrumbList"", ""@id"": ""https://events.ubc.ca/events/category/subject-orientations/#breadcrumb"", ""itemListElement"": [{""@type"": ""ListItem"", ""position"": 1, ""name"": ""Home"", ""item"": ""https://events.ubc.ca/""}, {""@type"": ""ListItem"", ""position"": 2, ""name"": ""Subject – Orientations""}]}, {""@type"": ""WebSite"", ""@id"": ""https://events.ubc.ca/#website"", ""url"": ""https://events.ubc.ca/"", ""name"": ""UBC Events"", ""description"": """", ""publisher"": {""@id"": ""https://events.ubc.ca/#organization""}, ""potentialAction"": [{""@type"": ""SearchAction"", ""target"": {""@type"": ""EntryPoint"", ""urlTemplate"": ""https://events.ubc.ca/?s={search_term_string}""}, ""query-input"": {""@type"": ""PropertyValueSpecification"", ""valueRequired"": true, ""valueName"": ""search_term_string""}}], ""inLanguage"": ""en-US""}, {""@type"": ""Organization"", ""@id"": ""https://events.ubc.ca/#organization"", ""name"": ""UBC events"", ""url"": ""https://events.ubc.ca/"", ""logo"": {""@type"": ""ImageObject"", ""inLanguage"": ""en-US"", ""@id"": ""https://events.ubc.ca/#/schema/logo/image/"", ""url"": ""https://events.ubc.ca/wp-content/uploads/2023/11/ubc-logo-2018-crest-blue-rgb72.jpg"", ""contentUrl"": ""https://events.ubc.ca/wp-content/uploads/2023/11/ubc-logo-2018-crest-blue-rgb72.jpg"", ""width"": 99, ""height"": 135, ""caption"": ""UBC events""}, ""image"": {""@id"": ""https://events.ubc.ca/#/schema/logo/image/""}, ""sameAs"": [""https://www.facebook.com/universityofbc/"", ""https://x.com/ubcevents"", ""https://www.youtube.com/user/UBC#g/c/94CEF848B9790AE4""]}]}}",https://events.ubc.ca/events/category/subject-orientations/,"{""self"": ""https://events.ubc.ca/wp-json/tribe/events/v1/categories/151"", ""collection"": ""https://events.ubc.ca/wp-json/tribe/events/v1/categories""}"
152,258,,Subject – Personal And Professional Development – Community,subject-personal-and-professional-development-community,tribe_events_cat,0,[],"<!-- This site is optimized with the Yoast SEO plugin v28.2 - https://yoast.com/product/yoast-seo-wordpress/ -->
<title>Subject – Personal And Professional Development – Community Archives - UBCevents</title>
<meta name=""robots"" content=""index, follow, max-snippet:-1, max-image-preview:large, max-video-preview:-1"" />
<link rel=""canonical"" href=""https://events.ubc.ca/events/category/subject-personal-and-professional-development-community/"" />
<meta property=""og:locale"" content=""en_US"" />
<meta property=""og:type"" content=""article"" />
<meta property=""og:title"" content=""Subject – Personal And Professional Development – Community Archives - UBCevents"" />
<meta property=""og:url"" content=""https://events.ubc.ca/events/category/subject-personal-and-professional-development-community/"" />
<meta property=""og:site_name"" content=""UBCevents"" />
<meta name=""twitter:card"" content=""summary_large_image"" />
<meta name=""twitter:site"" content=""@ubcevents"" />
<script type=""application/ld+json"" class=""yoast-schema-graph"">{""@context"":""https:\/\/schema.org"",""@graph"":[{""@type"":""CollectionPage"",""@id"":""https:\/\/events.ubc.ca\/events\/category\/subject-personal-and-professional-development-community\/"",""url"":""https:\/\/events.ubc.ca\/events\/category\/subject-personal-and-professional-development-community\/"",""name"":""Subject – Personal And Professional Development – Community Archives - UBCevents"",""isPartOf"":{""@id"":""https:\/\/events.ubc.ca\/#website""},""breadcrumb"":{""@id"":""https:\/\/events.ubc.ca\/events\/category\/subject-personal-and-professional-development-community\/#breadcrumb""},""inLanguage"":""en-US""},{""@type"":""BreadcrumbList"",""@id"":""https:\/\/events.ubc.ca\/events\/category\/subject-personal-and-professional-development-community\/#breadcrumb"",""itemListElement"":[{""@type"":""ListItem"",""position"":1,""name"":""Home"",""item"":""https:\/\/events.ubc.ca\/""},{""@type"":""ListItem"",""position"":2,""name"":""Subject – Personal And Professional Development – Community""}]},{""@type"":""WebSite"",""@id"":""https:\/\/events.ubc.ca\/#website"",""url"":""https:\/\/events.ubc.ca\/"",""name"":""UBC Events"",""description"":"""",""publisher"":{""@id"":""https:\/\/events.ubc.ca\/#organization""},""potentialAction"":[{""@type"":""SearchAction"",""target"":{""@type"":""EntryPoint"",""urlTemplate"":""https:\/\/events.ubc.ca\/?s={search_term_string}""},""query-input"":{""@type"":""PropertyValueSpecification"",""valueRequired"":true,""valueName"":""search_term_string""}}],""inLanguage"":""en-US""},{""@type"":""Organization"",""@id"":""https:\/\/events.ubc.ca\/#organization"",""name"":""UBC events"",""url"":""https:\/\/events.ubc.ca\/"",""logo"":{""@type"":""ImageObject"",""inLanguage"":""en-US"",""@id"":""https:\/\/events.ubc.ca\/#\/schema\/logo\/image\/"",""url"":""https:\/\/events.ubc.ca\/wp-content\/uploads\/2023\/11\/ubc-logo-2018-crest-blue-rgb72.jpg"",""contentUrl"":""https:\/\/events.ubc.ca\/wp-content\/uploads\/2023\/11\/ubc-logo-2018-crest-blue-rgb72.jpg"",""width"":99,""height"":135,""caption"":""UBC events""},""image"":{""@id"":""https:\/\/events.ubc.ca\/#\/schema\/logo\/image\/""},""sameAs"":[""https:\/\/www.facebook.com\/universityofbc\/"",""https:\/\/x.com\/ubcevents"",""https:\/\/www.youtube.com\/user\/UBC#g\/c\/94CEF848B9790AE4""]}]}</script>
<!-- / Yoast SEO plugin. -->","{""title"": ""Subject – Personal And Professional Development – Community Archives - UBCevents"", ""robots"": {""index"": ""index"", ""follow"": ""follow"", ""max-snippet"": ""max-snippet:-1"", ""max-image-preview"": ""max-image-preview:large"", ""max-video-preview"": ""max-video-preview:-1""}, ""canonical"": ""https://events.ubc.ca/events/category/subject-personal-and-professional-development-community/"", ""og_locale"": ""en_US"", ""og_type"": ""article"", ""og_title"": ""Subject – Personal And Professional Development – Community Archives - UBCevents"", ""og_url"": ""https://events.ubc.ca/events/category/subject-personal-and-professional-development-community/"", ""og_site_name"": ""UBCevents"", ""twitter_card"": ""summary_large_image"", ""twitter_site"": ""@ubcevents"", ""schema"": {""@context"": ""https://schema.org"", ""@graph"": [{""@type"": ""CollectionPage"", ""@id"": ""https://events.ubc.ca/events/category/subject-personal-and-professional-development-community/"", ""url"": ""https://events.ubc.ca/events/category/subject-personal-and-professional-development-community/"", ""name"": ""Subject – Personal And Professional Development – Community Archives - UBCevents"", ""isPartOf"": {""@id"": ""https://events.ubc.ca/#website""}, ""breadcrumb"": {""@id"": ""https://events.ubc.ca/events/category/subject-personal-and-professional-development-community/#breadcrumb""}, ""inLanguage"": ""en-US""}, {""@type"": ""BreadcrumbList"", ""@id"": ""https://events.ubc.ca/events/category/subject-personal-and-professional-development-community/#breadcrumb"", ""itemListElement"": [{""@type"": ""ListItem"", ""position"": 1, ""name"": ""Home"", ""item"": ""https://events.ubc.ca/""}, {""@type"": ""ListItem"", ""position"": 2, ""name"": ""Subject – Personal And Professional Development – Community""}]}, {""@type"": ""WebSite"", ""@id"": ""https://events.ubc.ca/#website"", ""url"": ""https://events.ubc.ca/"", ""name"": ""UBC Events"", ""description"": """", ""publisher"": {""@id"": ""https://events.ubc.ca/#organization""}, ""potentialAction"": [{""@type"": ""SearchAction"", ""target"": {""@type"": ""EntryPoint"", ""urlTemplate"": ""https://events.ubc.ca/?s={search_term_string}""}, ""query-input"": {""@type"": ""PropertyValueSpecification"", ""valueRequired"": true, ""valueName"": ""search_term_string""}}], ""inLanguage"": ""en-US""}, {""@type"": ""Organization"", ""@id"": ""https://events.ubc.ca/#organization"", ""name"": ""UBC events"", ""url"": ""https://events.ubc.ca/"", ""logo"": {""@type"": ""ImageObject"", ""inLanguage"": ""en-US"", ""@id"": ""https://events.ubc.ca/#/schema/logo/image/"", ""url"": ""https://events.ubc.ca/wp-content/uploads/2023/11/ubc-logo-2018-crest-blue-rgb72.jpg"", ""contentUrl"": ""https://events.ubc.ca/wp-content/uploads/2023/11/ubc-logo-2018-crest-blue-rgb72.jpg"", ""width"": 99, ""height"": 135, ""caption"": ""UBC events""}, ""image"": {""@id"": ""https://events.ubc.ca/#/schema/logo/image/""}, ""sameAs"": [""https://www.facebook.com/universityofbc/"", ""https://x.com/ubcevents"", ""https://www.youtube.com/user/UBC#g/c/94CEF848B9790AE4""]}]}}",https://events.ubc.ca/events/category/subject-personal-and-professional-development-community/,"{""self"": ""https://events.ubc.ca/wp-json/tribe/events/v1/categories/152"", ""collection"": ""https://events.ubc.ca/wp-json/tribe/events/v1/categories""}"
153,667,,Subject – Personal And Professional Development – Faculty,subject-personal-and-professional-development-faculty,tribe_events_cat,0,[],"<!-- This site is optimized with the Yoast SEO plugin v28.2 - https://yoast.com/product/yoast-seo-wordpress/ -->
<title>Subject – Personal And Professional Development – Faculty Archives - UBCevents</title>
<meta name=""robots"" content=""index, follow, max-snippet:-1, max-image-preview:large, max-video-preview:-1"" />
<link rel=""canonical"" href=""https://events.ubc.ca/events/category/subject-personal-and-professional-development-faculty/"" />
<meta property=""og:locale"" content=""en_US"" />
<meta property=""og:type"" content=""article"" />
<meta property=""og:title"" content=""Subject – Personal And Professional Development – Faculty Archives - UBCevents"" />
<meta property=""og:url"" content=""https://events.ubc.ca/events/category/subject-personal-and-professional-development-faculty/"" />
<meta property=""og:site_name"" content=""UBCevents"" />
<meta name=""twitter:card"" content=""summary_large_image"" />
<meta name=""twitter:site"" content=""@ubcevents"" />
<script type=""application/ld+json"" class=""yoast-schema-graph"">{""@context"":""https:\/\/schema.org"",""@graph"":[{""@type"":""CollectionPage"",""@id"":""https:\/\/events.ubc.ca\/events\/category\/subject-personal-and-professional-development-faculty\/"",""url"":""https:\/\/events.ubc.ca\/events\/category\/subject-personal-and-professional-development-faculty\/"",""name"":""Subject – Personal And Professional Development – Faculty Archives - UBCevents"",""isPartOf"":{""@id"":""https:\/\/events.ubc.ca\/#website""},""breadcrumb"":{""@id"":""https:\/\/events.ubc.ca\/events\/category\/subject-personal-and-professional-development-faculty\/#breadcrumb""},""inLanguage"":""en-US""},{""@type"":""BreadcrumbList"",""@id"":""https:\/\/events.ubc.ca\/events\/category\/subject-personal-and-professional-development-faculty\/#breadcrumb"",""itemListElement"":[{""@type"":""ListItem"",""position"":1,""name"":""Home"",""item"":""https:\/\/events.ubc.ca\/""},{""@type"":""ListItem"",""position"":2,""name"":""Subject – Personal And Professional Development – Faculty""}]},{""@type"":""WebSite"",""@id"":""https:\/\/events.ubc.ca\/#website"",""url"":""https:\/\/events.ubc.ca\/"",""name"":""UBC Events"",""description"":"""",""publisher"":{""@id"":""https:\/\/events.ubc.ca\/#organization""},""potentialAction"":[{""@type"":""SearchAction"",""target"":{""@type"":""EntryPoint"",""urlTemplate"":""https:\/\/events.ubc.ca\/?s={search_term_string}""},""query-input"":{""@type"":""PropertyValueSpecification"",""valueRequired"":true,""valueName"":""search_term_string""}}],""inLanguage"":""en-US""},{""@type"":""Organization"",""@id"":""https:\/\/events.ubc.ca\/#organization"",""name"":""UBC events"",""url"":""https:\/\/events.ubc.ca\/"",""logo"":{""@type"":""ImageObject"",""inLanguage"":""en-US"",""@id"":""https:\/\/events.ubc.ca\/#\/schema\/logo\/image\/"",""url"":""https:\/\/events.ubc.ca\/wp-content\/uploads\/2023\/11\/ubc-logo-2018-crest-blue-rgb72.jpg"",""contentUrl"":""https:\/\/events.ubc.ca\/wp-content\/uploads\/2023\/11\/ubc-logo-2018-crest-blue-rgb72.jpg"",""width"":99,""height"":135,""caption"":""UBC events""},""image"":{""@id"":""https:\/\/events.ubc.ca\/#\/schema\/logo\/image\/""},""sameAs"":[""https:\/\/www.facebook.com\/universityofbc\/"",""https:\/\/x.com\/ubcevents"",""https:\/\/www.youtube.com\/user\/UBC#g\/c\/94CEF848B9790AE4""]}]}</script>
<!-- / Yoast SEO plugin. -->","{""title"": ""Subject – Personal And Professional Development – Faculty Archives - UBCevents"", ""robots"": {""index"": ""index"", ""follow"": ""follow"", ""max-snippet"": ""max-snippet:-1"", ""max-image-preview"": ""max-image-preview:large"", ""max-video-preview"": ""max-video-preview:-1""}, ""canonical"": ""https://events.ubc.ca/events/category/subject-personal-and-professional-development-faculty/"", ""og_locale"": ""en_US"", ""og_type"": ""article"", ""og_title"": ""Subject – Personal And Professional Development – Faculty Archives - UBCevents"", ""og_url"": ""https://events.ubc.ca/events/category/subject-personal-and-professional-development-faculty/"", ""og_site_name"": ""UBCevents"", ""twitter_card"": ""summary_large_image"", ""twitter_site"": ""@ubcevents"", ""schema"": {""@context"": ""https://schema.org"", ""@graph"": [{""@type"": ""CollectionPage"", ""@id"": ""https://events.ubc.ca/events/category/subject-personal-and-professional-development-faculty/"", ""url"": ""https://events.ubc.ca/events/category/subject-personal-and-professional-development-faculty/"", ""name"": ""Subject – Personal And Professional Development – Faculty Archives - UBCevents"", ""isPartOf"": {""@id"": ""https://events.ubc.ca/#website""}, ""breadcrumb"": {""@id"": ""https://events.ubc.ca/events/category/subject-personal-and-professional-development-faculty/#breadcrumb""}, ""inLanguage"": ""en-US""}, {""@type"": ""BreadcrumbList"", ""@id"": ""https://events.ubc.ca/events/category/subject-personal-and-professional-development-faculty/#breadcrumb"", ""itemListElement"": [{""@type"": ""ListItem"", ""position"": 1, ""name"": ""Home"", ""item"": ""https://events.ubc.ca/""}, {""@type"": ""ListItem"", ""position"": 2, ""name"": ""Subject – Personal And Professional Development – Faculty""}]}, {""@type"": ""WebSite"", ""@id"": ""https://events.ubc.ca/#website"", ""url"": ""https://events.ubc.ca/"", ""name"": ""UBC Events"", ""description"": """", ""publisher"": {""@id"": ""https://events.ubc.ca/#organization""}, ""potentialAction"": [{""@type"": ""SearchAction"", ""target"": {""@type"": ""EntryPoint"", ""urlTemplate"": ""https://events.ubc.ca/?s={search_term_string}""}, ""query-input"": {""@type"": ""PropertyValueSpecification"", ""valueRequired"": true, ""valueName"": ""search_term_string""}}], ""inLanguage"": ""en-US""}, {""@type"": ""Organization"", ""@id"": ""https://events.ubc.ca/#organization"", ""name"": ""UBC events"", ""url"": ""https://events.ubc.ca/"", ""logo"": {""@type"": ""ImageObject"", ""inLanguage"": ""en-US"", ""@id"": ""https://events.ubc.ca/#/schema/logo/image/"", ""url"": ""https://events.ubc.ca/wp-content/uploads/2023/11/ubc-logo-2018-crest-blue-rgb72.jpg"", ""contentUrl"": ""https://events.ubc.ca/wp-content/uploads/2023/11/ubc-logo-2018-crest-blue-rgb72.jpg"", ""width"": 99, ""height"": 135, ""caption"": ""UBC events""}, ""image"": {""@id"": ""https://events.ubc.ca/#/schema/logo/image/""}, ""sameAs"": [""https://www.facebook.com/universityofbc/"", ""https://x.com/ubcevents"", ""https://www.youtube.com/user/UBC#g/c/94CEF848B9790AE4""]}]}}",https://events.ubc.ca/events/category/subject-personal-and-professional-development-faculty/,"{""self"": ""https://events.ubc.ca/wp-json/tribe/events/v1/categories/153"", ""collection"": ""https://events.ubc.ca/wp-json/tribe/events/v1/categories""}"
154,491,,Subject – Personal And Professional Development – Staff,subject-personal-and-professional-development-staff,tribe_events_cat,0,[],"<!-- This site is optimized with the Yoast SEO plugin v28.2 - https://yoast.com/product/yoast-seo-wordpress/ -->
<title>Subject – Personal And Professional Development – Staff Archives - UBCevents</title>
<meta name=""robots"" content=""index, follow, max-snippet:-1, max-image-preview:large, max-video-preview:-1"" />
<link rel=""canonical"" href=""https://events.ubc.ca/events/category/subject-personal-and-professional-development-staff/"" />
<meta property=""og:locale"" content=""en_US"" />
<meta property=""og:type"" content=""article"" />
<meta property=""og:title"" content=""Subject – Personal And Professional Development – Staff Archives - UBCevents"" />
<meta property=""og:url"" content=""https://events.ubc.ca/events/category/subject-personal-and-professional-development-staff/"" />
<meta property=""og:site_name"" content=""UBCevents"" />
<meta name=""twitter:card"" content=""summary_large_image"" />
<meta name=""twitter:site"" content=""@ubcevents"" />
<script type=""application/ld+json"" class=""yoast-schema-graph"">{""@context"":""https:\/\/schema.org"",""@graph"":[{""@type"":""CollectionPage"",""@id"":""https:\/\/events.ubc.ca\/events\/category\/subject-personal-and-professional-development-staff\/"",""url"":""https:\/\/events.ubc.ca\/events\/category\/subject-personal-and-professional-development-staff\/"",""name"":""Subject – Personal And Professional Development – Staff Archives - UBCevents"",""isPartOf"":{""@id"":""https:\/\/events.ubc.ca\/#website""},""breadcrumb"":{""@id"":""https:\/\/events.ubc.ca\/events\/category\/subject-personal-and-professional-development-staff\/#breadcrumb""},""inLanguage"":""en-US""},{""@type"":""BreadcrumbList"",""@id"":""https:\/\/events.ubc.ca\/events\/category\/subject-personal-and-professional-development-staff\/#breadcrumb"",""itemListElement"":[{""@type"":""ListItem"",""position"":1,""name"":""Home"",""item"":""https:\/\/events.ubc.ca\/""},{""@type"":""ListItem"",""position"":2,""name"":""Subject – Personal And Professional Development – Staff""}]},{""@type"":""WebSite"",""@id"":""https:\/\/events.ubc.ca\/#website"",""url"":""https:\/\/events.ubc.ca\/"",""name"":""UBC Events"",""description"":"""",""publisher"":{""@id"":""https:\/\/events.ubc.ca\/#organization""},""potentialAction"":[{""@type"":""SearchAction"",""target"":{""@type"":""EntryPoint"",""urlTemplate"":""https:\/\/events.ubc.ca\/?s={search_term_string}""},""query-input"":{""@type"":""PropertyValueSpecification"",""valueRequired"":true,""valueName"":""search_term_string""}}],""inLanguage"":""en-US""},{""@type"":""Organization"",""@id"":""https:\/\/events.ubc.ca\/#organization"",""name"":""UBC events"",""url"":""https:\/\/events.ubc.ca\/"",""logo"":{""@type"":""ImageObject"",""inLanguage"":""en-US"",""@id"":""https:\/\/events.ubc.ca\/#\/schema\/logo\/image\/"",""url"":""https:\/\/events.ubc.ca\/wp-content\/uploads\/2023\/11\/ubc-logo-2018-crest-blue-rgb72.jpg"",""contentUrl"":""https:\/\/events.ubc.ca\/wp-content\/uploads\/2023\/11\/ubc-logo-2018-crest-blue-rgb72.jpg"",""width"":99,""height"":135,""caption"":""UBC events""},""image"":{""@id"":""https:\/\/events.ubc.ca\/#\/schema\/logo\/image\/""},""sameAs"":[""https:\/\/www.facebook.com\/universityofbc\/"",""https:\/\/x.com\/ubcevents"",""https:\/\/www.youtube.com\/user\/UBC#g\/c\/94CEF848B9790AE4""]}]}</script>
<!-- / Yoast SEO plugin. -->","{""title"": ""Subject – Personal And Professional Development – Staff Archives - UBCevents"", ""robots"": {""index"": ""index"", ""follow"": ""follow"", ""max-snippet"": ""max-snippet:-1"", ""max-image-preview"": ""max-image-preview:large"", ""max-video-preview"": ""max-video-preview:-1""}, ""canonical"": ""https://events.ubc.ca/events/category/subject-personal-and-professional-development-staff/"", ""og_locale"": ""en_US"", ""og_type"": ""article"", ""og_title"": ""Subject – Personal And Professional Development – Staff Archives - UBCevents"", ""og_url"": ""https://events.ubc.ca/events/category/subject-personal-and-professional-development-staff/"", ""og_site_name"": ""UBCevents"", ""twitter_card"": ""summary_large_image"", ""twitter_site"": ""@ubcevents"", ""schema"": {""@context"": ""https://schema.org"", ""@graph"": [{""@type"": ""CollectionPage"", ""@id"": ""https://events.ubc.ca/events/category/subject-personal-and-professional-development-staff/"", ""url"": ""https://events.ubc.ca/events/category/subject-personal-and-professional-development-staff/"", ""name"": ""Subject – Personal And Professional Development – Staff Archives - UBCevents"", ""isPartOf"": {""@id"": ""https://events.ubc.ca/#website""}, ""breadcrumb"": {""@id"": ""https://events.ubc.ca/events/category/subject-personal-and-professional-development-staff/#breadcrumb""}, ""inLanguage"": ""en-US""}, {""@type"": ""BreadcrumbList"", ""@id"": ""https://events.ubc.ca/events/category/subject-personal-and-professional-development-staff/#breadcrumb"", ""itemListElement"": [{""@type"": ""ListItem"", ""position"": 1, ""name"": ""Home"", ""item"": ""https://events.ubc.ca/""}, {""@type"": ""ListItem"", ""position"": 2, ""name"": ""Subject – Personal And Professional Development – Staff""}]}, {""@type"": ""WebSite"", ""@id"": ""https://events.ubc.ca/#website"", ""url"": ""https://events.ubc.ca/"", ""name"": ""UBC Events"", ""description"": """", ""publisher"": {""@id"": ""https://events.ubc.ca/#organization""}, ""potentialAction"": [{""@type"": ""SearchAction"", ""target"": {""@type"": ""EntryPoint"", ""urlTemplate"": ""https://events.ubc.ca/?s={search_term_string}""}, ""query-input"": {""@type"": ""PropertyValueSpecification"", ""valueRequired"": true, ""valueName"": ""search_term_string""}}], ""inLanguage"": ""en-US""}, {""@type"": ""Organization"", ""@id"": ""https://events.ubc.ca/#organization"", ""name"": ""UBC events"", ""url"": ""https://events.ubc.ca/"", ""logo"": {""@type"": ""ImageObject"", ""inLanguage"": ""en-US"", ""@id"": ""https://events.ubc.ca/#/schema/logo/image/"", ""url"": ""https://events.ubc.ca/wp-content/uploads/2023/11/ubc-logo-2018-crest-blue-rgb72.jpg"", ""contentUrl"": ""https://events.ubc.ca/wp-content/uploads/2023/11/ubc-logo-2018-crest-blue-rgb72.jpg"", ""width"": 99, ""height"": 135, ""caption"": ""UBC events""}, ""image"": {""@id"": ""https://events.ubc.ca/#/schema/logo/image/""}, ""sameAs"": [""https://www.facebook.com/universityofbc/"", ""https://x.com/ubcevents"", ""https://www.youtube.com/user/UBC#g/c/94CEF848B9790AE4""]}]}}",https://events.ubc.ca/events/category/subject-personal-and-professional-development-staff/,"{""self"": ""https://events.ubc.ca/wp-json/tribe/events/v1/categories/154"", ""collection"": ""https://events.ubc.ca/wp-json/tribe/events/v1/categories""}"
155,1181,,Subject – Personal And Professional Development – Students,subject-personal-and-professional-development-students,tribe_events_cat,0,[],"<!-- This site is optimized with the Yoast SEO plugin v28.2 - https://yoast.com/product/yoast-seo-wordpress/ -->
<title>Subject – Personal And Professional Development – Students Archives - UBCevents</title>
<meta name=""robots"" content=""index, follow, max-snippet:-1, max-image-preview:large, max-video-preview:-1"" />
<link rel=""canonical"" href=""https://events.ubc.ca/events/category/subject-personal-and-professional-development-students/"" />
<meta property=""og:locale"" content=""en_US"" />
<meta property=""og:type"" content=""article"" />
<meta property=""og:title"" content=""Subject – Personal And Professional Development – Students Archives - UBCevents"" />
<meta property=""og:url"" content=""https://events.ubc.ca/events/category/subject-personal-and-professional-development-students/"" />
<meta property=""og:site_name"" content=""UBCevents"" />
<meta name=""twitter:card"" content=""summary_large_image"" />
<meta name=""twitter:site"" content=""@ubcevents"" />
<script type=""application/ld+json"" class=""yoast-schema-graph"">{""@context"":""https:\/\/schema.org"",""@graph"":[{""@type"":""CollectionPage"",""@id"":""https:\/\/events.ubc.ca\/events\/category\/subject-personal-and-professional-development-students\/"",""url"":""https:\/\/events.ubc.ca\/events\/category\/subject-personal-and-professional-development-students\/"",""name"":""Subject – Personal And Professional Development – Students Archives - UBCevents"",""isPartOf"":{""@id"":""https:\/\/events.ubc.ca\/#website""},""breadcrumb"":{""@id"":""https:\/\/events.ubc.ca\/events\/category\/subject-personal-and-professional-development-students\/#breadcrumb""},""inLanguage"":""en-US""},{""@type"":""BreadcrumbList"",""@id"":""https:\/\/events.ubc.ca\/events\/category\/subject-personal-and-professional-development-students\/#breadcrumb"",""itemListElement"":[{""@type"":""ListItem"",""position"":1,""name"":""Home"",""item"":""https:\/\/events.ubc.ca\/""},{""@type"":""ListItem"",""position"":2,""name"":""Subject – Personal And Professional Development – Students""}]},{""@type"":""WebSite"",""@id"":""https:\/\/events.ubc.ca\/#website"",""url"":""https:\/\/events.ubc.ca\/"",""name"":""UBC Events"",""description"":"""",""publisher"":{""@id"":""https:\/\/events.ubc.ca\/#organization""},""potentialAction"":[{""@type"":""SearchAction"",""target"":{""@type"":""EntryPoint"",""urlTemplate"":""https:\/\/events.ubc.ca\/?s={search_term_string}""},""query-input"":{""@type"":""PropertyValueSpecification"",""valueRequired"":true,""valueName"":""search_term_string""}}],""inLanguage"":""en-US""},{""@type"":""Organization"",""@id"":""https:\/\/events.ubc.ca\/#organization"",""name"":""UBC events"",""url"":""https:\/\/events.ubc.ca\/"",""logo"":{""@type"":""ImageObject"",""inLanguage"":""en-US"",""@id"":""https:\/\/events.ubc.ca\/#\/schema\/logo\/image\/"",""url"":""https:\/\/events.ubc.ca\/wp-content\/uploads\/2023\/11\/ubc-logo-2018-crest-blue-rgb72.jpg"",""contentUrl"":""https:\/\/events.ubc.ca\/wp-content\/uploads\/2023\/11\/ubc-logo-2018-crest-blue-rgb72.jpg"",""width"":99,""height"":135,""caption"":""UBC events""},""image"":{""@id"":""https:\/\/events.ubc.ca\/#\/schema\/logo\/image\/""},""sameAs"":[""https:\/\/www.facebook.com\/universityofbc\/"",""https:\/\/x.com\/ubcevents"",""https:\/\/www.youtube.com\/user\/UBC#g\/c\/94CEF848B9790AE4""]}]}</script>
<!-- / Yoast SEO plugin. -->","{""title"": ""Subject – Personal And Professional Development – Students Archives - UBCevents"", ""robots"": {""index"": ""index"", ""follow"": ""follow"", ""max-snippet"": ""max-snippet:-1"", ""max-image-preview"": ""max-image-preview:large"", ""max-video-preview"": ""max-video-preview:-1""}, ""canonical"": ""https://events.ubc.ca/events/category/subject-personal-and-professional-development-students/"", ""og_locale"": ""en_US"", ""og_type"": ""article"", ""og_title"": ""Subject – Personal And Professional Development – Students Archives - UBCevents"", ""og_url"": ""https://events.ubc.ca/events/category/subject-personal-and-professional-development-students/"", ""og_site_name"": ""UBCevents"", ""twitter_card"": ""summary_large_image"", ""twitter_site"": ""@ubcevents"", ""schema"": {""@context"": ""https://schema.org"", ""@graph"": [{""@type"": ""CollectionPage"", ""@id"": ""https://events.ubc.ca/events/category/subject-personal-and-professional-development-students/"", ""url"": ""https://events.ubc.ca/events/category/subject-personal-and-professional-development-students/"", ""name"": ""Subject – Personal And Professional Development – Students Archives - UBCevents"", ""isPartOf"": {""@id"": ""https://events.ubc.ca/#website""}, ""breadcrumb"": {""@id"": ""https://events.ubc.ca/events/category/subject-personal-and-professional-development-students/#breadcrumb""}, ""inLanguage"": ""en-US""}, {""@type"": ""BreadcrumbList"", ""@id"": ""https://events.ubc.ca/events/category/subject-personal-and-professional-development-students/#breadcrumb"", ""itemListElement"": [{""@type"": ""ListItem"", ""position"": 1, ""name"": ""Home"", ""item"": ""https://events.ubc.ca/""}, {""@type"": ""ListItem"", ""position"": 2, ""name"": ""Subject – Personal And Professional Development – Students""}]}, {""@type"": ""WebSite"", ""@id"": ""https://events.ubc.ca/#website"", ""url"": ""https://events.ubc.ca/"", ""name"": ""UBC Events"", ""description"": """", ""publisher"": {""@id"": ""https://events.ubc.ca/#organization""}, ""potentialAction"": [{""@type"": ""SearchAction"", ""target"": {""@type"": ""EntryPoint"", ""urlTemplate"": ""https://events.ubc.ca/?s={search_term_string}""}, ""query-input"": {""@type"": ""PropertyValueSpecification"", ""valueRequired"": true, ""valueName"": ""search_term_string""}}], ""inLanguage"": ""en-US""}, {""@type"": ""Organization"", ""@id"": ""https://events.ubc.ca/#organization"", ""name"": ""UBC events"", ""url"": ""https://events.ubc.ca/"", ""logo"": {""@type"": ""ImageObject"", ""inLanguage"": ""en-US"", ""@id"": ""https://events.ubc.ca/#/schema/logo/image/"", ""url"": ""https://events.ubc.ca/wp-content/uploads/2023/11/ubc-logo-2018-crest-blue-rgb72.jpg"", ""contentUrl"": ""https://events.ubc.ca/wp-content/uploads/2023/11/ubc-logo-2018-crest-blue-rgb72.jpg"", ""width"": 99, ""height"": 135, ""caption"": ""UBC events""}, ""image"": {""@id"": ""https://events.ubc.ca/#/schema/logo/image/""}, ""sameAs"": [""https://www.facebook.com/universityofbc/"", ""https://x.com/ubcevents"", ""https://www.youtube.com/user/UBC#g/c/94CEF848B9790AE4""]}]}}",https://events.ubc.ca/events/category/subject-personal-and-professional-development-students/,"{""self"": ""https://events.ubc.ca/wp-json/tribe/events/v1/categories/155"", ""collection"": ""https://events.ubc.ca/wp-json/tribe/events/v1/categories""}"
156,14,,Type – Ceremony,type-ceremony,tribe_events_cat,0,[],"<!-- This site is optimized with the Yoast SEO plugin v28.2 - https://yoast.com/product/yoast-seo-wordpress/ -->
<title>Type – Ceremony Archives - UBCevents</title>
<meta name=""robots"" content=""index, follow, max-snippet:-1, max-image-preview:large, max-video-preview:-1"" />
<link rel=""canonical"" href=""https://events.ubc.ca/events/category/type-ceremony/"" />
<meta property=""og:locale"" content=""en_US"" />
<meta property=""og:type"" content=""article"" />
<meta property=""og:title"" content=""Type – Ceremony Archives - UBCevents"" />
<meta property=""og:url"" content=""https://events.ubc.ca/events/category/type-ceremony/"" />
<meta property=""og:site_name"" content=""UBCevents"" />
<meta name=""twitter:card"" content=""summary_large_image"" />
<meta name=""twitter:site"" content=""@ubcevents"" />
<script type=""application/ld+json"" class=""yoast-schema-graph"">{""@context"":""https:\/\/schema.org"",""@graph"":[{""@type"":""CollectionPage"",""@id"":""https:\/\/events.ubc.ca\/events\/category\/type-ceremony\/"",""url"":""https:\/\/events.ubc.ca\/events\/category\/type-ceremony\/"",""name"":""Type – Ceremony Archives - UBCevents"",""isPartOf"":{""@id"":""https:\/\/events.ubc.ca\/#website""},""breadcrumb"":{""@id"":""https:\/\/events.ubc.ca\/events\/category\/type-ceremony\/#breadcrumb""},""inLanguage"":""en-US""},{""@type"":""BreadcrumbList"",""@id"":""https:\/\/events.ubc.ca\/events\/category\/type-ceremony\/#breadcrumb"",""itemListElement"":[{""@type"":""ListItem"",""position"":1,""name"":""Home"",""item"":""https:\/\/events.ubc.ca\/""},{""@type"":""ListItem"",""position"":2,""name"":""Type – Ceremony""}]},{""@type"":""WebSite"",""@id"":""https:\/\/events.ubc.ca\/#website"",""url"":""https:\/\/events.ubc.ca\/"",""name"":""UBC Events"",""description"":"""",""publisher"":{""@id"":""https:\/\/events.ubc.ca\/#organization""},""potentialAction"":[{""@type"":""SearchAction"",""target"":{""@type"":""EntryPoint"",""urlTemplate"":""https:\/\/events.ubc.ca\/?s={search_term_string}""},""query-input"":{""@type"":""PropertyValueSpecification"",""valueRequired"":true,""valueName"":""search_term_string""}}],""inLanguage"":""en-US""},{""@type"":""Organization"",""@id"":""https:\/\/events.ubc.ca\/#organization"",""name"":""UBC events"",""url"":""https:\/\/events.ubc.ca\/"",""logo"":{""@type"":""ImageObject"",""inLanguage"":""en-US"",""@id"":""https:\/\/events.ubc.ca\/#\/schema\/logo\/image\/"",""url"":""https:\/\/events.ubc.ca\/wp-content\/uploads\/2023\/11\/ubc-logo-2018-crest-blue-rgb72.jpg"",""contentUrl"":""https:\/\/events.ubc.ca\/wp-content\/uploads\/2023\/11\/ubc-logo-2018-crest-blue-rgb72.jpg"",""width"":99,""height"":135,""caption"":""UBC events""},""image"":{""@id"":""https:\/\/events.ubc.ca\/#\/schema\/logo\/image\/""},""sameAs"":[""https:\/\/www.facebook.com\/universityofbc\/"",""https:\/\/x.com\/ubcevents"",""https:\/\/www.youtube.com\/user\/UBC#g\/c\/94CEF848B9790AE4""]}]}</script>
<!-- / Yoast SEO plugin. -->","{""title"": ""Type – Ceremony Archives - UBCevents"", ""robots"": {""index"": ""index"", ""follow"": ""follow"", ""max-snippet"": ""max-snippet:-1"", ""max-image-preview"": ""max-image-preview:large"", ""max-video-preview"": ""max-video-preview:-1""}, ""canonical"": ""https://events.ubc.ca/events/category/type-ceremony/"", ""og_locale"": ""en_US"", ""og_type"": ""article"", ""og_title"": ""Type – Ceremony Archives - UBCevents"", ""og_url"": ""https://events.ubc.ca/events/category/type-ceremony/"", ""og_site_name"": ""UBCevents"", ""twitter_card"": ""summary_large_image"", ""twitter_site"": ""@ubcevents"", ""schema"": {""@context"": ""https://schema.org"", ""@graph"": [{""@type"": ""CollectionPage"", ""@id"": ""https://events.ubc.ca/events/category/type-ceremony/"", ""url"": ""https://events.ubc.ca/events/category/type-ceremony/"", ""name"": ""Type – Ceremony Archives - UBCevents"", ""isPartOf"": {""@id"": ""https://events.ubc.ca/#website""}, ""breadcrumb"": {""@id"": ""https://events.ubc.ca/events/category/type-ceremony/#breadcrumb""}, ""inLanguage"": ""en-US""}, {""@type"": ""BreadcrumbList"", ""@id"": ""https://events.ubc.ca/events/category/type-ceremony/#breadcrumb"", ""itemListElement"": [{""@type"": ""ListItem"", ""position"": 1, ""name"": ""Home"", ""item"": ""https://events.ubc.ca/""}, {""@type"": ""ListItem"", ""position"": 2, ""name"": ""Type – Ceremony""}]}, {""@type"": ""WebSite"", ""@id"": ""https://events.ubc.ca/#website"", ""url"": ""https://events.ubc.ca/"", ""name"": ""UBC Events"", ""description"": """", ""publisher"": {""@id"": ""https://events.ubc.ca/#organization""}, ""potentialAction"": [{""@type"": ""SearchAction"", ""target"": {""@type"": ""EntryPoint"", ""urlTemplate"": ""https://events.ubc.ca/?s={search_term_string}""}, ""query-input"": {""@type"": ""PropertyValueSpecification"", ""valueRequired"": true, ""valueName"": ""search_term_string""}}], ""inLanguage"": ""en-US""}, {""@type"": ""Organization"", ""@id"": ""https://events.ubc.ca/#organization"", ""name"": ""UBC events"", ""url"": ""https://events.ubc.ca/"", ""logo"": {""@type"": ""ImageObject"", ""inLanguage"": ""en-US"", ""@id"": ""https://events.ubc.ca/#/schema/logo/image/"", ""url"": ""https://events.ubc.ca/wp-content/uploads/2023/11/ubc-logo-2018-crest-blue-rgb72.jpg"", ""contentUrl"": ""https://events.ubc.ca/wp-content/uploads/2023/11/ubc-logo-2018-crest-blue-rgb72.jpg"", ""width"": 99, ""height"": 135, ""caption"": ""UBC events""}, ""image"": {""@id"": ""https://events.ubc.ca/#/schema/logo/image/""}, ""sameAs"": [""https://www.facebook.com/universityofbc/"", ""https://x.com/ubcevents"", ""https://www.youtube.com/user/UBC#g/c/94CEF848B9790AE4""]}]}}",https://events.ubc.ca/events/category/type-ceremony/,"{""self"": ""https://events.ubc.ca/wp-json/tribe/events/v1/categories/156"", ""collection"": ""https://events.ubc.ca/wp-json/tribe/events/v1/categories""}"
157,164,,Type – Concert,type-concert,tribe_events_cat,0,[],"<!-- This site is optimized with the Yoast SEO plugin v28.2 - https://yoast.com/product/yoast-seo-wordpress/ -->
<title>Type – Concert Archives - UBCevents</title>
<meta name=""robots"" content=""index, follow, max-snippet:-1, max-image-preview:large, max-video-preview:-1"" />
<link rel=""canonical"" href=""https://events.ubc.ca/events/category/type-concert/"" />
<meta property=""og:locale"" content=""en_US"" />
<meta property=""og:type"" content=""article"" />
<meta property=""og:title"" content=""Type – Concert Archives - UBCevents"" />
<meta property=""og:url"" content=""https://events.ubc.ca/events/category/type-concert/"" />
<meta property=""og:site_name"" content=""UBCevents"" />
<meta name=""twitter:card"" content=""summary_large_image"" />
<meta name=""twitter:site"" content=""@ubcevents"" />
<script type=""application/ld+json"" class=""yoast-schema-graph"">{""@context"":""https:\/\/schema.org"",""@graph"":[{""@type"":""CollectionPage"",""@id"":""https:\/\/events.ubc.ca\/events\/category\/type-concert\/"",""url"":""https:\/\/events.ubc.ca\/events\/category\/type-concert\/"",""name"":""Type – Concert Archives - UBCevents"",""isPartOf"":{""@id"":""https:\/\/events.ubc.ca\/#website""},""breadcrumb"":{""@id"":""https:\/\/events.ubc.ca\/events\/category\/type-concert\/#breadcrumb""},""inLanguage"":""en-US""},{""@type"":""BreadcrumbList"",""@id"":""https:\/\/events.ubc.ca\/events\/category\/type-concert\/#breadcrumb"",""itemListElement"":[{""@type"":""ListItem"",""position"":1,""name"":""Home"",""item"":""https:\/\/events.ubc.ca\/""},{""@type"":""ListItem"",""position"":2,""name"":""Type – Concert""}]},{""@type"":""WebSite"",""@id"":""https:\/\/events.ubc.ca\/#website"",""url"":""https:\/\/events.ubc.ca\/"",""name"":""UBC Events"",""description"":"""",""publisher"":{""@id"":""https:\/\/events.ubc.ca\/#organization""},""potentialAction"":[{""@type"":""SearchAction"",""target"":{""@type"":""EntryPoint"",""urlTemplate"":""https:\/\/events.ubc.ca\/?s={search_term_string}""},""query-input"":{""@type"":""PropertyValueSpecification"",""valueRequired"":true,""valueName"":""search_term_string""}}],""inLanguage"":""en-US""},{""@type"":""Organization"",""@id"":""https:\/\/events.ubc.ca\/#organization"",""name"":""UBC events"",""url"":""https:\/\/events.ubc.ca\/"",""logo"":{""@type"":""ImageObject"",""inLanguage"":""en-US"",""@id"":""https:\/\/events.ubc.ca\/#\/schema\/logo\/image\/"",""url"":""https:\/\/events.ubc.ca\/wp-content\/uploads\/2023\/11\/ubc-logo-2018-crest-blue-rgb72.jpg"",""contentUrl"":""https:\/\/events.ubc.ca\/wp-content\/uploads\/2023\/11\/ubc-logo-2018-crest-blue-rgb72.jpg"",""width"":99,""height"":135,""caption"":""UBC events""},""image"":{""@id"":""https:\/\/events.ubc.ca\/#\/schema\/logo\/image\/""},""sameAs"":[""https:\/\/www.facebook.com\/universityofbc\/"",""https:\/\/x.com\/ubcevents"",""https:\/\/www.youtube.com\/user\/UBC#g\/c\/94CEF848B9790AE4""]}]}</script>
<!-- / Yoast SEO plugin. -->","{""title"": ""Type – Concert Archives - UBCevents"", ""robots"": {""index"": ""index"", ""follow"": ""follow"", ""max-snippet"": ""max-snippet:-1"", ""max-image-preview"": ""max-image-preview:large"", ""max-video-preview"": ""max-video-preview:-1""}, ""canonical"": ""https://events.ubc.ca/events/category/type-concert/"", ""og_locale"": ""en_US"", ""og_type"": ""article"", ""og_title"": ""Type – Concert Archives - UBCevents"", ""og_url"": ""https://events.ubc.ca/events/category/type-concert/"", ""og_site_name"": ""UBCevents"", ""twitter_card"": ""summary_large_image"", ""twitter_site"": ""@ubcevents"", ""schema"": {""@context"": ""https://schema.org"", ""@graph"": [{""@type"": ""CollectionPage"", ""@id"": ""https://events.ubc.ca/events/category/type-concert/"", ""url"": ""https://events.ubc.ca/events/category/type-concert/"", ""name"": ""Type – Concert Archives - UBCevents"", ""isPartOf"": {""@id"": ""https://events.ubc.ca/#website""}, ""breadcrumb"": {""@id"": ""https://events.ubc.ca/events/category/type-concert/#breadcrumb""}, ""inLanguage"": ""en-US""}, {""@type"": ""BreadcrumbList"", ""@id"": ""https://events.ubc.ca/events/category/type-concert/#breadcrumb"", ""itemListElement"": [{""@type"": ""ListItem"", ""position"": 1, ""name"": ""Home"", ""item"": ""https://events.ubc.ca/""}, {""@type"": ""ListItem"", ""position"": 2, ""name"": ""Type – Concert""}]}, {""@type"": ""WebSite"", ""@id"": ""https://events.ubc.ca/#website"", ""url"": ""https://events.ubc.ca/"", ""name"": ""UBC Events"", ""description"": """", ""publisher"": {""@id"": ""https://events.ubc.ca/#organization""}, ""potentialAction"": [{""@type"": ""SearchAction"", ""target"": {""@type"": ""EntryPoint"", ""urlTemplate"": ""https://events.ubc.ca/?s={search_term_string}""}, ""query-input"": {""@type"": ""PropertyValueSpecification"", ""valueRequired"": true, ""valueName"": ""search_term_string""}}], ""inLanguage"": ""en-US""}, {""@type"": ""Organization"", ""@id"": ""https://events.ubc.ca/#organization"", ""name"": ""UBC events"", ""url"": ""https://events.ubc.ca/"", ""logo"": {""@type"": ""ImageObject"", ""inLanguage"": ""en-US"", ""@id"": ""https://events.ubc.ca/#/schema/logo/image/"", ""url"": ""https://events.ubc.ca/wp-content/uploads/2023/11/ubc-logo-2018-crest-blue-rgb72.jpg"", ""contentUrl"": ""https://events.ubc.ca/wp-content/uploads/2023/11/ubc-logo-2018-crest-blue-rgb72.jpg"", ""width"": 99, ""height"": 135, ""caption"": ""UBC events""}, ""image"": {""@id"": ""https://events.ubc.ca/#/schema/logo/image/""}, ""sameAs"": [""https://www.facebook.com/universityofbc/"", ""https://x.com/ubcevents"", ""https://www.youtube.com/user/UBC#g/c/94CEF848B9790AE4""]}]}}",https://events.ubc.ca/events/category/type-concert/,"{""self"": ""https://events.ubc.ca/wp-json/tribe/events/v1/categories/157"", ""collection"": ""https://events.ubc.ca/wp-json/tribe/events/v1/categories""}"
158,83,,Type – Conference,type-conference,tribe_events_cat,0,[],"<!-- This site is optimized with the Yoast SEO plugin v28.2 - https://yoast.com/product/yoast-seo-wordpress/ -->
<title>Type – Conference Archives - UBCevents</title>
<meta name=""robots"" content=""index, follow, max-snippet:-1, max-image-preview:large, max-video-preview:-1"" />
<link rel=""canonical"" href=""https://events.ubc.ca/events/category/type-conference/"" />
<meta property=""og:locale"" content=""en_US"" />
<meta property=""og:type"" content=""article"" />
<meta property=""og:title"" content=""Type – Conference Archives - UBCevents"" />
<meta property=""og:url"" content=""https://events.ubc.ca/events/category/type-conference/"" />
<meta property=""og:site_name"" content=""UBCevents"" />
<meta name=""twitter:card"" content=""summary_large_image"" />
<meta name=""twitter:site"" content=""@ubcevents"" />
<script type=""application/ld+json"" class=""yoast-schema-graph"">{""@context"":""https:\/\/schema.org"",""@graph"":[{""@type"":""CollectionPage"",""@id"":""https:\/\/events.ubc.ca\/events\/category\/type-conference\/"",""url"":""https:\/\/events.ubc.ca\/events\/category\/type-conference\/"",""name"":""Type – Conference Archives - UBCevents"",""isPartOf"":{""@id"":""https:\/\/events.ubc.ca\/#website""},""breadcrumb"":{""@id"":""https:\/\/events.ubc.ca\/events\/category\/type-conference\/#breadcrumb""},""inLanguage"":""en-US""},{""@type"":""BreadcrumbList"",""@id"":""https:\/\/events.ubc.ca\/events\/category\/type-conference\/#breadcrumb"",""itemListElement"":[{""@type"":""ListItem"",""position"":1,""name"":""Home"",""item"":""https:\/\/events.ubc.ca\/""},{""@type"":""ListItem"",""position"":2,""name"":""Type – Conference""}]},{""@type"":""WebSite"",""@id"":""https:\/\/events.ubc.ca\/#website"",""url"":""https:\/\/events.ubc.ca\/"",""name"":""UBC Events"",""description"":"""",""publisher"":{""@id"":""https:\/\/events.ubc.ca\/#organization""},""potentialAction"":[{""@type"":""SearchAction"",""target"":{""@type"":""EntryPoint"",""urlTemplate"":""https:\/\/events.ubc.ca\/?s={search_term_string}""},""query-input"":{""@type"":""PropertyValueSpecification"",""valueRequired"":true,""valueName"":""search_term_string""}}],""inLanguage"":""en-US""},{""@type"":""Organization"",""@id"":""https:\/\/events.ubc.ca\/#organization"",""name"":""UBC events"",""url"":""https:\/\/events.ubc.ca\/"",""logo"":{""@type"":""ImageObject"",""inLanguage"":""en-US"",""@id"":""https:\/\/events.ubc.ca\/#\/schema\/logo\/image\/"",""url"":""https:\/\/events.ubc.ca\/wp-content\/uploads\/2023\/11\/ubc-logo-2018-crest-blue-rgb72.jpg"",""contentUrl"":""https:\/\/events.ubc.ca\/wp-content\/uploads\/2023\/11\/ubc-logo-2018-crest-blue-rgb72.jpg"",""width"":99,""height"":135,""caption"":""UBC events""},""image"":{""@id"":""https:\/\/events.ubc.ca\/#\/schema\/logo\/image\/""},""sameAs"":[""https:\/\/www.facebook.com\/universityofbc\/"",""https:\/\/x.com\/ubcevents"",""https:\/\/www.youtube.com\/user\/UBC#g\/c\/94CEF848B9790AE4""]}]}</script>
<!-- / Yoast SEO plugin. -->","{""title"": ""Type – Conference Archives - UBCevents"", ""robots"": {""index"": ""index"", ""follow"": ""follow"", ""max-snippet"": ""max-snippet:-1"", ""max-image-preview"": ""max-image-preview:large"", ""max-video-preview"": ""max-video-preview:-1""}, ""canonical"": ""https://events.ubc.ca/events/category/type-conference/"", ""og_locale"": ""en_US"", ""og_type"": ""article"", ""og_title"": ""Type – Conference Archives - UBCevents"", ""og_url"": ""https://events.ubc.ca/events/category/type-conference/"", ""og_site_name"": ""UBCevents"", ""twitter_card"": ""summary_large_image"", ""twitter_site"": ""@ubcevents"", ""schema"": {""@context"": ""https://schema.org"", ""@graph"": [{""@type"": ""CollectionPage"", ""@id"": ""https://events.ubc.ca/events/category/type-conference/"", ""url"": ""https://events.ubc.ca/events/category/type-conference/"", ""name"": ""Type – Conference Archives - UBCevents"", ""isPartOf"": {""@id"": ""https://events.ubc.ca/#website""}, ""breadcrumb"": {""@id"": ""https://events.ubc.ca/events/category/type-conference/#breadcrumb""}, ""inLanguage"": ""en-US""}, {""@type"": ""BreadcrumbList"", ""@id"": ""https://events.ubc.ca/events/category/type-conference/#breadcrumb"", ""itemListElement"": [{""@type"": ""ListItem"", ""position"": 1, ""name"": ""Home"", ""item"": ""https://events.ubc.ca/""}, {""@type"": ""ListItem"", ""position"": 2, ""name"": ""Type – Conference""}]}, {""@type"": ""WebSite"", ""@id"": ""https://events.ubc.ca/#website"", ""url"": ""https://events.ubc.ca/"", ""name"": ""UBC Events"", ""description"": """", ""publisher"": {""@id"": ""https://events.ubc.ca/#organization""}, ""potentialAction"": [{""@type"": ""SearchAction"", ""target"": {""@type"": ""EntryPoint"", ""urlTemplate"": ""https://events.ubc.ca/?s={search_term_string}""}, ""query-input"": {""@type"": ""PropertyValueSpecification"", ""valueRequired"": true, ""valueName"": ""search_term_string""}}], ""inLanguage"": ""en-US""}, {""@type"": ""Organization"", ""@id"": ""https://events.ubc.ca/#organization"", ""name"": ""UBC events"", ""url"": ""https://events.ubc.ca/"", ""logo"": {""@type"": ""ImageObject"", ""inLanguage"": ""en-US"", ""@id"": ""https://events.ubc.ca/#/schema/logo/image/"", ""url"": ""https://events.ubc.ca/wp-content/uploads/2023/11/ubc-logo-2018-crest-blue-rgb72.jpg"", ""contentUrl"": ""https://events.ubc.ca/wp-content/uploads/2023/11/ubc-logo-2018-crest-blue-rgb72.jpg"", ""width"": 99, ""height"": 135, ""caption"": ""UBC events""}, ""image"": {""@id"": ""https://events.ubc.ca/#/schema/logo/image/""}, ""sameAs"": [""https://www.facebook.com/universityofbc/"", ""https://x.com/ubcevents"", ""https://www.youtube.com/user/UBC#g/c/94CEF848B9790AE4""]}]}}",https://events.ubc.ca/events/category/type-conference/,"{""self"": ""https://events.ubc.ca/wp-json/tribe/events/v1/categories/158"", ""collection"": ""https://events.ubc.ca/wp-json/tribe/events/v1/categories""}"
360,1,,"Type – Cultural, Equity and Awareness Observance",type-cultural-equity-and-awareness-observance,tribe_events_cat,358,[],"<!-- This site is optimized with the Yoast SEO plugin v28.2 - https://yoast.com/product/yoast-seo-wordpress/ -->
<title>Type – Cultural, Equity and Awareness Observance Archives - UBCevents</title>
<meta name=""robots"" content=""index, follow, max-snippet:-1, max-image-preview:large, max-video-preview:-1"" />
<link rel=""canonical"" href=""https://events.ubc.ca/events/category/type-observance/type-cultural-equity-and-awareness-observance/"" />
<meta property=""og:locale"" content=""en_US"" />
<meta property=""og:type"" content=""article"" />
<meta property=""og:title"" content=""Type – Cultural, Equity and Awareness Observance Archives - UBCevents"" />
<meta property=""og:url"" content=""https://events.ubc.ca/events/category/type-observance/type-cultural-equity-and-awareness-observance/"" />
<meta property=""og:site_name"" content=""UBCevents"" />
<meta name=""twitter:card"" content=""summary_large_image"" />
<meta name=""twitter:site"" content=""@ubcevents"" />
<script type=""application/ld+json"" class=""yoast-schema-graph"">{""@context"":""https:\/\/schema.org"",""@graph"":[{""@type"":""CollectionPage"",""@id"":""https:\/\/events.ubc.ca\/events\/category\/type-observance\/type-cultural-equity-and-awareness-observance\/"",""url"":""https:\/\/events.ubc.ca\/events\/category\/type-observance\/type-cultural-equity-and-awareness-observance\/"",""name"":""Type – Cultural, Equity and Awareness Observance Archives - UBCevents"",""isPartOf"":{""@id"":""https:\/\/events.ubc.ca\/#website""},""breadcrumb"":{""@id"":""https:\/\/events.ubc.ca\/events\/category\/type-observance\/type-cultural-equity-and-awareness-observance\/#breadcrumb""},""inLanguage"":""en-US""},{""@type"":""BreadcrumbList"",""@id"":""https:\/\/events.ubc.ca\/events\/category\/type-observance\/type-cultural-equity-and-awareness-observance\/#breadcrumb"",""itemListElement"":[{""@type"":""ListItem"",""position"":1,""name"":""Home"",""item"":""https:\/\/events.ubc.ca\/""},{""@type"":""ListItem"",""position"":2,""name"":""Type – Observance"",""item"":""https:\/\/events.ubc.ca\/events\/category\/type-observance\/""},{""@type"":""ListItem"",""position"":3,""name"":""Type – Cultural, Equity and Awareness Observance""}]},{""@type"":""WebSite"",""@id"":""https:\/\/events.ubc.ca\/#website"",""url"":""https:\/\/events.ubc.ca\/"",""name"":""UBC Events"",""description"":"""",""publisher"":{""@id"":""https:\/\/events.ubc.ca\/#organization""},""potentialAction"":[{""@type"":""SearchAction"",""target"":{""@type"":""EntryPoint"",""urlTemplate"":""https:\/\/events.ubc.ca\/?s={search_term_string}""},""query-input"":{""@type"":""PropertyValueSpecification"",""valueRequired"":true,""valueName"":""search_term_string""}}],""inLanguage"":""en-US""},{""@type"":""Organization"",""@id"":""https:\/\/events.ubc.ca\/#organization"",""name"":""UBC events"",""url"":""https:\/\/events.ubc.ca\/"",""logo"":{""@type"":""ImageObject"",""inLanguage"":""en-US"",""@id"":""https:\/\/events.ubc.ca\/#\/schema\/logo\/image\/"",""url"":""https:\/\/events.ubc.ca\/wp-content\/uploads\/2023\/11\/ubc-logo-2018-crest-blue-rgb72.jpg"",""contentUrl"":""https:\/\/events.ubc.ca\/wp-content\/uploads\/2023\/11\/ubc-logo-2018-crest-blue-rgb72.jpg"",""width"":99,""height"":135,""caption"":""UBC events""},""image"":{""@id"":""https:\/\/events.ubc.ca\/#\/schema\/logo\/image\/""},""sameAs"":[""https:\/\/www.facebook.com\/universityofbc\/"",""https:\/\/x.com\/ubcevents"",""https:\/\/www.youtube.com\/user\/UBC#g\/c\/94CEF848B9790AE4""]}]}</script>
<!-- / Yoast SEO plugin. -->","{""title"": ""Type – Cultural, Equity and Awareness Observance Archives - UBCevents"", ""robots"": {""index"": ""index"", ""follow"": ""follow"", ""max-snippet"": ""max-snippet:-1"", ""max-image-preview"": ""max-image-preview:large"", ""max-video-preview"": ""max-video-preview:-1""}, ""canonical"": ""https://events.ubc.ca/events/category/type-observance/type-cultural-equity-and-awareness-observance/"", ""og_locale"": ""en_US"", ""og_type"": ""article"", ""og_title"": ""Type – Cultural, Equity and Awareness Observance Archives - UBCevents"", ""og_url"": ""https://events.ubc.ca/events/category/type-observance/type-cultural-equity-and-awareness-observance/"", ""og_site_name"": ""UBCevents"", ""twitter_card"": ""summary_large_image"", ""twitter_site"": ""@ubcevents"", ""schema"": {""@context"": ""https://schema.org"", ""@graph"": [{""@type"": ""CollectionPage"", ""@id"": ""https://events.ubc.ca/events/category/type-observance/type-cultural-equity-and-awareness-observance/"", ""url"": ""https://events.ubc.ca/events/category/type-observance/type-cultural-equity-and-awareness-observance/"", ""name"": ""Type – Cultural, Equity and Awareness Observance Archives - UBCevents"", ""isPartOf"": {""@id"": ""https://events.ubc.ca/#website""}, ""breadcrumb"": {""@id"": ""https://events.ubc.ca/events/category/type-observance/type-cultural-equity-and-awareness-observance/#breadcrumb""}, ""inLanguage"": ""en-US""}, {""@type"": ""BreadcrumbList"", ""@id"": ""https://events.ubc.ca/events/category/type-observance/type-cultural-equity-and-awareness-observance/#breadcrumb"", ""itemListElement"": [{""@type"": ""ListItem"", ""position"": 1, ""name"": ""Home"", ""item"": ""https://events.ubc.ca/""}, {""@type"": ""ListItem"", ""position"": 2, ""name"": ""Type – Observance"", ""item"": ""https://events.ubc.ca/events/category/type-observance/""}, {""@type"": ""ListItem"", ""position"": 3, ""name"": ""Type – Cultural, Equity and Awareness Observance""}]}, {""@type"": ""WebSite"", ""@id"": ""https://events.ubc.ca/#website"", ""url"": ""https://events.ubc.ca/"", ""name"": ""UBC Events"", ""description"": """", ""publisher"": {""@id"": ""https://events.ubc.ca/#organization""}, ""potentialAction"": [{""@type"": ""SearchAction"", ""target"": {""@type"": ""EntryPoint"", ""urlTemplate"": ""https://events.ubc.ca/?s={search_term_string}""}, ""query-input"": {""@type"": ""PropertyValueSpecification"", ""valueRequired"": true, ""valueName"": ""search_term_string""}}], ""inLanguage"": ""en-US""}, {""@type"": ""Organization"", ""@id"": ""https://events.ubc.ca/#organization"", ""name"": ""UBC events"", ""url"": ""https://events.ubc.ca/"", ""logo"": {""@type"": ""ImageObject"", ""inLanguage"": ""en-US"", ""@id"": ""https://events.ubc.ca/#/schema/logo/image/"", ""url"": ""https://events.ubc.ca/wp-content/uploads/2023/11/ubc-logo-2018-crest-blue-rgb72.jpg"", ""contentUrl"": ""https://events.ubc.ca/wp-content/uploads/2023/11/ubc-logo-2018-crest-blue-rgb72.jpg"", ""width"": 99, ""height"": 135, ""caption"": ""UBC events""}, ""image"": {""@id"": ""https://events.ubc.ca/#/schema/logo/image/""}, ""sameAs"": [""https://www.facebook.com/universityofbc/"", ""https://x.com/ubcevents"", ""https://www.youtube.com/user/UBC#g/c/94CEF848B9790AE4""]}]}}",https://events.ubc.ca/events/category/type-observance/type-cultural-equity-and-awareness-observance/,"{""self"": ""https://events.ubc.ca/wp-json/tribe/events/v1/categories/360"", ""collection"": ""https://events.ubc.ca/wp-json/tribe/events/v1/categories"", ""up"": ""https://events.ubc.ca/wp-json/tribe/events/v1/categories/358""}"
159,53,,Type – Exhibit,type-exhibit,tribe_events_cat,0,[],"<!-- This site is optimized with the Yoast SEO plugin v28.2 - https://yoast.com/product/yoast-seo-wordpress/ -->
<title>Type – Exhibit Archives - UBCevents</title>
<meta name=""robots"" content=""index, follow, max-snippet:-1, max-image-preview:large, max-video-preview:-1"" />
<link rel=""canonical"" href=""https://events.ubc.ca/events/category/type-exhibit/"" />
<meta property=""og:locale"" content=""en_US"" />
<meta property=""og:type"" content=""article"" />
<meta property=""og:title"" content=""Type – Exhibit Archives - UBCevents"" />
<meta property=""og:url"" content=""https://events.ubc.ca/events/category/type-exhibit/"" />
<meta property=""og:site_name"" content=""UBCevents"" />
<meta name=""twitter:card"" content=""summary_large_image"" />
<meta name=""twitter:site"" content=""@ubcevents"" />
<script type=""application/ld+json"" class=""yoast-schema-graph"">{""@context"":""https:\/\/schema.org"",""@graph"":[{""@type"":""CollectionPage"",""@id"":""https:\/\/events.ubc.ca\/events\/category\/type-exhibit\/"",""url"":""https:\/\/events.ubc.ca\/events\/category\/type-exhibit\/"",""name"":""Type – Exhibit Archives - UBCevents"",""isPartOf"":{""@id"":""https:\/\/events.ubc.ca\/#website""},""breadcrumb"":{""@id"":""https:\/\/events.ubc.ca\/events\/category\/type-exhibit\/#breadcrumb""},""inLanguage"":""en-US""},{""@type"":""BreadcrumbList"",""@id"":""https:\/\/events.ubc.ca\/events\/category\/type-exhibit\/#breadcrumb"",""itemListElement"":[{""@type"":""ListItem"",""position"":1,""name"":""Home"",""item"":""https:\/\/events.ubc.ca\/""},{""@type"":""ListItem"",""position"":2,""name"":""Type – Exhibit""}]},{""@type"":""WebSite"",""@id"":""https:\/\/events.ubc.ca\/#website"",""url"":""https:\/\/events.ubc.ca\/"",""name"":""UBC Events"",""description"":"""",""publisher"":{""@id"":""https:\/\/events.ubc.ca\/#organization""},""potentialAction"":[{""@type"":""SearchAction"",""target"":{""@type"":""EntryPoint"",""urlTemplate"":""https:\/\/events.ubc.ca\/?s={search_term_string}""},""query-input"":{""@type"":""PropertyValueSpecification"",""valueRequired"":true,""valueName"":""search_term_string""}}],""inLanguage"":""en-US""},{""@type"":""Organization"",""@id"":""https:\/\/events.ubc.ca\/#organization"",""name"":""UBC events"",""url"":""https:\/\/events.ubc.ca\/"",""logo"":{""@type"":""ImageObject"",""inLanguage"":""en-US"",""@id"":""https:\/\/events.ubc.ca\/#\/schema\/logo\/image\/"",""url"":""https:\/\/events.ubc.ca\/wp-content\/uploads\/2023\/11\/ubc-logo-2018-crest-blue-rgb72.jpg"",""contentUrl"":""https:\/\/events.ubc.ca\/wp-content\/uploads\/2023\/11\/ubc-logo-2018-crest-blue-rgb72.jpg"",""width"":99,""height"":135,""caption"":""UBC events""},""image"":{""@id"":""https:\/\/events.ubc.ca\/#\/schema\/logo\/image\/""},""sameAs"":[""https:\/\/www.facebook.com\/universityofbc\/"",""https:\/\/x.com\/ubcevents"",""https:\/\/www.youtube.com\/user\/UBC#g\/c\/94CEF848B9790AE4""]}]}</script>
<!-- / Yoast SEO plugin. -->","{""title"": ""Type – Exhibit Archives - UBCevents"", ""robots"": {""index"": ""index"", ""follow"": ""follow"", ""max-snippet"": ""max-snippet:-1"", ""max-image-preview"": ""max-image-preview:large"", ""max-video-preview"": ""max-video-preview:-1""}, ""canonical"": ""https://events.ubc.ca/events/category/type-exhibit/"", ""og_locale"": ""en_US"", ""og_type"": ""article"", ""og_title"": ""Type – Exhibit Archives - UBCevents"", ""og_url"": ""https://events.ubc.ca/events/category/type-exhibit/"", ""og_site_name"": ""UBCevents"", ""twitter_card"": ""summary_large_image"", ""twitter_site"": ""@ubcevents"", ""schema"": {""@context"": ""https://schema.org"", ""@graph"": [{""@type"": ""CollectionPage"", ""@id"": ""https://events.ubc.ca/events/category/type-exhibit/"", ""url"": ""https://events.ubc.ca/events/category/type-exhibit/"", ""name"": ""Type – Exhibit Archives - UBCevents"", ""isPartOf"": {""@id"": ""https://events.ubc.ca/#website""}, ""breadcrumb"": {""@id"": ""https://events.ubc.ca/events/category/type-exhibit/#breadcrumb""}, ""inLanguage"": ""en-US""}, {""@type"": ""BreadcrumbList"", ""@id"": ""https://events.ubc.ca/events/category/type-exhibit/#breadcrumb"", ""itemListElement"": [{""@type"": ""ListItem"", ""position"": 1, ""name"": ""Home"", ""item"": ""https://events.ubc.ca/""}, {""@type"": ""ListItem"", ""position"": 2, ""name"": ""Type – Exhibit""}]}, {""@type"": ""WebSite"", ""@id"": ""https://events.ubc.ca/#website"", ""url"": ""https://events.ubc.ca/"", ""name"": ""UBC Events"", ""description"": """", ""publisher"": {""@id"": ""https://events.ubc.ca/#organization""}, ""potentialAction"": [{""@type"": ""SearchAction"", ""target"": {""@type"": ""EntryPoint"", ""urlTemplate"": ""https://events.ubc.ca/?s={search_term_string}""}, ""query-input"": {""@type"": ""PropertyValueSpecification"", ""valueRequired"": true, ""valueName"": ""search_term_string""}}], ""inLanguage"": ""en-US""}, {""@type"": ""Organization"", ""@id"": ""https://events.ubc.ca/#organization"", ""name"": ""UBC events"", ""url"": ""https://events.ubc.ca/"", ""logo"": {""@type"": ""ImageObject"", ""inLanguage"": ""en-US"", ""@id"": ""https://events.ubc.ca/#/schema/logo/image/"", ""url"": ""https://events.ubc.ca/wp-content/uploads/2023/11/ubc-logo-2018-crest-blue-rgb72.jpg"", ""contentUrl"": ""https://events.ubc.ca/wp-content/uploads/2023/11/ubc-logo-2018-crest-blue-rgb72.jpg"", ""width"": 99, ""height"": 135, ""caption"": ""UBC events""}, ""image"": {""@id"": ""https://events.ubc.ca/#/schema/logo/image/""}, ""sameAs"": [""https://www.facebook.com/universityofbc/"", ""https://x.com/ubcevents"", ""https://www.youtube.com/user/UBC#g/c/94CEF848B9790AE4""]}]}}",https://events.ubc.ca/events/category/type-exhibit/,"{""self"": ""https://events.ubc.ca/wp-json/tribe/events/v1/categories/159"", ""collection"": ""https://events.ubc.ca/wp-json/tribe/events/v1/categories""}"
160,49,,Type – Festival,type-festival,tribe_events_cat,0,[],"<!-- This site is optimized with the Yoast SEO plugin v28.2 - https://yoast.com/product/yoast-seo-wordpress/ -->
<title>Type – Festival Archives - UBCevents</title>
<meta name=""robots"" content=""index, follow, max-snippet:-1, max-image-preview:large, max-video-preview:-1"" />
<link rel=""canonical"" href=""https://events.ubc.ca/events/category/type-festival/"" />
<meta property=""og:locale"" content=""en_US"" />
<meta property=""og:type"" content=""article"" />
<meta property=""og:title"" content=""Type – Festival Archives - UBCevents"" />
<meta property=""og:url"" content=""https://events.ubc.ca/events/category/type-festival/"" />
<meta property=""og:site_name"" content=""UBCevents"" />
<meta name=""twitter:card"" content=""summary_large_image"" />
<meta name=""twitter:site"" content=""@ubcevents"" />
<script type=""application/ld+json"" class=""yoast-schema-graph"">{""@context"":""https:\/\/schema.org"",""@graph"":[{""@type"":""CollectionPage"",""@id"":""https:\/\/events.ubc.ca\/events\/category\/type-festival\/"",""url"":""https:\/\/events.ubc.ca\/events\/category\/type-festival\/"",""name"":""Type – Festival Archives - UBCevents"",""isPartOf"":{""@id"":""https:\/\/events.ubc.ca\/#website""},""breadcrumb"":{""@id"":""https:\/\/events.ubc.ca\/events\/category\/type-festival\/#breadcrumb""},""inLanguage"":""en-US""},{""@type"":""BreadcrumbList"",""@id"":""https:\/\/events.ubc.ca\/events\/category\/type-festival\/#breadcrumb"",""itemListElement"":[{""@type"":""ListItem"",""position"":1,""name"":""Home"",""item"":""https:\/\/events.ubc.ca\/""},{""@type"":""ListItem"",""position"":2,""name"":""Type – Festival""}]},{""@type"":""WebSite"",""@id"":""https:\/\/events.ubc.ca\/#website"",""url"":""https:\/\/events.ubc.ca\/"",""name"":""UBC Events"",""description"":"""",""publisher"":{""@id"":""https:\/\/events.ubc.ca\/#organization""},""potentialAction"":[{""@type"":""SearchAction"",""target"":{""@type"":""EntryPoint"",""urlTemplate"":""https:\/\/events.ubc.ca\/?s={search_term_string}""},""query-input"":{""@type"":""PropertyValueSpecification"",""valueRequired"":true,""valueName"":""search_term_string""}}],""inLanguage"":""en-US""},{""@type"":""Organization"",""@id"":""https:\/\/events.ubc.ca\/#organization"",""name"":""UBC events"",""url"":""https:\/\/events.ubc.ca\/"",""logo"":{""@type"":""ImageObject"",""inLanguage"":""en-US"",""@id"":""https:\/\/events.ubc.ca\/#\/schema\/logo\/image\/"",""url"":""https:\/\/events.ubc.ca\/wp-content\/uploads\/2023\/11\/ubc-logo-2018-crest-blue-rgb72.jpg"",""contentUrl"":""https:\/\/events.ubc.ca\/wp-content\/uploads\/2023\/11\/ubc-logo-2018-crest-blue-rgb72.jpg"",""width"":99,""height"":135,""caption"":""UBC events""},""image"":{""@id"":""https:\/\/events.ubc.ca\/#\/schema\/logo\/image\/""},""sameAs"":[""https:\/\/www.facebook.com\/universityofbc\/"",""https:\/\/x.com\/ubcevents"",""https:\/\/www.youtube.com\/user\/UBC#g\/c\/94CEF848B9790AE4""]}]}</script>
<!-- / Yoast SEO plugin. -->","{""title"": ""Type – Festival Archives - UBCevents"", ""robots"": {""index"": ""index"", ""follow"": ""follow"", ""max-snippet"": ""max-snippet:-1"", ""max-image-preview"": ""max-image-preview:large"", ""max-video-preview"": ""max-video-preview:-1""}, ""canonical"": ""https://events.ubc.ca/events/category/type-festival/"", ""og_locale"": ""en_US"", ""og_type"": ""article"", ""og_title"": ""Type – Festival Archives - UBCevents"", ""og_url"": ""https://events.ubc.ca/events/category/type-festival/"", ""og_site_name"": ""UBCevents"", ""twitter_card"": ""summary_large_image"", ""twitter_site"": ""@ubcevents"", ""schema"": {""@context"": ""https://schema.org"", ""@graph"": [{""@type"": ""CollectionPage"", ""@id"": ""https://events.ubc.ca/events/category/type-festival/"", ""url"": ""https://events.ubc.ca/events/category/type-festival/"", ""name"": ""Type – Festival Archives - UBCevents"", ""isPartOf"": {""@id"": ""https://events.ubc.ca/#website""}, ""breadcrumb"": {""@id"": ""https://events.ubc.ca/events/category/type-festival/#breadcrumb""}, ""inLanguage"": ""en-US""}, {""@type"": ""BreadcrumbList"", ""@id"": ""https://events.ubc.ca/events/category/type-festival/#breadcrumb"", ""itemListElement"": [{""@type"": ""ListItem"", ""position"": 1, ""name"": ""Home"", ""item"": ""https://events.ubc.ca/""}, {""@type"": ""ListItem"", ""position"": 2, ""name"": ""Type – Festival""}]}, {""@type"": ""WebSite"", ""@id"": ""https://events.ubc.ca/#website"", ""url"": ""https://events.ubc.ca/"", ""name"": ""UBC Events"", ""description"": """", ""publisher"": {""@id"": ""https://events.ubc.ca/#organization""}, ""potentialAction"": [{""@type"": ""SearchAction"", ""target"": {""@type"": ""EntryPoint"", ""urlTemplate"": ""https://events.ubc.ca/?s={search_term_string}""}, ""query-input"": {""@type"": ""PropertyValueSpecification"", ""valueRequired"": true, ""valueName"": ""search_term_string""}}], ""inLanguage"": ""en-US""}, {""@type"": ""Organization"", ""@id"": ""https://events.ubc.ca/#organization"", ""name"": ""UBC events"", ""url"": ""https://events.ubc.ca/"", ""logo"": {""@type"": ""ImageObject"", ""inLanguage"": ""en-US"", ""@id"": ""https://events.ubc.ca/#/schema/logo/image/"", ""url"": ""https://events.ubc.ca/wp-content/uploads/2023/11/ubc-logo-2018-crest-blue-rgb72.jpg"", ""contentUrl"": ""https://events.ubc.ca/wp-content/uploads/2023/11/ubc-logo-2018-crest-blue-rgb72.jpg"", ""width"": 99, ""height"": 135, ""caption"": ""UBC events""}, ""image"": {""@id"": ""https://events.ubc.ca/#/schema/logo/image/""}, ""sameAs"": [""https://www.facebook.com/universityofbc/"", ""https://x.com/ubcevents"", ""https://www.youtube.com/user/UBC#g/c/94CEF848B9790AE4""]}]}}",https://events.ubc.ca/events/category/type-festival/,"{""self"": ""https://events.ubc.ca/wp-json/tribe/events/v1/categories/160"", ""collection"": ""https://events.ubc.ca/wp-json/tribe/events/v1/categories""}"
161,70,,Type – Film,type-film,tribe_events_cat,0,[],"<!-- This site is optimized with the Yoast SEO plugin v28.2 - https://yoast.com/product/yoast-seo-wordpress/ -->
<title>Type – Film Archives - UBCevents</title>
<meta name=""robots"" content=""index, follow, max-snippet:-1, max-image-preview:large, max-video-preview:-1"" />
<link rel=""canonical"" href=""https://events.ubc.ca/events/category/type-film/"" />
<meta property=""og:locale"" content=""en_US"" />
<meta property=""og:type"" content=""article"" />
<meta property=""og:title"" content=""Type – Film Archives - UBCevents"" />
<meta property=""og:url"" content=""https://events.ubc.ca/events/category/type-film/"" />
<meta property=""og:site_name"" content=""UBCevents"" />
<meta name=""twitter:card"" content=""summary_large_image"" />
<meta name=""twitter:site"" content=""@ubcevents"" />
<script type=""application/ld+json"" class=""yoast-schema-graph"">{""@context"":""https:\/\/schema.org"",""@graph"":[{""@type"":""CollectionPage"",""@id"":""https:\/\/events.ubc.ca\/events\/category\/type-film\/"",""url"":""https:\/\/events.ubc.ca\/events\/category\/type-film\/"",""name"":""Type – Film Archives - UBCevents"",""isPartOf"":{""@id"":""https:\/\/events.ubc.ca\/#website""},""breadcrumb"":{""@id"":""https:\/\/events.ubc.ca\/events\/category\/type-film\/#breadcrumb""},""inLanguage"":""en-US""},{""@type"":""BreadcrumbList"",""@id"":""https:\/\/events.ubc.ca\/events\/category\/type-film\/#breadcrumb"",""itemListElement"":[{""@type"":""ListItem"",""position"":1,""name"":""Home"",""item"":""https:\/\/events.ubc.ca\/""},{""@type"":""ListItem"",""position"":2,""name"":""Type – Film""}]},{""@type"":""WebSite"",""@id"":""https:\/\/events.ubc.ca\/#website"",""url"":""https:\/\/events.ubc.ca\/"",""name"":""UBC Events"",""description"":"""",""publisher"":{""@id"":""https:\/\/events.ubc.ca\/#organization""},""potentialAction"":[{""@type"":""SearchAction"",""target"":{""@type"":""EntryPoint"",""urlTemplate"":""https:\/\/events.ubc.ca\/?s={search_term_string}""},""query-input"":{""@type"":""PropertyValueSpecification"",""valueRequired"":true,""valueName"":""search_term_string""}}],""inLanguage"":""en-US""},{""@type"":""Organization"",""@id"":""https:\/\/events.ubc.ca\/#organization"",""name"":""UBC events"",""url"":""https:\/\/events.ubc.ca\/"",""logo"":{""@type"":""ImageObject"",""inLanguage"":""en-US"",""@id"":""https:\/\/events.ubc.ca\/#\/schema\/logo\/image\/"",""url"":""https:\/\/events.ubc.ca\/wp-content\/uploads\/2023\/11\/ubc-logo-2018-crest-blue-rgb72.jpg"",""contentUrl"":""https:\/\/events.ubc.ca\/wp-content\/uploads\/2023\/11\/ubc-logo-2018-crest-blue-rgb72.jpg"",""width"":99,""height"":135,""caption"":""UBC events""},""image"":{""@id"":""https:\/\/events.ubc.ca\/#\/schema\/logo\/image\/""},""sameAs"":[""https:\/\/www.facebook.com\/universityofbc\/"",""https:\/\/x.com\/ubcevents"",""https:\/\/www.youtube.com\/user\/UBC#g\/c\/94CEF848B9790AE4""]}]}</script>
<!-- / Yoast SEO plugin. -->","{""title"": ""Type – Film Archives - UBCevents"", ""robots"": {""index"": ""index"", ""follow"": ""follow"", ""max-snippet"": ""max-snippet:-1"", ""max-image-preview"": ""max-image-preview:large"", ""max-video-preview"": ""max-video-preview:-1""}, ""canonical"": ""https://events.ubc.ca/events/category/type-film/"", ""og_locale"": ""en_US"", ""og_type"": ""article"", ""og_title"": ""Type – Film Archives - UBCevents"", ""og_url"": ""https://events.ubc.ca/events/category/type-film/"", ""og_site_name"": ""UBCevents"", ""twitter_card"": ""summary_large_image"", ""twitter_site"": ""@ubcevents"", ""schema"": {""@context"": ""https://schema.org"", ""@graph"": [{""@type"": ""CollectionPage"", ""@id"": ""https://events.ubc.ca/events/category/type-film/"", ""url"": ""https://events.ubc.ca/events/category/type-film/"", ""name"": ""Type – Film Archives - UBCevents"", ""isPartOf"": {""@id"": ""https://events.ubc.ca/#website""}, ""breadcrumb"": {""@id"": ""https://events.ubc.ca/events/category/type-film/#breadcrumb""}, ""inLanguage"": ""en-US""}, {""@type"": ""BreadcrumbList"", ""@id"": ""https://events.ubc.ca/events/category/type-film/#breadcrumb"", ""itemListElement"": [{""@type"": ""ListItem"", ""position"": 1, ""name"": ""Home"", ""item"": ""https://events.ubc.ca/""}, {""@type"": ""ListItem"", ""position"": 2, ""name"": ""Type – Film""}]}, {""@type"": ""WebSite"", ""@id"": ""https://events.ubc.ca/#website"", ""url"": ""https://events.ubc.ca/"", ""name"": ""UBC Events"", ""description"": """", ""publisher"": {""@id"": ""https://events.ubc.ca/#organization""}, ""potentialAction"": [{""@type"": ""SearchAction"", ""target"": {""@type"": ""EntryPoint"", ""urlTemplate"": ""https://events.ubc.ca/?s={search_term_string}""}, ""query-input"": {""@type"": ""PropertyValueSpecification"", ""valueRequired"": true, ""valueName"": ""search_term_string""}}], ""inLanguage"": ""en-US""}, {""@type"": ""Organization"", ""@id"": ""https://events.ubc.ca/#organization"", ""name"": ""UBC events"", ""url"": ""https://events.ubc.ca/"", ""logo"": {""@type"": ""ImageObject"", ""inLanguage"": ""en-US"", ""@id"": ""https://events.ubc.ca/#/schema/logo/image/"", ""url"": ""https://events.ubc.ca/wp-content/uploads/2023/11/ubc-logo-2018-crest-blue-rgb72.jpg"", ""contentUrl"": ""https://events.ubc.ca/wp-content/uploads/2023/11/ubc-logo-2018-crest-blue-rgb72.jpg"", ""width"": 99, ""height"": 135, ""caption"": ""UBC events""}, ""image"": {""@id"": ""https://events.ubc.ca/#/schema/logo/image/""}, ""sameAs"": [""https://www.facebook.com/universityofbc/"", ""https://x.com/ubcevents"", ""https://www.youtube.com/user/UBC#g/c/94CEF848B9790AE4""]}]}}",https://events.ubc.ca/events/category/type-film/,"{""self"": ""https://events.ubc.ca/wp-json/tribe/events/v1/categories/161"", ""collection"": ""https://events.ubc.ca/wp-json/tribe/events/v1/categories""}"
162,45,,Type – Fundraiser,type-fundraiser,tribe_events_cat,0,[],"<!-- This site is optimized with the Yoast SEO plugin v28.2 - https://yoast.com/product/yoast-seo-wordpress/ -->
<title>Type – Fundraiser Archives - UBCevents</title>
<meta name=""robots"" content=""index, follow, max-snippet:-1, max-image-preview:large, max-video-preview:-1"" />
<link rel=""canonical"" href=""https://events.ubc.ca/events/category/type-fundraiser/"" />
<meta property=""og:locale"" content=""en_US"" />
<meta property=""og:type"" content=""article"" />
<meta property=""og:title"" content=""Type – Fundraiser Archives - UBCevents"" />
<meta property=""og:url"" content=""https://events.ubc.ca/events/category/type-fundraiser/"" />
<meta property=""og:site_name"" content=""UBCevents"" />
<meta name=""twitter:card"" content=""summary_large_image"" />
<meta name=""twitter:site"" content=""@ubcevents"" />
<script type=""application/ld+json"" class=""yoast-schema-graph"">{""@context"":""https:\/\/schema.org"",""@graph"":[{""@type"":""CollectionPage"",""@id"":""https:\/\/events.ubc.ca\/events\/category\/type-fundraiser\/"",""url"":""https:\/\/events.ubc.ca\/events\/category\/type-fundraiser\/"",""name"":""Type – Fundraiser Archives - UBCevents"",""isPartOf"":{""@id"":""https:\/\/events.ubc.ca\/#website""},""breadcrumb"":{""@id"":""https:\/\/events.ubc.ca\/events\/category\/type-fundraiser\/#breadcrumb""},""inLanguage"":""en-US""},{""@type"":""BreadcrumbList"",""@id"":""https:\/\/events.ubc.ca\/events\/category\/type-fundraiser\/#breadcrumb"",""itemListElement"":[{""@type"":""ListItem"",""position"":1,""name"":""Home"",""item"":""https:\/\/events.ubc.ca\/""},{""@type"":""ListItem"",""position"":2,""name"":""Type – Fundraiser""}]},{""@type"":""WebSite"",""@id"":""https:\/\/events.ubc.ca\/#website"",""url"":""https:\/\/events.ubc.ca\/"",""name"":""UBC Events"",""description"":"""",""publisher"":{""@id"":""https:\/\/events.ubc.ca\/#organization""},""potentialAction"":[{""@type"":""SearchAction"",""target"":{""@type"":""EntryPoint"",""urlTemplate"":""https:\/\/events.ubc.ca\/?s={search_term_string}""},""query-input"":{""@type"":""PropertyValueSpecification"",""valueRequired"":true,""valueName"":""search_term_string""}}],""inLanguage"":""en-US""},{""@type"":""Organization"",""@id"":""https:\/\/events.ubc.ca\/#organization"",""name"":""UBC events"",""url"":""https:\/\/events.ubc.ca\/"",""logo"":{""@type"":""ImageObject"",""inLanguage"":""en-US"",""@id"":""https:\/\/events.ubc.ca\/#\/schema\/logo\/image\/"",""url"":""https:\/\/events.ubc.ca\/wp-content\/uploads\/2023\/11\/ubc-logo-2018-crest-blue-rgb72.jpg"",""contentUrl"":""https:\/\/events.ubc.ca\/wp-content\/uploads\/2023\/11\/ubc-logo-2018-crest-blue-rgb72.jpg"",""width"":99,""height"":135,""caption"":""UBC events""},""image"":{""@id"":""https:\/\/events.ubc.ca\/#\/schema\/logo\/image\/""},""sameAs"":[""https:\/\/www.facebook.com\/universityofbc\/"",""https:\/\/x.com\/ubcevents"",""https:\/\/www.youtube.com\/user\/UBC#g\/c\/94CEF848B9790AE4""]}]}</script>
<!-- / Yoast SEO plugin. -->","{""title"": ""Type – Fundraiser Archives - UBCevents"", ""robots"": {""index"": ""index"", ""follow"": ""follow"", ""max-snippet"": ""max-snippet:-1"", ""max-image-preview"": ""max-image-preview:large"", ""max-video-preview"": ""max-video-preview:-1""}, ""canonical"": ""https://events.ubc.ca/events/category/type-fundraiser/"", ""og_locale"": ""en_US"", ""og_type"": ""article"", ""og_title"": ""Type – Fundraiser Archives - UBCevents"", ""og_url"": ""https://events.ubc.ca/events/category/type-fundraiser/"", ""og_site_name"": ""UBCevents"", ""twitter_card"": ""summary_large_image"", ""twitter_site"": ""@ubcevents"", ""schema"": {""@context"": ""https://schema.org"", ""@graph"": [{""@type"": ""CollectionPage"", ""@id"": ""https://events.ubc.ca/events/category/type-fundraiser/"", ""url"": ""https://events.ubc.ca/events/category/type-fundraiser/"", ""name"": ""Type – Fundraiser Archives - UBCevents"", ""isPartOf"": {""@id"": ""https://events.ubc.ca/#website""}, ""breadcrumb"": {""@id"": ""https://events.ubc.ca/events/category/type-fundraiser/#breadcrumb""}, ""inLanguage"": ""en-US""}, {""@type"": ""BreadcrumbList"", ""@id"": ""https://events.ubc.ca/events/category/type-fundraiser/#breadcrumb"", ""itemListElement"": [{""@type"": ""ListItem"", ""position"": 1, ""name"": ""Home"", ""item"": ""https://events.ubc.ca/""}, {""@type"": ""ListItem"", ""position"": 2, ""name"": ""Type – Fundraiser""}]}, {""@type"": ""WebSite"", ""@id"": ""https://events.ubc.ca/#website"", ""url"": ""https://events.ubc.ca/"", ""name"": ""UBC Events"", ""description"": """", ""publisher"": {""@id"": ""https://events.ubc.ca/#organization""}, ""potentialAction"": [{""@type"": ""SearchAction"", ""target"": {""@type"": ""EntryPoint"", ""urlTemplate"": ""https://events.ubc.ca/?s={search_term_string}""}, ""query-input"": {""@type"": ""PropertyValueSpecification"", ""valueRequired"": true, ""valueName"": ""search_term_string""}}], ""inLanguage"": ""en-US""}, {""@type"": ""Organization"", ""@id"": ""https://events.ubc.ca/#organization"", ""name"": ""UBC events"", ""url"": ""https://events.ubc.ca/"", ""logo"": {""@type"": ""ImageObject"", ""inLanguage"": ""en-US"", ""@id"": ""https://events.ubc.ca/#/schema/logo/image/"", ""url"": ""https://events.ubc.ca/wp-content/uploads/2023/11/ubc-logo-2018-crest-blue-rgb72.jpg"", ""contentUrl"": ""https://events.ubc.ca/wp-content/uploads/2023/11/ubc-logo-2018-crest-blue-rgb72.jpg"", ""width"": 99, ""height"": 135, ""caption"": ""UBC events""}, ""image"": {""@id"": ""https://events.ubc.ca/#/schema/logo/image/""}, ""sameAs"": [""https://www.facebook.com/universityofbc/"", ""https://x.com/ubcevents"", ""https://www.youtube.com/user/UBC#g/c/94CEF848B9790AE4""]}]}}",https://events.ubc.ca/events/category/type-fundraiser/,"{""self"": ""https://events.ubc.ca/wp-json/tribe/events/v1/categories/162"", ""collection"": ""https://events.ubc.ca/wp-json/tribe/events/v1/categories""}"
163,381,,Type – Information Session/Fair,type-information-session-fair,tribe_events_cat,0,[],"<!-- This site is optimized with the Yoast SEO plugin v28.2 - https://yoast.com/product/yoast-seo-wordpress/ -->
<title>Type – Information Session/Fair Archives - UBCevents</title>
<meta name=""robots"" content=""index, follow, max-snippet:-1, max-image-preview:large, max-video-preview:-1"" />
<link rel=""canonical"" href=""https://events.ubc.ca/events/category/type-information-session-fair/"" />
<meta property=""og:locale"" content=""en_US"" />
<meta property=""og:type"" content=""article"" />
<meta property=""og:title"" content=""Type – Information Session/Fair Archives - UBCevents"" />
<meta property=""og:url"" content=""https://events.ubc.ca/events/category/type-information-session-fair/"" />
<meta property=""og:site_name"" content=""UBCevents"" />
<meta name=""twitter:card"" content=""summary_large_image"" />
<meta name=""twitter:site"" content=""@ubcevents"" />
<script type=""application/ld+json"" class=""yoast-schema-graph"">{""@context"":""https:\/\/schema.org"",""@graph"":[{""@type"":""CollectionPage"",""@id"":""https:\/\/events.ubc.ca\/events\/category\/type-information-session-fair\/"",""url"":""https:\/\/events.ubc.ca\/events\/category\/type-information-session-fair\/"",""name"":""Type – Information Session\/Fair Archives - UBCevents"",""isPartOf"":{""@id"":""https:\/\/events.ubc.ca\/#website""},""breadcrumb"":{""@id"":""https:\/\/events.ubc.ca\/events\/category\/type-information-session-fair\/#breadcrumb""},""inLanguage"":""en-US""},{""@type"":""BreadcrumbList"",""@id"":""https:\/\/events.ubc.ca\/events\/category\/type-information-session-fair\/#breadcrumb"",""itemListElement"":[{""@type"":""ListItem"",""position"":1,""name"":""Home"",""item"":""https:\/\/events.ubc.ca\/""},{""@type"":""ListItem"",""position"":2,""name"":""Type – Information Session\/Fair""}]},{""@type"":""WebSite"",""@id"":""https:\/\/events.ubc.ca\/#website"",""url"":""https:\/\/events.ubc.ca\/"",""name"":""UBC Events"",""description"":"""",""publisher"":{""@id"":""https:\/\/events.ubc.ca\/#organization""},""potentialAction"":[{""@type"":""SearchAction"",""target"":{""@type"":""EntryPoint"",""urlTemplate"":""https:\/\/events.ubc.ca\/?s={search_term_string}""},""query-input"":{""@type"":""PropertyValueSpecification"",""valueRequired"":true,""valueName"":""search_term_string""}}],""inLanguage"":""en-US""},{""@type"":""Organization"",""@id"":""https:\/\/events.ubc.ca\/#organization"",""name"":""UBC events"",""url"":""https:\/\/events.ubc.ca\/"",""logo"":{""@type"":""ImageObject"",""inLanguage"":""en-US"",""@id"":""https:\/\/events.ubc.ca\/#\/schema\/logo\/image\/"",""url"":""https:\/\/events.ubc.ca\/wp-content\/uploads\/2023\/11\/ubc-logo-2018-crest-blue-rgb72.jpg"",""contentUrl"":""https:\/\/events.ubc.ca\/wp-content\/uploads\/2023\/11\/ubc-logo-2018-crest-blue-rgb72.jpg"",""width"":99,""height"":135,""caption"":""UBC events""},""image"":{""@id"":""https:\/\/events.ubc.ca\/#\/schema\/logo\/image\/""},""sameAs"":[""https:\/\/www.facebook.com\/universityofbc\/"",""https:\/\/x.com\/ubcevents"",""https:\/\/www.youtube.com\/user\/UBC#g\/c\/94CEF848B9790AE4""]}]}</script>
<!-- / Yoast SEO plugin. -->","{""title"": ""Type – Information Session/Fair Archives - UBCevents"", ""robots"": {""index"": ""index"", ""follow"": ""follow"", ""max-snippet"": ""max-snippet:-1"", ""max-image-preview"": ""max-image-preview:large"", ""max-video-preview"": ""max-video-preview:-1""}, ""canonical"": ""https://events.ubc.ca/events/category/type-information-session-fair/"", ""og_locale"": ""en_US"", ""og_type"": ""article"", ""og_title"": ""Type – Information Session/Fair Archives - UBCevents"", ""og_url"": ""https://events.ubc.ca/events/category/type-information-session-fair/"", ""og_site_name"": ""UBCevents"", ""twitter_card"": ""summary_large_image"", ""twitter_site"": ""@ubcevents"", ""schema"": {""@context"": ""https://schema.org"", ""@graph"": [{""@type"": ""CollectionPage"", ""@id"": ""https://events.ubc.ca/events/category/type-information-session-fair/"", ""url"": ""https://events.ubc.ca/events/category/type-information-session-fair/"", ""name"": ""Type – Information Session/Fair Archives - UBCevents"", ""isPartOf"": {""@id"": ""https://events.ubc.ca/#website""}, ""breadcrumb"": {""@id"": ""https://events.ubc.ca/events/category/type-information-session-fair/#breadcrumb""}, ""inLanguage"": ""en-US""}, {""@type"": ""BreadcrumbList"", ""@id"": ""https://events.ubc.ca/events/category/type-information-session-fair/#breadcrumb"", ""itemListElement"": [{""@type"": ""ListItem"", ""position"": 1, ""name"": ""Home"", ""item"": ""https://events.ubc.ca/""}, {""@type"": ""ListItem"", ""position"": 2, ""name"": ""Type – Information Session/Fair""}]}, {""@type"": ""WebSite"", ""@id"": ""https://events.ubc.ca/#website"", ""url"": ""https://events.ubc.ca/"", ""name"": ""UBC Events"", ""description"": """", ""publisher"": {""@id"": ""https://events.ubc.ca/#organization""}, ""potentialAction"": [{""@type"": ""SearchAction"", ""target"": {""@type"": ""EntryPoint"", ""urlTemplate"": ""https://events.ubc.ca/?s={search_term_string}""}, ""query-input"": {""@type"": ""PropertyValueSpecification"", ""valueRequired"": true, ""valueName"": ""search_term_string""}}], ""inLanguage"": ""en-US""}, {""@type"": ""Organization"", ""@id"": ""https://events.ubc.ca/#organization"", ""name"": ""UBC events"", ""url"": ""https://events.ubc.ca/"", ""logo"": {""@type"": ""ImageObject"", ""inLanguage"": ""en-US"", ""@id"": ""https://events.ubc.ca/#/schema/logo/image/"", ""url"": ""https://events.ubc.ca/wp-content/uploads/2023/11/ubc-logo-2018-crest-blue-rgb72.jpg"", ""contentUrl"": ""https://events.ubc.ca/wp-content/uploads/2023/11/ubc-logo-2018-crest-blue-rgb72.jpg"", ""width"": 99, ""height"": 135, ""caption"": ""UBC events""}, ""image"": {""@id"": ""https://events.ubc.ca/#/schema/logo/image/""}, ""sameAs"": [""https://www.facebook.com/universityofbc/"", ""https://x.com/ubcevents"", ""https://www.youtube.com/user/UBC#g/c/94CEF848B9790AE4""]}]}}",https://events.ubc.ca/events/category/type-information-session-fair/,"{""self"": ""https://events.ubc.ca/wp-json/tribe/events/v1/categories/163"", ""collection"": ""https://events.ubc.ca/wp-json/tribe/events/v1/categories""}"
164,422,,Type – Lecture,type-lecture,tribe_events_cat,0,[],"<!-- This site is optimized with the Yoast SEO plugin v28.2 - https://yoast.com/product/yoast-seo-wordpress/ -->
<title>Type – Lecture Archives - UBCevents</title>
<meta name=""robots"" content=""index, follow, max-snippet:-1, max-image-preview:large, max-video-preview:-1"" />
<link rel=""canonical"" href=""https://events.ubc.ca/events/category/type-lecture/"" />
<meta property=""og:locale"" content=""en_US"" />
<meta property=""og:type"" content=""article"" />
<meta property=""og:title"" content=""Type – Lecture Archives - UBCevents"" />
<meta property=""og:url"" content=""https://events.ubc.ca/events/category/type-lecture/"" />
<meta property=""og:site_name"" content=""UBCevents"" />
<meta name=""twitter:card"" content=""summary_large_image"" />
<meta name=""twitter:site"" content=""@ubcevents"" />
<script type=""application/ld+json"" class=""yoast-schema-graph"">{""@context"":""https:\/\/schema.org"",""@graph"":[{""@type"":""CollectionPage"",""@id"":""https:\/\/events.ubc.ca\/events\/category\/type-lecture\/"",""url"":""https:\/\/events.ubc.ca\/events\/category\/type-lecture\/"",""name"":""Type – Lecture Archives - UBCevents"",""isPartOf"":{""@id"":""https:\/\/events.ubc.ca\/#website""},""breadcrumb"":{""@id"":""https:\/\/events.ubc.ca\/events\/category\/type-lecture\/#breadcrumb""},""inLanguage"":""en-US""},{""@type"":""BreadcrumbList"",""@id"":""https:\/\/events.ubc.ca\/events\/category\/type-lecture\/#breadcrumb"",""itemListElement"":[{""@type"":""ListItem"",""position"":1,""name"":""Home"",""item"":""https:\/\/events.ubc.ca\/""},{""@type"":""ListItem"",""position"":2,""name"":""Type – Lecture""}]},{""@type"":""WebSite"",""@id"":""https:\/\/events.ubc.ca\/#website"",""url"":""https:\/\/events.ubc.ca\/"",""name"":""UBC Events"",""description"":"""",""publisher"":{""@id"":""https:\/\/events.ubc.ca\/#organization""},""potentialAction"":[{""@type"":""SearchAction"",""target"":{""@type"":""EntryPoint"",""urlTemplate"":""https:\/\/events.ubc.ca\/?s={search_term_string}""},""query-input"":{""@type"":""PropertyValueSpecification"",""valueRequired"":true,""valueName"":""search_term_string""}}],""inLanguage"":""en-US""},{""@type"":""Organization"",""@id"":""https:\/\/events.ubc.ca\/#organization"",""name"":""UBC events"",""url"":""https:\/\/events.ubc.ca\/"",""logo"":{""@type"":""ImageObject"",""inLanguage"":""en-US"",""@id"":""https:\/\/events.ubc.ca\/#\/schema\/logo\/image\/"",""url"":""https:\/\/events.ubc.ca\/wp-content\/uploads\/2023\/11\/ubc-logo-2018-crest-blue-rgb72.jpg"",""contentUrl"":""https:\/\/events.ubc.ca\/wp-content\/uploads\/2023\/11\/ubc-logo-2018-crest-blue-rgb72.jpg"",""width"":99,""height"":135,""caption"":""UBC events""},""image"":{""@id"":""https:\/\/events.ubc.ca\/#\/schema\/logo\/image\/""},""sameAs"":[""https:\/\/www.facebook.com\/universityofbc\/"",""https:\/\/x.com\/ubcevents"",""https:\/\/www.youtube.com\/user\/UBC#g\/c\/94CEF848B9790AE4""]}]}</script>
<!-- / Yoast SEO plugin. -->","{""title"": ""Type – Lecture Archives - UBCevents"", ""robots"": {""index"": ""index"", ""follow"": ""follow"", ""max-snippet"": ""max-snippet:-1"", ""max-image-preview"": ""max-image-preview:large"", ""max-video-preview"": ""max-video-preview:-1""}, ""canonical"": ""https://events.ubc.ca/events/category/type-lecture/"", ""og_locale"": ""en_US"", ""og_type"": ""article"", ""og_title"": ""Type – Lecture Archives - UBCevents"", ""og_url"": ""https://events.ubc.ca/events/category/type-lecture/"", ""og_site_name"": ""UBCevents"", ""twitter_card"": ""summary_large_image"", ""twitter_site"": ""@ubcevents"", ""schema"": {""@context"": ""https://schema.org"", ""@graph"": [{""@type"": ""CollectionPage"", ""@id"": ""https://events.ubc.ca/events/category/type-lecture/"", ""url"": ""https://events.ubc.ca/events/category/type-lecture/"", ""name"": ""Type – Lecture Archives - UBCevents"", ""isPartOf"": {""@id"": ""https://events.ubc.ca/#website""}, ""breadcrumb"": {""@id"": ""https://events.ubc.ca/events/category/type-lecture/#breadcrumb""}, ""inLanguage"": ""en-US""}, {""@type"": ""BreadcrumbList"", ""@id"": ""https://events.ubc.ca/events/category/type-lecture/#breadcrumb"", ""itemListElement"": [{""@type"": ""ListItem"", ""position"": 1, ""name"": ""Home"", ""item"": ""https://events.ubc.ca/""}, {""@type"": ""ListItem"", ""position"": 2, ""name"": ""Type – Lecture""}]}, {""@type"": ""WebSite"", ""@id"": ""https://events.ubc.ca/#website"", ""url"": ""https://events.ubc.ca/"", ""name"": ""UBC Events"", ""description"": """", ""publisher"": {""@id"": ""https://events.ubc.ca/#organization""}, ""potentialAction"": [{""@type"": ""SearchAction"", ""target"": {""@type"": ""EntryPoint"", ""urlTemplate"": ""https://events.ubc.ca/?s={search_term_string}""}, ""query-input"": {""@type"": ""PropertyValueSpecification"", ""valueRequired"": true, ""valueName"": ""search_term_string""}}], ""inLanguage"": ""en-US""}, {""@type"": ""Organization"", ""@id"": ""https://events.ubc.ca/#organization"", ""name"": ""UBC events"", ""url"": ""https://events.ubc.ca/"", ""logo"": {""@type"": ""ImageObject"", ""inLanguage"": ""en-US"", ""@id"": ""https://events.ubc.ca/#/schema/logo/image/"", ""url"": ""https://events.ubc.ca/wp-content/uploads/2023/11/ubc-logo-2018-crest-blue-rgb72.jpg"", ""contentUrl"": ""https://events.ubc.ca/wp-content/uploads/2023/11/ubc-logo-2018-crest-blue-rgb72.jpg"", ""width"": 99, ""height"": 135, ""caption"": ""UBC events""}, ""image"": {""@id"": ""https://events.ubc.ca/#/schema/logo/image/""}, ""sameAs"": [""https://www.facebook.com/universityofbc/"", ""https://x.com/ubcevents"", ""https://www.youtube.com/user/UBC#g/c/94CEF848B9790AE4""]}]}}",https://events.ubc.ca/events/category/type-lecture/,"{""self"": ""https://events.ubc.ca/wp-json/tribe/events/v1/categories/164"", ""collection"": ""https://events.ubc.ca/wp-json/tribe/events/v1/categories""}"
165,49,,Type – Meeting,type-meeting,tribe_events_cat,0,[],"<!-- This site is optimized with the Yoast SEO plugin v28.2 - https://yoast.com/product/yoast-seo-wordpress/ -->
<title>Type – Meeting Archives - UBCevents</title>
<meta name=""robots"" content=""index, follow, max-snippet:-1, max-image-preview:large, max-video-preview:-1"" />
<link rel=""canonical"" href=""https://events.ubc.ca/events/category/type-meeting/"" />
<meta property=""og:locale"" content=""en_US"" />
<meta property=""og:type"" content=""article"" />
<meta property=""og:title"" content=""Type – Meeting Archives - UBCevents"" />
<meta property=""og:url"" content=""https://events.ubc.ca/events/category/type-meeting/"" />
<meta property=""og:site_name"" content=""UBCevents"" />
<meta name=""twitter:card"" content=""summary_large_image"" />
<meta name=""twitter:site"" content=""@ubcevents"" />
<script type=""application/ld+json"" class=""yoast-schema-graph"">{""@context"":""https:\/\/schema.org"",""@graph"":[{""@type"":""CollectionPage"",""@id"":""https:\/\/events.ubc.ca\/events\/category\/type-meeting\/"",""url"":""https:\/\/events.ubc.ca\/events\/category\/type-meeting\/"",""name"":""Type – Meeting Archives - UBCevents"",""isPartOf"":{""@id"":""https:\/\/events.ubc.ca\/#website""},""breadcrumb"":{""@id"":""https:\/\/events.ubc.ca\/events\/category\/type-meeting\/#breadcrumb""},""inLanguage"":""en-US""},{""@type"":""BreadcrumbList"",""@id"":""https:\/\/events.ubc.ca\/events\/category\/type-meeting\/#breadcrumb"",""itemListElement"":[{""@type"":""ListItem"",""position"":1,""name"":""Home"",""item"":""https:\/\/events.ubc.ca\/""},{""@type"":""ListItem"",""position"":2,""name"":""Type – Meeting""}]},{""@type"":""WebSite"",""@id"":""https:\/\/events.ubc.ca\/#website"",""url"":""https:\/\/events.ubc.ca\/"",""name"":""UBC Events"",""description"":"""",""publisher"":{""@id"":""https:\/\/events.ubc.ca\/#organization""},""potentialAction"":[{""@type"":""SearchAction"",""target"":{""@type"":""EntryPoint"",""urlTemplate"":""https:\/\/events.ubc.ca\/?s={search_term_string}""},""query-input"":{""@type"":""PropertyValueSpecification"",""valueRequired"":true,""valueName"":""search_term_string""}}],""inLanguage"":""en-US""},{""@type"":""Organization"",""@id"":""https:\/\/events.ubc.ca\/#organization"",""name"":""UBC events"",""url"":""https:\/\/events.ubc.ca\/"",""logo"":{""@type"":""ImageObject"",""inLanguage"":""en-US"",""@id"":""https:\/\/events.ubc.ca\/#\/schema\/logo\/image\/"",""url"":""https:\/\/events.ubc.ca\/wp-content\/uploads\/2023\/11\/ubc-logo-2018-crest-blue-rgb72.jpg"",""contentUrl"":""https:\/\/events.ubc.ca\/wp-content\/uploads\/2023\/11\/ubc-logo-2018-crest-blue-rgb72.jpg"",""width"":99,""height"":135,""caption"":""UBC events""},""image"":{""@id"":""https:\/\/events.ubc.ca\/#\/schema\/logo\/image\/""},""sameAs"":[""https:\/\/www.facebook.com\/universityofbc\/"",""https:\/\/x.com\/ubcevents"",""https:\/\/www.youtube.com\/user\/UBC#g\/c\/94CEF848B9790AE4""]}]}</script>
<!-- / Yoast SEO plugin. -->","{""title"": ""Type – Meeting Archives - UBCevents"", ""robots"": {""index"": ""index"", ""follow"": ""follow"", ""max-snippet"": ""max-snippet:-1"", ""max-image-preview"": ""max-image-preview:large"", ""max-video-preview"": ""max-video-preview:-1""}, ""canonical"": ""https://events.ubc.ca/events/category/type-meeting/"", ""og_locale"": ""en_US"", ""og_type"": ""article"", ""og_title"": ""Type – Meeting Archives - UBCevents"", ""og_url"": ""https://events.ubc.ca/events/category/type-meeting/"", ""og_site_name"": ""UBCevents"", ""twitter_card"": ""summary_large_image"", ""twitter_site"": ""@ubcevents"", ""schema"": {""@context"": ""https://schema.org"", ""@graph"": [{""@type"": ""CollectionPage"", ""@id"": ""https://events.ubc.ca/events/category/type-meeting/"", ""url"": ""https://events.ubc.ca/events/category/type-meeting/"", ""name"": ""Type – Meeting Archives - UBCevents"", ""isPartOf"": {""@id"": ""https://events.ubc.ca/#website""}, ""breadcrumb"": {""@id"": ""https://events.ubc.ca/events/category/type-meeting/#breadcrumb""}, ""inLanguage"": ""en-US""}, {""@type"": ""BreadcrumbList"", ""@id"": ""https://events.ubc.ca/events/category/type-meeting/#breadcrumb"", ""itemListElement"": [{""@type"": ""ListItem"", ""position"": 1, ""name"": ""Home"", ""item"": ""https://events.ubc.ca/""}, {""@type"": ""ListItem"", ""position"": 2, ""name"": ""Type – Meeting""}]}, {""@type"": ""WebSite"", ""@id"": ""https://events.ubc.ca/#website"", ""url"": ""https://events.ubc.ca/"", ""name"": ""UBC Events"", ""description"": """", ""publisher"": {""@id"": ""https://events.ubc.ca/#organization""}, ""potentialAction"": [{""@type"": ""SearchAction"", ""target"": {""@type"": ""EntryPoint"", ""urlTemplate"": ""https://events.ubc.ca/?s={search_term_string}""}, ""query-input"": {""@type"": ""PropertyValueSpecification"", ""valueRequired"": true, ""valueName"": ""search_term_string""}}], ""inLanguage"": ""en-US""}, {""@type"": ""Organization"", ""@id"": ""https://events.ubc.ca/#organization"", ""name"": ""UBC events"", ""url"": ""https://events.ubc.ca/"", ""logo"": {""@type"": ""ImageObject"", ""inLanguage"": ""en-US"", ""@id"": ""https://events.ubc.ca/#/schema/logo/image/"", ""url"": ""https://events.ubc.ca/wp-content/uploads/2023/11/ubc-logo-2018-crest-blue-rgb72.jpg"", ""contentUrl"": ""https://events.ubc.ca/wp-content/uploads/2023/11/ubc-logo-2018-crest-blue-rgb72.jpg"", ""width"": 99, ""height"": 135, ""caption"": ""UBC events""}, ""image"": {""@id"": ""https://events.ubc.ca/#/schema/logo/image/""}, ""sameAs"": [""https://www.facebook.com/universityofbc/"", ""https://x.com/ubcevents"", ""https://www.youtube.com/user/UBC#g/c/94CEF848B9790AE4""]}]}}",https://events.ubc.ca/events/category/type-meeting/,"{""self"": ""https://events.ubc.ca/wp-json/tribe/events/v1/categories/165"", ""collection"": ""https://events.ubc.ca/wp-json/tribe/events/v1/categories""}"
358,0,,Type – Observance,type-observance,tribe_events_cat,0,[],"<!-- This site is optimized with the Yoast SEO plugin v28.2 - https://yoast.com/product/yoast-seo-wordpress/ -->
<title>Type – Observance Archives - UBCevents</title>
<meta name=""robots"" content=""index, follow, max-snippet:-1, max-image-preview:large, max-video-preview:-1"" />
<link rel=""canonical"" href=""https://events.ubc.ca/events/category/type-observance/"" />
<meta property=""og:locale"" content=""en_US"" />
<meta property=""og:type"" content=""article"" />
<meta property=""og:title"" content=""Type – Observance Archives - UBCevents"" />
<meta property=""og:url"" content=""https://events.ubc.ca/events/category/type-observance/"" />
<meta property=""og:site_name"" content=""UBCevents"" />
<meta name=""twitter:card"" content=""summary_large_image"" />
<meta name=""twitter:site"" content=""@ubcevents"" />
<script type=""application/ld+json"" class=""yoast-schema-graph"">{""@context"":""https:\/\/schema.org"",""@graph"":[{""@type"":""CollectionPage"",""@id"":""https:\/\/events.ubc.ca\/events\/category\/type-observance\/"",""url"":""https:\/\/events.ubc.ca\/events\/category\/type-observance\/"",""name"":""Type – Observance Archives - UBCevents"",""isPartOf"":{""@id"":""https:\/\/events.ubc.ca\/#website""},""breadcrumb"":{""@id"":""https:\/\/events.ubc.ca\/events\/category\/type-observance\/#breadcrumb""},""inLanguage"":""en-US""},{""@type"":""BreadcrumbList"",""@id"":""https:\/\/events.ubc.ca\/events\/category\/type-observance\/#breadcrumb"",""itemListElement"":[{""@type"":""ListItem"",""position"":1,""name"":""Home"",""item"":""https:\/\/events.ubc.ca\/""},{""@type"":""ListItem"",""position"":2,""name"":""Type – Observance""}]},{""@type"":""WebSite"",""@id"":""https:\/\/events.ubc.ca\/#website"",""url"":""https:\/\/events.ubc.ca\/"",""name"":""UBC Events"",""description"":"""",""publisher"":{""@id"":""https:\/\/events.ubc.ca\/#organization""},""potentialAction"":[{""@type"":""SearchAction"",""target"":{""@type"":""EntryPoint"",""urlTemplate"":""https:\/\/events.ubc.ca\/?s={search_term_string}""},""query-input"":{""@type"":""PropertyValueSpecification"",""valueRequired"":true,""valueName"":""search_term_string""}}],""inLanguage"":""en-US""},{""@type"":""Organization"",""@id"":""https:\/\/events.ubc.ca\/#organization"",""name"":""UBC events"",""url"":""https:\/\/events.ubc.ca\/"",""logo"":{""@type"":""ImageObject"",""inLanguage"":""en-US"",""@id"":""https:\/\/events.ubc.ca\/#\/schema\/logo\/image\/"",""url"":""https:\/\/events.ubc.ca\/wp-content\/uploads\/2023\/11\/ubc-logo-2018-crest-blue-rgb72.jpg"",""contentUrl"":""https:\/\/events.ubc.ca\/wp-content\/uploads\/2023\/11\/ubc-logo-2018-crest-blue-rgb72.jpg"",""width"":99,""height"":135,""caption"":""UBC events""},""image"":{""@id"":""https:\/\/events.ubc.ca\/#\/schema\/logo\/image\/""},""sameAs"":[""https:\/\/www.facebook.com\/universityofbc\/"",""https:\/\/x.com\/ubcevents"",""https:\/\/www.youtube.com\/user\/UBC#g\/c\/94CEF848B9790AE4""]}]}</script>
<!-- / Yoast SEO plugin. -->","{""title"": ""Type – Observance Archives - UBCevents"", ""robots"": {""index"": ""index"", ""follow"": ""follow"", ""max-snippet"": ""max-snippet:-1"", ""max-image-preview"": ""max-image-preview:large"", ""max-video-preview"": ""max-video-preview:-1""}, ""canonical"": ""https://events.ubc.ca/events/category/type-observance/"", ""og_locale"": ""en_US"", ""og_type"": ""article"", ""og_title"": ""Type – Observance Archives - UBCevents"", ""og_url"": ""https://events.ubc.ca/events/category/type-observance/"", ""og_site_name"": ""UBCevents"", ""twitter_card"": ""summary_large_image"", ""twitter_site"": ""@ubcevents"", ""schema"": {""@context"": ""https://schema.org"", ""@graph"": [{""@type"": ""CollectionPage"", ""@id"": ""https://events.ubc.ca/events/category/type-observance/"", ""url"": ""https://events.ubc.ca/events/category/type-observance/"", ""name"": ""Type – Observance Archives - UBCevents"", ""isPartOf"": {""@id"": ""https://events.ubc.ca/#website""}, ""breadcrumb"": {""@id"": ""https://events.ubc.ca/events/category/type-observance/#breadcrumb""}, ""inLanguage"": ""en-US""}, {""@type"": ""BreadcrumbList"", ""@id"": ""https://events.ubc.ca/events/category/type-observance/#breadcrumb"", ""itemListElement"": [{""@type"": ""ListItem"", ""position"": 1, ""name"": ""Home"", ""item"": ""https://events.ubc.ca/""}, {""@type"": ""ListItem"", ""position"": 2, ""name"": ""Type – Observance""}]}, {""@type"": ""WebSite"", ""@id"": ""https://events.ubc.ca/#website"", ""url"": ""https://events.ubc.ca/"", ""name"": ""UBC Events"", ""description"": """", ""publisher"": {""@id"": ""https://events.ubc.ca/#organization""}, ""potentialAction"": [{""@type"": ""SearchAction"", ""target"": {""@type"": ""EntryPoint"", ""urlTemplate"": ""https://events.ubc.ca/?s={search_term_string}""}, ""query-input"": {""@type"": ""PropertyValueSpecification"", ""valueRequired"": true, ""valueName"": ""search_term_string""}}], ""inLanguage"": ""en-US""}, {""@type"": ""Organization"", ""@id"": ""https://events.ubc.ca/#organization"", ""name"": ""UBC events"", ""url"": ""https://events.ubc.ca/"", ""logo"": {""@type"": ""ImageObject"", ""inLanguage"": ""en-US"", ""@id"": ""https://events.ubc.ca/#/schema/logo/image/"", ""url"": ""https://events.ubc.ca/wp-content/uploads/2023/11/ubc-logo-2018-crest-blue-rgb72.jpg"", ""contentUrl"": ""https://events.ubc.ca/wp-content/uploads/2023/11/ubc-logo-2018-crest-blue-rgb72.jpg"", ""width"": 99, ""height"": 135, ""caption"": ""UBC events""}, ""image"": {""@id"": ""https://events.ubc.ca/#/schema/logo/image/""}, ""sameAs"": [""https://www.facebook.com/universityofbc/"", ""https://x.com/ubcevents"", ""https://www.youtube.com/user/UBC#g/c/94CEF848B9790AE4""]}]}}",https://events.ubc.ca/events/category/type-observance/,"{""self"": ""https://events.ubc.ca/wp-json/tribe/events/v1/categories/358"", ""collection"": ""https://events.ubc.ca/wp-json/tribe/events/v1/categories""}"
166,15,,Type – Party,type-party,tribe_events_cat,0,[],"<!-- This site is optimized with the Yoast SEO plugin v28.2 - https://yoast.com/product/yoast-seo-wordpress/ -->
<title>Type – Party Archives - UBCevents</title>
<meta name=""robots"" content=""index, follow, max-snippet:-1, max-image-preview:large, max-video-preview:-1"" />
<link rel=""canonical"" href=""https://events.ubc.ca/events/category/type-party/"" />
<meta property=""og:locale"" content=""en_US"" />
<meta property=""og:type"" content=""article"" />
<meta property=""og:title"" content=""Type – Party Archives - UBCevents"" />
<meta property=""og:url"" content=""https://events.ubc.ca/events/category/type-party/"" />
<meta property=""og:site_name"" content=""UBCevents"" />
<meta name=""twitter:card"" content=""summary_large_image"" />
<meta name=""twitter:site"" content=""@ubcevents"" />
<script type=""application/ld+json"" class=""yoast-schema-graph"">{""@context"":""https:\/\/schema.org"",""@graph"":[{""@type"":""CollectionPage"",""@id"":""https:\/\/events.ubc.ca\/events\/category\/type-party\/"",""url"":""https:\/\/events.ubc.ca\/events\/category\/type-party\/"",""name"":""Type – Party Archives - UBCevents"",""isPartOf"":{""@id"":""https:\/\/events.ubc.ca\/#website""},""breadcrumb"":{""@id"":""https:\/\/events.ubc.ca\/events\/category\/type-party\/#breadcrumb""},""inLanguage"":""en-US""},{""@type"":""BreadcrumbList"",""@id"":""https:\/\/events.ubc.ca\/events\/category\/type-party\/#breadcrumb"",""itemListElement"":[{""@type"":""ListItem"",""position"":1,""name"":""Home"",""item"":""https:\/\/events.ubc.ca\/""},{""@type"":""ListItem"",""position"":2,""name"":""Type – Party""}]},{""@type"":""WebSite"",""@id"":""https:\/\/events.ubc.ca\/#website"",""url"":""https:\/\/events.ubc.ca\/"",""name"":""UBC Events"",""description"":"""",""publisher"":{""@id"":""https:\/\/events.ubc.ca\/#organization""},""potentialAction"":[{""@type"":""SearchAction"",""target"":{""@type"":""EntryPoint"",""urlTemplate"":""https:\/\/events.ubc.ca\/?s={search_term_string}""},""query-input"":{""@type"":""PropertyValueSpecification"",""valueRequired"":true,""valueName"":""search_term_string""}}],""inLanguage"":""en-US""},{""@type"":""Organization"",""@id"":""https:\/\/events.ubc.ca\/#organization"",""name"":""UBC events"",""url"":""https:\/\/events.ubc.ca\/"",""logo"":{""@type"":""ImageObject"",""inLanguage"":""en-US"",""@id"":""https:\/\/events.ubc.ca\/#\/schema\/logo\/image\/"",""url"":""https:\/\/events.ubc.ca\/wp-content\/uploads\/2023\/11\/ubc-logo-2018-crest-blue-rgb72.jpg"",""contentUrl"":""https:\/\/events.ubc.ca\/wp-content\/uploads\/2023\/11\/ubc-logo-2018-crest-blue-rgb72.jpg"",""width"":99,""height"":135,""caption"":""UBC events""},""image"":{""@id"":""https:\/\/events.ubc.ca\/#\/schema\/logo\/image\/""},""sameAs"":[""https:\/\/www.facebook.com\/universityofbc\/"",""https:\/\/x.com\/ubcevents"",""https:\/\/www.youtube.com\/user\/UBC#g\/c\/94CEF848B9790AE4""]}]}</script>
<!-- / Yoast SEO plugin. -->","{""title"": ""Type – Party Archives - UBCevents"", ""robots"": {""index"": ""index"", ""follow"": ""follow"", ""max-snippet"": ""max-snippet:-1"", ""max-image-preview"": ""max-image-preview:large"", ""max-video-preview"": ""max-video-preview:-1""}, ""canonical"": ""https://events.ubc.ca/events/category/type-party/"", ""og_locale"": ""en_US"", ""og_type"": ""article"", ""og_title"": ""Type – Party Archives - UBCevents"", ""og_url"": ""https://events.ubc.ca/events/category/type-party/"", ""og_site_name"": ""UBCevents"", ""twitter_card"": ""summary_large_image"", ""twitter_site"": ""@ubcevents"", ""schema"": {""@context"": ""https://schema.org"", ""@graph"": [{""@type"": ""CollectionPage"", ""@id"": ""https://events.ubc.ca/events/category/type-party/"", ""url"": ""https://events.ubc.ca/events/category/type-party/"", ""name"": ""Type – Party Archives - UBCevents"", ""isPartOf"": {""@id"": ""https://events.ubc.ca/#website""}, ""breadcrumb"": {""@id"": ""https://events.ubc.ca/events/category/type-party/#breadcrumb""}, ""inLanguage"": ""en-US""}, {""@type"": ""BreadcrumbList"", ""@id"": ""https://events.ubc.ca/events/category/type-party/#breadcrumb"", ""itemListElement"": [{""@type"": ""ListItem"", ""position"": 1, ""name"": ""Home"", ""item"": ""https://events.ubc.ca/""}, {""@type"": ""ListItem"", ""position"": 2, ""name"": ""Type – Party""}]}, {""@type"": ""WebSite"", ""@id"": ""https://events.ubc.ca/#website"", ""url"": ""https://events.ubc.ca/"", ""name"": ""UBC Events"", ""description"": """", ""publisher"": {""@id"": ""https://events.ubc.ca/#organization""}, ""potentialAction"": [{""@type"": ""SearchAction"", ""target"": {""@type"": ""EntryPoint"", ""urlTemplate"": ""https://events.ubc.ca/?s={search_term_string}""}, ""query-input"": {""@type"": ""PropertyValueSpecification"", ""valueRequired"": true, ""valueName"": ""search_term_string""}}], ""inLanguage"": ""en-US""}, {""@type"": ""Organization"", ""@id"": ""https://events.ubc.ca/#organization"", ""name"": ""UBC events"", ""url"": ""https://events.ubc.ca/"", ""logo"": {""@type"": ""ImageObject"", ""inLanguage"": ""en-US"", ""@id"": ""https://events.ubc.ca/#/schema/logo/image/"", ""url"": ""https://events.ubc.ca/wp-content/uploads/2023/11/ubc-logo-2018-crest-blue-rgb72.jpg"", ""contentUrl"": ""https://events.ubc.ca/wp-content/uploads/2023/11/ubc-logo-2018-crest-blue-rgb72.jpg"", ""width"": 99, ""height"": 135, ""caption"": ""UBC events""}, ""image"": {""@id"": ""https://events.ubc.ca/#/schema/logo/image/""}, ""sameAs"": [""https://www.facebook.com/universityofbc/"", ""https://x.com/ubcevents"", ""https://www.youtube.com/user/UBC#g/c/94CEF848B9790AE4""]}]}}",https://events.ubc.ca/events/category/type-party/,"{""self"": ""https://events.ubc.ca/wp-json/tribe/events/v1/categories/166"", ""collection"": ""https://events.ubc.ca/wp-json/tribe/events/v1/categories""}"
167,157,,Type – Performance,type-performance,tribe_events_cat,0,[],"<!-- This site is optimized with the Yoast SEO plugin v28.2 - https://yoast.com/product/yoast-seo-wordpress/ -->
<title>Type – Performance Archives - UBCevents</title>
<meta name=""robots"" content=""index, follow, max-snippet:-1, max-image-preview:large, max-video-preview:-1"" />
<link rel=""canonical"" href=""https://events.ubc.ca/events/category/type-performance/"" />
<meta property=""og:locale"" content=""en_US"" />
<meta property=""og:type"" content=""article"" />
<meta property=""og:title"" content=""Type – Performance Archives - UBCevents"" />
<meta property=""og:url"" content=""https://events.ubc.ca/events/category/type-performance/"" />
<meta property=""og:site_name"" content=""UBCevents"" />
<meta name=""twitter:card"" content=""summary_large_image"" />
<meta name=""twitter:site"" content=""@ubcevents"" />
<script type=""application/ld+json"" class=""yoast-schema-graph"">{""@context"":""https:\/\/schema.org"",""@graph"":[{""@type"":""CollectionPage"",""@id"":""https:\/\/events.ubc.ca\/events\/category\/type-performance\/"",""url"":""https:\/\/events.ubc.ca\/events\/category\/type-performance\/"",""name"":""Type – Performance Archives - UBCevents"",""isPartOf"":{""@id"":""https:\/\/events.ubc.ca\/#website""},""breadcrumb"":{""@id"":""https:\/\/events.ubc.ca\/events\/category\/type-performance\/#breadcrumb""},""inLanguage"":""en-US""},{""@type"":""BreadcrumbList"",""@id"":""https:\/\/events.ubc.ca\/events\/category\/type-performance\/#breadcrumb"",""itemListElement"":[{""@type"":""ListItem"",""position"":1,""name"":""Home"",""item"":""https:\/\/events.ubc.ca\/""},{""@type"":""ListItem"",""position"":2,""name"":""Type – Performance""}]},{""@type"":""WebSite"",""@id"":""https:\/\/events.ubc.ca\/#website"",""url"":""https:\/\/events.ubc.ca\/"",""name"":""UBC Events"",""description"":"""",""publisher"":{""@id"":""https:\/\/events.ubc.ca\/#organization""},""potentialAction"":[{""@type"":""SearchAction"",""target"":{""@type"":""EntryPoint"",""urlTemplate"":""https:\/\/events.ubc.ca\/?s={search_term_string}""},""query-input"":{""@type"":""PropertyValueSpecification"",""valueRequired"":true,""valueName"":""search_term_string""}}],""inLanguage"":""en-US""},{""@type"":""Organization"",""@id"":""https:\/\/events.ubc.ca\/#organization"",""name"":""UBC events"",""url"":""https:\/\/events.ubc.ca\/"",""logo"":{""@type"":""ImageObject"",""inLanguage"":""en-US"",""@id"":""https:\/\/events.ubc.ca\/#\/schema\/logo\/image\/"",""url"":""https:\/\/events.ubc.ca\/wp-content\/uploads\/2023\/11\/ubc-logo-2018-crest-blue-rgb72.jpg"",""contentUrl"":""https:\/\/events.ubc.ca\/wp-content\/uploads\/2023\/11\/ubc-logo-2018-crest-blue-rgb72.jpg"",""width"":99,""height"":135,""caption"":""UBC events""},""image"":{""@id"":""https:\/\/events.ubc.ca\/#\/schema\/logo\/image\/""},""sameAs"":[""https:\/\/www.facebook.com\/universityofbc\/"",""https:\/\/x.com\/ubcevents"",""https:\/\/www.youtube.com\/user\/UBC#g\/c\/94CEF848B9790AE4""]}]}</script>
<!-- / Yoast SEO plugin. -->","{""title"": ""Type – Performance Archives - UBCevents"", ""robots"": {""index"": ""index"", ""follow"": ""follow"", ""max-snippet"": ""max-snippet:-1"", ""max-image-preview"": ""max-image-preview:large"", ""max-video-preview"": ""max-video-preview:-1""}, ""canonical"": ""https://events.ubc.ca/events/category/type-performance/"", ""og_locale"": ""en_US"", ""og_type"": ""article"", ""og_title"": ""Type – Performance Archives - UBCevents"", ""og_url"": ""https://events.ubc.ca/events/category/type-performance/"", ""og_site_name"": ""UBCevents"", ""twitter_card"": ""summary_large_image"", ""twitter_site"": ""@ubcevents"", ""schema"": {""@context"": ""https://schema.org"", ""@graph"": [{""@type"": ""CollectionPage"", ""@id"": ""https://events.ubc.ca/events/category/type-performance/"", ""url"": ""https://events.ubc.ca/events/category/type-performance/"", ""name"": ""Type – Performance Archives - UBCevents"", ""isPartOf"": {""@id"": ""https://events.ubc.ca/#website""}, ""breadcrumb"": {""@id"": ""https://events.ubc.ca/events/category/type-performance/#breadcrumb""}, ""inLanguage"": ""en-US""}, {""@type"": ""BreadcrumbList"", ""@id"": ""https://events.ubc.ca/events/category/type-performance/#breadcrumb"", ""itemListElement"": [{""@type"": ""ListItem"", ""position"": 1, ""name"": ""Home"", ""item"": ""https://events.ubc.ca/""}, {""@type"": ""ListItem"", ""position"": 2, ""name"": ""Type – Performance""}]}, {""@type"": ""WebSite"", ""@id"": ""https://events.ubc.ca/#website"", ""url"": ""https://events.ubc.ca/"", ""name"": ""UBC Events"", ""description"": """", ""publisher"": {""@id"": ""https://events.ubc.ca/#organization""}, ""potentialAction"": [{""@type"": ""SearchAction"", ""target"": {""@type"": ""EntryPoint"", ""urlTemplate"": ""https://events.ubc.ca/?s={search_term_string}""}, ""query-input"": {""@type"": ""PropertyValueSpecification"", ""valueRequired"": true, ""valueName"": ""search_term_string""}}], ""inLanguage"": ""en-US""}, {""@type"": ""Organization"", ""@id"": ""https://events.ubc.ca/#organization"", ""name"": ""UBC events"", ""url"": ""https://events.ubc.ca/"", ""logo"": {""@type"": ""ImageObject"", ""inLanguage"": ""en-US"", ""@id"": ""https://events.ubc.ca/#/schema/logo/image/"", ""url"": ""https://events.ubc.ca/wp-content/uploads/2023/11/ubc-logo-2018-crest-blue-rgb72.jpg"", ""contentUrl"": ""https://events.ubc.ca/wp-content/uploads/2023/11/ubc-logo-2018-crest-blue-rgb72.jpg"", ""width"": 99, ""height"": 135, ""caption"": ""UBC events""}, ""image"": {""@id"": ""https://events.ubc.ca/#/schema/logo/image/""}, ""sameAs"": [""https://www.facebook.com/universityofbc/"", ""https://x.com/ubcevents"", ""https://www.youtube.com/user/UBC#g/c/94CEF848B9790AE4""]}]}}",https://events.ubc.ca/events/category/type-performance/,"{""self"": ""https://events.ubc.ca/wp-json/tribe/events/v1/categories/167"", ""collection"": ""https://events.ubc.ca/wp-json/tribe/events/v1/categories""}"
168,1,,Type – Protest,type-protest,tribe_events_cat,0,[],"<!-- This site is optimized with the Yoast SEO plugin v28.2 - https://yoast.com/product/yoast-seo-wordpress/ -->
<title>Type – Protest Archives - UBCevents</title>
<meta name=""robots"" content=""index, follow, max-snippet:-1, max-image-preview:large, max-video-preview:-1"" />
<link rel=""canonical"" href=""https://events.ubc.ca/events/category/type-protest/"" />
<meta property=""og:locale"" content=""en_US"" />
<meta property=""og:type"" content=""article"" />
<meta property=""og:title"" content=""Type – Protest Archives - UBCevents"" />
<meta property=""og:url"" content=""https://events.ubc.ca/events/category/type-protest/"" />
<meta property=""og:site_name"" content=""UBCevents"" />
<meta name=""twitter:card"" content=""summary_large_image"" />
<meta name=""twitter:site"" content=""@ubcevents"" />
<script type=""application/ld+json"" class=""yoast-schema-graph"">{""@context"":""https:\/\/schema.org"",""@graph"":[{""@type"":""CollectionPage"",""@id"":""https:\/\/events.ubc.ca\/events\/category\/type-protest\/"",""url"":""https:\/\/events.ubc.ca\/events\/category\/type-protest\/"",""name"":""Type – Protest Archives - UBCevents"",""isPartOf"":{""@id"":""https:\/\/events.ubc.ca\/#website""},""breadcrumb"":{""@id"":""https:\/\/events.ubc.ca\/events\/category\/type-protest\/#breadcrumb""},""inLanguage"":""en-US""},{""@type"":""BreadcrumbList"",""@id"":""https:\/\/events.ubc.ca\/events\/category\/type-protest\/#breadcrumb"",""itemListElement"":[{""@type"":""ListItem"",""position"":1,""name"":""Home"",""item"":""https:\/\/events.ubc.ca\/""},{""@type"":""ListItem"",""position"":2,""name"":""Type – Protest""}]},{""@type"":""WebSite"",""@id"":""https:\/\/events.ubc.ca\/#website"",""url"":""https:\/\/events.ubc.ca\/"",""name"":""UBC Events"",""description"":"""",""publisher"":{""@id"":""https:\/\/events.ubc.ca\/#organization""},""potentialAction"":[{""@type"":""SearchAction"",""target"":{""@type"":""EntryPoint"",""urlTemplate"":""https:\/\/events.ubc.ca\/?s={search_term_string}""},""query-input"":{""@type"":""PropertyValueSpecification"",""valueRequired"":true,""valueName"":""search_term_string""}}],""inLanguage"":""en-US""},{""@type"":""Organization"",""@id"":""https:\/\/events.ubc.ca\/#organization"",""name"":""UBC events"",""url"":""https:\/\/events.ubc.ca\/"",""logo"":{""@type"":""ImageObject"",""inLanguage"":""en-US"",""@id"":""https:\/\/events.ubc.ca\/#\/schema\/logo\/image\/"",""url"":""https:\/\/events.ubc.ca\/wp-content\/uploads\/2023\/11\/ubc-logo-2018-crest-blue-rgb72.jpg"",""contentUrl"":""https:\/\/events.ubc.ca\/wp-content\/uploads\/2023\/11\/ubc-logo-2018-crest-blue-rgb72.jpg"",""width"":99,""height"":135,""caption"":""UBC events""},""image"":{""@id"":""https:\/\/events.ubc.ca\/#\/schema\/logo\/image\/""},""sameAs"":[""https:\/\/www.facebook.com\/universityofbc\/"",""https:\/\/x.com\/ubcevents"",""https:\/\/www.youtube.com\/user\/UBC#g\/c\/94CEF848B9790AE4""]}]}</script>
<!-- / Yoast SEO plugin. -->","{""title"": ""Type – Protest Archives - UBCevents"", ""robots"": {""index"": ""index"", ""follow"": ""follow"", ""max-snippet"": ""max-snippet:-1"", ""max-image-preview"": ""max-image-preview:large"", ""max-video-preview"": ""max-video-preview:-1""}, ""canonical"": ""https://events.ubc.ca/events/category/type-protest/"", ""og_locale"": ""en_US"", ""og_type"": ""article"", ""og_title"": ""Type – Protest Archives - UBCevents"", ""og_url"": ""https://events.ubc.ca/events/category/type-protest/"", ""og_site_name"": ""UBCevents"", ""twitter_card"": ""summary_large_image"", ""twitter_site"": ""@ubcevents"", ""schema"": {""@context"": ""https://schema.org"", ""@graph"": [{""@type"": ""CollectionPage"", ""@id"": ""https://events.ubc.ca/events/category/type-protest/"", ""url"": ""https://events.ubc.ca/events/category/type-protest/"", ""name"": ""Type – Protest Archives - UBCevents"", ""isPartOf"": {""@id"": ""https://events.ubc.ca/#website""}, ""breadcrumb"": {""@id"": ""https://events.ubc.ca/events/category/type-protest/#breadcrumb""}, ""inLanguage"": ""en-US""}, {""@type"": ""BreadcrumbList"", ""@id"": ""https://events.ubc.ca/events/category/type-protest/#breadcrumb"", ""itemListElement"": [{""@type"": ""ListItem"", ""position"": 1, ""name"": ""Home"", ""item"": ""https://events.ubc.ca/""}, {""@type"": ""ListItem"", ""position"": 2, ""name"": ""Type – Protest""}]}, {""@type"": ""WebSite"", ""@id"": ""https://events.ubc.ca/#website"", ""url"": ""https://events.ubc.ca/"", ""name"": ""UBC Events"", ""description"": """", ""publisher"": {""@id"": ""https://events.ubc.ca/#organization""}, ""potentialAction"": [{""@type"": ""SearchAction"", ""target"": {""@type"": ""EntryPoint"", ""urlTemplate"": ""https://events.ubc.ca/?s={search_term_string}""}, ""query-input"": {""@type"": ""PropertyValueSpecification"", ""valueRequired"": true, ""valueName"": ""search_term_string""}}], ""inLanguage"": ""en-US""}, {""@type"": ""Organization"", ""@id"": ""https://events.ubc.ca/#organization"", ""name"": ""UBC events"", ""url"": ""https://events.ubc.ca/"", ""logo"": {""@type"": ""ImageObject"", ""inLanguage"": ""en-US"", ""@id"": ""https://events.ubc.ca/#/schema/logo/image/"", ""url"": ""https://events.ubc.ca/wp-content/uploads/2023/11/ubc-logo-2018-crest-blue-rgb72.jpg"", ""contentUrl"": ""https://events.ubc.ca/wp-content/uploads/2023/11/ubc-logo-2018-crest-blue-rgb72.jpg"", ""width"": 99, ""height"": 135, ""caption"": ""UBC events""}, ""image"": {""@id"": ""https://events.ubc.ca/#/schema/logo/image/""}, ""sameAs"": [""https://www.facebook.com/universityofbc/"", ""https://x.com/ubcevents"", ""https://www.youtube.com/user/UBC#g/c/94CEF848B9790AE4""]}]}}",https://events.ubc.ca/events/category/type-protest/,"{""self"": ""https://events.ubc.ca/wp-json/tribe/events/v1/categories/168"", ""collection"": ""https://events.ubc.ca/wp-json/tribe/events/v1/categories""}"
169,40,,Type – Reception,type-reception,tribe_events_cat,0,[],"<!-- This site is optimized with the Yoast SEO plugin v28.2 - https://yoast.com/product/yoast-seo-wordpress/ -->
<title>Type – Reception Archives - UBCevents</title>
<meta name=""robots"" content=""index, follow, max-snippet:-1, max-image-preview:large, max-video-preview:-1"" />
<link rel=""canonical"" href=""https://events.ubc.ca/events/category/type-reception/"" />
<meta property=""og:locale"" content=""en_US"" />
<meta property=""og:type"" content=""article"" />
<meta property=""og:title"" content=""Type – Reception Archives - UBCevents"" />
<meta property=""og:url"" content=""https://events.ubc.ca/events/category/type-reception/"" />
<meta property=""og:site_name"" content=""UBCevents"" />
<meta name=""twitter:card"" content=""summary_large_image"" />
<meta name=""twitter:site"" content=""@ubcevents"" />
<script type=""application/ld+json"" class=""yoast-schema-graph"">{""@context"":""https:\/\/schema.org"",""@graph"":[{""@type"":""CollectionPage"",""@id"":""https:\/\/events.ubc.ca\/events\/category\/type-reception\/"",""url"":""https:\/\/events.ubc.ca\/events\/category\/type-reception\/"",""name"":""Type – Reception Archives - UBCevents"",""isPartOf"":{""@id"":""https:\/\/events.ubc.ca\/#website""},""breadcrumb"":{""@id"":""https:\/\/events.ubc.ca\/events\/category\/type-reception\/#breadcrumb""},""inLanguage"":""en-US""},{""@type"":""BreadcrumbList"",""@id"":""https:\/\/events.ubc.ca\/events\/category\/type-reception\/#breadcrumb"",""itemListElement"":[{""@type"":""ListItem"",""position"":1,""name"":""Home"",""item"":""https:\/\/events.ubc.ca\/""},{""@type"":""ListItem"",""position"":2,""name"":""Type – Reception""}]},{""@type"":""WebSite"",""@id"":""https:\/\/events.ubc.ca\/#website"",""url"":""https:\/\/events.ubc.ca\/"",""name"":""UBC Events"",""description"":"""",""publisher"":{""@id"":""https:\/\/events.ubc.ca\/#organization""},""potentialAction"":[{""@type"":""SearchAction"",""target"":{""@type"":""EntryPoint"",""urlTemplate"":""https:\/\/events.ubc.ca\/?s={search_term_string}""},""query-input"":{""@type"":""PropertyValueSpecification"",""valueRequired"":true,""valueName"":""search_term_string""}}],""inLanguage"":""en-US""},{""@type"":""Organization"",""@id"":""https:\/\/events.ubc.ca\/#organization"",""name"":""UBC events"",""url"":""https:\/\/events.ubc.ca\/"",""logo"":{""@type"":""ImageObject"",""inLanguage"":""en-US"",""@id"":""https:\/\/events.ubc.ca\/#\/schema\/logo\/image\/"",""url"":""https:\/\/events.ubc.ca\/wp-content\/uploads\/2023\/11\/ubc-logo-2018-crest-blue-rgb72.jpg"",""contentUrl"":""https:\/\/events.ubc.ca\/wp-content\/uploads\/2023\/11\/ubc-logo-2018-crest-blue-rgb72.jpg"",""width"":99,""height"":135,""caption"":""UBC events""},""image"":{""@id"":""https:\/\/events.ubc.ca\/#\/schema\/logo\/image\/""},""sameAs"":[""https:\/\/www.facebook.com\/universityofbc\/"",""https:\/\/x.com\/ubcevents"",""https:\/\/www.youtube.com\/user\/UBC#g\/c\/94CEF848B9790AE4""]}]}</script>
<!-- / Yoast SEO plugin. -->","{""title"": ""Type – Reception Archives - UBCevents"", ""robots"": {""index"": ""index"", ""follow"": ""follow"", ""max-snippet"": ""max-snippet:-1"", ""max-image-preview"": ""max-image-preview:large"", ""max-video-preview"": ""max-video-preview:-1""}, ""canonical"": ""https://events.ubc.ca/events/category/type-reception/"", ""og_locale"": ""en_US"", ""og_type"": ""article"", ""og_title"": ""Type – Reception Archives - UBCevents"", ""og_url"": ""https://events.ubc.ca/events/category/type-reception/"", ""og_site_name"": ""UBCevents"", ""twitter_card"": ""summary_large_image"", ""twitter_site"": ""@ubcevents"", ""schema"": {""@context"": ""https://schema.org"", ""@graph"": [{""@type"": ""CollectionPage"", ""@id"": ""https://events.ubc.ca/events/category/type-reception/"", ""url"": ""https://events.ubc.ca/events/category/type-reception/"", ""name"": ""Type – Reception Archives - UBCevents"", ""isPartOf"": {""@id"": ""https://events.ubc.ca/#website""}, ""breadcrumb"": {""@id"": ""https://events.ubc.ca/events/category/type-reception/#breadcrumb""}, ""inLanguage"": ""en-US""}, {""@type"": ""BreadcrumbList"", ""@id"": ""https://events.ubc.ca/events/category/type-reception/#breadcrumb"", ""itemListElement"": [{""@type"": ""ListItem"", ""position"": 1, ""name"": ""Home"", ""item"": ""https://events.ubc.ca/""}, {""@type"": ""ListItem"", ""position"": 2, ""name"": ""Type – Reception""}]}, {""@type"": ""WebSite"", ""@id"": ""https://events.ubc.ca/#website"", ""url"": ""https://events.ubc.ca/"", ""name"": ""UBC Events"", ""description"": """", ""publisher"": {""@id"": ""https://events.ubc.ca/#organization""}, ""potentialAction"": [{""@type"": ""SearchAction"", ""target"": {""@type"": ""EntryPoint"", ""urlTemplate"": ""https://events.ubc.ca/?s={search_term_string}""}, ""query-input"": {""@type"": ""PropertyValueSpecification"", ""valueRequired"": true, ""valueName"": ""search_term_string""}}], ""inLanguage"": ""en-US""}, {""@type"": ""Organization"", ""@id"": ""https://events.ubc.ca/#organization"", ""name"": ""UBC events"", ""url"": ""https://events.ubc.ca/"", ""logo"": {""@type"": ""ImageObject"", ""inLanguage"": ""en-US"", ""@id"": ""https://events.ubc.ca/#/schema/logo/image/"", ""url"": ""https://events.ubc.ca/wp-content/uploads/2023/11/ubc-logo-2018-crest-blue-rgb72.jpg"", ""contentUrl"": ""https://events.ubc.ca/wp-content/uploads/2023/11/ubc-logo-2018-crest-blue-rgb72.jpg"", ""width"": 99, ""height"": 135, ""caption"": ""UBC events""}, ""image"": {""@id"": ""https://events.ubc.ca/#/schema/logo/image/""}, ""sameAs"": [""https://www.facebook.com/universityofbc/"", ""https://x.com/ubcevents"", ""https://www.youtube.com/user/UBC#g/c/94CEF848B9790AE4""]}]}}",https://events.ubc.ca/events/category/type-reception/,"{""self"": ""https://events.ubc.ca/wp-json/tribe/events/v1/categories/169"", ""collection"": ""https://events.ubc.ca/wp-json/tribe/events/v1/categories""}"
170,47,,Type – Recreation and Intramurals,type-recreation-and-intramurals,tribe_events_cat,0,[],"<!-- This site is optimized with the Yoast SEO plugin v28.2 - https://yoast.com/product/yoast-seo-wordpress/ -->
<title>Type – Recreation and Intramurals Archives - UBCevents</title>
<meta name=""robots"" content=""index, follow, max-snippet:-1, max-image-preview:large, max-video-preview:-1"" />
<link rel=""canonical"" href=""https://events.ubc.ca/events/category/type-recreation-and-intramurals/"" />
<meta property=""og:locale"" content=""en_US"" />
<meta property=""og:type"" content=""article"" />
<meta property=""og:title"" content=""Type – Recreation and Intramurals Archives - UBCevents"" />
<meta property=""og:url"" content=""https://events.ubc.ca/events/category/type-recreation-and-intramurals/"" />
<meta property=""og:site_name"" content=""UBCevents"" />
<meta name=""twitter:card"" content=""summary_large_image"" />
<meta name=""twitter:site"" content=""@ubcevents"" />
<script type=""application/ld+json"" class=""yoast-schema-graph"">{""@context"":""https:\/\/schema.org"",""@graph"":[{""@type"":""CollectionPage"",""@id"":""https:\/\/events.ubc.ca\/events\/category\/type-recreation-and-intramurals\/"",""url"":""https:\/\/events.ubc.ca\/events\/category\/type-recreation-and-intramurals\/"",""name"":""Type – Recreation and Intramurals Archives - UBCevents"",""isPartOf"":{""@id"":""https:\/\/events.ubc.ca\/#website""},""breadcrumb"":{""@id"":""https:\/\/events.ubc.ca\/events\/category\/type-recreation-and-intramurals\/#breadcrumb""},""inLanguage"":""en-US""},{""@type"":""BreadcrumbList"",""@id"":""https:\/\/events.ubc.ca\/events\/category\/type-recreation-and-intramurals\/#breadcrumb"",""itemListElement"":[{""@type"":""ListItem"",""position"":1,""name"":""Home"",""item"":""https:\/\/events.ubc.ca\/""},{""@type"":""ListItem"",""position"":2,""name"":""Type – Recreation and Intramurals""}]},{""@type"":""WebSite"",""@id"":""https:\/\/events.ubc.ca\/#website"",""url"":""https:\/\/events.ubc.ca\/"",""name"":""UBC Events"",""description"":"""",""publisher"":{""@id"":""https:\/\/events.ubc.ca\/#organization""},""potentialAction"":[{""@type"":""SearchAction"",""target"":{""@type"":""EntryPoint"",""urlTemplate"":""https:\/\/events.ubc.ca\/?s={search_term_string}""},""query-input"":{""@type"":""PropertyValueSpecification"",""valueRequired"":true,""valueName"":""search_term_string""}}],""inLanguage"":""en-US""},{""@type"":""Organization"",""@id"":""https:\/\/events.ubc.ca\/#organization"",""name"":""UBC events"",""url"":""https:\/\/events.ubc.ca\/"",""logo"":{""@type"":""ImageObject"",""inLanguage"":""en-US"",""@id"":""https:\/\/events.ubc.ca\/#\/schema\/logo\/image\/"",""url"":""https:\/\/events.ubc.ca\/wp-content\/uploads\/2023\/11\/ubc-logo-2018-crest-blue-rgb72.jpg"",""contentUrl"":""https:\/\/events.ubc.ca\/wp-content\/uploads\/2023\/11\/ubc-logo-2018-crest-blue-rgb72.jpg"",""width"":99,""height"":135,""caption"":""UBC events""},""image"":{""@id"":""https:\/\/events.ubc.ca\/#\/schema\/logo\/image\/""},""sameAs"":[""https:\/\/www.facebook.com\/universityofbc\/"",""https:\/\/x.com\/ubcevents"",""https:\/\/www.youtube.com\/user\/UBC#g\/c\/94CEF848B9790AE4""]}]}</script>
<!-- / Yoast SEO plugin. -->","{""title"": ""Type – Recreation and Intramurals Archives - UBCevents"", ""robots"": {""index"": ""index"", ""follow"": ""follow"", ""max-snippet"": ""max-snippet:-1"", ""max-image-preview"": ""max-image-preview:large"", ""max-video-preview"": ""max-video-preview:-1""}, ""canonical"": ""https://events.ubc.ca/events/category/type-recreation-and-intramurals/"", ""og_locale"": ""en_US"", ""og_type"": ""article"", ""og_title"": ""Type – Recreation and Intramurals Archives - UBCevents"", ""og_url"": ""https://events.ubc.ca/events/category/type-recreation-and-intramurals/"", ""og_site_name"": ""UBCevents"", ""twitter_card"": ""summary_large_image"", ""twitter_site"": ""@ubcevents"", ""schema"": {""@context"": ""https://schema.org"", ""@graph"": [{""@type"": ""CollectionPage"", ""@id"": ""https://events.ubc.ca/events/category/type-recreation-and-intramurals/"", ""url"": ""https://events.ubc.ca/events/category/type-recreation-and-intramurals/"", ""name"": ""Type – Recreation and Intramurals Archives - UBCevents"", ""isPartOf"": {""@id"": ""https://events.ubc.ca/#website""}, ""breadcrumb"": {""@id"": ""https://events.ubc.ca/events/category/type-recreation-and-intramurals/#breadcrumb""}, ""inLanguage"": ""en-US""}, {""@type"": ""BreadcrumbList"", ""@id"": ""https://events.ubc.ca/events/category/type-recreation-and-intramurals/#breadcrumb"", ""itemListElement"": [{""@type"": ""ListItem"", ""position"": 1, ""name"": ""Home"", ""item"": ""https://events.ubc.ca/""}, {""@type"": ""ListItem"", ""position"": 2, ""name"": ""Type – Recreation and Intramurals""}]}, {""@type"": ""WebSite"", ""@id"": ""https://events.ubc.ca/#website"", ""url"": ""https://events.ubc.ca/"", ""name"": ""UBC Events"", ""description"": """", ""publisher"": {""@id"": ""https://events.ubc.ca/#organization""}, ""potentialAction"": [{""@type"": ""SearchAction"", ""target"": {""@type"": ""EntryPoint"", ""urlTemplate"": ""https://events.ubc.ca/?s={search_term_string}""}, ""query-input"": {""@type"": ""PropertyValueSpecification"", ""valueRequired"": true, ""valueName"": ""search_term_string""}}], ""inLanguage"": ""en-US""}, {""@type"": ""Organization"", ""@id"": ""https://events.ubc.ca/#organization"", ""name"": ""UBC events"", ""url"": ""https://events.ubc.ca/"", ""logo"": {""@type"": ""ImageObject"", ""inLanguage"": ""en-US"", ""@id"": ""https://events.ubc.ca/#/schema/logo/image/"", ""url"": ""https://events.ubc.ca/wp-content/uploads/2023/11/ubc-logo-2018-crest-blue-rgb72.jpg"", ""contentUrl"": ""https://events.ubc.ca/wp-content/uploads/2023/11/ubc-logo-2018-crest-blue-rgb72.jpg"", ""width"": 99, ""height"": 135, ""caption"": ""UBC events""}, ""image"": {""@id"": ""https://events.ubc.ca/#/schema/logo/image/""}, ""sameAs"": [""https://www.facebook.com/universityofbc/"", ""https://x.com/ubcevents"", ""https://www.youtube.com/user/UBC#g/c/94CEF848B9790AE4""]}]}}",https://events.ubc.ca/events/category/type-recreation-and-intramurals/,"{""self"": ""https://events.ubc.ca/wp-json/tribe/events/v1/categories/170"", ""collection"": ""https://events.ubc.ca/wp-json/tribe/events/v1/categories""}"
171,5,,Type – Reunion,type-reunion,tribe_events_cat,0,[],"<!-- This site is optimized with the Yoast SEO plugin v28.2 - https://yoast.com/product/yoast-seo-wordpress/ -->
<title>Type – Reunion Archives - UBCevents</title>
<meta name=""robots"" content=""index, follow, max-snippet:-1, max-image-preview:large, max-video-preview:-1"" />
<link rel=""canonical"" href=""https://events.ubc.ca/events/category/type-reunion/"" />
<meta property=""og:locale"" content=""en_US"" />
<meta property=""og:type"" content=""article"" />
<meta property=""og:title"" content=""Type – Reunion Archives - UBCevents"" />
<meta property=""og:url"" content=""https://events.ubc.ca/events/category/type-reunion/"" />
<meta property=""og:site_name"" content=""UBCevents"" />
<meta name=""twitter:card"" content=""summary_large_image"" />
<meta name=""twitter:site"" content=""@ubcevents"" />
<script type=""application/ld+json"" class=""yoast-schema-graph"">{""@context"":""https:\/\/schema.org"",""@graph"":[{""@type"":""CollectionPage"",""@id"":""https:\/\/events.ubc.ca\/events\/category\/type-reunion\/"",""url"":""https:\/\/events.ubc.ca\/events\/category\/type-reunion\/"",""name"":""Type – Reunion Archives - UBCevents"",""isPartOf"":{""@id"":""https:\/\/events.ubc.ca\/#website""},""breadcrumb"":{""@id"":""https:\/\/events.ubc.ca\/events\/category\/type-reunion\/#breadcrumb""},""inLanguage"":""en-US""},{""@type"":""BreadcrumbList"",""@id"":""https:\/\/events.ubc.ca\/events\/category\/type-reunion\/#breadcrumb"",""itemListElement"":[{""@type"":""ListItem"",""position"":1,""name"":""Home"",""item"":""https:\/\/events.ubc.ca\/""},{""@type"":""ListItem"",""position"":2,""name"":""Type – Reunion""}]},{""@type"":""WebSite"",""@id"":""https:\/\/events.ubc.ca\/#website"",""url"":""https:\/\/events.ubc.ca\/"",""name"":""UBC Events"",""description"":"""",""publisher"":{""@id"":""https:\/\/events.ubc.ca\/#organization""},""potentialAction"":[{""@type"":""SearchAction"",""target"":{""@type"":""EntryPoint"",""urlTemplate"":""https:\/\/events.ubc.ca\/?s={search_term_string}""},""query-input"":{""@type"":""PropertyValueSpecification"",""valueRequired"":true,""valueName"":""search_term_string""}}],""inLanguage"":""en-US""},{""@type"":""Organization"",""@id"":""https:\/\/events.ubc.ca\/#organization"",""name"":""UBC events"",""url"":""https:\/\/events.ubc.ca\/"",""logo"":{""@type"":""ImageObject"",""inLanguage"":""en-US"",""@id"":""https:\/\/events.ubc.ca\/#\/schema\/logo\/image\/"",""url"":""https:\/\/events.ubc.ca\/wp-content\/uploads\/2023\/11\/ubc-logo-2018-crest-blue-rgb72.jpg"",""contentUrl"":""https:\/\/events.ubc.ca\/wp-content\/uploads\/2023\/11\/ubc-logo-2018-crest-blue-rgb72.jpg"",""width"":99,""height"":135,""caption"":""UBC events""},""image"":{""@id"":""https:\/\/events.ubc.ca\/#\/schema\/logo\/image\/""},""sameAs"":[""https:\/\/www.facebook.com\/universityofbc\/"",""https:\/\/x.com\/ubcevents"",""https:\/\/www.youtube.com\/user\/UBC#g\/c\/94CEF848B9790AE4""]}]}</script>
<!-- / Yoast SEO plugin. -->","{""title"": ""Type – Reunion Archives - UBCevents"", ""robots"": {""index"": ""index"", ""follow"": ""follow"", ""max-snippet"": ""max-snippet:-1"", ""max-image-preview"": ""max-image-preview:large"", ""max-video-preview"": ""max-video-preview:-1""}, ""canonical"": ""https://events.ubc.ca/events/category/type-reunion/"", ""og_locale"": ""en_US"", ""og_type"": ""article"", ""og_title"": ""Type – Reunion Archives - UBCevents"", ""og_url"": ""https://events.ubc.ca/events/category/type-reunion/"", ""og_site_name"": ""UBCevents"", ""twitter_card"": ""summary_large_image"", ""twitter_site"": ""@ubcevents"", ""schema"": {""@context"": ""https://schema.org"", ""@graph"": [{""@type"": ""CollectionPage"", ""@id"": ""https://events.ubc.ca/events/category/type-reunion/"", ""url"": ""https://events.ubc.ca/events/category/type-reunion/"", ""name"": ""Type – Reunion Archives - UBCevents"", ""isPartOf"": {""@id"": ""https://events.ubc.ca/#website""}, ""breadcrumb"": {""@id"": ""https://events.ubc.ca/events/category/type-reunion/#breadcrumb""}, ""inLanguage"": ""en-US""}, {""@type"": ""BreadcrumbList"", ""@id"": ""https://events.ubc.ca/events/category/type-reunion/#breadcrumb"", ""itemListElement"": [{""@type"": ""ListItem"", ""position"": 1, ""name"": ""Home"", ""item"": ""https://events.ubc.ca/""}, {""@type"": ""ListItem"", ""position"": 2, ""name"": ""Type – Reunion""}]}, {""@type"": ""WebSite"", ""@id"": ""https://events.ubc.ca/#website"", ""url"": ""https://events.ubc.ca/"", ""name"": ""UBC Events"", ""description"": """", ""publisher"": {""@id"": ""https://events.ubc.ca/#organization""}, ""potentialAction"": [{""@type"": ""SearchAction"", ""target"": {""@type"": ""EntryPoint"", ""urlTemplate"": ""https://events.ubc.ca/?s={search_term_string}""}, ""query-input"": {""@type"": ""PropertyValueSpecification"", ""valueRequired"": true, ""valueName"": ""search_term_string""}}], ""inLanguage"": ""en-US""}, {""@type"": ""Organization"", ""@id"": ""https://events.ubc.ca/#organization"", ""name"": ""UBC events"", ""url"": ""https://events.ubc.ca/"", ""logo"": {""@type"": ""ImageObject"", ""inLanguage"": ""en-US"", ""@id"": ""https://events.ubc.ca/#/schema/logo/image/"", ""url"": ""https://events.ubc.ca/wp-content/uploads/2023/11/ubc-logo-2018-crest-blue-rgb72.jpg"", ""contentUrl"": ""https://events.ubc.ca/wp-content/uploads/2023/11/ubc-logo-2018-crest-blue-rgb72.jpg"", ""width"": 99, ""height"": 135, ""caption"": ""UBC events""}, ""image"": {""@id"": ""https://events.ubc.ca/#/schema/logo/image/""}, ""sameAs"": [""https://www.facebook.com/universityofbc/"", ""https://x.com/ubcevents"", ""https://www.youtube.com/user/UBC#g/c/94CEF848B9790AE4""]}]}}",https://events.ubc.ca/events/category/type-reunion/,"{""self"": ""https://events.ubc.ca/wp-json/tribe/events/v1/categories/171"", ""collection"": ""https://events.ubc.ca/wp-json/tribe/events/v1/categories""}"
172,280,,Type – Seminar,type-seminar,tribe_events_cat,0,[],"<!-- This site is optimized with the Yoast SEO plugin v28.2 - https://yoast.com/product/yoast-seo-wordpress/ -->
<title>Type – Seminar Archives - UBCevents</title>
<meta name=""robots"" content=""index, follow, max-snippet:-1, max-image-preview:large, max-video-preview:-1"" />
<link rel=""canonical"" href=""https://events.ubc.ca/events/category/type-seminar/"" />
<meta property=""og:locale"" content=""en_US"" />
<meta property=""og:type"" content=""article"" />
<meta property=""og:title"" content=""Type – Seminar Archives - UBCevents"" />
<meta property=""og:url"" content=""https://events.ubc.ca/events/category/type-seminar/"" />
<meta property=""og:site_name"" content=""UBCevents"" />
<meta name=""twitter:card"" content=""summary_large_image"" />
<meta name=""twitter:site"" content=""@ubcevents"" />
<script type=""application/ld+json"" class=""yoast-schema-graph"">{""@context"":""https:\/\/schema.org"",""@graph"":[{""@type"":""CollectionPage"",""@id"":""https:\/\/events.ubc.ca\/events\/category\/type-seminar\/"",""url"":""https:\/\/events.ubc.ca\/events\/category\/type-seminar\/"",""name"":""Type – Seminar Archives - UBCevents"",""isPartOf"":{""@id"":""https:\/\/events.ubc.ca\/#website""},""breadcrumb"":{""@id"":""https:\/\/events.ubc.ca\/events\/category\/type-seminar\/#breadcrumb""},""inLanguage"":""en-US""},{""@type"":""BreadcrumbList"",""@id"":""https:\/\/events.ubc.ca\/events\/category\/type-seminar\/#breadcrumb"",""itemListElement"":[{""@type"":""ListItem"",""position"":1,""name"":""Home"",""item"":""https:\/\/events.ubc.ca\/""},{""@type"":""ListItem"",""position"":2,""name"":""Type – Seminar""}]},{""@type"":""WebSite"",""@id"":""https:\/\/events.ubc.ca\/#website"",""url"":""https:\/\/events.ubc.ca\/"",""name"":""UBC Events"",""description"":"""",""publisher"":{""@id"":""https:\/\/events.ubc.ca\/#organization""},""potentialAction"":[{""@type"":""SearchAction"",""target"":{""@type"":""EntryPoint"",""urlTemplate"":""https:\/\/events.ubc.ca\/?s={search_term_string}""},""query-input"":{""@type"":""PropertyValueSpecification"",""valueRequired"":true,""valueName"":""search_term_string""}}],""inLanguage"":""en-US""},{""@type"":""Organization"",""@id"":""https:\/\/events.ubc.ca\/#organization"",""name"":""UBC events"",""url"":""https:\/\/events.ubc.ca\/"",""logo"":{""@type"":""ImageObject"",""inLanguage"":""en-US"",""@id"":""https:\/\/events.ubc.ca\/#\/schema\/logo\/image\/"",""url"":""https:\/\/events.ubc.ca\/wp-content\/uploads\/2023\/11\/ubc-logo-2018-crest-blue-rgb72.jpg"",""contentUrl"":""https:\/\/events.ubc.ca\/wp-content\/uploads\/2023\/11\/ubc-logo-2018-crest-blue-rgb72.jpg"",""width"":99,""height"":135,""caption"":""UBC events""},""image"":{""@id"":""https:\/\/events.ubc.ca\/#\/schema\/logo\/image\/""},""sameAs"":[""https:\/\/www.facebook.com\/universityofbc\/"",""https:\/\/x.com\/ubcevents"",""https:\/\/www.youtube.com\/user\/UBC#g\/c\/94CEF848B9790AE4""]}]}</script>
<!-- / Yoast SEO plugin. -->","{""title"": ""Type – Seminar Archives - UBCevents"", ""robots"": {""index"": ""index"", ""follow"": ""follow"", ""max-snippet"": ""max-snippet:-1"", ""max-image-preview"": ""max-image-preview:large"", ""max-video-preview"": ""max-video-preview:-1""}, ""canonical"": ""https://events.ubc.ca/events/category/type-seminar/"", ""og_locale"": ""en_US"", ""og_type"": ""article"", ""og_title"": ""Type – Seminar Archives - UBCevents"", ""og_url"": ""https://events.ubc.ca/events/category/type-seminar/"", ""og_site_name"": ""UBCevents"", ""twitter_card"": ""summary_large_image"", ""twitter_site"": ""@ubcevents"", ""schema"": {""@context"": ""https://schema.org"", ""@graph"": [{""@type"": ""CollectionPage"", ""@id"": ""https://events.ubc.ca/events/category/type-seminar/"", ""url"": ""https://events.ubc.ca/events/category/type-seminar/"", ""name"": ""Type – Seminar Archives - UBCevents"", ""isPartOf"": {""@id"": ""https://events.ubc.ca/#website""}, ""breadcrumb"": {""@id"": ""https://events.ubc.ca/events/category/type-seminar/#breadcrumb""}, ""inLanguage"": ""en-US""}, {""@type"": ""BreadcrumbList"", ""@id"": ""https://events.ubc.ca/events/category/type-seminar/#breadcrumb"", ""itemListElement"": [{""@type"": ""ListItem"", ""position"": 1, ""name"": ""Home"", ""item"": ""https://events.ubc.ca/""}, {""@type"": ""ListItem"", ""position"": 2, ""name"": ""Type – Seminar""}]}, {""@type"": ""WebSite"", ""@id"": ""https://events.ubc.ca/#website"", ""url"": ""https://events.ubc.ca/"", ""name"": ""UBC Events"", ""description"": """", ""publisher"": {""@id"": ""https://events.ubc.ca/#organization""}, ""potentialAction"": [{""@type"": ""SearchAction"", ""target"": {""@type"": ""EntryPoint"", ""urlTemplate"": ""https://events.ubc.ca/?s={search_term_string}""}, ""query-input"": {""@type"": ""PropertyValueSpecification"", ""valueRequired"": true, ""valueName"": ""search_term_string""}}], ""inLanguage"": ""en-US""}, {""@type"": ""Organization"", ""@id"": ""https://events.ubc.ca/#organization"", ""name"": ""UBC events"", ""url"": ""https://events.ubc.ca/"", ""logo"": {""@type"": ""ImageObject"", ""inLanguage"": ""en-US"", ""@id"": ""https://events.ubc.ca/#/schema/logo/image/"", ""url"": ""https://events.ubc.ca/wp-content/uploads/2023/11/ubc-logo-2018-crest-blue-rgb72.jpg"", ""contentUrl"": ""https://events.ubc.ca/wp-content/uploads/2023/11/ubc-logo-2018-crest-blue-rgb72.jpg"", ""width"": 99, ""height"": 135, ""caption"": ""UBC events""}, ""image"": {""@id"": ""https://events.ubc.ca/#/schema/logo/image/""}, ""sameAs"": [""https://www.facebook.com/universityofbc/"", ""https://x.com/ubcevents"", ""https://www.youtube.com/user/UBC#g/c/94CEF848B9790AE4""]}]}}",https://events.ubc.ca/events/category/type-seminar/,"{""self"": ""https://events.ubc.ca/wp-json/tribe/events/v1/categories/172"", ""collection"": ""https://events.ubc.ca/wp-json/tribe/events/v1/categories""}"
173,53,,Type – Theatre,type-theatre,tribe_events_cat,0,[],"<!-- This site is optimized with the Yoast SEO plugin v28.2 - https://yoast.com/product/yoast-seo-wordpress/ -->
<title>Type – Theatre Archives - UBCevents</title>
<meta name=""robots"" content=""index, follow, max-snippet:-1, max-image-preview:large, max-video-preview:-1"" />
<link rel=""canonical"" href=""https://events.ubc.ca/events/category/type-theatre/"" />
<meta property=""og:locale"" content=""en_US"" />
<meta property=""og:type"" content=""article"" />
<meta property=""og:title"" content=""Type – Theatre Archives - UBCevents"" />
<meta property=""og:url"" content=""https://events.ubc.ca/events/category/type-theatre/"" />
<meta property=""og:site_name"" content=""UBCevents"" />
<meta name=""twitter:card"" content=""summary_large_image"" />
<meta name=""twitter:site"" content=""@ubcevents"" />
<script type=""application/ld+json"" class=""yoast-schema-graph"">{""@context"":""https:\/\/schema.org"",""@graph"":[{""@type"":""CollectionPage"",""@id"":""https:\/\/events.ubc.ca\/events\/category\/type-theatre\/"",""url"":""https:\/\/events.ubc.ca\/events\/category\/type-theatre\/"",""name"":""Type – Theatre Archives - UBCevents"",""isPartOf"":{""@id"":""https:\/\/events.ubc.ca\/#website""},""breadcrumb"":{""@id"":""https:\/\/events.ubc.ca\/events\/category\/type-theatre\/#breadcrumb""},""inLanguage"":""en-US""},{""@type"":""BreadcrumbList"",""@id"":""https:\/\/events.ubc.ca\/events\/category\/type-theatre\/#breadcrumb"",""itemListElement"":[{""@type"":""ListItem"",""position"":1,""name"":""Home"",""item"":""https:\/\/events.ubc.ca\/""},{""@type"":""ListItem"",""position"":2,""name"":""Type – Theatre""}]},{""@type"":""WebSite"",""@id"":""https:\/\/events.ubc.ca\/#website"",""url"":""https:\/\/events.ubc.ca\/"",""name"":""UBC Events"",""description"":"""",""publisher"":{""@id"":""https:\/\/events.ubc.ca\/#organization""},""potentialAction"":[{""@type"":""SearchAction"",""target"":{""@type"":""EntryPoint"",""urlTemplate"":""https:\/\/events.ubc.ca\/?s={search_term_string}""},""query-input"":{""@type"":""PropertyValueSpecification"",""valueRequired"":true,""valueName"":""search_term_string""}}],""inLanguage"":""en-US""},{""@type"":""Organization"",""@id"":""https:\/\/events.ubc.ca\/#organization"",""name"":""UBC events"",""url"":""https:\/\/events.ubc.ca\/"",""logo"":{""@type"":""ImageObject"",""inLanguage"":""en-US"",""@id"":""https:\/\/events.ubc.ca\/#\/schema\/logo\/image\/"",""url"":""https:\/\/events.ubc.ca\/wp-content\/uploads\/2023\/11\/ubc-logo-2018-crest-blue-rgb72.jpg"",""contentUrl"":""https:\/\/events.ubc.ca\/wp-content\/uploads\/2023\/11\/ubc-logo-2018-crest-blue-rgb72.jpg"",""width"":99,""height"":135,""caption"":""UBC events""},""image"":{""@id"":""https:\/\/events.ubc.ca\/#\/schema\/logo\/image\/""},""sameAs"":[""https:\/\/www.facebook.com\/universityofbc\/"",""https:\/\/x.com\/ubcevents"",""https:\/\/www.youtube.com\/user\/UBC#g\/c\/94CEF848B9790AE4""]}]}</script>
<!-- / Yoast SEO plugin. -->","{""title"": ""Type – Theatre Archives - UBCevents"", ""robots"": {""index"": ""index"", ""follow"": ""follow"", ""max-snippet"": ""max-snippet:-1"", ""max-image-preview"": ""max-image-preview:large"", ""max-video-preview"": ""max-video-preview:-1""}, ""canonical"": ""https://events.ubc.ca/events/category/type-theatre/"", ""og_locale"": ""en_US"", ""og_type"": ""article"", ""og_title"": ""Type – Theatre Archives - UBCevents"", ""og_url"": ""https://events.ubc.ca/events/category/type-theatre/"", ""og_site_name"": ""UBCevents"", ""twitter_card"": ""summary_large_image"", ""twitter_site"": ""@ubcevents"", ""schema"": {""@context"": ""https://schema.org"", ""@graph"": [{""@type"": ""CollectionPage"", ""@id"": ""https://events.ubc.ca/events/category/type-theatre/"", ""url"": ""https://events.ubc.ca/events/category/type-theatre/"", ""name"": ""Type – Theatre Archives - UBCevents"", ""isPartOf"": {""@id"": ""https://events.ubc.ca/#website""}, ""breadcrumb"": {""@id"": ""https://events.ubc.ca/events/category/type-theatre/#breadcrumb""}, ""inLanguage"": ""en-US""}, {""@type"": ""BreadcrumbList"", ""@id"": ""https://events.ubc.ca/events/category/type-theatre/#breadcrumb"", ""itemListElement"": [{""@type"": ""ListItem"", ""position"": 1, ""name"": ""Home"", ""item"": ""https://events.ubc.ca/""}, {""@type"": ""ListItem"", ""position"": 2, ""name"": ""Type – Theatre""}]}, {""@type"": ""WebSite"", ""@id"": ""https://events.ubc.ca/#website"", ""url"": ""https://events.ubc.ca/"", ""name"": ""UBC Events"", ""description"": """", ""publisher"": {""@id"": ""https://events.ubc.ca/#organization""}, ""potentialAction"": [{""@type"": ""SearchAction"", ""target"": {""@type"": ""EntryPoint"", ""urlTemplate"": ""https://events.ubc.ca/?s={search_term_string}""}, ""query-input"": {""@type"": ""PropertyValueSpecification"", ""valueRequired"": true, ""valueName"": ""search_term_string""}}], ""inLanguage"": ""en-US""}, {""@type"": ""Organization"", ""@id"": ""https://events.ubc.ca/#organization"", ""name"": ""UBC events"", ""url"": ""https://events.ubc.ca/"", ""logo"": {""@type"": ""ImageObject"", ""inLanguage"": ""en-US"", ""@id"": ""https://events.ubc.ca/#/schema/logo/image/"", ""url"": ""https://events.ubc.ca/wp-content/uploads/2023/11/ubc-logo-2018-crest-blue-rgb72.jpg"", ""contentUrl"": ""https://events.ubc.ca/wp-content/uploads/2023/11/ubc-logo-2018-crest-blue-rgb72.jpg"", ""width"": 99, ""height"": 135, ""caption"": ""UBC events""}, ""image"": {""@id"": ""https://events.ubc.ca/#/schema/logo/image/""}, ""sameAs"": [""https://www.facebook.com/universityofbc/"", ""https://x.com/ubcevents"", ""https://www.youtube.com/user/UBC#g/c/94CEF848B9790AE4""]}]}}",https://events.ubc.ca/events/category/type-theatre/,"{""self"": ""https://events.ubc.ca/wp-json/tribe/events/v1/categories/173"", ""collection"": ""https://events.ubc.ca/wp-json/tribe/events/v1/categories""}"
175,28,,Type – Thunderbird Athletics,type-thunderbird-athletics,tribe_events_cat,0,[],"<!-- This site is optimized with the Yoast SEO plugin v28.2 - https://yoast.com/product/yoast-seo-wordpress/ -->
<title>Type – Thunderbird Athletics Archives - UBCevents</title>
<meta name=""robots"" content=""index, follow, max-snippet:-1, max-image-preview:large, max-video-preview:-1"" />
<link rel=""canonical"" href=""https://events.ubc.ca/events/category/type-thunderbird-athletics/"" />
<meta property=""og:locale"" content=""en_US"" />
<meta property=""og:type"" content=""article"" />
<meta property=""og:title"" content=""Type – Thunderbird Athletics Archives - UBCevents"" />
<meta property=""og:url"" content=""https://events.ubc.ca/events/category/type-thunderbird-athletics/"" />
<meta property=""og:site_name"" content=""UBCevents"" />
<meta name=""twitter:card"" content=""summary_large_image"" />
<meta name=""twitter:site"" content=""@ubcevents"" />
<script type=""application/ld+json"" class=""yoast-schema-graph"">{""@context"":""https:\/\/schema.org"",""@graph"":[{""@type"":""CollectionPage"",""@id"":""https:\/\/events.ubc.ca\/events\/category\/type-thunderbird-athletics\/"",""url"":""https:\/\/events.ubc.ca\/events\/category\/type-thunderbird-athletics\/"",""name"":""Type – Thunderbird Athletics Archives - UBCevents"",""isPartOf"":{""@id"":""https:\/\/events.ubc.ca\/#website""},""breadcrumb"":{""@id"":""https:\/\/events.ubc.ca\/events\/category\/type-thunderbird-athletics\/#breadcrumb""},""inLanguage"":""en-US""},{""@type"":""BreadcrumbList"",""@id"":""https:\/\/events.ubc.ca\/events\/category\/type-thunderbird-athletics\/#breadcrumb"",""itemListElement"":[{""@type"":""ListItem"",""position"":1,""name"":""Home"",""item"":""https:\/\/events.ubc.ca\/""},{""@type"":""ListItem"",""position"":2,""name"":""Type – Thunderbird Athletics""}]},{""@type"":""WebSite"",""@id"":""https:\/\/events.ubc.ca\/#website"",""url"":""https:\/\/events.ubc.ca\/"",""name"":""UBC Events"",""description"":"""",""publisher"":{""@id"":""https:\/\/events.ubc.ca\/#organization""},""potentialAction"":[{""@type"":""SearchAction"",""target"":{""@type"":""EntryPoint"",""urlTemplate"":""https:\/\/events.ubc.ca\/?s={search_term_string}""},""query-input"":{""@type"":""PropertyValueSpecification"",""valueRequired"":true,""valueName"":""search_term_string""}}],""inLanguage"":""en-US""},{""@type"":""Organization"",""@id"":""https:\/\/events.ubc.ca\/#organization"",""name"":""UBC events"",""url"":""https:\/\/events.ubc.ca\/"",""logo"":{""@type"":""ImageObject"",""inLanguage"":""en-US"",""@id"":""https:\/\/events.ubc.ca\/#\/schema\/logo\/image\/"",""url"":""https:\/\/events.ubc.ca\/wp-content\/uploads\/2023\/11\/ubc-logo-2018-crest-blue-rgb72.jpg"",""contentUrl"":""https:\/\/events.ubc.ca\/wp-content\/uploads\/2023\/11\/ubc-logo-2018-crest-blue-rgb72.jpg"",""width"":99,""height"":135,""caption"":""UBC events""},""image"":{""@id"":""https:\/\/events.ubc.ca\/#\/schema\/logo\/image\/""},""sameAs"":[""https:\/\/www.facebook.com\/universityofbc\/"",""https:\/\/x.com\/ubcevents"",""https:\/\/www.youtube.com\/user\/UBC#g\/c\/94CEF848B9790AE4""]}]}</script>
<!-- / Yoast SEO plugin. -->","{""title"": ""Type – Thunderbird Athletics Archives - UBCevents"", ""robots"": {""index"": ""index"", ""follow"": ""follow"", ""max-snippet"": ""max-snippet:-1"", ""max-image-preview"": ""max-image-preview:large"", ""max-video-preview"": ""max-video-preview:-1""}, ""canonical"": ""https://events.ubc.ca/events/category/type-thunderbird-athletics/"", ""og_locale"": ""en_US"", ""og_type"": ""article"", ""og_title"": ""Type – Thunderbird Athletics Archives - UBCevents"", ""og_url"": ""https://events.ubc.ca/events/category/type-thunderbird-athletics/"", ""og_site_name"": ""UBCevents"", ""twitter_card"": ""summary_large_image"", ""twitter_site"": ""@ubcevents"", ""schema"": {""@context"": ""https://schema.org"", ""@graph"": [{""@type"": ""CollectionPage"", ""@id"": ""https://events.ubc.ca/events/category/type-thunderbird-athletics/"", ""url"": ""https://events.ubc.ca/events/category/type-thunderbird-athletics/"", ""name"": ""Type – Thunderbird Athletics Archives - UBCevents"", ""isPartOf"": {""@id"": ""https://events.ubc.ca/#website""}, ""breadcrumb"": {""@id"": ""https://events.ubc.ca/events/category/type-thunderbird-athletics/#breadcrumb""}, ""inLanguage"": ""en-US""}, {""@type"": ""BreadcrumbList"", ""@id"": ""https://events.ubc.ca/events/category/type-thunderbird-athletics/#breadcrumb"", ""itemListElement"": [{""@type"": ""ListItem"", ""position"": 1, ""name"": ""Home"", ""item"": ""https://events.ubc.ca/""}, {""@type"": ""ListItem"", ""position"": 2, ""name"": ""Type – Thunderbird Athletics""}]}, {""@type"": ""WebSite"", ""@id"": ""https://events.ubc.ca/#website"", ""url"": ""https://events.ubc.ca/"", ""name"": ""UBC Events"", ""description"": """", ""publisher"": {""@id"": ""https://events.ubc.ca/#organization""}, ""potentialAction"": [{""@type"": ""SearchAction"", ""target"": {""@type"": ""EntryPoint"", ""urlTemplate"": ""https://events.ubc.ca/?s={search_term_string}""}, ""query-input"": {""@type"": ""PropertyValueSpecification"", ""valueRequired"": true, ""valueName"": ""search_term_string""}}], ""inLanguage"": ""en-US""}, {""@type"": ""Organization"", ""@id"": ""https://events.ubc.ca/#organization"", ""name"": ""UBC events"", ""url"": ""https://events.ubc.ca/"", ""logo"": {""@type"": ""ImageObject"", ""inLanguage"": ""en-US"", ""@id"": ""https://events.ubc.ca/#/schema/logo/image/"", ""url"": ""https://events.ubc.ca/wp-content/uploads/2023/11/ubc-logo-2018-crest-blue-rgb72.jpg"", ""contentUrl"": ""https://events.ubc.ca/wp-content/uploads/2023/11/ubc-logo-2018-crest-blue-rgb72.jpg"", ""width"": 99, ""height"": 135, ""caption"": ""UBC events""}, ""image"": {""@id"": ""https://events.ubc.ca/#/schema/logo/image/""}, ""sameAs"": [""https://www.facebook.com/universityofbc/"", ""https://x.com/ubcevents"", ""https://www.youtube.com/user/UBC#g/c/94CEF848B9790AE4""]}]}}",https://events.ubc.ca/events/category/type-thunderbird-athletics/,"{""self"": ""https://events.ubc.ca/wp-json/tribe/events/v1/categories/175"", ""collection"": ""https://events.ubc.ca/wp-json/tribe/events/v1/categories""}"
176,719,,Type – Workshop,type-workshop,tribe_events_cat,0,[],"<!-- This site is optimized with the Yoast SEO plugin v28.2 - https://yoast.com/product/yoast-seo-wordpress/ -->
<title>Type – Workshop Archives - UBCevents</title>
<meta name=""robots"" content=""index, follow, max-snippet:-1, max-image-preview:large, max-video-preview:-1"" />
<link rel=""canonical"" href=""https://events.ubc.ca/events/category/type-workshop/"" />
<meta property=""og:locale"" content=""en_US"" />
<meta property=""og:type"" content=""article"" />
<meta property=""og:title"" content=""Type – Workshop Archives - UBCevents"" />
<meta property=""og:url"" content=""https://events.ubc.ca/events/category/type-workshop/"" />
<meta property=""og:site_name"" content=""UBCevents"" />
<meta name=""twitter:card"" content=""summary_large_image"" />
<meta name=""twitter:site"" content=""@ubcevents"" />
<script type=""application/ld+json"" class=""yoast-schema-graph"">{""@context"":""https:\/\/schema.org"",""@graph"":[{""@type"":""CollectionPage"",""@id"":""https:\/\/events.ubc.ca\/events\/category\/type-workshop\/"",""url"":""https:\/\/events.ubc.ca\/events\/category\/type-workshop\/"",""name"":""Type – Workshop Archives - UBCevents"",""isPartOf"":{""@id"":""https:\/\/events.ubc.ca\/#website""},""breadcrumb"":{""@id"":""https:\/\/events.ubc.ca\/events\/category\/type-workshop\/#breadcrumb""},""inLanguage"":""en-US""},{""@type"":""BreadcrumbList"",""@id"":""https:\/\/events.ubc.ca\/events\/category\/type-workshop\/#breadcrumb"",""itemListElement"":[{""@type"":""ListItem"",""position"":1,""name"":""Home"",""item"":""https:\/\/events.ubc.ca\/""},{""@type"":""ListItem"",""position"":2,""name"":""Type – Workshop""}]},{""@type"":""WebSite"",""@id"":""https:\/\/events.ubc.ca\/#website"",""url"":""https:\/\/events.ubc.ca\/"",""name"":""UBC Events"",""description"":"""",""publisher"":{""@id"":""https:\/\/events.ubc.ca\/#organization""},""potentialAction"":[{""@type"":""SearchAction"",""target"":{""@type"":""EntryPoint"",""urlTemplate"":""https:\/\/events.ubc.ca\/?s={search_term_string}""},""query-input"":{""@type"":""PropertyValueSpecification"",""valueRequired"":true,""valueName"":""search_term_string""}}],""inLanguage"":""en-US""},{""@type"":""Organization"",""@id"":""https:\/\/events.ubc.ca\/#organization"",""name"":""UBC events"",""url"":""https:\/\/events.ubc.ca\/"",""logo"":{""@type"":""ImageObject"",""inLanguage"":""en-US"",""@id"":""https:\/\/events.ubc.ca\/#\/schema\/logo\/image\/"",""url"":""https:\/\/events.ubc.ca\/wp-content\/uploads\/2023\/11\/ubc-logo-2018-crest-blue-rgb72.jpg"",""contentUrl"":""https:\/\/events.ubc.ca\/wp-content\/uploads\/2023\/11\/ubc-logo-2018-crest-blue-rgb72.jpg"",""width"":99,""height"":135,""caption"":""UBC events""},""image"":{""@id"":""https:\/\/events.ubc.ca\/#\/schema\/logo\/image\/""},""sameAs"":[""https:\/\/www.facebook.com\/universityofbc\/"",""https:\/\/x.com\/ubcevents"",""https:\/\/www.youtube.com\/user\/UBC#g\/c\/94CEF848B9790AE4""]}]}</script>
<!-- / Yoast SEO plugin. -->","{""title"": ""Type – Workshop Archives - UBCevents"", ""robots"": {""index"": ""index"", ""follow"": ""follow"", ""max-snippet"": ""max-snippet:-1"", ""max-image-preview"": ""max-image-preview:large"", ""max-video-preview"": ""max-video-preview:-1""}, ""canonical"": ""https://events.ubc.ca/events/category/type-workshop/"", ""og_locale"": ""en_US"", ""og_type"": ""article"", ""og_title"": ""Type – Workshop Archives - UBCevents"", ""og_url"": ""https://events.ubc.ca/events/category/type-workshop/"", ""og_site_name"": ""UBCevents"", ""twitter_card"": ""summary_large_image"", ""twitter_site"": ""@ubcevents"", ""schema"": {""@context"": ""https://schema.org"", ""@graph"": [{""@type"": ""CollectionPage"", ""@id"": ""https://events.ubc.ca/events/category/type-workshop/"", ""url"": ""https://events.ubc.ca/events/category/type-workshop/"", ""name"": ""Type – Workshop Archives - UBCevents"", ""isPartOf"": {""@id"": ""https://events.ubc.ca/#website""}, ""breadcrumb"": {""@id"": ""https://events.ubc.ca/events/category/type-workshop/#breadcrumb""}, ""inLanguage"": ""en-US""}, {""@type"": ""BreadcrumbList"", ""@id"": ""https://events.ubc.ca/events/category/type-workshop/#breadcrumb"", ""itemListElement"": [{""@type"": ""ListItem"", ""position"": 1, ""name"": ""Home"", ""item"": ""https://events.ubc.ca/""}, {""@type"": ""ListItem"", ""position"": 2, ""name"": ""Type – Workshop""}]}, {""@type"": ""WebSite"", ""@id"": ""https://events.ubc.ca/#website"", ""url"": ""https://events.ubc.ca/"", ""name"": ""UBC Events"", ""description"": """", ""publisher"": {""@id"": ""https://events.ubc.ca/#organization""}, ""potentialAction"": [{""@type"": ""SearchAction"", ""target"": {""@type"": ""EntryPoint"", ""urlTemplate"": ""https://events.ubc.ca/?s={search_term_string}""}, ""query-input"": {""@type"": ""PropertyValueSpecification"", ""valueRequired"": true, ""valueName"": ""search_term_string""}}], ""inLanguage"": ""en-US""}, {""@type"": ""Organization"", ""@id"": ""https://events.ubc.ca/#organization"", ""name"": ""UBC events"", ""url"": ""https://events.ubc.ca/"", ""logo"": {""@type"": ""ImageObject"", ""inLanguage"": ""en-US"", ""@id"": ""https://events.ubc.ca/#/schema/logo/image/"", ""url"": ""https://events.ubc.ca/wp-content/uploads/2023/11/ubc-logo-2018-crest-blue-rgb72.jpg"", ""contentUrl"": ""https://events.ubc.ca/wp-content/uploads/2023/11/ubc-logo-2018-crest-blue-rgb72.jpg"", ""width"": 99, ""height"": 135, ""caption"": ""UBC events""}, ""image"": {""@id"": ""https://events.ubc.ca/#/schema/logo/image/""}, ""sameAs"": [""https://www.facebook.com/universityofbc/"", ""https://x.com/ubcevents"", ""https://www.youtube.com/user/UBC#g/c/94CEF848B9790AE4""]}]}}",https://events.ubc.ca/events/category/type-workshop/,"{""self"": ""https://events.ubc.ca/wp-json/tribe/events/v1/categories/176"", ""collection"": ""https://events.ubc.ca/wp-json/tribe/events/v1/categories""}"
