id,status,date,date_utc,modified,modified_utc,url,organizer,slug,website,global_id,global_id_lineage,author,phone,email
85128,publish,2026-06-30 17:09:56,0000-00-00 00:00:00,2026-06-30 17:09:56,0000-00-00 00:00:00,https://events.ubc.ca/organizer/iron-and-earth/,Iron and Earth,iron-and-earth,https://www.ironandearth.org/,events.ubc.ca?id=85128,"[""events.ubc.ca?id=85128""]",,,
84272,publish,2026-06-12 12:28:40,2026-06-12 19:28:40,2026-06-12 12:28:40,2026-06-12 19:28:40,https://events.ubc.ca/organizer/ubc-asian-canadian-and-asian-mirgration-studies/,UBC Asian Canadian and Asian Mirgration Studies,ubc-asian-canadian-and-asian-mirgration-studies,,events.ubc.ca?id=84272,"[""events.ubc.ca?id=84272""]",91,,
84271,publish,2026-06-12 12:28:40,2026-06-12 19:28:40,2026-06-12 12:28:40,2026-06-12 19:28:40,https://events.ubc.ca/organizer/ubc-centre-for-asian-canadian-research-and-engagement/,UBC Centre for Asian Canadian Research and Engagement,ubc-centre-for-asian-canadian-research-and-engagement,,events.ubc.ca?id=84271,"[""events.ubc.ca?id=84271""]",91,,
83686,publish,2026-06-01 10:57:34,0000-00-00 00:00:00,2026-06-01 10:57:34,0000-00-00 00:00:00,https://events.ubc.ca/organizer/map-bc/,MAP BC,map-bc,https://mapbc.org/,events.ubc.ca?id=83686,"[""events.ubc.ca?id=83686""]",,,
83682,publish,2026-06-01 10:51:53,0000-00-00 00:00:00,2026-06-01 10:51:53,0000-00-00 00:00:00,https://events.ubc.ca/organizer/centre-for-asian-canadian-research-and-engagement/,Centre for Asian Canadian Research and Engagement,centre-for-asian-canadian-research-and-engagement,https://acre.arts.ubc.ca/,events.ubc.ca?id=83682,"[""events.ubc.ca?id=83682""]",,6048271874,acre.info@ubc.ca
79362,publish,2026-05-10 14:13:58,0000-00-00 00:00:00,2026-05-10 14:13:58,0000-00-00 00:00:00,https://events.ubc.ca/organizer/jewish-academic-alliance-of-bc/,Jewish Academic Alliance of BC,jewish-academic-alliance-of-bc,,events.ubc.ca?id=79362,"[""events.ubc.ca?id=79362""]",,,
79175,publish,2026-05-06 17:26:10,0000-00-00 00:00:00,2026-05-06 17:26:10,0000-00-00 00:00:00,https://events.ubc.ca/organizer/ubc-research-innovation/,UBC Research + Innovation,ubc-research-innovation,https://preventamr.ubc.ca/,events.ubc.ca?id=79175,"[""events.ubc.ca?id=79175""]",,,ktvec@bcchr.ca
78818,publish,2026-04-29 13:33:19,0000-00-00 00:00:00,2026-04-29 13:33:19,0000-00-00 00:00:00,https://events.ubc.ca/organizer/equity-inclusion-office-development-and-alumni-engagement-and-the-queer-faculty-and-staff-collective/,"Equity &amp; Inclusion Office, Development and Alumni Engagement, and the Queer Faculty and Staff Collective.",equity-inclusion-office-development-and-alumni-engagement-and-the-queer-faculty-and-staff-collective,,events.ubc.ca?id=78818,"[""events.ubc.ca?id=78818""]",,,info@equity.ubc.ca
78571,publish,2026-04-23 14:36:49,0000-00-00 00:00:00,2026-04-23 14:36:49,0000-00-00 00:00:00,https://events.ubc.ca/organizer/ubc-cluster-for-advancing-the-science-of-physiologic-birth/,UBC Cluster for Advancing the Science of Physiologic Birth,ubc-cluster-for-advancing-the-science-of-physiologic-birth,https://www.scienceofbirth.ca,events.ubc.ca?id=78571,"[""events.ubc.ca?id=78571""]",,,contact@scienceofbirth.ca
78342,publish,2026-04-17 14:36:59,0000-00-00 00:00:00,2026-04-17 14:36:59,0000-00-00 00:00:00,https://events.ubc.ca/organizer/human-resources-workplace-wellbeing/,Human Resources &#8211; Workplace Wellbeing,human-resources-workplace-wellbeing,https://hr.ubc.ca/health-and-wellbeing,events.ubc.ca?id=78342,"[""events.ubc.ca?id=78342""]",,,hr.healthwellbeing@ubc.ca
78317,publish,2026-04-16 10:16:01,0000-00-00 00:00:00,2026-04-16 10:16:01,0000-00-00 00:00:00,https://events.ubc.ca/organizer/ubc-bookstore/,UBC Bookstore,ubc-bookstore,https://bookstore.ubc.ca/,events.ubc.ca?id=78317,"[""events.ubc.ca?id=78317""]",,(604) 822-2665,alissa.horn@ubc.ca
78236,publish,2026-04-15 10:25:50,0000-00-00 00:00:00,2026-04-15 10:25:50,0000-00-00 00:00:00,https://events.ubc.ca/organizer/human-early-learning-partnership/,Human Early Learning Partnership,human-early-learning-partnership,https://earlylearning.ubc.ca/,events.ubc.ca?id=78236,"[""events.ubc.ca?id=78236""]",,7788481427,astefano40@hotmail.com
77842,publish,2026-04-08 18:49:06,0000-00-00 00:00:00,2026-04-08 18:49:06,0000-00-00 00:00:00,https://events.ubc.ca/organizer/ecps-department-faculty-of-education/,"ECPS Department, Faculty of Education",ecps-department-faculty-of-education,https://ecps.educ.ubc.ca/,events.ubc.ca?id=77842,"[""events.ubc.ca?id=77842""]",,,
77788,publish,2026-04-08 11:13:56,0000-00-00 00:00:00,2026-04-08 11:13:56,0000-00-00 00:00:00,https://events.ubc.ca/organizer/mother-tree-network-society/,Mother Tree Network Society,mother-tree-network-society,,events.ubc.ca?id=77788,"[""events.ubc.ca?id=77788""]",,,
77783,publish,2026-04-08 10:49:01,0000-00-00 00:00:00,2026-04-08 10:49:01,0000-00-00 00:00:00,https://events.ubc.ca/organizer/mother-tree-project-program/,Mother Tree Project &amp; Program,mother-tree-project-program,https://mothertreeproject.org/,events.ubc.ca?id=77783,"[""events.ubc.ca?id=77783""]",,,mother.tree@ubc.ca
77409,publish,2026-03-30 17:22:14,0000-00-00 00:00:00,2026-03-30 17:22:14,0000-00-00 00:00:00,https://events.ubc.ca/organizer/vancouver-writers-fest/,Vancouver Writers Fest,vancouver-writers-fest,https://writersfest.bc.ca/,events.ubc.ca?id=77409,"[""events.ubc.ca?id=77409""]",,604-681-6330,info@writersfest.bc.ca
77010,publish,2026-03-23 09:48:45,2026-03-23 16:48:45,2026-03-23 09:48:45,2026-03-23 16:48:45,https://events.ubc.ca/organizer/ubc-soccer-world-cup/,UBC Soccer World Cup,ubc-soccer-world-cup,https://soccerworldcup.org/ubc-swc,events.ubc.ca?id=77010,"[""events.ubc.ca?id=77010""]",90,+1 (236) 869-2642,ubcswc@gmail.com
76633,publish,2026-03-15 16:25:03,0000-00-00 00:00:00,2026-03-15 16:25:03,0000-00-00 00:00:00,https://events.ubc.ca/organizer/ubc-comedy-club/,UBC Comedy CLub,ubc-comedy-club,https://www.instagram.com/ubccomedyclub/,events.ubc.ca?id=76633,"[""events.ubc.ca?id=76633""]",,7786821326,ubcstandupcomedyclub@gmail.com
76616,publish,2026-03-15 10:09:01,0000-00-00 00:00:00,2026-03-15 10:09:01,0000-00-00 00:00:00,https://events.ubc.ca/organizer/climate-justice-ubc/,Climate Justice UBC,climate-justice-ubc,https://www.climatejusticeubc.org/,events.ubc.ca?id=76616,"[""events.ubc.ca?id=76616""]",,,climatejusticeubc@gmail.com
76406,publish,2026-03-10 12:28:01,0000-00-00 00:00:00,2026-03-10 12:28:01,0000-00-00 00:00:00,https://events.ubc.ca/organizer/girls-in-steam/,Girls in STEAM,girls-in-steam,https://girlsinsteam.org/,events.ubc.ca?id=76406,"[""events.ubc.ca?id=76406""]",,,ubc.logistics@girlsinsteam.org
76265,publish,2026-03-08 16:39:56,0000-00-00 00:00:00,2026-03-08 16:39:56,0000-00-00 00:00:00,https://events.ubc.ca/organizer/climate-studies-and-action-certificate-program/,Climate Studies and Action Certificate Program,climate-studies-and-action-certificate-program,,events.ubc.ca?id=76265,"[""events.ubc.ca?id=76265""]",,,stevenmt@student.ubc.ca
76184,publish,2026-03-06 15:19:51,0000-00-00 00:00:00,2026-03-06 15:19:51,0000-00-00 00:00:00,https://events.ubc.ca/organizer/black-faculty-network-ubc-black-caucus-the-equity-inclusion-office-and-the-office-of-the-provost/,"Black Faculty Network, UBC Black Caucus, the Equity &amp; Inclusion Office, and the Office of the Provost",black-faculty-network-ubc-black-caucus-the-equity-inclusion-office-and-the-office-of-the-provost,,events.ubc.ca?id=76184,"[""events.ubc.ca?id=76184""]",,,
75487,publish,2026-02-20 10:12:22,0000-00-00 00:00:00,2026-02-20 10:12:22,0000-00-00 00:00:00,https://events.ubc.ca/organizer/equip-health-care/,EQUIP Health Care,equip-health-care,https://equiphealthcare.ca/,events.ubc.ca?id=75487,"[""events.ubc.ca?id=75487""]",,,
75482,publish,2026-02-20 09:51:31,0000-00-00 00:00:00,2026-02-20 09:51:31,0000-00-00 00:00:00,https://events.ubc.ca/organizer/equip-health-care/,EQUIP Health Care,equip-health-care,https://equiphealthcare.ca/,events.ubc.ca?id=75482,"[""events.ubc.ca?id=75482""]",,1-604-822-3183,equip.healthcare@ubc.ca
75429,publish,2026-02-19 13:40:51,2026-02-19 21:40:51,2026-02-19 13:40:51,2026-02-19 21:40:51,https://events.ubc.ca/organizer/faculty-of-medicine-graduate-postdoctoral-education/,Faculty of Medicine &#8211; Graduate &amp; Postdoctoral Education,faculty-of-medicine-graduate-postdoctoral-education,https://grad-postdoc.med.ubc.ca/,events.ubc.ca?id=75429,"[""events.ubc.ca?id=75429""]",71,,med.gradpostdoc@ubc.ca
75090,publish,2026-02-11 19:13:06,0000-00-00 00:00:00,2026-02-11 19:13:06,0000-00-00 00:00:00,https://events.ubc.ca/organizer/ubc-dance-club/,UBC Dance Club,ubc-dance-club,https://ubcdanceclub.com/,events.ubc.ca?id=75090,"[""events.ubc.ca?id=75090""]",,,president@ubcdanceclub.com
74658,publish,2026-02-04 15:41:28,2026-02-04 23:41:28,2026-02-04 15:41:28,2026-02-04 23:41:28,https://events.ubc.ca/organizer/gynecologic-cancer-initiative/,Gynecologic Cancer Initiative,gynecologic-cancer-initiative,https://gynecancerinitiative.ca,events.ubc.ca?id=74658,"[""events.ubc.ca?id=74658""]",71,,julianne.mcleod@ubc.ca
74571,publish,2026-02-03 14:14:15,0000-00-00 00:00:00,2026-02-03 14:14:15,0000-00-00 00:00:00,https://events.ubc.ca/organizer/vegans-of-ubc/,Vegans of UBC,vegans-of-ubc,https://www.instagram.com/vegansofubc/,events.ubc.ca?id=74571,"[""events.ubc.ca?id=74571""]",,,vegansofubc@gmail.com
74282,publish,2026-01-29 10:13:18,0000-00-00 00:00:00,2026-01-29 10:13:18,0000-00-00 00:00:00,https://events.ubc.ca/organizer/ubc-advancing-the-science-of-physiologic-birth-research-cluster/,UBC Advancing the Science of Physiologic Birth Research Cluster,ubc-advancing-the-science-of-physiologic-birth-research-cluster,https://www.scienceofbirth.ca,events.ubc.ca?id=74282,"[""events.ubc.ca?id=74282""]",,,contact@scienceofbirth.ca
74048,publish,2026-01-26 16:17:05,0000-00-00 00:00:00,2026-01-26 16:17:05,0000-00-00 00:00:00,https://events.ubc.ca/organizer/student-health-wellbeing/,Student Health &amp; Wellbeing,student-health-wellbeing,https://wellbeing.ubc.ca/news/january-01-2026/move-ubc-celebrates-10-years-movement-wellbeing-community,events.ubc.ca?id=74048,"[""events.ubc.ca?id=74048""]",,780 710 8761,mandy.macrae@ubc.ca
74010,publish,2026-01-26 09:58:30,2026-01-26 17:58:30,2026-01-26 09:58:30,2026-01-26 17:58:30,https://events.ubc.ca/organizer/mastercard-foundation-scholars-program-at-ubc/,Mastercard Foundation Scholars Program at UBC,mastercard-foundation-scholars-program-at-ubc,https://mastercardfdn.scholars.ubc.ca/,events.ubc.ca?id=74010,"[""events.ubc.ca?id=74010""]",90,604 822 9803,scholars.admissions@ubc.ca
73833,publish,2026-01-21 16:50:34,0000-00-00 00:00:00,2026-01-21 16:50:34,0000-00-00 00:00:00,https://events.ubc.ca/organizer/ubc-accelerating-community-energy-transformations/,UBC Accelerating Community Energy Transformations,ubc-accelerating-community-energy-transformations,https://www.uvic.ca/acet/index.php,events.ubc.ca?id=73833,"[""events.ubc.ca?id=73833""]",,6139154215,annie.russell@ubc.ca
73390,publish,2026-01-12 11:45:40,0000-00-00 00:00:00,2026-01-12 11:45:40,0000-00-00 00:00:00,https://events.ubc.ca/organizer/ubc-seeds/,UBC SEEDS,ubc-seeds,https://sustain.ubc.ca/programs/seeds-sustainability-program,events.ubc.ca?id=73390,"[""events.ubc.ca?id=73390""]",,604-822-9376,liska.richer@ubc.ca
73389,publish,2026-01-12 11:45:40,0000-00-00 00:00:00,2026-01-12 11:45:40,0000-00-00 00:00:00,https://events.ubc.ca/organizer/ubc-slow-fashion-circular-textiles-sustainable-fibre-research-cluster/,"UBC Slow Fashion: Circular Textiles, Sustainable Fibre Research Cluster",ubc-slow-fashion-circular-textiles-sustainable-fibre-research-cluster,http://www.slowfashion.ubc.ca,events.ubc.ca?id=73389,"[""events.ubc.ca?id=73389""]",,604.319.7656,germaine.koh@ubc.ca
73280,publish,2026-01-08 14:06:35,0000-00-00 00:00:00,2026-01-08 14:06:35,0000-00-00 00:00:00,https://events.ubc.ca/organizer/ubc-inspired/,UBC Inspired,ubc-inspired,https://inspired.ubc.ca/kidstakeoverubc,events.ubc.ca?id=73280,"[""events.ubc.ca?id=73280""]",,,info.inspired@ubc.ca
73259,publish,2026-01-08 09:24:31,2026-01-08 17:24:31,2026-01-08 09:24:31,2026-01-08 17:24:31,https://events.ubc.ca/organizer/ubc-student-counselling-services/,UBC Student Counselling Services,ubc-student-counselling-services,https://students.ubc.ca/health/counselling-services/,events.ubc.ca?id=73259,"[""events.ubc.ca?id=73259""]",90,6048223811,
72673,publish,2025-12-17 12:20:05,2025-12-17 20:20:05,2025-12-17 12:20:05,2025-12-17 20:20:05,https://events.ubc.ca/organizer/ubc-debates/,UBC Debates,ubc-debates,,events.ubc.ca?id=72673,"[""events.ubc.ca?id=72673""]",4,,
71888,publish,2025-11-26 12:28:32,0000-00-00 00:00:00,2025-11-26 12:28:32,0000-00-00 00:00:00,https://events.ubc.ca/organizer/centre-for-industrial-relations-and-human-resources-university-of-toronto/,"Centre for Industrial Relations and Human Resources, University of Toronto",centre-for-industrial-relations-and-human-resources-university-of-toronto,https://www.cirhr.utoronto.ca/,events.ubc.ca?id=71888,"[""events.ubc.ca?id=71888""]",,,cirhr.communications@utoronto.ca
71317,publish,2025-11-10 09:16:31,0000-00-00 00:00:00,2025-11-10 09:16:31,0000-00-00 00:00:00,https://events.ubc.ca/organizer/faculty-of-medicine-department-of-orthopaedics/,Faculty of Medicine &#8211; Department of Orthopaedics,faculty-of-medicine-department-of-orthopaedics,https://orthopaedics.med.ubc.ca/,events.ubc.ca?id=71317,"[""events.ubc.ca?id=71317""]",,,orthopaedics.cpd@ubc.ca
71035,publish,2025-11-05 14:22:25,0000-00-00 00:00:00,2025-11-05 14:22:25,0000-00-00 00:00:00,https://events.ubc.ca/organizer/rna-formulation-core/,RNA &amp; Formulation Core,rna-formulation-core,https://rfcore.msl.ubc.ca/,events.ubc.ca?id=71035,"[""events.ubc.ca?id=71035""]",,604-827-3833,rfc@msl.ubc.ca
70892,publish,2025-11-04 10:18:13,0000-00-00 00:00:00,2025-11-04 10:18:13,0000-00-00 00:00:00,https://events.ubc.ca/organizer/geography-climate-action-commitee/,Geography Climate Action Commitee,geography-climate-action-commitee,,events.ubc.ca?id=70892,"[""events.ubc.ca?id=70892""]",,,stevenmt@student.ubc.ca
70702,publish,2025-10-31 14:44:58,0000-00-00 00:00:00,2025-10-31 14:44:58,0000-00-00 00:00:00,https://events.ubc.ca/organizer/clean-energy-research-centre/,Clean Energy Research Centre,clean-energy-research-centre,,events.ubc.ca?id=70702,"[""events.ubc.ca?id=70702""]",,,sarah@cerc.ubc.ca
70696,publish,2025-10-31 14:37:55,0000-00-00 00:00:00,2025-10-31 14:37:55,0000-00-00 00:00:00,https://events.ubc.ca/organizer/clean-energy-research-centre/,Clean Energy Research Centre,clean-energy-research-centre,,events.ubc.ca?id=70696,"[""events.ubc.ca?id=70696""]",,,sarah@cerc.ubc.ca
70598,publish,2025-10-29 11:06:24,2025-10-29 18:06:24,2025-10-29 11:06:24,2025-10-29 18:06:24,https://events.ubc.ca/organizer/black-student-space-bss/,Black Student Space (BSS),black-student-space-bss,https://students.ubc.ca/about-student-services/black-student-space/,events.ubc.ca?id=70598,"[""events.ubc.ca?id=70598""]",90,,bss.info@ubc.ca
70423,publish,2025-10-24 18:13:23,0000-00-00 00:00:00,2025-10-24 18:13:23,0000-00-00 00:00:00,https://events.ubc.ca/organizer/pacific-museum-of-earth/,Pacific Museum of Earth,pacific-museum-of-earth,https://pme.ubc.ca/,events.ubc.ca?id=70423,"[""events.ubc.ca?id=70423""]",,6048226992,pme@eoas.ubc.ca
70224,publish,2025-10-21 17:34:47,0000-00-00 00:00:00,2025-10-21 17:34:47,0000-00-00 00:00:00,https://events.ubc.ca/organizer/global-reporting-centre/,Global Reporting Centre,global-reporting-centre,https://globalreportingcentre.org/,events.ubc.ca?id=70224,"[""events.ubc.ca?id=70224""]",,7782239549,michelle.meiklejohn@globalreportingcentre.org
70136,publish,2025-10-20 16:25:19,0000-00-00 00:00:00,2025-10-20 16:25:19,0000-00-00 00:00:00,https://events.ubc.ca/organizer/centre-for-heart-lung-innovation-edi-committee/,"Centre for Heart Lung Innovation, EDI Committee",centre-for-heart-lung-innovation-edi-committee,https://www.hli.ubc.ca,events.ubc.ca?id=70136,"[""events.ubc.ca?id=70136""]",,6046822344,edi@hli.ubc.ca
69879,publish,2025-10-14 11:11:27,0000-00-00 00:00:00,2025-10-14 11:11:27,0000-00-00 00:00:00,https://events.ubc.ca/organizer/ubc-centre-for-disease-control/,UBC Centre for Disease Control,ubc-centre-for-disease-control,https://ubccdc.med.ubc.ca,events.ubc.ca?id=69879,"[""events.ubc.ca?id=69879""]",,,
69777,publish,2025-10-10 11:00:57,0000-00-00 00:00:00,2025-10-10 11:00:57,0000-00-00 00:00:00,https://events.ubc.ca/organizer/pi/,Pi,pi,https://www.fondationtrudeau.ca/,events.ubc.ca?id=69777,"[""events.ubc.ca?id=69777""]",,514 938 0001,communications@fondationtrudeau.ca
69494,publish,2025-10-03 13:41:27,0000-00-00 00:00:00,2025-10-03 13:41:27,0000-00-00 00:00:00,https://events.ubc.ca/organizer/centre-for-climate-and-business-solutions/,Centre for Climate and Business Solutions,centre-for-climate-and-business-solutions,https://www.sauder.ubc.ca/climate-centre,events.ubc.ca?id=69494,"[""events.ubc.ca?id=69494""]",,,climatecentre@sauder.ubc.ca
69246,publish,2025-09-29 20:55:57,0000-00-00 00:00:00,2025-09-29 20:55:57,0000-00-00 00:00:00,https://events.ubc.ca/organizer/ams-innovation-onboard-at-ubc/,AMS Innovation OnBoard at UBC,ams-innovation-onboard-at-ubc,https://www.innovationboard.ca//,events.ubc.ca?id=69246,"[""events.ubc.ca?id=69246""]",,,innovationonb@gmail.com
69079,publish,2025-09-25 13:39:37,0000-00-00 00:00:00,2025-09-25 13:39:37,0000-00-00 00:00:00,https://events.ubc.ca/organizer/ubc-comics-studies-cluster/,UBC Comics Studies Cluster,ubc-comics-studies-cluster,https://pop-culture.arts.ubc.ca/comics-studies/,events.ubc.ca?id=69079,"[""events.ubc.ca?id=69079""]",,,comics.studies@ubc.ca
69065,publish,2025-09-25 11:44:26,0000-00-00 00:00:00,2025-09-25 11:44:26,0000-00-00 00:00:00,https://events.ubc.ca/organizer/lilian-cheng/,Lilian Cheng,lilian-cheng,,events.ubc.ca?id=69065,"[""events.ubc.ca?id=69065""]",,,lilian.cheng@ubc.ca
68745,publish,2025-09-19 10:46:09,0000-00-00 00:00:00,2025-09-19 10:46:09,0000-00-00 00:00:00,https://events.ubc.ca/organizer/thriving-kids-research-cluster/,Thriving Kids Research Cluster,thriving-kids-research-cluster,https://thrivingkids.ubc.ca/,events.ubc.ca?id=68745,"[""events.ubc.ca?id=68745""]",,,thriving.kids@ubc.ca
68696,publish,2025-09-18 11:30:31,2025-09-18 18:30:31,2025-09-18 11:30:31,2025-09-18 18:30:31,https://events.ubc.ca/organizer/faculty-of-medicine-department-of-pathology-and-laboratory-medicine/,Faculty of Medicine &#8211; Department of Pathology and Laboratory Medicine,faculty-of-medicine-department-of-pathology-and-laboratory-medicine,https://pathology.ubc.ca,events.ubc.ca?id=68696,"[""events.ubc.ca?id=68696""]",71,,
68642,publish,2025-09-17 14:54:42,0000-00-00 00:00:00,2025-09-17 14:54:42,0000-00-00 00:00:00,https://events.ubc.ca/organizer/aises/,AISES,aises,https://aises.ubc.ca/,events.ubc.ca?id=68642,"[""events.ubc.ca?id=68642""]",,,
68460,publish,2025-09-12 16:09:14,0000-00-00 00:00:00,2025-09-12 16:09:14,0000-00-00 00:00:00,https://events.ubc.ca/organizer/intergenerational-march-committee/,Intergenerational March Committee,intergenerational-march-committee,https://forestry.ubc.ca/about/equity-diversity-inclusion/,events.ubc.ca?id=68460,"[""events.ubc.ca?id=68460""]",,604-822-2727,for.recep@ubc.ca
68274,publish,2025-09-08 16:11:22,0000-00-00 00:00:00,2025-09-08 16:11:22,0000-00-00 00:00:00,https://events.ubc.ca/organizer/faculty-of-forestry-undergraduate-student-services/,Faculty of Forestry Undergraduate Student Services,faculty-of-forestry-undergraduate-student-services,https://forestry.ubc.ca/students/undergraduate-student-portal/undergraduate-student-services/,events.ubc.ca?id=68274,"[""events.ubc.ca?id=68274""]",,604-822-1834,forestry.undergrad@ubc.ca
68004,publish,2025-09-03 17:26:01,0000-00-00 00:00:00,2025-09-03 17:26:01,0000-00-00 00:00:00,https://events.ubc.ca/organizer/language-sciences-global-research-excellence-institute/,Language Sciences Global Research Excellence Institute,language-sciences-global-research-excellence-institute,https://languagesciences.ubc.ca/,events.ubc.ca?id=68004,"[""events.ubc.ca?id=68004""]",,604-822-7435,language.sciences@ubc.ca
66580,publish,2025-08-07 14:48:04,0000-00-00 00:00:00,2025-08-07 14:48:04,0000-00-00 00:00:00,https://events.ubc.ca/organizer/ubc-faculty-of-land-and-food-systems/,UBC Faculty of Land and Food Systems,ubc-faculty-of-land-and-food-systems,https://www.landfood.ubc.ca/,events.ubc.ca?id=66580,"[""events.ubc.ca?id=66580""]",,,andrew.fong@ubc.ca
66516,publish,2025-08-05 12:17:56,0000-00-00 00:00:00,2025-08-05 12:17:56,0000-00-00 00:00:00,https://events.ubc.ca/organizer/ubc-inspired/,ubc inspired,ubc-inspired,https://inspired.ubc.ca,events.ubc.ca?id=66516,"[""events.ubc.ca?id=66516""]",,,info.inspired@ubc.ca
65719,publish,2025-07-15 05:02:00,0000-00-00 00:00:00,2025-07-15 05:02:00,0000-00-00 00:00:00,https://events.ubc.ca/organizer/spectrum/,Spectrum,spectrum,https://renewableenergy.spectrumconferences.com/,events.ubc.ca?id=65719,"[""events.ubc.ca?id=65719""]",,08977002668,isnre@spectrumconferences.com
65138,publish,2025-06-18 11:55:09,0000-00-00 00:00:00,2025-06-18 11:55:09,0000-00-00 00:00:00,https://events.ubc.ca/organizer/ubc-centre-for-accessibility/,UBC Centre for Accessibility,ubc-centre-for-accessibility,https://students.ubc.ca/about-student-services/centre-for-accessibility/,events.ubc.ca?id=65138,"[""events.ubc.ca?id=65138""]",,604-822-5844,info.accessibility@ubc.ca
65132,publish,2025-06-18 11:42:55,0000-00-00 00:00:00,2025-06-18 11:42:55,0000-00-00 00:00:00,https://events.ubc.ca/organizer/ubc-centre-for-accessibility/,UBC Centre for Accessibility,ubc-centre-for-accessibility,https://students.ubc.ca/about-student-services/centre-for-accessibility/,events.ubc.ca?id=65132,"[""events.ubc.ca?id=65132""]",,604-822-5844,info.accessibility@ubc.ca
64670,publish,2025-05-24 13:11:00,0000-00-00 00:00:00,2025-05-24 13:11:00,0000-00-00 00:00:00,https://events.ubc.ca/organizer/dr-marissa-lithopoulos/,Dr. Marissa Lithopoulos,dr-marissa-lithopoulos,https://sciencestandupandsong.eventbrite.ca,events.ubc.ca?id=64670,"[""events.ubc.ca?id=64670""]",,Please use the contact form on the event page,marissa.lithopoulos@msl.ubc.ca
64194,publish,2025-05-05 16:36:20,0000-00-00 00:00:00,2025-05-05 16:36:20,0000-00-00 00:00:00,https://events.ubc.ca/organizer/faculty-of-forestry/,faculty of forestry,faculty-of-forestry,https://apsc.ubc.ca/event/2025/intersections-of-people-and-planet-climate-justice-workshop,events.ubc.ca?id=64194,"[""events.ubc.ca?id=64194""]",,2368333996,EDII@apsc.ubc.ca
64089,publish,2025-04-29 09:25:27,2025-04-29 16:25:27,2025-04-29 09:25:27,2025-04-29 16:25:27,https://events.ubc.ca/organizer/sulong-ubc/,SULONG UBC,sulong-ubc,https://sulong.ca,events.ubc.ca?id=64089,"[""events.ubc.ca?id=64089""]",4,,
64088,publish,2025-04-29 09:23:39,2025-04-29 16:23:39,2025-04-29 09:23:39,2025-04-29 16:23:39,https://events.ubc.ca/organizer/ubc-kababayan-filipino-students-association/,UBC Kababayan: Filipino Student&#8217;s Association,ubc-kababayan-filipino-students-association,,events.ubc.ca?id=64088,"[""events.ubc.ca?id=64088""]",4,,
62995,publish,2025-03-20 11:16:10,0000-00-00 00:00:00,2025-03-20 11:16:10,0000-00-00 00:00:00,https://events.ubc.ca/organizer/ubc-transformative-memory-international-network/,UBC Transformative Memory International Network,ubc-transformative-memory-international-network,https://transformativememory.ubc.ca/,events.ubc.ca?id=62995,"[""events.ubc.ca?id=62995""]",,,transformative.memory@ubc.ca
62929,publish,2025-03-18 22:13:53,0000-00-00 00:00:00,2025-03-18 22:13:53,0000-00-00 00:00:00,https://events.ubc.ca/organizer/ubc-medicine/,UBC medicine,ubc-medicine,,events.ubc.ca?id=62929,"[""events.ubc.ca?id=62929""]",,,ubcmed.ruralrun@gmail.com
62742,publish,2025-03-12 13:03:33,0000-00-00 00:00:00,2025-03-12 13:03:33,0000-00-00 00:00:00,https://events.ubc.ca/organizer/peter-allard-school-of-law/,Peter Allard School of Law,peter-allard-school-of-law,https://allard.ubc.ca/programs/juris-doctor-jd-program/admissions,events.ubc.ca?id=62742,"[""events.ubc.ca?id=62742""]",,604 827 3865,yelimbetova@allard.ubc.ca
62690,publish,2025-03-11 11:16:18,0000-00-00 00:00:00,2025-03-11 11:16:18,0000-00-00 00:00:00,https://events.ubc.ca/organizer/jedi-forestry-team/,JEDI Forestry Team,jedi-forestry-team,https://forestry.ubc.ca/about/equity-diversity-inclusion/,events.ubc.ca?id=62690,"[""events.ubc.ca?id=62690""]",,604 822 2727,neftali.hernandez@ubc.ca
62520,publish,2025-03-06 15:37:47,2025-03-06 23:37:47,2025-03-06 15:37:47,2025-03-06 23:37:47,https://events.ubc.ca/organizer/black-faculty-network/,Black Faculty Network,black-faculty-network,,events.ubc.ca?id=62520,"[""events.ubc.ca?id=62520""]",78,,blackfaculty.network@ubc.ca
62498,publish,2025-03-06 12:31:24,0000-00-00 00:00:00,2025-03-06 12:31:24,0000-00-00 00:00:00,https://events.ubc.ca/organizer/digital-transparency-research-excellence-cluster/,Digital Transparency Research Excellence Cluster,digital-transparency-research-excellence-cluster,https://digital-transparency.ok.ubc.ca/,events.ubc.ca?id=62498,"[""events.ubc.ca?id=62498""]",,867 334 7549,darielle.talarico@ubc.ca
62385,publish,2025-03-04 16:08:49,0000-00-00 00:00:00,2025-03-04 16:08:49,0000-00-00 00:00:00,https://events.ubc.ca/organizer/ubc-health/,UBC Health,ubc-health,https://health.ubc.ca/pcpe,events.ubc.ca?id=62385,"[""events.ubc.ca?id=62385""]",,6048228002,cathy.kline@ubc.ca
62178,publish,2025-02-25 18:58:51,0000-00-00 00:00:00,2025-02-25 18:58:51,0000-00-00 00:00:00,https://events.ubc.ca/organizer/cancer-prevention-research-cluster-cprc/,Cancer Prevention Research Cluster (CPRC),cancer-prevention-research-cluster-cprc,https://cancerprevention.ubc.ca,events.ubc.ca?id=62178,"[""events.ubc.ca?id=62178""]",,,cancer.prevention@ubc.ca
62106,publish,2025-02-24 11:47:50,0000-00-00 00:00:00,2025-02-24 11:47:50,0000-00-00 00:00:00,https://events.ubc.ca/organizer/arts-indigenous-student-advising/,Arts Indigenous Student Advising,arts-indigenous-student-advising,https://arts.ubc.ca/student-support/academic-support/arts-indigenous-student-advising/,events.ubc.ca?id=62106,"[""events.ubc.ca?id=62106""]",,,arts.indigenous@ubc.ca
61907,publish,2025-02-18 10:57:45,0000-00-00 00:00:00,2025-02-18 10:57:45,0000-00-00 00:00:00,https://events.ubc.ca/organizer/sustainable-development-solutions-network/,Sustainable Development Solutions Network,sustainable-development-solutions-network,https://www.unsdsn.org/our-networks/canada/,events.ubc.ca?id=61907,"[""events.ubc.ca?id=61907""]",,,sdsncanada@ucalgary.ca
61659,publish,2025-02-10 10:21:06,0000-00-00 00:00:00,2025-02-10 10:21:06,0000-00-00 00:00:00,https://events.ubc.ca/organizer/dancers-of-damelahamid/,Dancers of Damelahamid,dancers-of-damelahamid,https://damelahamid.ca/coastal-dance-festival-2025/,events.ubc.ca?id=61659,"[""events.ubc.ca?id=61659""]",,604-922-5277,rebecca@damelahamid.ca
61369,publish,2025-01-30 15:38:03,0000-00-00 00:00:00,2025-01-30 15:38:03,0000-00-00 00:00:00,https://events.ubc.ca/organizer/lunarfest-vancouver/,LunarFest Vancouver,lunarfest-vancouver,https://lunarfestvancouver.ca/,events.ubc.ca?id=61369,"[""events.ubc.ca?id=61369""]",,,info@lunarfest.org
61269,publish,2025-01-28 10:45:13,0000-00-00 00:00:00,2025-01-28 10:45:13,0000-00-00 00:00:00,https://events.ubc.ca/organizer/the-outer-space-institute/,The Outer Space Institute,the-outer-space-institute,https://outerspaceinstitute.ca/,events.ubc.ca?id=61269,"[""events.ubc.ca?id=61269""]",,,coord@outerspaceinstitute.ca
61258,publish,2025-01-28 09:55:59,0000-00-00 00:00:00,2025-01-28 09:55:59,0000-00-00 00:00:00,https://events.ubc.ca/organizer/ubc-sustainability-hub/,UBC Sustainability Hub,ubc-sustainability-hub,https://sustain.ubc.ca/,events.ubc.ca?id=61258,"[""events.ubc.ca?id=61258""]",,604-822-9376,sustainability.hub@ubc.ca
60582,publish,2025-01-10 15:28:49,0000-00-00 00:00:00,2025-01-10 15:28:49,0000-00-00 00:00:00,https://events.ubc.ca/organizer/cassady-harraden/,Cassady Harraden,cassady-harraden,,events.ubc.ca?id=60582,"[""events.ubc.ca?id=60582""]",,778-828-9584,charraden@eoas.ubc.ca
59668,publish,2024-12-15 22:43:41,0000-00-00 00:00:00,2024-12-15 22:43:41,0000-00-00 00:00:00,https://events.ubc.ca/organizer/kinesiology/,kinesiology,kinesiology,https://kin.educ.ubc.ca/about/,events.ubc.ca?id=59668,"[""events.ubc.ca?id=59668""]",,6048224641,helen.luk@ubc.ca
59530,publish,2024-12-09 11:26:31,0000-00-00 00:00:00,2024-12-09 11:26:31,0000-00-00 00:00:00,https://events.ubc.ca/organizer/privacy-matters-ubc/,Privacy Matters @ UBC,privacy-matters-ubc,https://privacymatters.ubc.ca/,events.ubc.ca?id=59530,"[""events.ubc.ca?id=59530""]",,7782338738,privacy.matters@ubc.ca
59524,publish,2024-12-09 10:53:04,0000-00-00 00:00:00,2024-12-09 10:53:04,0000-00-00 00:00:00,https://events.ubc.ca/organizer/privacy-matters-ubc/,Privacy Matters @ UBC,privacy-matters-ubc,https://privacymatters.ubc.ca/,events.ubc.ca?id=59524,"[""events.ubc.ca?id=59524""]",,7782338738,privacy.matters@ubc.ca
59347,publish,2024-12-04 10:03:47,0000-00-00 00:00:00,2024-12-04 10:03:47,0000-00-00 00:00:00,https://events.ubc.ca/organizer/institute-for-global-health-at-bc-childrens-and-bc-womens-hospital-health-centre/,Institute for Global Health at BC Children&#8217;s and BC Women&#8217;s Hospital + Health Centre,institute-for-global-health-at-bc-childrens-and-bc-womens-hospital-health-centre,http://www.bcchildrens.ca/globalhealth,events.ubc.ca?id=59347,"[""events.ubc.ca?id=59347""]",,,globalhealth@cw.bc.ca
59305,publish,2024-12-03 13:17:26,0000-00-00 00:00:00,2024-12-03 13:17:26,0000-00-00 00:00:00,https://events.ubc.ca/organizer/ubc-okanagan-school-of-education/,UBC Okanagan School of Education,ubc-okanagan-school-of-education,https://education.ok.ubc.ca/,events.ubc.ca?id=59305,"[""events.ubc.ca?id=59305""]",,250 807 9176,education.ubco@ubc.ca
59142,publish,2024-11-25 16:52:18,0000-00-00 00:00:00,2024-11-25 16:52:18,0000-00-00 00:00:00,https://events.ubc.ca/organizer/master-of-engineering-leadership/,Master of Engineering Leadership,master-of-engineering-leadership,https://apscpp.ubc.ca/,events.ubc.ca?id=59142,"[""events.ubc.ca?id=59142""]",,604 827 4136,melmhlp.recruitment@apsc.ubc.ca
59137,publish,2024-11-25 16:49:48,0000-00-00 00:00:00,2024-11-25 16:49:48,0000-00-00 00:00:00,https://events.ubc.ca/organizer/master-of-health-leadership-policy/,Master of Health Leadership &amp; Policy,master-of-health-leadership-policy,https://apscpp.ubc.ca/,events.ubc.ca?id=59137,"[""events.ubc.ca?id=59137""]",,604 827 4136,melmhlp.recruitment@apsc.ubc.ca
58966,publish,2024-11-18 23:07:47,0000-00-00 00:00:00,2024-11-18 23:07:47,0000-00-00 00:00:00,https://events.ubc.ca/organizer/ubc-vision-health-volunteers/,UBC Vision Health Volunteers,ubc-vision-health-volunteers,https://amsclubs.ca/vision-health-volunteers/,events.ubc.ca?id=58966,"[""events.ubc.ca?id=58966""]",,,visionhealthvolunteers@gmail.com
58813,publish,2024-11-14 13:17:20,0000-00-00 00:00:00,2024-11-14 13:17:20,0000-00-00 00:00:00,https://events.ubc.ca/organizer/housing-research-collaborative-hrc/,Housing Research Collaborative (HRC),housing-research-collaborative-hrc,https://hrc.ubc.ca,events.ubc.ca?id=58813,"[""events.ubc.ca?id=58813""]",,6046908168,sam.roberts@ubc.ca
58255,publish,2024-10-31 14:38:26,0000-00-00 00:00:00,2024-10-31 14:38:26,0000-00-00 00:00:00,https://events.ubc.ca/organizer/faculty-of-land-and-food-systems-learning-centre/,Faculty of Land and Food Systems Learning Centre,faculty-of-land-and-food-systems-learning-centre,https://lc.landfood.ubc.ca/,events.ubc.ca?id=58255,"[""events.ubc.ca?id=58255""]",,,is@landfood.ubc.ca
58246,publish,2024-10-31 12:41:29,0000-00-00 00:00:00,2024-10-31 12:41:29,0000-00-00 00:00:00,https://events.ubc.ca/organizer/faculty-of-land-and-food-systems-learning-centre/,Faculty of Land and Food Systems Learning Centre,faculty-of-land-and-food-systems-learning-centre,https://lc.landfood.ubc.ca/,events.ubc.ca?id=58246,"[""events.ubc.ca?id=58246""]",,,is@landfood.ubc.ca
57586,publish,2024-10-17 23:48:14,0000-00-00 00:00:00,2024-10-17 23:48:14,0000-00-00 00:00:00,https://events.ubc.ca/organizer/popular-media-for-social-change-research-excellence-cluster/,Popular Media for Social Change Research Excellence Cluster,popular-media-for-social-change-research-excellence-cluster,https://www.comics.arts.ubc.ca,events.ubc.ca?id=57586,"[""events.ubc.ca?id=57586""]",,778-697-6294,comics.studies@ubc.ca
57580,publish,2024-10-17 23:35:50,0000-00-00 00:00:00,2024-10-17 23:35:50,0000-00-00 00:00:00,https://events.ubc.ca/organizer/popular-media-for-social-change-research-excellence-cluster/,Popular Media for Social Change Research Excellence Cluster,popular-media-for-social-change-research-excellence-cluster,https://www.comics.arts.ubc.ca,events.ubc.ca?id=57580,"[""events.ubc.ca?id=57580""]",,778-697-6294,comics.studies@ubc.ca
57574,publish,2024-10-17 23:26:19,0000-00-00 00:00:00,2024-10-17 23:26:19,0000-00-00 00:00:00,https://events.ubc.ca/organizer/popular-media-for-social-change-research-excellence-cluster/,Popular Media for Social Change Research Excellence Cluster,popular-media-for-social-change-research-excellence-cluster,https://www.comics.arts.ubc.ca,events.ubc.ca?id=57574,"[""events.ubc.ca?id=57574""]",,778-697-6294,comics.studies@ubc.ca
57562,publish,2024-10-17 23:08:01,0000-00-00 00:00:00,2024-10-17 23:08:01,0000-00-00 00:00:00,https://events.ubc.ca/organizer/popular-media-for-social-change-research-excellence-cluster/,Popular Media for Social Change Research Excellence Cluster,popular-media-for-social-change-research-excellence-cluster,https://www.comics.arts.ubc.ca,events.ubc.ca?id=57562,"[""events.ubc.ca?id=57562""]",,778-697-6294,comics.studies@ubc.ca
57548,publish,2024-10-17 22:50:05,0000-00-00 00:00:00,2024-10-17 22:50:05,0000-00-00 00:00:00,https://events.ubc.ca/organizer/popular-media-for-social-change-research-excellence-cluster/,Popular Media for Social Change Research Excellence Cluster,popular-media-for-social-change-research-excellence-cluster,https://www.comics.arts.ubc.ca,events.ubc.ca?id=57548,"[""events.ubc.ca?id=57548""]",,778-697-6294,comics.studies@ubc.ca
57267,publish,2024-10-10 13:17:14,2024-10-10 20:17:14,2024-10-10 13:17:14,2024-10-10 20:17:14,https://events.ubc.ca/organizer/interdisciplinary-biodiversity-solutions-collaboratory-ibios/,Interdisciplinary Biodiversity Solutions Collaboratory (IBioS),interdisciplinary-biodiversity-solutions-collaboratory-ibios,https://ibios.ubc.ca/,events.ubc.ca?id=57267,"[""events.ubc.ca?id=57267""]",4,,info@ibios.ubc.ca
57254,publish,2024-10-10 11:29:52,0000-00-00 00:00:00,2024-10-10 11:29:52,0000-00-00 00:00:00,https://events.ubc.ca/organizer/ubc-school-of-information/,UBC School of Information,ubc-school-of-information,https://ischool.ubc.ca/,events.ubc.ca?id=57254,"[""events.ubc.ca?id=57254""]",,6048222404,ischool.comms@ubc.ca
56990,publish,2024-10-04 14:36:46,0000-00-00 00:00:00,2024-10-04 14:36:46,0000-00-00 00:00:00,https://events.ubc.ca/organizer/ubc-study-of-religion/,UBC Study of Religion,ubc-study-of-religion,https://rgst.arts.ubc.ca,events.ubc.ca?id=56990,"[""events.ubc.ca?id=56990""]",,604–822–6798,sabina.magliocco@ubc.ca
56987,publish,2024-10-04 14:11:46,2024-10-04 21:11:46,2024-10-04 14:11:46,2024-10-04 21:11:46,https://events.ubc.ca/organizer/faculty-of-medicine-ubc-breast-reconstruction-research-program/,Faculty of Medicine &#8211; UBC Breast Reconstruction Research Program,faculty-of-medicine-ubc-breast-reconstruction-research-program,https://breastrecon.med.ubc.ca/,events.ubc.ca?id=56987,"[""events.ubc.ca?id=56987""]",71,6048270438,research.plastics@ubc.ca
56981,publish,2024-10-04 14:07:31,2024-10-04 21:07:31,2024-10-04 14:07:31,2024-10-04 21:07:31,https://events.ubc.ca/organizer/faculty-of-medicine-division-of-plastic-surgery/,Faculty of Medicine &#8211; Division of Plastic Surgery,faculty-of-medicine-division-of-plastic-surgery,https://surgery.med.ubc.ca/divisions/plastic-surgery/,events.ubc.ca?id=56981,"[""events.ubc.ca?id=56981""]",71,6048270438,research.plastics@ubc.ca
56611,publish,2024-09-26 10:12:20,2024-09-26 17:12:20,2024-10-01 14:57:18,2024-10-01 21:57:18,https://events.ubc.ca/organizer/academic-integrity-hub-office-of-the-provost-vp-academic-vancouver/,Academic Integrity Hub &#8211; Office of the Provost &amp; VP Academic (Vancouver),academic-integrity-hub-office-of-the-provost-vp-academic-vancouver,https://academicintegrity.ubc.ca/,events.ubc.ca?id=56611,"[""events.ubc.ca?id=56611""]",33,,carly.gardner@ubc.ca
56465,publish,2024-09-23 10:32:19,0000-00-00 00:00:00,2024-09-23 10:32:19,0000-00-00 00:00:00,https://events.ubc.ca/organizer/midwifery/,Midwifery,midwifery,https://midwifery.ubc.ca/,events.ubc.ca?id=56465,"[""events.ubc.ca?id=56465""]",,604 822 0352,info@midwifery.ubc.ca
56455,publish,2024-09-23 10:27:41,0000-00-00 00:00:00,2024-09-23 10:27:41,0000-00-00 00:00:00,https://events.ubc.ca/organizer/midwifery/,Midwifery,midwifery,https://midwifery.ubc.ca/,events.ubc.ca?id=56455,"[""events.ubc.ca?id=56455""]",,604 822 0352,info@midwifery.ubc.ca
56451,publish,2024-09-23 08:59:48,0000-00-00 00:00:00,2024-09-23 08:59:48,0000-00-00 00:00:00,https://events.ubc.ca/organizer/midwifery/,Midwifery,midwifery,https://midwifery.ubc.ca/,events.ubc.ca?id=56451,"[""events.ubc.ca?id=56451""]",,604 822 0352,info@midwifery.ubc.ca
56433,publish,2024-09-22 16:24:29,0000-00-00 00:00:00,2024-09-22 16:24:29,0000-00-00 00:00:00,https://events.ubc.ca/organizer/faculty-of-medicine-institute-of-mental-health/,Faculty of Medicine &#8211; Institute of Mental Health,faculty-of-medicine-institute-of-mental-health,https://psychiatry.ubc.ca/institute-of-mental-health/,events.ubc.ca?id=56433,"[""events.ubc.ca?id=56433""]",,604-822-7310,psychiatry.headasst@ubc.ca
56332,publish,2024-09-19 13:02:31,0000-00-00 00:00:00,2024-09-19 13:02:31,0000-00-00 00:00:00,https://events.ubc.ca/organizer/faculty-of-medicine-department-of-anesthesiology-pharmacology-therapeutics/,"Faculty of Medicine &#8211; Department of Anesthesiology, Pharmacology &amp; Therapeutics",faculty-of-medicine-department-of-anesthesiology-pharmacology-therapeutics,http://apt.med.ubc.ca,events.ubc.ca?id=56332,"[""events.ubc.ca?id=56332""]",,6048754111,apt.admin@ubc.ca
55592,publish,2024-09-04 16:24:52,0000-00-00 00:00:00,2024-09-04 16:24:52,0000-00-00 00:00:00,https://events.ubc.ca/organizer/ubc-school-of-creative-writing/,UBC School of Creative Writing,ubc-school-of-creative-writing,https://creativewriting.ubc.ca,events.ubc.ca?id=55592,"[""events.ubc.ca?id=55592""]",,604 822 2469,crwr.comms@ubc.ca
55467,publish,2024-09-02 21:15:04,0000-00-00 00:00:00,2024-09-02 21:15:04,0000-00-00 00:00:00,https://events.ubc.ca/organizer/lfs-undergraduate-society-lfs-firsts/,LFS undergraduate Society LFS FIRSTS,lfs-undergraduate-society-lfs-firsts,https://www.lfsus.landfood.ubc.ca/lfs-firsts,events.ubc.ca?id=55467,"[""events.ubc.ca?id=55467""]",,(778) 683-6928,lfsfirsts.cochairs@gmail.com
54552,publish,2024-08-13 10:33:14,2024-08-13 17:33:14,2024-11-01 11:19:10,2024-11-01 18:19:10,https://events.ubc.ca/organizer/continuing-professional-development-ubc-cpd/,Continuing Professional Development (UBC CPD),continuing-professional-development-ubc-cpd,https://ubccpd.ca/,events.ubc.ca?id=54552,"[""events.ubc.ca?id=54552""]",71,,camp.rcpd@ubc.ca
54295,publish,2024-08-01 17:32:39,0000-00-00 00:00:00,2024-08-01 17:32:39,0000-00-00 00:00:00,https://events.ubc.ca/organizer/ubc-properties-trust/,UBC Properties Trust,ubc-properties-trust,https://ubcproperties.com,events.ubc.ca?id=54295,"[""events.ubc.ca?id=54295""]",,,kknowles@ubcproperties.com
54290,publish,2024-08-01 17:30:02,0000-00-00 00:00:00,2024-08-01 17:30:02,0000-00-00 00:00:00,https://events.ubc.ca/organizer/ubc-properties-trust/,UBC Properties Trust,ubc-properties-trust,https://ubcproperties.com,events.ubc.ca?id=54290,"[""events.ubc.ca?id=54290""]",,,info@ubcproperties.com
54094,publish,2024-07-25 13:02:27,0000-00-00 00:00:00,2024-07-25 13:02:27,0000-00-00 00:00:00,https://events.ubc.ca/organizer/communicating-climate-hope/,Communicating Climate Hope,communicating-climate-hope,https://climatehope.sites.olt.ubc.ca/,events.ubc.ca?id=54094,"[""events.ubc.ca?id=54094""]",,,ubc@climatehope2024.com
53807,publish,2024-07-15 10:21:25,2024-07-15 17:21:25,2024-07-15 10:21:25,2024-07-15 17:21:25,https://events.ubc.ca/organizer/djavad-mowafaghian-centre-for-brain-health-faculty-of-medicine/,Djavad Mowafaghian Centre for Brain Health &#8211; Faculty of Medicine,djavad-mowafaghian-centre-for-brain-health-faculty-of-medicine,https://www.centreforbrainhealth.ca/,events.ubc.ca?id=53807,"[""events.ubc.ca?id=53807""]",71,,communications@brain.ubc.ca
53801,publish,2024-07-15 10:17:44,0000-00-00 00:00:00,2024-07-15 10:17:44,0000-00-00 00:00:00,https://events.ubc.ca/organizer/djavad-mowafaghian-centre-for-brain-health/,Djavad Mowafaghian Centre for Brain Health,djavad-mowafaghian-centre-for-brain-health,https://www.centreforbrainhealth.ca/,events.ubc.ca?id=53801,"[""events.ubc.ca?id=53801""]",,,communications@brain.ubc.ca
52966,publish,2024-06-10 15:14:03,0000-00-00 00:00:00,2024-06-10 15:14:03,0000-00-00 00:00:00,https://events.ubc.ca/organizer/sage-catering/,Sage Catering,sage-catering,https://food.ubc.ca/places/sage-restaurant-catering/,events.ubc.ca?id=52966,"[""events.ubc.ca?id=52966""]",,604 822 0429,
52584,publish,2024-05-28 14:46:02,0000-00-00 00:00:00,2024-05-28 14:46:02,0000-00-00 00:00:00,https://events.ubc.ca/organizer/university-neighbourhoods-association/,University Neighbourhoods Association,university-neighbourhoods-association,https://www.myuna.ca/,events.ubc.ca?id=52584,"[""events.ubc.ca?id=52584""]",,6048009865,support@myuna.ca
52580,publish,2024-05-28 14:43:50,0000-00-00 00:00:00,2024-05-28 14:43:50,0000-00-00 00:00:00,https://events.ubc.ca/organizer/vancouver-chamber-choir/,Vancouver Chamber Choir,vancouver-chamber-choir,https://vancouverchamberchoir.com/,events.ubc.ca?id=52580,"[""events.ubc.ca?id=52580""]",,604-738-6822,info@vancouverchamberchoir.com
51824,publish,2024-05-06 16:51:14,2024-05-06 23:51:14,2024-05-06 16:51:14,2024-05-06 23:51:14,https://events.ubc.ca/organizer/faculty-of-medicine-addictions-and-concurrent-disorders-research-group/,Faculty of Medicine &#8211; Addictions and Concurrent Disorders Research Group,faculty-of-medicine-addictions-and-concurrent-disorders-research-group,https://acdresearch.med.ubc.ca/,events.ubc.ca?id=51824,"[""events.ubc.ca?id=51824""]",71,,acdadmin@cheos.ubc.ca
51571,publish,2024-04-26 15:37:21,0000-00-00 00:00:00,2024-04-26 15:37:21,0000-00-00 00:00:00,https://events.ubc.ca/organizer/office-of-global-engagement/,Office of Global Engagement,office-of-global-engagement,https://global.ubc.ca/,events.ubc.ca?id=51571,"[""events.ubc.ca?id=51571""]",,,global.partnerships@ubc.ca
51566,publish,2024-04-26 15:34:34,0000-00-00 00:00:00,2024-04-26 15:34:34,0000-00-00 00:00:00,https://events.ubc.ca/organizer/office-of-global-engagement/,Office of Global Engagement,office-of-global-engagement,https://global.ubc.ca/,events.ubc.ca?id=51566,"[""events.ubc.ca?id=51566""]",,,global.partnerships@ubc.ca
51373,publish,2024-04-18 16:25:50,0000-00-00 00:00:00,2024-04-18 16:25:50,0000-00-00 00:00:00,https://events.ubc.ca/organizer/office-of-global-engagement/,Office of Global Engagement,office-of-global-engagement,https://global.ubc.ca/news-events/events/apr-18-2024-funding-opportunities-ubc-germany-collaboration,events.ubc.ca?id=51373,"[""events.ubc.ca?id=51373""]",,,global.partnerships@ubc.ca
51109,publish,2024-04-09 14:03:19,2024-04-09 21:03:19,2024-04-09 14:03:19,2024-04-09 21:03:19,https://events.ubc.ca/organizer/faculty-of-medicine-branch-for-global-surgical-care/,Faculty of Medicine – Branch for Global Surgical Care,faculty-of-medicine-branch-for-global-surgical-care,http://globalsurgery.med.ubc.ca/,events.ubc.ca?id=51109,"[""events.ubc.ca?id=51109""]",71,604 875 4111 (ext. 23110),global.surgery@ubc.ca
50807,publish,2024-03-20 16:31:19,0000-00-00 00:00:00,2024-03-20 16:31:19,0000-00-00 00:00:00,https://events.ubc.ca/organizer/bc-diabetes-research-network/,BC DIABETES RESEARCH NETWORK,bc-diabetes-research-network,https://diabetesbc.ca,events.ubc.ca?id=50807,"[""events.ubc.ca?id=50807""]",,604-499-2873,info@diabetesbc.ca
50773,publish,2024-03-19 11:20:35,0000-00-00 00:00:00,2024-03-19 11:20:35,0000-00-00 00:00:00,https://events.ubc.ca/organizer/school-of-community-and-regional-planning/,School of Community and Regional Planning,school-of-community-and-regional-planning,https://scarp.ubc.ca,events.ubc.ca?id=50773,"[""events.ubc.ca?id=50773""]",,,communications@scarp.ubc.ca
50617,publish,2024-03-08 15:54:44,2024-03-08 23:54:44,2024-03-08 15:54:44,2024-03-08 23:54:44,https://events.ubc.ca/organizer/ubc-school-of-kinesiology/,UBC School of Kinesiology,ubc-school-of-kinesiology,https://kin.educ.ubc.ca/,events.ubc.ca?id=50617,"[""events.ubc.ca?id=50617""]",79,,
50607,publish,2024-03-08 11:29:45,0000-00-00 00:00:00,2024-03-08 11:29:45,0000-00-00 00:00:00,https://events.ubc.ca/organizer/earth-ocean-and-atmospheric-sciences/,"Earth, Ocean and Atmospheric Sciences",earth-ocean-and-atmospheric-sciences,https://science.ubc.ca/,events.ubc.ca?id=50607,"[""events.ubc.ca?id=50607""]",,Chris Balma,balma@science.ubc.ca
50593,publish,2024-03-07 17:24:47,2024-03-08 01:24:47,2024-03-07 17:24:47,2024-03-08 01:24:47,https://events.ubc.ca/organizer/neglected-global-diseases-initiative/,Neglected Global Diseases Initiative,neglected-global-diseases-initiative,https://ngdi.ubc.ca/,events.ubc.ca?id=50593,"[""events.ubc.ca?id=50593""]",71,,
50588,publish,2024-03-07 17:02:32,2024-03-08 01:02:32,2024-03-07 17:02:32,2024-03-08 01:02:32,https://events.ubc.ca/organizer/womens-health-research-cluster-2/,Women&#8217;s Health Research Cluster,womens-health-research-cluster-2,https://womenshealthresearch.ubc.ca/,events.ubc.ca?id=50588,"[""events.ubc.ca?id=50588""]",71,,womenshealth.events@ubc.ca
50572,publish,2024-03-07 12:26:17,0000-00-00 00:00:00,2024-03-07 12:26:17,0000-00-00 00:00:00,https://events.ubc.ca/organizer/multiple/,Multiple,multiple,https://sustain.ubc.ca/events/ubc-reads-sustainability-jody-wilson-raybould,events.ubc.ca?id=50572,"[""events.ubc.ca?id=50572""]",,,
50485,publish,2024-03-05 09:30:37,2024-03-05 17:30:37,2024-03-05 09:30:37,2024-03-05 17:30:37,https://events.ubc.ca/organizer/ismaili-students-association-at-ubc/,Ismaili Students Association at UBC,ismaili-students-association-at-ubc,https://www.instagram.com/ubc_isa/,events.ubc.ca?id=50485,"[""events.ubc.ca?id=50485""]",79,,
50484,publish,2024-03-05 09:30:12,2024-03-05 17:30:12,2024-03-05 09:30:12,2024-03-05 17:30:12,https://events.ubc.ca/organizer/karvan-ubc/,Karvan UBC,karvan-ubc,https://www.instagram.com/karvanubc/,events.ubc.ca?id=50484,"[""events.ubc.ca?id=50484""]",79,,
50483,publish,2024-03-05 09:29:53,2024-03-05 17:29:53,2024-03-05 09:29:53,2024-03-05 17:29:53,https://events.ubc.ca/organizer/islamic-relief-at-ubc/,Islamic Relief at UBC,islamic-relief-at-ubc,https://www.instagram.com/islamicrelief.ubc/,events.ubc.ca?id=50483,"[""events.ubc.ca?id=50483""]",79,,
50429,publish,2024-03-01 16:14:33,0000-00-00 00:00:00,2024-03-01 16:14:33,0000-00-00 00:00:00,https://events.ubc.ca/organizer/kinesiology/,kinesiology,kinesiology,https://kin.educ.ubc.ca/,events.ubc.ca?id=50429,"[""events.ubc.ca?id=50429""]",,604-822-4641,helen.luk@ubc.ca
50361,publish,2024-02-27 12:27:07,0000-00-00 00:00:00,2024-02-27 12:27:07,0000-00-00 00:00:00,https://events.ubc.ca/organizer/ubc-rotaract/,UBC Rotaract,ubc-rotaract,https://amscampusbase.ubc.ca/ubcrotaract/about-rotaract/,events.ubc.ca?id=50361,"[""events.ubc.ca?id=50361""]",,(236)512-1216,rotaract.vancouver@gmail.com
50346,publish,2024-02-26 15:33:10,0000-00-00 00:00:00,2024-02-26 15:33:10,0000-00-00 00:00:00,https://events.ubc.ca/organizer/middle-east-studies/,Middle East Studies,middle-east-studies,https://mes.arts.ubc.ca/,events.ubc.ca?id=50346,"[""events.ubc.ca?id=50346""]",,,
50345,publish,2024-02-26 15:33:10,0000-00-00 00:00:00,2024-02-26 15:33:10,0000-00-00 00:00:00,https://events.ubc.ca/organizer/institute-for-gender-race-sexuality-and-social-justice/,"Institute for Gender, Race, Sexuality and Social Justice",institute-for-gender-race-sexuality-and-social-justice,https://grsj.arts.ubc.ca/,events.ubc.ca?id=50345,"[""events.ubc.ca?id=50345""]",,(604) 822-9171,
50304,publish,2024-02-23 08:29:31,0000-00-00 00:00:00,2024-02-23 08:29:31,0000-00-00 00:00:00,https://events.ubc.ca/organizer/institute-for-global-health/,Institute for Global Health,institute-for-global-health,http://www.bcchildrens.ca/globalhealth,events.ubc.ca?id=50304,"[""events.ubc.ca?id=50304""]",,604.829.2562,globalhealth@cw.bc.ca
50261,publish,2024-02-20 14:46:59,0000-00-00 00:00:00,2024-02-20 14:46:59,0000-00-00 00:00:00,https://events.ubc.ca/organizer/department-of-english-language-literatures/,Department of English Language &amp; Literatures,department-of-english-language-literatures,https://english.ubc.ca/,events.ubc.ca?id=50261,"[""events.ubc.ca?id=50261""]",,,english.communications@ubc.ca
50134,publish,2024-02-13 12:56:40,0000-00-00 00:00:00,2024-02-13 12:56:40,0000-00-00 00:00:00,https://events.ubc.ca/organizer/institute-for-critical-indigenous-studies/,Institute for Critical Indigenous Studies,institute-for-critical-indigenous-studies,https://cis.arts.ubc.ca/,events.ubc.ca?id=50134,"[""events.ubc.ca?id=50134""]",,(604) 822-2512,cis.info@ubc.ca
50027,publish,2024-02-09 11:55:36,0000-00-00 00:00:00,2024-02-09 11:55:36,0000-00-00 00:00:00,https://events.ubc.ca/organizer/faculty-of-pharmaceutical-sciences/,Faculty of Pharmaceutical Sciences,faculty-of-pharmaceutical-sciences,https://pharmsci.ubc.ca/,events.ubc.ca?id=50027,"[""events.ubc.ca?id=50027""]",,604-827-3309,nadine.gerhardt@ubc.ca
49766,publish,2024-02-03 15:06:59,0000-00-00 00:00:00,2024-02-03 15:06:59,0000-00-00 00:00:00,https://events.ubc.ca/organizer/sexual-assault-support-centre/,Sexual Assault Support Centre,sexual-assault-support-centre,https://www.amssasc.ca/,events.ubc.ca?id=49766,"[""events.ubc.ca?id=49766""]",,6048275180,sasc@ams.ubc.ca
49742,publish,2024-02-02 14:57:58,0000-00-00 00:00:00,2024-02-02 14:57:58,0000-00-00 00:00:00,https://events.ubc.ca/organizer/indigenous-research-support-initiative/,Indigenous Research Support Initiative,indigenous-research-support-initiative,https://irsi.ubc.ca/,events.ubc.ca?id=49742,"[""events.ubc.ca?id=49742""]",,,natalie@nataliehaw.ca
49514,publish,2024-01-30 15:09:30,0000-00-00 00:00:00,2024-01-30 15:09:30,0000-00-00 00:00:00,https://events.ubc.ca/organizer/ams-sustainability/,AMS Sustainability,ams-sustainability,https://www.ams.ubc.ca/what-we-stand-for/sustainability/,events.ubc.ca?id=49514,"[""events.ubc.ca?id=49514""]",,,natalie@nataliehaw.ca
49496,publish,2024-01-30 14:55:27,0000-00-00 00:00:00,2024-01-30 14:55:27,0000-00-00 00:00:00,https://events.ubc.ca/organizer/sustainability-ambassadors/,Sustainability Ambassadors,sustainability-ambassadors,https://sustain.ubc.ca/programs/sustainability-ambassadors-program,events.ubc.ca?id=49496,"[""events.ubc.ca?id=49496""]",,,natalie@nataliehaw.ca
49491,publish,2024-01-30 14:52:45,0000-00-00 00:00:00,2024-01-30 14:52:45,0000-00-00 00:00:00,https://events.ubc.ca/organizer/ubc-facilities/,UBC Facilities,ubc-facilities,https://facilities.ubc.ca/,events.ubc.ca?id=49491,"[""events.ubc.ca?id=49491""]",,,natalie@nataliehaw.ca
49482,publish,2024-01-30 14:47:36,0000-00-00 00:00:00,2024-01-30 14:47:36,0000-00-00 00:00:00,https://events.ubc.ca/organizer/ams-sustainability/,AMS Sustainability,ams-sustainability,https://www.ams.ubc.ca/what-we-stand-for/sustainability/,events.ubc.ca?id=49482,"[""events.ubc.ca?id=49482""]",,,natalie@nataliehaw.ca
49471,publish,2024-01-30 14:41:26,0000-00-00 00:00:00,2024-01-30 14:41:26,0000-00-00 00:00:00,https://events.ubc.ca/organizer/hatch-art-gallery/,Hatch Art Gallery,hatch-art-gallery,https://www.ams.ubc.ca/business/hatch-art-gallery/,events.ubc.ca?id=49471,"[""events.ubc.ca?id=49471""]",,6048806321,hatch@ams.ubc.ca
49442,publish,2024-01-30 14:31:34,0000-00-00 00:00:00,2024-01-30 14:31:34,0000-00-00 00:00:00,https://events.ubc.ca/organizer/hatch-art-gallery/,Hatch Art Gallery,hatch-art-gallery,,events.ubc.ca?id=49442,"[""events.ubc.ca?id=49442""]",,,
49406,publish,2024-01-30 01:14:56,0000-00-00 00:00:00,2024-01-30 01:14:56,0000-00-00 00:00:00,https://events.ubc.ca/organizer/association-of-canadian-archivists-student-chapter-at-ubc/,Association of Canadian Archivists Student Chapter at UBC,association-of-canadian-archivists-student-chapter-at-ubc,https://acaubc.wordpress.com/,events.ubc.ca?id=49406,"[""events.ubc.ca?id=49406""]",,,aca.slais@gmail.com
49383,publish,2024-01-29 14:46:17,0000-00-00 00:00:00,2024-01-29 14:46:17,0000-00-00 00:00:00,https://events.ubc.ca/organizer/open-ubc/,Open UBC,open-ubc,,events.ubc.ca?id=49383,"[""events.ubc.ca?id=49383""]",,,open.ubc@ubc.ca
49218,publish,2024-01-25 11:23:02,0000-00-00 00:00:00,2024-01-25 11:23:02,0000-00-00 00:00:00,https://events.ubc.ca/organizer/scholarly-communications-and-copyright-office/,Scholarly Communications and Copyright Office,scholarly-communications-and-copyright-office,,events.ubc.ca?id=49218,"[""events.ubc.ca?id=49218""]",,,
49214,publish,2024-01-25 11:19:07,0000-00-00 00:00:00,2024-01-25 11:19:07,0000-00-00 00:00:00,https://events.ubc.ca/organizer/scholarly-communications-and-copyright-office/,Scholarly Communications and Copyright Office,scholarly-communications-and-copyright-office,,events.ubc.ca?id=49214,"[""events.ubc.ca?id=49214""]",,,
49210,publish,2024-01-25 11:15:00,0000-00-00 00:00:00,2024-01-25 11:15:00,0000-00-00 00:00:00,https://events.ubc.ca/organizer/scholarly-communications-and-copyright-office/,Scholarly Communications and Copyright Office,scholarly-communications-and-copyright-office,,events.ubc.ca?id=49210,"[""events.ubc.ca?id=49210""]",,,
49204,publish,2024-01-25 11:12:07,0000-00-00 00:00:00,2024-01-25 11:12:07,0000-00-00 00:00:00,https://events.ubc.ca/organizer/scholarly-communications-and-copyright-office/,Scholarly Communications and Copyright Office,scholarly-communications-and-copyright-office,,events.ubc.ca?id=49204,"[""events.ubc.ca?id=49204""]",,,
49200,publish,2024-01-25 11:02:00,0000-00-00 00:00:00,2024-01-25 11:02:00,0000-00-00 00:00:00,https://events.ubc.ca/organizer/scholarly-communications-and-copyright-office/,Scholarly Communications and Copyright Office,scholarly-communications-and-copyright-office,,events.ubc.ca?id=49200,"[""events.ubc.ca?id=49200""]",,,
49193,publish,2024-01-25 10:59:19,0000-00-00 00:00:00,2024-01-25 10:59:19,0000-00-00 00:00:00,https://events.ubc.ca/organizer/scholarly-communications-and-copyright-office/,Scholarly Communications and Copyright Office,scholarly-communications-and-copyright-office,,events.ubc.ca?id=49193,"[""events.ubc.ca?id=49193""]",,,
49189,publish,2024-01-25 10:54:56,0000-00-00 00:00:00,2024-01-25 10:54:56,0000-00-00 00:00:00,https://events.ubc.ca/organizer/scholarly-communications-and-copyright-office/,Scholarly Communications and Copyright Office,scholarly-communications-and-copyright-office,,events.ubc.ca?id=49189,"[""events.ubc.ca?id=49189""]",,,
49185,publish,2024-01-25 10:51:13,0000-00-00 00:00:00,2024-01-25 10:51:13,0000-00-00 00:00:00,https://events.ubc.ca/organizer/scholarly-communications-and-copyright-office/,Scholarly Communications and Copyright Office,scholarly-communications-and-copyright-office,,events.ubc.ca?id=49185,"[""events.ubc.ca?id=49185""]",,,
49124,publish,2024-01-23 16:40:31,0000-00-00 00:00:00,2024-01-23 16:40:31,0000-00-00 00:00:00,https://events.ubc.ca/organizer/green-labs/,Green Labs,green-labs,https://sustain.ubc.ca/green-labs,events.ubc.ca?id=49124,"[""events.ubc.ca?id=49124""]",,3068610684,green.labs@ubc.ca
48869,publish,2024-01-18 11:40:58,0000-00-00 00:00:00,2024-01-18 11:40:58,0000-00-00 00:00:00,https://events.ubc.ca/organizer/ubc-school-of-public-policy-and-global-affairs/,UBC School of Public Policy and Global Affairs,ubc-school-of-public-policy-and-global-affairs,http://sppga.ubc.ca,events.ubc.ca?id=48869,"[""events.ubc.ca?id=48869""]",,(604) 822-3944,sppga.events@ubc.ca
48862,publish,2024-01-18 11:37:49,0000-00-00 00:00:00,2024-01-18 11:37:49,0000-00-00 00:00:00,https://events.ubc.ca/organizer/ubc-school-of-public-policy-and-global-affairs/,UBC School of Public Policy and Global Affairs,ubc-school-of-public-policy-and-global-affairs,http://sppga.ubc.ca,events.ubc.ca?id=48862,"[""events.ubc.ca?id=48862""]",,(604) 822-3944,sppga.events@ubc.ca
48850,publish,2024-01-18 11:21:42,0000-00-00 00:00:00,2024-01-18 11:21:42,0000-00-00 00:00:00,https://events.ubc.ca/organizer/rural-ementoring-bc-and-ubc-health/,Rural eMentoring BC and UBC Health,rural-ementoring-bc-and-ubc-health,http://www.ementoringbc.com,events.ubc.ca?id=48850,"[""events.ubc.ca?id=48850""]",,,e.mentoring@ubc.ca
48491,publish,2024-01-08 18:44:52,0000-00-00 00:00:00,2024-01-08 18:44:52,0000-00-00 00:00:00,https://events.ubc.ca/organizer/ubc-climate-hub/,UBC Climate Hub,ubc-climate-hub,https://ubcclimatehub.ca/,events.ubc.ca?id=48491,"[""events.ubc.ca?id=48491""]",,,ubcclimatehub@gmail.com
48411,publish,2024-01-03 12:30:01,0000-00-00 00:00:00,2024-01-03 12:30:01,0000-00-00 00:00:00,https://events.ubc.ca/organizer/customer-support-finops-department/,Customer Support &#8211; FinOps Department,customer-support-finops-department,https://finance.ubc.ca/contact,events.ubc.ca?id=48411,"[""events.ubc.ca?id=48411""]",,,finops.support@ubc.ca
48154,publish,2023-12-09 16:15:44,0000-00-00 00:00:00,2023-12-09 16:15:44,0000-00-00 00:00:00,https://events.ubc.ca/organizer/sfu-institute-for-transpacific-cultural-research/,SFU Institute for Transpacific Cultural Research,sfu-institute-for-transpacific-cultural-research,https://www.sfu.ca/itcr/home.html,events.ubc.ca?id=48154,"[""events.ubc.ca?id=48154""]",,,
48153,publish,2023-12-09 16:15:44,0000-00-00 00:00:00,2023-12-09 16:15:44,0000-00-00 00:00:00,https://events.ubc.ca/organizer/asian-independent-cinema-showcase/,Asian Independent Cinema Showcase,asian-independent-cinema-showcase,https://www.instagram.com/asianindependentcinemashowcase/,events.ubc.ca?id=48153,"[""events.ubc.ca?id=48153""]",,,
48017,publish,2023-11-24 14:51:37,0000-00-00 00:00:00,2023-11-24 14:51:37,0000-00-00 00:00:00,https://events.ubc.ca/organizer/department-of-anthropology/,Department of Anthropology,department-of-anthropology,https://anth.ubc.ca/,events.ubc.ca?id=48017,"[""events.ubc.ca?id=48017""]",,,
47914,publish,2023-11-15 12:18:15,0000-00-00 00:00:00,2023-11-15 12:18:15,0000-00-00 00:00:00,https://events.ubc.ca/organizer/department-of-physics-astronomy/,Department of Physics &amp; Astronomy,department-of-physics-astronomy,https://phas.ubc.ca/,events.ubc.ca?id=47914,"[""events.ubc.ca?id=47914""]",,6048220596,outreach@phas.ubc.ca
47893,publish,2023-11-14 11:12:03,2023-11-14 19:12:03,2023-11-14 11:12:03,2023-11-14 19:12:03,https://events.ubc.ca/organizer/faculty-of-medicine-office-of-faculty-development-educational-support/,Faculty of Medicine &#8211; Office of Faculty Development &amp; Educational Support,faculty-of-medicine-office-of-faculty-development-educational-support,https://facdev.med.ubc.ca/,events.ubc.ca?id=47893,"[""events.ubc.ca?id=47893""]",71,604 675 3783,fac.dev@ubc.ca
47711,publish,2023-11-06 09:37:38,2023-11-06 17:37:38,2023-11-06 09:37:38,2023-11-06 17:37:38,https://events.ubc.ca/organizer/marie-nightbird-school-of-social-work/,Marie Nightbird-School of Social Work,marie-nightbird-school-of-social-work,https://socialwork.ubc.ca/profile/marie-nightbird/,events.ubc.ca?id=47711,"[""events.ubc.ca?id=47711""]",,604-822-3520,marie.nightbird@ubc.ca
47676,publish,2023-11-01 04:18:38,0000-00-00 00:00:00,2023-11-01 04:18:38,0000-00-00 00:00:00,https://events.ubc.ca/organizer/enrolment-services-advising-centre-brock-hall-1874-east-mall-vancouver-bc-v6t-1z1-canada/,"Enrolment Services Advising Centre Brock Hall 1874 East Mall Vancouver, BC V6T 1Z1 Canada",enrolment-services-advising-centre-brock-hall-1874-east-mall-vancouver-bc-v6t-1z1-canada,,events.ubc.ca?id=47676,"[""events.ubc.ca?id=47676""]",,604 822 9836,
47383,publish,2023-10-27 15:01:02,2023-10-27 22:01:02,2023-10-27 15:01:02,2023-10-27 22:01:02,https://events.ubc.ca/organizer/ubc-advanced-research-computing/,UBC Advanced Research Computing,ubc-advanced-research-computing,https://arc.ubc.ca,events.ubc.ca?id=47383,"[""events.ubc.ca?id=47383""]",,7783234410,arc.support@ubc.ca
47439,publish,2023-10-19 14:27:19,2023-10-19 21:27:19,2023-10-19 14:27:19,2023-10-19 21:27:19,https://events.ubc.ca/organizer/centre-for-japanese-research/,Centre for Japanese Research,centre-for-japanese-research,https://cjr.iar.ubc.ca/,events.ubc.ca?id=47439,"[""events.ubc.ca?id=47439""]",,604 822 4688,cjr.iar@ubc.ca
47455,publish,2023-10-19 13:56:02,2023-10-19 20:56:02,2023-10-19 13:56:02,2023-10-19 20:56:02,https://events.ubc.ca/organizer/holly-kwan/,Holly Kwan,holly-kwan,,events.ubc.ca?id=47455,"[""events.ubc.ca?id=47455""]",,,hmitchel@cs.ubc.ca
47324,publish,2023-10-13 16:25:34,2023-10-13 23:25:34,2023-10-13 16:25:34,2023-10-13 23:25:34,https://events.ubc.ca/organizer/ubc-orice/,UBC ORICE,ubc-orice,https://orice.ubc.ca/,events.ubc.ca?id=47324,"[""events.ubc.ca?id=47324""]",,604 822 5028,ubc.orice@ubc.ca
47349,publish,2023-10-13 16:12:08,2023-10-13 23:12:08,2023-10-13 16:12:08,2023-10-13 23:12:08,https://events.ubc.ca/organizer/ubc-ceremonies-and-events/,UBC Ceremonies and Events,ubc-ceremonies-and-events,https://ceremonies.ubc.ca/,events.ubc.ca?id=47349,"[""events.ubc.ca?id=47349""]",,604 822 2484,ceremonies.office@ubc.ca
47341,publish,2023-10-12 16:04:29,2023-10-12 23:04:29,2023-10-12 16:04:29,2023-10-12 23:04:29,https://events.ubc.ca/organizer/faculty-of-medicine-center-for-molecular-medicine-and-therapeutics/,Faculty of Medicine &#8211; Center for Molecular Medicine and Therapeutics,faculty-of-medicine-center-for-molecular-medicine-and-therapeutics,https://cmmt.ubc.ca/,events.ubc.ca?id=47341,"[""events.ubc.ca?id=47341""]",71,,
47332,publish,2023-10-12 13:26:45,2023-10-12 20:26:45,2023-10-12 13:26:45,2023-10-12 20:26:45,https://events.ubc.ca/organizer/learning-analytics-team-2/,Learning Analytics Team,learning-analytics-team-2,,events.ubc.ca?id=47332,"[""events.ubc.ca?id=47332""]",72,,
47330,publish,2023-10-12 13:26:43,2023-10-12 20:26:43,2023-10-12 13:26:43,2023-10-12 20:26:43,https://events.ubc.ca/organizer/learning-analytics-team/,Learning Analytics Team,learning-analytics-team,,events.ubc.ca?id=47330,"[""events.ubc.ca?id=47330""]",72,,
47169,publish,2023-10-05 15:56:54,2023-10-05 22:56:54,2023-10-05 15:56:54,2023-10-05 22:56:54,https://events.ubc.ca/organizer/school-of-music-2/,School of Music,school-of-music-2,,events.ubc.ca?id=47169,"[""events.ubc.ca?id=47169""]",82,,
46893,publish,2023-09-25 14:48:22,2023-09-25 21:48:22,2023-09-25 14:48:22,2023-09-25 21:48:22,https://events.ubc.ca/organizer/lddi/,LDDI,lddi,https://lddi.educ.ubc.ca/,events.ubc.ca?id=46893,"[""events.ubc.ca?id=46893""]",,604 822 6333,lddi.educ@ubc.ca
46749,publish,2023-09-18 14:18:11,0000-00-00 00:00:00,2023-09-18 14:18:11,0000-00-00 00:00:00,https://events.ubc.ca/organizer/faculty-of-science/,Faculty of Science,faculty-of-science,,events.ubc.ca?id=46749,"[""events.ubc.ca?id=46749""]",,,
46694,publish,2023-09-15 13:28:17,2023-09-15 20:28:17,2023-09-15 13:28:17,2023-09-15 20:28:17,https://events.ubc.ca/organizer/ocean-wise-sponsored-by-alumni-ubc/,Ocean Wise sponsored by alumni UBC,ocean-wise-sponsored-by-alumni-ubc,https://ocean.org/,events.ubc.ca?id=46694,"[""events.ubc.ca?id=46694""]",,604 659 3804,Rudi.Ballard@ocean.org
46531,publish,2023-09-14 11:09:13,2023-09-14 18:09:13,2025-12-11 10:17:25,2025-12-11 18:17:25,https://events.ubc.ca/organizer/faculty-of-forestry-2/,Faculty of Forestry &#038; Environmental Stewardship,faculty-of-forestry-2,,events.ubc.ca?id=46531,"[""events.ubc.ca?id=46531""]",33,6048222681,guangyu.wang@ubc.ca
46658,publish,2023-09-12 12:38:48,0000-00-00 00:00:00,2023-09-12 12:38:48,0000-00-00 00:00:00,https://events.ubc.ca/organizer/campus-nutrition/,Campus Nutrition,campus-nutrition,https://campusnutrition.ca,events.ubc.ca?id=46658,"[""events.ubc.ca?id=46658""]",,6043545196,contact@campusnutrition.ca
46508,publish,2023-09-10 16:43:29,2023-09-10 23:43:29,2023-09-10 16:43:29,2023-09-10 23:43:29,https://events.ubc.ca/organizer/ubc-biztech/,UBC Biztech,ubc-biztech,https://www.ubcbiztech.com/,events.ubc.ca?id=46508,"[""events.ubc.ca?id=46508""]",,,ubcbiztech@gmail.com
46396,publish,2023-09-06 15:41:53,2023-09-06 22:41:53,2023-09-06 15:41:53,2023-09-06 22:41:53,https://events.ubc.ca/organizer/ubc-climate-solutions-research-collective/,UBC Climate Solutions Research Collective,ubc-climate-solutions-research-collective,https://climatesolutions.ubc.ca,events.ubc.ca?id=46396,"[""events.ubc.ca?id=46396""]",,,
46403,publish,2023-09-06 15:40:58,2023-09-06 22:40:58,2023-09-06 15:40:58,2023-09-06 22:40:58,https://events.ubc.ca/organizer/centre-for-advancing-health-outcomes/,Centre for Advancing Health Outcomes,centre-for-advancing-health-outcomes,https://www.advancinghealth.ubc.ca/,events.ubc.ca?id=46403,"[""events.ubc.ca?id=46403""]",,,communications@advancinghealth.ubc.ca
46108,publish,2023-08-16 14:16:55,2023-08-16 21:16:55,2023-08-16 14:16:55,2023-08-16 21:16:55,https://events.ubc.ca/organizer/ubc-sauder-school-of-business/,UBC Sauder School of Business,ubc-sauder-school-of-business,https://www.sauder.ubc.ca/,events.ubc.ca?id=46108,"[""events.ubc.ca?id=46108""]",,6048228422,mba@sauder.ubc.ca
45926,publish,2023-08-04 10:42:24,2023-08-04 17:42:24,2023-08-04 10:42:24,2023-08-04 17:42:24,https://events.ubc.ca/organizer/research-excellence-cluster-in-vision/,Research Excellence Cluster in Vision,research-excellence-cluster-in-vision,https://vision.ubc.ca/,events.ubc.ca?id=45926,"[""events.ubc.ca?id=45926""]",,,ruanne.lai@ubc.ca
45965,publish,2023-08-03 15:12:39,2023-08-03 22:12:39,2023-08-03 15:12:39,2023-08-03 22:12:39,https://events.ubc.ca/organizer/faculty-of-medicine-office-of-research/,Faculty of Medicine &#8211; Office of Research,faculty-of-medicine-office-of-research,https://www.med.ubc.ca/research/,events.ubc.ca?id=45965,"[""events.ubc.ca?id=45965""]",71,,
45798,publish,2023-07-24 16:16:13,2023-07-24 23:16:13,2023-07-24 16:16:13,2023-07-24 23:16:13,https://events.ubc.ca/organizer/faculty-of-medicine-academy-of-translational-medicine/,Faculty of Medicine – Academy of Translational Medicine,faculty-of-medicine-academy-of-translational-medicine,https://atm.med.ubc.ca/,events.ubc.ca?id=45798,"[""events.ubc.ca?id=45798""]",71,,translational.medicine@ubc.ca
45731,publish,2023-07-24 15:40:36,2023-07-24 22:40:36,2023-07-24 15:40:36,2023-07-24 22:40:36,https://events.ubc.ca/organizer/enterprise-video-platform-project/,Enterprise Video Platform Project,enterprise-video-platform-project,https://lthub.ubc.ca/initiatives/evp-project/,events.ubc.ca?id=45731,"[""events.ubc.ca?id=45731""]",,,
45730,publish,2023-07-21 13:37:44,2023-07-21 20:37:44,2023-07-21 13:37:44,2023-07-21 20:37:44,https://events.ubc.ca/organizer/enterprise-video-platform-project-2/,Enterprise Video Platform Project,enterprise-video-platform-project-2,https://lthub.ubc.ca/initiatives/evp-project/,events.ubc.ca?id=45730,"[""events.ubc.ca?id=45730""]",,,
45539,publish,2023-07-05 12:27:22,2023-07-05 19:27:22,2023-07-05 12:27:22,2023-07-05 19:27:22,https://events.ubc.ca/organizer/utownubc-2/,UTown@UBC,utownubc-2,https://utown.ubc.ca,events.ubc.ca?id=45539,"[""events.ubc.ca?id=45539""]",,,Info.utown@ubc.ca
45278,publish,2023-06-23 10:32:01,2023-06-23 17:32:01,2023-06-23 10:32:01,2023-06-23 17:32:01,https://events.ubc.ca/organizer/rehabilitation-sciences-executive-committee/,Rehabilitation Sciences Executive Committee,rehabilitation-sciences-executive-committee,https://rsec.med.ubc.ca/,events.ubc.ca?id=45278,"[""events.ubc.ca?id=45278""]",,,
45236,publish,2023-06-19 10:33:30,2023-06-19 17:33:30,2023-06-19 10:33:30,2023-06-19 17:33:30,https://events.ubc.ca/organizer/centre-for-workplace-accessibility/,Centre for Workplace Accessibility,centre-for-workplace-accessibility,https://hr.ubc.ca/health-and-wellbeing/working-injury-illness-or-disability/centre-workplace-accessibility,events.ubc.ca?id=45236,"[""events.ubc.ca?id=45236""]",78,604-822-8139,workplace.accessibility@ubc.ca
45104,publish,2023-06-13 13:03:09,2023-06-13 20:03:09,2023-06-13 13:03:09,2023-06-13 20:03:09,https://events.ubc.ca/organizer/ubc-initiative-for-student-teaching-and-research-in-chinese-canadian-studies-instrcc/,UBC Initiative for Student Teaching and Research in Chinese Canadian Studies (INSTRCC),ubc-initiative-for-student-teaching-and-research-in-chinese-canadian-studies-instrcc,https://instrcc.ubc.ca/,events.ubc.ca?id=45104,"[""events.ubc.ca?id=45104""]",,6048276673,jennifer.lu@ubc.ca
45041,publish,2023-06-12 09:17:34,2023-06-12 16:17:34,2023-06-12 09:17:34,2023-06-12 16:17:34,https://events.ubc.ca/organizer/ubc-emerging-media-lab/,UBC Emerging Media Lab,ubc-emerging-media-lab,https://eml.ubc.ca/,events.ubc.ca?id=45041,"[""events.ubc.ca?id=45041""]",,,emergingmedia.lab@ubc.ca
44918,publish,2023-06-02 15:44:58,2023-06-02 22:44:58,2023-06-02 15:44:58,2023-06-02 22:44:58,https://events.ubc.ca/organizer/ubc-food-services/,UBC Food Services,ubc-food-services,https://food.ubc.ca/,events.ubc.ca?id=44918,"[""events.ubc.ca?id=44918""]",,604 822 3663,food.services@ubc.ca
44839,publish,2023-05-31 13:18:42,2023-05-31 20:18:42,2023-06-01 10:34:49,2023-06-01 17:34:49,https://events.ubc.ca/organizer/ubc-mens-health-research/,UBC Men&#8217;s Health Research Program,ubc-mens-health-research,https://menshealthresearch.ubc.ca/,events.ubc.ca?id=44839,"[""events.ubc.ca?id=44839""]",33,,menshealthresearch@gmail.com
44787,publish,2023-05-26 14:26:21,2023-05-26 21:26:21,2023-05-26 14:26:21,2023-05-26 21:26:21,https://events.ubc.ca/organizer/office-of-the-provost-vp-academic-vancouver/,"Office of the Provost &amp; VP Academic, Vancouver",office-of-the-provost-vp-academic-vancouver,https://academic.ubc.ca/,events.ubc.ca?id=44787,"[""events.ubc.ca?id=44787""]",,604-827-0015,vpao.communications@ubc.ca
44693,publish,2023-05-18 15:27:49,2023-05-18 22:27:49,2023-05-18 15:27:49,2023-05-18 22:27:49,https://events.ubc.ca/organizer/development-and-alumni-engagement/,Development and Alumni Engagement,development-and-alumni-engagement,https://give.ubc.ca/,events.ubc.ca?id=44693,"[""events.ubc.ca?id=44693""]",78,,
44692,publish,2023-05-18 15:27:49,2023-05-18 22:27:49,2023-05-18 15:27:49,2023-05-18 22:27:49,https://events.ubc.ca/organizer/queer-faculty-staff-collective/,Queer Faculty &amp; Staff Collective,queer-faculty-staff-collective,https://equity.ubc.ca/queer-faculty-and-staff-collective/,events.ubc.ca?id=44692,"[""events.ubc.ca?id=44692""]",78,,
44505,publish,2023-05-10 15:14:11,2023-05-10 22:14:11,2023-05-10 15:14:11,2023-05-10 22:14:11,https://events.ubc.ca/organizer/ubc-hong-kong-studies-initiative/,UBC Hong Kong Studies Initiative,ubc-hong-kong-studies-initiative,https://hksi.ubc.ca,events.ubc.ca?id=44505,"[""events.ubc.ca?id=44505""]",,,hksi.ubc@ubc.ca
44446,publish,2023-05-03 11:25:27,2023-05-03 18:25:27,2023-05-03 11:25:27,2023-05-03 18:25:27,https://events.ubc.ca/organizer/kyra-philbert/,Kyra Philbert,kyra-philbert,,events.ubc.ca?id=44446,"[""events.ubc.ca?id=44446""]",,,
44454,publish,2023-05-03 11:21:09,2023-05-03 18:21:09,2023-05-03 11:21:09,2023-05-03 18:21:09,https://events.ubc.ca/organizer/innovation-ubc/,Innovation UBC,innovation-ubc,https://innovation.ubc.ca,events.ubc.ca?id=44454,"[""events.ubc.ca?id=44454""]",,,
44435,publish,2023-05-01 16:33:39,2023-05-01 23:33:39,2023-05-01 16:33:39,2023-05-01 23:33:39,https://events.ubc.ca/organizer/faculty-of-medicine-department-of-cellular-physiological-sciences/,Faculty of Medicine – Department of Cellular &amp; Physiological Sciences,faculty-of-medicine-department-of-cellular-physiological-sciences,https://cps.med.ubc.ca/,events.ubc.ca?id=44435,"[""events.ubc.ca?id=44435""]",71,,
44323,publish,2023-04-25 09:28:52,2023-04-25 16:28:52,2023-04-25 09:28:52,2023-04-25 16:28:52,https://events.ubc.ca/organizer/immunotherapeutics-research-cluster/,Immunotherapeutics Research Cluster,immunotherapeutics-research-cluster,https://immunot.ubc.ca/,events.ubc.ca?id=44323,"[""events.ubc.ca?id=44323""]",71,,
44273,publish,2023-04-21 15:21:56,2023-04-21 22:21:56,2023-04-21 15:21:56,2023-04-21 22:21:56,https://events.ubc.ca/organizer/hari-b-varshney-business-career-centre/,Hari B. Varshney Business Career Centre,hari-b-varshney-business-career-centre,,events.ubc.ca?id=44273,"[""events.ubc.ca?id=44273""]",69,6048224011,career.centre@ubc.ca
44200,publish,2023-04-20 11:22:30,2023-04-20 18:22:30,2023-04-20 11:22:30,2023-04-20 18:22:30,https://events.ubc.ca/organizer/bc-teachers-of-english-as-an-additional-language-hosted-by-the-faculty-of-forestry-ubc/,"BC Teachers of English as an Additional Language, Hosted by the Faculty of Forestry, UBC",bc-teachers-of-english-as-an-additional-language-hosted-by-the-faculty-of-forestry-ubc,https://site.pheedloop.com/event/connecting/home,events.ubc.ca?id=44200,"[""events.ubc.ca?id=44200""]",,6043558186,neil.leveridge@ubc.ca
43982,publish,2023-04-05 15:09:47,2023-04-05 22:09:47,2023-04-05 15:09:47,2023-04-05 22:09:47,https://events.ubc.ca/organizer/international-collaborations-on-repair-discoveries-icord-trainee-comittee/,International Collaborations on Repair Discoveries (ICORD) Trainee Comittee,international-collaborations-on-repair-discoveries-icord-trainee-comittee,,events.ubc.ca?id=43982,"[""events.ubc.ca?id=43982""]",,(604) 875-4992,icordtc@gmail.com
44006,publish,2023-04-05 14:04:24,2023-04-05 21:04:24,2023-04-05 14:04:24,2023-04-05 21:04:24,https://events.ubc.ca/organizer/ubc-black-muslim-collective/,UBC Black Muslim Collective,ubc-black-muslim-collective,https://www.instagram.com/bmcubc/,events.ubc.ca?id=44006,"[""events.ubc.ca?id=44006""]",81,,
43826,publish,2023-04-03 10:53:53,2023-04-03 17:53:53,2023-04-03 10:53:53,2023-04-03 17:53:53,https://events.ubc.ca/organizer/ubc-development-alumni-engagement/,UBC Development &amp; Alumni Engagement,ubc-development-alumni-engagement,https://give.ubc.ca,events.ubc.ca?id=43826,"[""events.ubc.ca?id=43826""]",,,info@give.ubc.ca
43853,publish,2023-04-03 10:52:15,2023-04-03 17:52:15,2023-04-03 10:52:15,2023-04-03 17:52:15,https://events.ubc.ca/organizer/ubc-chemical-biological-engineering-2/,UBC Chemical &amp; Biological Engineering,ubc-chemical-biological-engineering-2,https://chbe.ubc.ca/sergio-berretta/,events.ubc.ca?id=43853,"[""events.ubc.ca?id=43853""]",,,sergio.berretta@ubc.ca
43871,publish,2023-04-03 10:49:20,2023-04-03 17:49:20,2023-04-03 10:49:20,2023-04-03 17:49:20,https://events.ubc.ca/organizer/addictions-concurrent-disorders-research-group/,Addictions &amp; Concurrent Disorders Research Group,addictions-concurrent-disorders-research-group,https://acdresearch.med.ubc.ca/,events.ubc.ca?id=43871,"[""events.ubc.ca?id=43871""]",,6135588857,acdevents@cheos.ubc.ca
43893,publish,2023-03-30 15:57:42,2023-03-30 22:57:42,2023-03-30 15:57:42,2023-03-30 22:57:42,https://events.ubc.ca/organizer/canadas-immuno-engineering-and-biomanufacturing-hub-ciebh/,Canada’s Immuno-Engineering and Biomanufacturing Hub (CIEBH),canadas-immuno-engineering-and-biomanufacturing-hub-ciebh,https://immunoengineeringhub.ca/,events.ubc.ca?id=43893,"[""events.ubc.ca?id=43893""]",71,,immunoengineering.hub@ubc.ca
43857,publish,2023-03-29 16:23:49,2023-03-29 23:23:49,2023-03-29 16:23:49,2023-03-29 23:23:49,https://events.ubc.ca/organizer/vancouver-coastal-health-research-institute/,Vancouver Coastal Health Research Institute,vancouver-coastal-health-research-institute,https://www.vchri.ca/,events.ubc.ca?id=43857,"[""events.ubc.ca?id=43857""]",71,,
43774,publish,2023-03-24 14:45:34,2023-03-24 21:45:34,2023-03-24 14:45:34,2023-03-24 21:45:34,https://events.ubc.ca/organizer/pacific-institute-for-the-mathematical-sciences/,Pacific Institute for the Mathematical Sciences,pacific-institute-for-the-mathematical-sciences,https://www.pims.math.ca/,events.ubc.ca?id=43774,"[""events.ubc.ca?id=43774""]",,6048333611,events@pims.math.ca
43718,publish,2023-03-23 09:19:22,2023-03-23 16:19:22,2023-03-23 09:19:22,2023-03-23 16:19:22,https://events.ubc.ca/organizer/ubc-common-energy/,UBC Common Energy,ubc-common-energy,https://commonenergyubc.com,events.ubc.ca?id=43718,"[""events.ubc.ca?id=43718""]",,,commonenergyubc@gmail.com
43693,publish,2023-03-21 09:40:38,2023-03-21 16:40:38,2023-03-21 09:40:38,2023-03-21 16:40:38,https://events.ubc.ca/organizer/vasa-and-hatch-galley/,VASA and Hatch Galley,vasa-and-hatch-galley,https://www.hatchartgallery.ca,events.ubc.ca?id=43693,"[""events.ubc.ca?id=43693""]",,6048078093,eventsandprograms.vasa@gmail.com
43667,publish,2023-03-20 13:59:26,2023-03-20 20:59:26,2023-03-20 13:59:26,2023-03-20 20:59:26,https://events.ubc.ca/organizer/michael-smith-laboratories/,Michael Smith Laboratories,michael-smith-laboratories,https://www.msl.ubc.ca/,events.ubc.ca?id=43667,"[""events.ubc.ca?id=43667""]",,604-822-4838,reception@msl.ubc.ca
43531,publish,2023-03-15 13:42:52,2023-03-15 20:42:52,2023-03-15 13:42:52,2023-03-15 20:42:52,https://events.ubc.ca/organizer/michael-smith-health-research-bc/,Michael Smith Health Research BC,michael-smith-health-research-bc,https://healthresearchbc.zoom.us/webinar/register/WN_I82cTuT2Tg2cxesDsO9sRA,events.ubc.ca?id=43531,"[""events.ubc.ca?id=43531""]",,,
43469,publish,2023-03-09 15:17:17,2023-03-09 23:17:17,2023-03-09 15:17:17,2023-03-09 23:17:17,https://events.ubc.ca/organizer/bc-centre-on-substance-use/,BC Centre on Substance Use,bc-centre-on-substance-use,https://www.bccsu.ca,events.ubc.ca?id=43469,"[""events.ubc.ca?id=43469""]",71,,communications@bccsu.ubc.ca
43392,publish,2023-03-08 15:19:58,2023-03-08 23:19:58,2023-03-08 15:19:58,2023-03-08 23:19:58,https://events.ubc.ca/organizer/ubc-bizchina-club/,UBC BizChina Club,ubc-bizchina-club,https://www.ubcchinaforum.com/,events.ubc.ca?id=43392,"[""events.ubc.ca?id=43392""]",,,bizchina.ubc@gmail.com
43420,publish,2023-03-07 14:56:06,2023-03-07 22:56:06,2023-03-07 14:56:06,2023-03-07 22:56:06,https://events.ubc.ca/organizer/ubc-run-ride-for-rural-medicine/,UBC Run &amp; Ride for Rural Medicine,ubc-run-ride-for-rural-medicine,https://ruralrun.wordpress.com/,events.ubc.ca?id=43420,"[""events.ubc.ca?id=43420""]",71,,ubcmed.ruralrun@gmail.com
43317,publish,2023-03-06 11:15:21,2023-03-06 19:15:21,2023-03-06 11:15:21,2023-03-06 19:15:21,https://events.ubc.ca/organizer/ubc-data-science-club/,UBC Data Science Club,ubc-data-science-club,https://www.ubcdsci.club/home,events.ubc.ca?id=43317,"[""events.ubc.ca?id=43317""]",,,datascienceclububc@gmail.com
43213,publish,2023-03-01 11:47:07,2023-03-01 19:47:07,2023-03-01 11:47:07,2023-03-01 19:47:07,https://events.ubc.ca/organizer/school-of-information-2/,School of Information,school-of-information-2,https://ischool.ubc.ca/,events.ubc.ca?id=43213,"[""events.ubc.ca?id=43213""]",,604 822 2404,ischool.comms@ubc.ca
43246,publish,2023-03-01 11:43:59,2023-03-01 19:43:59,2023-03-01 11:43:59,2023-03-01 19:43:59,https://events.ubc.ca/organizer/canadian-studies/,Canadian Studies,canadian-studies,https://canadianstudies.ubc.ca/,events.ubc.ca?id=43246,"[""events.ubc.ca?id=43246""]",,604-822-6307,bradley.miller@ubc.ca
43218,publish,2023-02-27 15:55:40,2023-02-27 23:55:40,2023-02-27 15:55:40,2023-02-27 23:55:40,https://events.ubc.ca/organizer/ubc-thaqalayn-muslim-association/,UBC Thaqalayn Muslim Association,ubc-thaqalayn-muslim-association,https://www.instagram.com/tma_ubc/,events.ubc.ca?id=43218,"[""events.ubc.ca?id=43218""]",81,,
43217,publish,2023-02-27 15:55:40,2023-02-27 23:55:40,2023-02-28 11:05:35,2023-02-28 19:05:35,https://events.ubc.ca/organizer/ubc-muslim-student-association/,UBC Muslim Student Association,ubc-muslim-student-association,https://www.instagram.com/msaubc/,events.ubc.ca?id=43217,"[""events.ubc.ca?id=43217""]",81,,
43059,publish,2023-02-27 11:15:26,2023-02-27 19:15:26,2023-02-27 11:15:26,2023-02-27 19:15:26,https://events.ubc.ca/organizer/indigenous-legal-studies-ils-peter-a-allard-school-of-law/,Indigenous Legal Studies (ILS) Peter A. Allard School of Law,indigenous-legal-studies-ils-peter-a-allard-school-of-law,https://allard.ubc.ca/indigenous-legal-studies,events.ubc.ca?id=43059,"[""events.ubc.ca?id=43059""]",,604 822-2177,lschmidt@allard.ubc.ca
43026,publish,2023-02-21 09:58:19,2023-02-21 17:58:19,2023-02-21 09:58:19,2023-02-21 17:58:19,https://events.ubc.ca/organizer/ubc-ukrainian-student-union/,UBC Ukrainian Student Union,ubc-ukrainian-student-union,https://www.instagram.com/ubc_usu/,events.ubc.ca?id=43026,"[""events.ubc.ca?id=43026""]",,,ubcusu@gmail.com
42974,publish,2023-02-15 14:18:07,2023-02-15 22:18:07,2023-02-15 14:18:07,2023-02-15 22:18:07,https://events.ubc.ca/organizer/ubc-forestry-black-student-group/,UBC Forestry Black Student Group,ubc-forestry-black-student-group,,events.ubc.ca?id=42974,"[""events.ubc.ca?id=42974""]",,,samuel.adeyanju@ubc.ca
42929,publish,2023-02-15 10:40:45,2023-02-15 18:40:45,2023-02-15 10:40:45,2023-02-15 18:40:45,https://events.ubc.ca/organizer/ubc-disabilities-united-collective/,UBC Disabilities United Collective,ubc-disabilities-united-collective,https://www.ubcduc.ca/,events.ubc.ca?id=42929,"[""events.ubc.ca?id=42929""]",,,ubcduc@gmail.com
42931,publish,2023-02-14 16:34:24,2023-02-15 00:34:24,2023-02-16 15:07:57,2023-02-16 23:07:57,https://events.ubc.ca/organizer/ubc-pre-law-association/,UBC Pre-Law Association,ubc-pre-law-association,https://ubcprelaw.com/,events.ubc.ca?id=42931,"[""events.ubc.ca?id=42931""]",4,,ubcprelaw@gmail.com
42930,publish,2023-02-14 16:34:24,2023-02-15 00:34:24,2023-02-16 15:07:52,2023-02-16 23:07:52,https://events.ubc.ca/organizer/ubc-law-disability-alliance/,UBC Law Disability Alliance,ubc-law-disability-alliance,,events.ubc.ca?id=42930,"[""events.ubc.ca?id=42930""]",4,,ubc.law.disability.alliance@gmail.com
42536,publish,2023-02-13 20:09:49,2023-02-14 04:09:49,2023-02-13 20:09:49,2023-02-14 04:09:49,https://events.ubc.ca/organizer/edith-lando-virtual-learning-centre/,Edith Lando Virtual Learning Centre,edith-lando-virtual-learning-centre,https://elvlc.educ.ubc.ca/,events.ubc.ca?id=42536,"[""events.ubc.ca?id=42536""]",,604 822 2013,info.elvlc@ubc.ca
42521,publish,2023-02-13 09:17:26,2023-02-13 17:17:26,2023-02-13 09:17:26,2023-02-13 17:17:26,https://events.ubc.ca/organizer/canadian-journal-of-family-law/,Canadian Journal of Family Law,canadian-journal-of-family-law,http://faculty.allard.ubc.ca/cdnjfl/,events.ubc.ca?id=42521,"[""events.ubc.ca?id=42521""]",,,cdnjfl@gmail.com
42514,publish,2023-02-10 19:08:10,2023-02-11 03:08:10,2023-02-16 15:08:04,2023-02-16 23:08:04,https://events.ubc.ca/organizer/ubc-asian-library/,UBC Asian Library,ubc-asian-library,https://asian.library.ubc.ca/,events.ubc.ca?id=42514,"[""events.ubc.ca?id=42514""]",4,(604) 822-2427,asian.library@ubc.ca
42474,publish,2023-02-08 12:11:29,2023-02-08 20:11:29,2023-02-08 12:11:29,2023-02-08 20:11:29,https://events.ubc.ca/organizer/computer-science-department/,Computer Science Department,computer-science-department,https://www.cs.ubc.ca/,events.ubc.ca?id=42474,"[""events.ubc.ca?id=42474""]",78,,
42420,publish,2023-02-03 13:27:40,2023-02-03 21:27:40,2023-02-03 13:29:14,2023-02-03 21:29:14,https://events.ubc.ca/organizer/centre-for-student-development-and-leadership/,Centre for Student Development and Leadership,centre-for-student-development-and-leadership,https://students.ubc.ca/about-student-services/centre-student-development-leadership,events.ubc.ca?id=42420,"[""events.ubc.ca?id=42420""]",4,604 822 4011,csdl.support@ubc.ca
42374,publish,2023-02-02 14:37:37,2023-02-02 22:37:37,2023-02-16 15:08:17,2023-02-16 23:08:17,https://events.ubc.ca/organizer/ubc-consortium-for-nursing-history-inquiry/,UBC Consortium for Nursing History Inquiry,ubc-consortium-for-nursing-history-inquiry,nursing.ubc.ca,events.ubc.ca?id=42374,"[""events.ubc.ca?id=42374""]",4,604.822.7457,communications@nursing.ubc.ca
42364,publish,2023-02-01 20:29:24,2023-02-02 04:29:24,2023-02-01 20:29:24,2023-02-02 04:29:24,https://events.ubc.ca/organizer/ubc-black-caucus/,UBC Black Caucus,ubc-black-caucus,https://blackcaucus.ubc.ca/,events.ubc.ca?id=42364,"[""events.ubc.ca?id=42364""]",4,,
42298,publish,2023-01-30 14:34:50,2023-01-30 22:34:50,2023-01-30 14:34:50,2023-01-30 22:34:50,https://events.ubc.ca/organizer/office-of-the-vice-president-research-innovation/,"Office of the Vice-President, Research &amp; Innovation",office-of-the-vice-president-research-innovation,https://research.ubc.ca,events.ubc.ca?id=42298,"[""events.ubc.ca?id=42298""]",,,research.info@ubc.ca
42287,publish,2023-01-30 10:04:17,2023-01-30 18:04:17,2023-01-30 10:04:17,2023-01-30 18:04:17,https://events.ubc.ca/organizer/international-center-for-applied-systems-science-for-sustainable-development/,International Center for Applied Systems Science for Sustainable Development,international-center-for-applied-systems-science-for-sustainable-development,https://www.icasssd.org/research-school,events.ubc.ca?id=42287,"[""events.ubc.ca?id=42287""]",,,admin@icasssd.org
42264,publish,2023-01-26 15:16:31,2023-01-26 23:16:31,2023-01-26 15:16:31,2023-01-26 23:16:31,https://events.ubc.ca/organizer/arts-undergraduate-society/,Arts Undergraduate Society,arts-undergraduate-society,https://aus.ubc.ca/,events.ubc.ca?id=42264,"[""events.ubc.ca?id=42264""]",,(401)477-0679,externalrelations@aus.ubc.ca
42268,publish,2023-01-26 15:15:02,2023-01-26 23:15:02,2023-01-26 15:15:02,2023-01-26 23:15:02,https://events.ubc.ca/organizer/city-of-vancouver/,City of Vancouver,city-of-vancouver,,events.ubc.ca?id=42268,"[""events.ubc.ca?id=42268""]",,,
42259,publish,2023-01-26 08:57:36,2023-01-26 16:57:36,2023-01-26 08:57:36,2023-01-26 16:57:36,https://events.ubc.ca/organizer/ubc-arts-culture-district/,UBC Arts &amp; Culture District,ubc-arts-culture-district,https://www.arts.ubc.ca/arts-culture/,events.ubc.ca?id=42259,"[""events.ubc.ca?id=42259""]",,604.319.7656,deb.pickman@ubc.ca
42235,publish,2023-01-24 14:03:13,2023-01-24 22:03:13,2023-01-24 14:03:13,2023-01-24 22:03:13,https://events.ubc.ca/organizer/outer-space-institute/,Outer Space Institute,outer-space-institute,http://outerspaceinstitute.ca/,events.ubc.ca?id=42235,"[""events.ubc.ca?id=42235""]",,2505054183,coord@outerspaceinstitute.ca
42164,publish,2023-01-23 14:48:54,2023-01-23 22:48:54,2024-12-09 14:14:51,2024-12-09 22:14:51,https://events.ubc.ca/organizer/department-of-surgery/,Department of Surgery,department-of-surgery,https://surgery.med.ubc.ca,events.ubc.ca?id=42164,"[""events.ubc.ca?id=42164""]",33,,
42168,publish,2023-01-23 14:47:06,2023-01-23 22:47:06,2023-01-23 14:47:06,2023-01-23 22:47:06,https://events.ubc.ca/organizer/ubc-centre-for-health-evaluation-and-outcomes-sciences-cheos/,UBC Centre for Health Evaluation and Outcomes Sciences (CHEOS),ubc-centre-for-health-evaluation-and-outcomes-sciences-cheos,www.cheos.ubc.ca,events.ubc.ca?id=42168,"[""events.ubc.ca?id=42168""]",,604-806-7729,communications@cheos.ubc.ca
40683,publish,2023-01-16 20:46:13,2023-01-17 04:46:13,2023-01-16 20:46:13,2023-01-17 04:46:13,https://events.ubc.ca/organizer/ubc-centre-for-health-services-and-policy-research/,UBC Centre for Health Services and Policy Research,ubc-centre-for-health-services-and-policy-research,https://chspr.ubc.ca/,events.ubc.ca?id=40683,"[""events.ubc.ca?id=40683""]",33,,chspr.reception@ubc.ca
40887,publish,2023-01-16 20:46:04,2023-01-17 04:46:04,2023-01-16 20:46:04,2023-01-17 04:46:04,https://events.ubc.ca/organizer/ubc-persian-club/,UBC Persian Club,ubc-persian-club,,events.ubc.ca?id=40887,"[""events.ubc.ca?id=40887""]",33,,
40886,publish,2023-01-16 20:45:56,2023-01-17 04:45:56,2023-01-16 20:45:56,2023-01-17 04:45:56,https://events.ubc.ca/organizer/iranian-professionals-network/,Iranian Professionals Network,iranian-professionals-network,,events.ubc.ca?id=40886,"[""events.ubc.ca?id=40886""]",33,,
41319,publish,2023-01-16 20:45:46,2023-01-17 04:45:46,2023-01-16 20:45:46,2023-01-17 04:45:46,https://events.ubc.ca/organizer/bc-womens-hospital-health-centre/,B.C. Women&#8217;s Hospital &#038; Health Centre,bc-womens-hospital-health-centre,,events.ubc.ca?id=41319,"[""events.ubc.ca?id=41319""]",33,,
40917,publish,2023-01-16 20:45:19,2023-01-17 04:45:19,2023-01-16 20:45:19,2023-01-17 04:45:19,https://events.ubc.ca/organizer/peter-wall-institute-for-advanced-studies/,Peter Wall Institute for Advanced Studies,peter-wall-institute-for-advanced-studies,https://pwias.ubc.ca,events.ubc.ca?id=40917,"[""events.ubc.ca?id=40917""]",33,604-822-0199,robin.evans@ubc.ca
41422,publish,2023-01-16 20:44:56,2023-01-17 04:44:56,2023-01-16 20:44:56,2023-01-17 04:44:56,https://events.ubc.ca/organizer/robert-h-n-ho-family-foundation-program-in-buddhism-and-contemporary-society/,Robert H. N. Ho Family Foundation Program in Buddhism and Contemporary Society,robert-h-n-ho-family-foundation-program-in-buddhism-and-contemporary-society,https://buddhism.arts.ubc.ca/,events.ubc.ca?id=41422,"[""events.ubc.ca?id=41422""]",33,,bcs.program@ubc.ca
41990,publish,2023-01-16 20:44:37,2023-01-17 04:44:37,2023-01-16 20:44:37,2023-01-17 04:44:37,https://events.ubc.ca/organizer/ubc-centre-for-climate-justice/,UBC Centre for Climate Justice,ubc-centre-for-climate-justice,,events.ubc.ca?id=41990,"[""events.ubc.ca?id=41990""]",33,6137955017,adele1mars@gmail.com
42032,publish,2023-01-16 20:44:27,2023-01-17 04:44:27,2023-01-16 20:44:27,2023-01-17 04:44:27,https://events.ubc.ca/organizer/vancouver-new-music/,Vancouver New Music,vancouver-new-music,,events.ubc.ca?id=42032,"[""events.ubc.ca?id=42032""]",33,,
42035,publish,2023-01-16 20:44:14,2023-01-17 04:44:14,2023-01-16 20:44:14,2023-01-17 04:44:14,https://events.ubc.ca/organizer/timbre-concerts/,Timbre Concerts,timbre-concerts,,events.ubc.ca?id=42035,"[""events.ubc.ca?id=42035""]",33,,
42110,publish,2023-01-16 20:43:52,2023-01-17 04:43:52,2023-01-16 20:43:52,2023-01-17 04:43:52,https://events.ubc.ca/organizer/centre-for-law-and-environment/,Centre for Law and Environment,centre-for-law-and-environment,,events.ubc.ca?id=42110,"[""events.ubc.ca?id=42110""]",33,,
42132,publish,2023-01-16 20:43:31,2023-01-17 04:43:31,2023-01-16 20:43:31,2023-01-17 04:43:31,https://events.ubc.ca/organizer/department-of-geography/,Department of Geography,department-of-geography,,events.ubc.ca?id=42132,"[""events.ubc.ca?id=42132""]",4,,
42111,publish,2023-01-16 20:42:13,2023-01-17 04:42:13,2023-01-16 20:42:13,2023-01-17 04:42:13,https://events.ubc.ca/organizer/west-coast-environmental-law/,West Coast Environmental Law,west-coast-environmental-law,,events.ubc.ca?id=42111,"[""events.ubc.ca?id=42111""]",33,,
42123,publish,2023-01-16 20:41:43,2023-01-17 04:41:43,2023-01-16 20:41:43,2023-01-17 04:41:43,https://events.ubc.ca/organizer/aepi/,Alpha Epsilon Pi (AEPi),aepi,https://www.aepi.org/international/canada/,events.ubc.ca?id=42123,"[""events.ubc.ca?id=42123""]",33,,
42126,publish,2023-01-16 20:37:15,2023-01-17 04:37:15,2023-01-16 20:37:15,2023-01-17 04:37:15,https://events.ubc.ca/organizer/hillel-bc/,Hillel BC,hillel-bc,https://www.hillelbc.com/,events.ubc.ca?id=42126,"[""events.ubc.ca?id=42126""]",,604-224-4748,einat@hillelbc.com
42083,publish,2023-01-16 10:02:21,2023-01-16 18:02:21,2023-01-16 10:02:21,2023-01-16 18:02:21,https://events.ubc.ca/organizer/university-of-victoria-uvic/,University of Victoria (UVic),university-of-victoria-uvic,,events.ubc.ca?id=42083,"[""events.ubc.ca?id=42083""]",76,,
41997,publish,2023-01-10 20:15:31,2023-01-11 04:15:31,2023-01-10 20:15:31,2023-01-11 04:15:31,https://events.ubc.ca/organizer/office-of-physical-activity/,Office of Physical Activity,office-of-physical-activity,https://wellbeing.ubc.ca/wellbeing-campaigns-and-initiatives/move-ubc,events.ubc.ca?id=41997,"[""events.ubc.ca?id=41997""]",,604 822 6000,physical.activity@ubc.ca
41946,publish,2023-01-09 09:47:59,2023-01-09 17:47:59,2023-01-09 09:47:59,2023-01-09 17:47:59,https://events.ubc.ca/organizer/vancouver-bioinformatics-users-group-vanbug/,Vancouver Bioinformatics Users Group (VanBUG),vancouver-bioinformatics-users-group-vanbug,https://www.vanbug.org/,events.ubc.ca?id=41946,"[""events.ubc.ca?id=41946""]",,,
41870,publish,2023-01-05 09:47:11,2023-01-05 17:47:11,2023-01-05 09:47:11,2023-01-05 17:47:11,https://events.ubc.ca/organizer/campus-security/,Campus Security,campus-security,https://security.ubc.ca,events.ubc.ca?id=41870,"[""events.ubc.ca?id=41870""]",,604-822-2972,nick.sagliocco@ubc.ca
41139,publish,2022-12-23 11:41:28,2022-12-23 19:41:28,2022-12-23 11:41:28,2022-12-23 19:41:28,https://events.ubc.ca/organizer/le-centre-de-la-francophonie-de-ubc/,Le Centre de La Francophonie de UBC,le-centre-de-la-francophonie-de-ubc,https://francophonie.ubc.ca/,events.ubc.ca?id=41139,"[""events.ubc.ca?id=41139""]",33,,
41333,publish,2022-12-23 09:23:31,2022-12-23 17:23:31,2022-12-23 09:23:31,2022-12-23 17:23:31,https://events.ubc.ca/organizer/centre-for-chinese-research/,Centre for Chinese Research,centre-for-chinese-research,https://ccr.ubc.ca,events.ubc.ca?id=41333,"[""events.ubc.ca?id=41333""]",33,Centre for Chinese Research at Institute of Asian Research,ccr.iar@ubc.ca
41755,publish,2022-12-20 10:40:42,2022-12-20 18:40:42,2022-12-20 10:40:42,2022-12-20 18:40:42,https://events.ubc.ca/organizer/department-of-french-hispanic-and-italian-studies/,"Department of French, Hispanic and Italian Studies",department-of-french-hispanic-and-italian-studies,fhis.ubc.ca,events.ubc.ca?id=41755,"[""events.ubc.ca?id=41755""]",,604-822-2926,celine.diaz@ubc.ca
41565,publish,2022-12-01 15:07:51,2022-12-01 23:07:51,2022-12-01 15:07:51,2022-12-01 23:07:51,https://events.ubc.ca/organizer/morris-and-helen-belkin-art-gallery/,Morris and Helen Belkin Art Gallery,morris-and-helen-belkin-art-gallery,www.belkin.ubc.ca,events.ubc.ca?id=41565,"[""events.ubc.ca?id=41565""]",,6048222759,belkin.gallery@ubc.ca
41506,publish,2022-11-29 18:07:16,2022-11-30 02:07:16,2022-11-29 18:07:16,2022-11-30 02:07:16,https://events.ubc.ca/organizer/the-dodson-room-at-irving-k-barber-learning-centre/,The Dodson Room at Irving K. Barber Learning Centre,the-dodson-room-at-irving-k-barber-learning-centre,,events.ubc.ca?id=41506,"[""events.ubc.ca?id=41506""]",,,hannscur@student.ubc.ca
41472,publish,2022-11-28 13:57:59,2022-11-28 21:57:59,2022-11-28 13:57:59,2022-11-28 21:57:59,https://events.ubc.ca/organizer/ubc-extended-learning/,UBC Extended Learning,ubc-extended-learning,extendedlearning.ubc.ca,events.ubc.ca?id=41472,"[""events.ubc.ca?id=41472""]",,604 822 1444,extendedlearning.ubc.ca/contact-us
41463,publish,2022-11-22 14:53:04,2022-11-22 22:53:04,2022-11-22 14:53:04,2022-11-22 22:53:04,https://events.ubc.ca/organizer/pacific-institute-for-climate-solutions-sfu-sustainability-and-the-ubc-sustainability-hub/,"Pacific Institute for Climate Solutions, SFU Sustainability, and the UBC Sustainability Hub",pacific-institute-for-climate-solutions-sfu-sustainability-and-the-ubc-sustainability-hub,https://sustain.ubc.ca/events/cop27-and-politics-power-people-and-place,events.ubc.ca?id=41463,"[""events.ubc.ca?id=41463""]",,,natalie.haw@ubc.ca
41392,publish,2022-11-18 15:40:27,2022-11-18 23:40:27,2022-11-18 15:40:27,2022-11-18 23:40:27,https://events.ubc.ca/organizer/ubc-office-of-wellbeing-strategy/,UBC Office of Wellbeing Strategy,ubc-office-of-wellbeing-strategy,https://wellbeing.ubc.ca/,events.ubc.ca?id=41392,"[""events.ubc.ca?id=41392""]",,7807108761,mandy.macrae@ubc.ca
41419,publish,2022-11-18 15:29:02,2022-11-18 23:29:02,2022-11-18 15:29:02,2022-11-18 23:29:02,https://events.ubc.ca/organizer/interdisciplinary-studies-graduate-program/,Interdisciplinary Studies Graduate Program,interdisciplinary-studies-graduate-program,,events.ubc.ca?id=41419,"[""events.ubc.ca?id=41419""]",,,isgp.office@ubc.ca
41393,publish,2022-11-17 08:51:03,2022-11-17 16:51:03,2022-11-17 08:51:03,2022-11-17 16:51:03,https://events.ubc.ca/organizer/women-in-engineering/,Women in Engineering,women-in-engineering,https://wie.engineering.ubc.ca/,events.ubc.ca?id=41393,"[""events.ubc.ca?id=41393""]",4,,
41385,publish,2022-11-16 13:59:45,2022-11-16 21:59:45,2022-11-16 13:59:45,2022-11-16 21:59:45,https://events.ubc.ca/organizer/engineering-undergraduate-society/,Engineering Undergraduate Society,engineering-undergraduate-society,https://ubcengineers.ca/,events.ubc.ca?id=41385,"[""events.ubc.ca?id=41385""]",,,vpcomm@ubcengineers.ca
41336,publish,2022-11-15 23:18:50,2022-11-16 07:18:50,2022-11-15 23:18:50,2022-11-16 07:18:50,https://events.ubc.ca/organizer/matrix-n-research-cluster/,MATRIX-N Research Cluster,matrix-n-research-cluster,,events.ubc.ca?id=41336,"[""events.ubc.ca?id=41336""]",,6135588857,matrixncluster@gmail.com
41345,publish,2022-11-14 16:36:47,2022-11-15 00:36:47,2022-11-14 16:36:47,2022-11-15 00:36:47,https://events.ubc.ca/organizer/faculty-of-medicine-digital-solutions/,Faculty of Medicine &#8211; Digital Solutions,faculty-of-medicine-digital-solutions,,events.ubc.ca?id=41345,"[""events.ubc.ca?id=41345""]",71,,fom.dm@ubc.ca
41342,publish,2022-11-14 13:13:01,2022-11-14 21:13:01,2022-11-14 13:13:01,2022-11-14 21:13:01,https://events.ubc.ca/organizer/community-engagement/,Community Engagement,community-engagement,https://communityengagement.ubc.ca/,events.ubc.ca?id=41342,"[""events.ubc.ca?id=41342""]",4,,
41329,publish,2022-11-10 14:51:32,2022-11-10 22:51:32,2022-11-10 14:51:32,2022-11-10 22:51:32,https://events.ubc.ca/organizer/ubc-centre-for-health-services-and-policy-research-2/,UBC Centre for Health Services and Policy Research,ubc-centre-for-health-services-and-policy-research-2,https://chspr.ubc.ca/,events.ubc.ca?id=41329,"[""events.ubc.ca?id=41329""]",71,,
41326,publish,2022-11-10 14:09:00,2022-11-10 22:09:00,2022-11-10 14:09:00,2022-11-10 22:09:00,https://events.ubc.ca/organizer/action-on-sepsis-research-cluster/,Action on Sepsis Research Cluster,action-on-sepsis-research-cluster,https://sepsis.ubc.ca/,events.ubc.ca?id=41326,"[""events.ubc.ca?id=41326""]",71,,
41126,publish,2022-11-07 09:29:22,2022-11-07 17:29:22,2022-11-07 09:29:22,2022-11-07 17:29:22,https://events.ubc.ca/organizer/department-of-emergency-medicine/,Department of Emergency Medicine,department-of-emergency-medicine,https://emergency.med.ubc.ca/,events.ubc.ca?id=41126,"[""events.ubc.ca?id=41126""]",,,
41123,publish,2022-11-04 09:55:57,2022-11-04 16:55:57,2022-11-04 09:55:57,2022-11-04 16:55:57,https://events.ubc.ca/organizer/emeritus-college/,Emeritus College,emeritus-college,emerituscollege.ubc.ca,events.ubc.ca?id=41123,"[""events.ubc.ca?id=41123""]",,,office@emerituscollege.ubc.ca
41212,publish,2022-11-04 09:27:43,2022-11-04 16:27:43,2022-11-04 09:27:43,2022-11-04 16:27:43,https://events.ubc.ca/organizer/ubc-theatre-and-film/,UBC Theatre and Film,ubc-theatre-and-film,theatrefilm.ubc.ca,events.ubc.ca?id=41212,"[""events.ubc.ca?id=41212""]",,604.822.2678,box.office@ubc.ca
41077,publish,2022-10-26 16:21:46,2022-10-26 23:21:46,2022-10-26 16:21:46,2022-10-26 23:21:46,https://events.ubc.ca/organizer/ubc-sequencingbioinformatics-consortium/,UBC Sequencing+Bioinformatics Consortium,ubc-sequencingbioinformatics-consortium,sequencing.ubc.ca,events.ubc.ca?id=41077,"[""events.ubc.ca?id=41077""]",,7783234410,
41052,publish,2022-10-25 14:59:22,2022-10-25 21:59:22,2022-10-25 14:59:22,2022-10-25 21:59:22,https://events.ubc.ca/organizer/the-vancouver-institute/,The Vancouver Institute,the-vancouver-institute,vancouverinstitute.ca,events.ubc.ca?id=41052,"[""events.ubc.ca?id=41052""]",,6047909747,vancouver.institute@ubc.ca
41029,publish,2022-10-24 10:27:05,2022-10-24 17:27:05,2022-10-24 10:27:05,2022-10-24 17:27:05,https://events.ubc.ca/organizer/ubc-varsity-outdoor-club/,UBC Varsity Outdoor Club,ubc-varsity-outdoor-club,https://www.ubc-voc.com/,events.ubc.ca?id=41029,"[""events.ubc.ca?id=41029""]",,,info@ubc-voc.com
40877,publish,2022-10-14 11:28:17,2022-10-14 18:28:17,2022-10-14 11:28:17,2022-10-14 18:28:17,https://events.ubc.ca/organizer/centre-for-the-study-of-democratic-institutions/,Centre for the Study of Democratic Institutions,centre-for-the-study-of-democratic-institutions,,events.ubc.ca?id=40877,"[""events.ubc.ca?id=40877""]",,,
40890,publish,2022-10-14 11:27:48,2022-10-14 18:27:48,2022-10-14 11:27:48,2022-10-14 18:27:48,https://events.ubc.ca/organizer/bc-brain-wellness-program/,BC Brain Wellness Program,bc-brain-wellness-program,https://www.bcbrainwellness.ca/,events.ubc.ca?id=40890,"[""events.ubc.ca?id=40890""]",,604-827-4386,brain.wellness@ubc.ca
40896,publish,2022-10-14 11:26:28,2022-10-14 18:26:28,2022-10-14 11:26:28,2022-10-14 18:26:28,https://events.ubc.ca/organizer/ubc-decision-insights-for-business-society/,UBC Decision Insights for Business &amp; Society,ubc-decision-insights-for-business-society,http://sauder.ubc.ca/DIBS,events.ubc.ca?id=40896,"[""events.ubc.ca?id=40896""]",,,dibs@sauder.ubc.ca
40910,publish,2022-10-14 11:24:08,2022-10-14 18:24:08,2022-10-14 11:24:08,2022-10-14 18:24:08,https://events.ubc.ca/organizer/peter-p-dhillon-centre-for-business-ethics/,Peter P. Dhillon Centre for Business Ethics,peter-p-dhillon-centre-for-business-ethics,https://sauder.ubc.ca/DhillonCentre,events.ubc.ca?id=40910,"[""events.ubc.ca?id=40910""]",,,kirstin.appelt@sauder.ubc.ca
40922,publish,2022-10-14 11:21:52,2022-10-14 18:21:52,2022-10-14 11:21:52,2022-10-14 18:21:52,https://events.ubc.ca/organizer/housing-assessment-resource-tools-hart/,Housing Assessment Resource Tools (HART),housing-assessment-resource-tools-hart,https://housingresearchcollaborative.scarp.ubc.ca/hart-housing-assessment-resource-tools/,events.ubc.ca?id=40922,"[""events.ubc.ca?id=40922""]",,6046908168,hart@allard.ubc.ca
40864,publish,2022-10-13 11:14:16,2022-10-13 18:14:16,2022-10-13 11:14:16,2022-10-13 18:14:16,https://events.ubc.ca/organizer/xwi7xwa-library/,Xwi7xwa Library,xwi7xwa-library,https://xwi7xwa.library.ubc.ca,events.ubc.ca?id=40864,"[""events.ubc.ca?id=40864""]",,(604) 822-8738,xwi7xwa.library@ubc.ca
40804,publish,2022-10-07 16:00:53,2022-10-07 23:00:53,2022-10-07 16:00:53,2022-10-07 23:00:53,https://events.ubc.ca/organizer/office-of-the-vice-president-students/,"Office of the Vice-President, Students",office-of-the-vice-president-students,,events.ubc.ca?id=40804,"[""events.ubc.ca?id=40804""]",81,,
40708,publish,2022-10-03 13:32:48,2022-10-03 20:32:48,2022-12-23 09:30:56,2022-12-23 17:30:56,https://events.ubc.ca/organizer/department-of-emergency-medine-digital-emergency-medicine-icon-program/,Department of Emergency Medicine &#8211; Digital Emergency Medicine &#8211; iCON program,department-of-emergency-medine-digital-emergency-medicine-icon-program,www.iconproject.org,events.ubc.ca?id=40708,"[""events.ubc.ca?id=40708""]",4,,icon.support@ubc.ca
40676,publish,2022-10-03 11:20:54,2022-10-03 18:20:54,2022-10-03 11:20:54,2022-10-03 18:20:54,https://events.ubc.ca/organizer/ubc-school-of-architecture-landscape-architecture/,UBC School of Architecture + Landscape Architecture,ubc-school-of-architecture-landscape-architecture,sala.ubc.ca,events.ubc.ca?id=40676,"[""events.ubc.ca?id=40676""]",,6048228130,info@sala.ubc.ca
40674,publish,2022-09-29 00:01:09,2022-09-29 07:01:09,2022-09-29 00:01:09,2022-09-29 07:01:09,https://events.ubc.ca/organizer/green-college/,Green College,green-college,https://greencollege.ubc.ca/,events.ubc.ca?id=40674,"[""events.ubc.ca?id=40674""]",4,,
40661,publish,2022-09-28 13:55:21,2022-09-28 20:55:21,2022-10-06 10:01:57,2022-10-06 17:01:57,https://events.ubc.ca/organizer/planning-and-institutional-research-office/,Planning and Institutional Research Office (PAIR),planning-and-institutional-research-office,https://pair.ubc.ca/,events.ubc.ca?id=40661,"[""events.ubc.ca?id=40661""]",79,,
40543,publish,2022-09-27 09:38:19,2022-09-27 16:38:19,2022-09-28 23:59:35,2022-09-29 06:59:35,https://events.ubc.ca/organizer/peter-allard-school-of-law-centre-for-law-and-the-environment/,Peter Allard School of Law &#8211; Centre for Law and the Environment,peter-allard-school-of-law-centre-for-law-and-the-environment,https://allard.ubc.ca/research/research-centres-and-programs/centre-law-and-environment,events.ubc.ca?id=40543,"[""events.ubc.ca?id=40543""]",4,,cle@allard.ubc.ca
40498,publish,2022-09-26 14:27:25,2022-09-26 21:27:25,2022-09-26 14:27:25,2022-09-26 21:27:25,https://events.ubc.ca/organizer/climate-hub/,Climate Hub,climate-hub,sustain.ubc.ca,events.ubc.ca?id=40498,"[""events.ubc.ca?id=40498""]",33,6048274817,climate.emergency@ubc.ca
40507,publish,2022-09-22 13:36:54,2022-09-22 20:36:54,2022-09-22 13:36:54,2022-09-22 20:36:54,https://events.ubc.ca/organizer/alma-mater-society-ams/,Alma Mater Society (AMS),alma-mater-society-ams,ams.ubc.ca,events.ubc.ca?id=40507,"[""events.ubc.ca?id=40507""]",,,alexisvollant@ams.ubc.ca
40472,publish,2022-09-21 09:48:16,2022-09-21 16:48:16,2022-09-21 09:48:16,2022-09-21 16:48:16,https://events.ubc.ca/organizer/entrepreneurshipubc/,entrepreneurship@UBC,entrepreneurshipubc,https://entrepreneurship.ubc.ca/,events.ubc.ca?id=40472,"[""events.ubc.ca?id=40472""]",,,communications@entrepreneurship.ubc.ca
40437,publish,2022-09-16 10:24:48,2022-09-16 17:24:48,2022-09-16 10:24:48,2022-09-16 17:24:48,https://events.ubc.ca/organizer/runnymede-society/,Runnymede Society,runnymede-society,,events.ubc.ca?id=40437,"[""events.ubc.ca?id=40437""]",79,604-347-8436,tfalcone@runnymedesociety.ca
40416,publish,2022-09-15 12:48:06,2022-09-15 19:48:06,2022-09-15 12:48:06,2022-09-15 19:48:06,https://events.ubc.ca/organizer/centre-for-molecular-medicine-and-therapeutics-3/,Centre for Molecular Medicine and Therapeutics,centre-for-molecular-medicine-and-therapeutics-3,https://cmmt.ubc.ca/,events.ubc.ca?id=40416,"[""events.ubc.ca?id=40416""]",79,,
40410,publish,2022-09-15 11:00:29,2022-09-15 18:00:29,2022-09-15 11:00:29,2022-09-15 18:00:29,https://events.ubc.ca/organizer/integrated-renewal-program-student/,Integrated Renewal Program &#8211; Student,integrated-renewal-program-student,https://irp.ubc.ca/,events.ubc.ca?id=40410,"[""events.ubc.ca?id=40410""]",,(604) 822-2211,questions.irpstudent@ubc.ca
40354,publish,2022-09-12 17:36:27,2022-09-13 00:36:27,2022-09-12 17:36:27,2022-09-13 00:36:27,https://events.ubc.ca/organizer/department-of-athletics-and-recreation-2/,Department of Athletics and Recreation,department-of-athletics-and-recreation-2,www.gothunderbirds.ca,events.ubc.ca?id=40354,"[""events.ubc.ca?id=40354""]",79,,
40327,publish,2022-09-12 14:18:22,2022-09-12 21:18:22,2025-11-06 10:35:57,2025-11-06 18:35:57,https://events.ubc.ca/organizer/ubc-peter-a-allard-school-of-law/,UBC Peter A. Allard School of Law,ubc-peter-a-allard-school-of-law,https://allard.ubc.ca,events.ubc.ca?id=40327,"[""events.ubc.ca?id=40327""]",33,604 822 2192,eventassistant@allard.ubc.ca
40330,publish,2022-09-12 14:16:13,2022-09-12 21:16:13,2022-09-12 14:16:13,2022-09-12 21:16:13,https://events.ubc.ca/organizer/cemcor/,CeMCOR,cemcor,www.cemcor.ubc.ca,events.ubc.ca?id=40330,"[""events.ubc.ca?id=40330""]",,604–875-5927,cemcor.info@ubc.ca
40279,publish,2022-09-07 16:27:48,2022-09-07 23:27:48,2022-09-07 16:27:48,2022-09-07 23:27:48,https://events.ubc.ca/organizer/black-student-initiative/,Black Student Initiative,black-student-initiative,,events.ubc.ca?id=40279,"[""events.ubc.ca?id=40279""]",79,604 861 7771,willie.moss@ubc.ca
40064,publish,2022-09-07 09:59:15,2022-09-07 16:59:15,2022-09-07 09:59:15,2022-09-07 16:59:15,https://events.ubc.ca/organizer/public-humanities-hub-2/,Public Humanities Hub,public-humanities-hub-2,https://publichumanities.ubc.ca/,events.ubc.ca?id=40064,"[""events.ubc.ca?id=40064""]",4,,
40170,publish,2022-09-06 15:42:14,2022-09-06 22:42:14,2022-09-06 15:42:14,2022-09-06 22:42:14,https://events.ubc.ca/organizer/indian-residential-school-history-and-dialogue-centre-irshdc/,Indian Residential School History and Dialogue Centre (IRSHDC),indian-residential-school-history-and-dialogue-centre-irshdc,irshdc.ubc.ca,events.ubc.ca?id=40170,"[""events.ubc.ca?id=40170""]",,6048226941,irshdc.info@ubc.ca
40202,publish,2022-09-06 15:35:20,2022-09-06 22:35:20,2022-09-06 15:35:20,2022-09-06 22:35:20,https://events.ubc.ca/organizer/vancouver-school-of-economics/,Vancouver School of Economics,vancouver-school-of-economics,economics.ubc.ca,events.ubc.ca?id=40202,"[""events.ubc.ca?id=40202""]",,6048222921,admin.VSE@ubc.ca
40142,publish,2022-09-01 12:21:26,2022-09-01 19:21:26,2022-09-01 12:21:26,2022-09-01 19:21:26,https://events.ubc.ca/organizer/ubc-medplay/,UBC MedPlay,ubc-medplay,https://ubcmedplay.wordpress.com,events.ubc.ca?id=40142,"[""events.ubc.ca?id=40142""]",,,
40109,publish,2022-08-31 09:19:01,2022-08-31 16:19:01,2022-08-31 09:19:01,2022-08-31 16:19:01,https://events.ubc.ca/organizer/ubc-sexual-violence-prevention-and-response-office-svpro/,UBC Sexual Violence Prevention and Response Office (SVPRO),ubc-sexual-violence-prevention-and-response-office-svpro,svpro.ubc.ca,events.ubc.ca?id=40109,"[""events.ubc.ca?id=40109""]",,604-822-1588,svpro.vancouver@ubc.ca
40051,publish,2022-08-26 14:18:50,2022-08-26 21:18:50,2022-08-26 14:18:50,2022-08-26 21:18:50,https://events.ubc.ca/organizer/farmfolk-cityfolk/,FarmFolk CityFolk,farmfolk-cityfolk,https://farmfolkcityfolk.ca/,events.ubc.ca?id=40051,"[""events.ubc.ca?id=40051""]",,604-730-0450 ext. 304,engagement@farmfolkcityfolk.ca
40067,publish,2022-08-26 12:13:08,2022-08-26 19:13:08,2022-08-26 12:13:08,2022-08-26 19:13:08,https://events.ubc.ca/organizer/safety-risk-services/,Safety &amp; Risk Services,safety-risk-services,https://srs.ubc.ca/,events.ubc.ca?id=40067,"[""events.ubc.ca?id=40067""]",,6048273520,safety.risk@ubc.ca
39983,publish,2022-08-22 14:27:23,2022-08-22 21:27:23,2022-08-22 14:27:23,2022-08-22 21:27:23,https://events.ubc.ca/organizer/edwin-s-h-leong-healthy-aging-program/,Edwin S.H. Leong Healthy Aging Program,edwin-s-h-leong-healthy-aging-program,https://healthyaging.med.ubc.ca/,events.ubc.ca?id=39983,"[""events.ubc.ca?id=39983""]",71,,
39976,publish,2022-08-22 12:07:31,2022-08-22 19:07:31,2022-08-22 12:13:44,2022-08-22 19:13:44,https://events.ubc.ca/organizer/digital-research-alliance-of-canada/,Digital Research Alliance of Canada,digital-research-alliance-of-canada,https://alliancecan.ca/en,events.ubc.ca?id=39976,"[""events.ubc.ca?id=39976""]",76,,
39965,publish,2022-08-22 09:49:24,2022-08-22 16:49:24,2022-08-22 09:49:24,2022-08-22 16:49:24,https://events.ubc.ca/organizer/research-finance/,Research Finance,research-finance,finance.research.ubc.ca,events.ubc.ca?id=39965,"[""events.ubc.ca?id=39965""]",,604 827-2918,rf@finance.ubc.ca
39942,publish,2022-08-18 14:20:16,2022-08-18 21:20:16,2022-08-18 14:20:16,2022-08-18 21:20:16,https://events.ubc.ca/organizer/richmond-public-library/,Richmond Public Library,richmond-public-library,https://yourlibrary.bibliocommons.com/events/62fac4e58ca4b42b00826711,events.ubc.ca?id=39942,"[""events.ubc.ca?id=39942""]",,(604) 231-6413,wendy.jang@yourlibrary.ca
39901,publish,2022-08-15 15:48:54,2022-08-15 22:48:54,2022-08-15 15:48:54,2022-08-15 22:48:54,https://events.ubc.ca/organizer/centre-for-migration-studies/,Centre for Migration Studies,centre-for-migration-studies,https://migration.ubc.ca/contact-us/,events.ubc.ca?id=39901,"[""events.ubc.ca?id=39901""]",,604-822-1609,admin.migration@ubc.ca
39850,publish,2022-08-10 09:45:05,2022-08-10 16:45:05,2022-08-10 09:45:05,2022-08-10 16:45:05,https://events.ubc.ca/organizer/centre-for-gender-sexual-health-equity/,Centre for Gender &amp; Sexual Health Equity,centre-for-gender-sexual-health-equity,cgshe.ca,events.ubc.ca?id=39850,"[""events.ubc.ca?id=39850""]",,604-806-8881,events@cgshe.ubc.ca
39856,publish,2022-08-09 16:20:36,2022-08-09 23:20:36,2022-08-09 16:20:36,2022-08-09 23:20:36,https://events.ubc.ca/organizer/faculty-of-medicine-the-office-of-respectful-environments-equity-diversity-inclusion-redi/,"Faculty of Medicine &#8211; The Office of Respectful Environments, Equity, Diversity &#038; Inclusion (REDI)",faculty-of-medicine-the-office-of-respectful-environments-equity-diversity-inclusion-redi,https://redi.med.ubc.ca,events.ubc.ca?id=39856,"[""events.ubc.ca?id=39856""]",4,,
39697,publish,2022-07-27 08:51:31,2022-07-27 15:51:31,2022-07-27 08:51:31,2022-07-27 15:51:31,https://events.ubc.ca/organizer/museum-of-anthropology-moa/,Museum of Anthropology (MOA),museum-of-anthropology-moa,https://moa.ubc.ca/,events.ubc.ca?id=39697,"[""events.ubc.ca?id=39697""]",,604-827-5932,info@moa.ubc.ca
39725,publish,2022-07-26 16:43:43,2022-07-26 23:43:43,2022-10-31 09:48:56,2022-10-31 16:48:56,https://events.ubc.ca/organizer/faculty-of-forestry/,UBC Faculty of Forestry,faculty-of-forestry,,events.ubc.ca?id=39725,"[""events.ubc.ca?id=39725""]",76,,
38665,publish,2022-07-14 09:20:50,2022-07-14 16:20:50,2022-07-14 09:21:04,2022-07-14 16:21:04,https://events.ubc.ca/organizer/ubc-learning-circle/,UBC Learning Circle,ubc-learning-circle,https://learningcircle.ubc.ca/,events.ubc.ca?id=38665,"[""events.ubc.ca?id=38665""]",4,6048275454,learning.circle@ubc.ca
38529,publish,2022-07-14 09:20:23,2022-07-14 16:20:23,2025-09-04 10:40:11,2025-09-04 17:40:11,https://events.ubc.ca/organizer/chan-centre-for-the-performing-arts/,Chan Centre for the Performing Arts,chan-centre-for-the-performing-arts,https://chancentre.com/,events.ubc.ca?id=38529,"[""events.ubc.ca?id=38529""]",33,,laina.tanahara@ubc.ca
39225,publish,2022-06-14 08:57:03,2022-06-14 15:57:03,2022-07-14 08:59:31,2022-07-14 15:59:31,https://events.ubc.ca/organizer/saravyc/,Stigma and Resilience Among Vulnerable Youth Centre (SARAVYC),saravyc,saravyc.ubc.ca,events.ubc.ca?id=39225,"[""events.ubc.ca?id=39225""]",33,604 822 7498,saravyc@nursing.ubc.ca
38990,publish,2022-06-14 08:57:03,2022-06-14 15:57:03,2022-06-14 08:57:03,2022-06-14 15:57:03,https://events.ubc.ca/organizer/the-office-of-regional-and-international-community-engagement/,The Office of Regional and International Community Engagement,the-office-of-regional-and-international-community-engagement,https://orice.ubc.ca/about/contact-us/,events.ubc.ca?id=38990,"[""events.ubc.ca?id=38990""]",,604 822 5028,ubc.orice@ubc.ca
39207,publish,2022-06-10 18:15:16,2022-06-11 01:15:16,2022-07-14 09:24:12,2022-07-14 16:24:12,https://events.ubc.ca/organizer/international-relations-program/,International Relations Program,international-relations-program,,events.ubc.ca?id=39207,"[""events.ubc.ca?id=39207""]",4,,
38921,publish,2022-06-01 10:21:45,2022-06-01 17:21:45,2022-06-01 10:21:45,2022-06-01 17:21:45,https://events.ubc.ca/organizer/faculty-of-land-and-food-systems/,Faculty of Land and Food Systems,faculty-of-land-and-food-systems,https://www.landfood.ubc.ca/,events.ubc.ca?id=38921,"[""events.ubc.ca?id=38921""]",,604.822.1219,dean.landfood@ubc.ca
39077,publish,2022-05-31 09:25:35,2022-05-31 16:25:35,2022-05-31 09:25:35,2022-05-31 16:25:35,https://events.ubc.ca/organizer/w-maurice-young-centre-for-applied-ethics/,W. Maurice Young Centre for Applied Ethics,w-maurice-young-centre-for-applied-ethics,ethics.ubc.ca,events.ubc.ca?id=39077,"[""events.ubc.ca?id=39077""]",,,david.silver@ubc.ca
38709,publish,2022-05-03 09:37:58,2022-05-03 16:37:58,2024-01-25 15:28:46,2024-01-25 23:28:46,https://events.ubc.ca/organizer/stewart-blusson-quantum-matter-institute/,Stewart Blusson Quantum Matter Institute,stewart-blusson-quantum-matter-institute,http://qmi.ubc.ca,events.ubc.ca?id=38709,"[""events.ubc.ca?id=38709""]",33,604-827-3445,communications@qmi.ubc.ca
38633,publish,2022-05-03 09:37:58,2022-05-03 16:37:58,2022-05-03 09:37:58,2022-05-03 16:37:58,https://events.ubc.ca/organizer/ubc-brain-and-music-student-group/,UBC Brain and Music Student Group,ubc-brain-and-music-student-group,https://linktr.ee/UBC.BaM,events.ubc.ca?id=38633,"[""events.ubc.ca?id=38633""]",,N/A,ubc.bam@gmail.com
38630,publish,2022-05-03 09:37:58,2022-05-03 16:37:58,2022-05-03 09:37:58,2022-05-03 16:37:58,https://events.ubc.ca/organizer/school-of-information/,School of Information,school-of-information,https://ischool.ubc.ca/,events.ubc.ca?id=38630,"[""events.ubc.ca?id=38630""]",,604 822 2404,ischool.comms@ubc.ca
38770,publish,2022-04-29 13:53:07,2022-04-29 20:53:07,2022-04-29 13:53:07,2022-04-29 20:53:07,https://events.ubc.ca/organizer/ubc-therapeutics-initiative/,UBC Therapeutics Initiative,ubc-therapeutics-initiative,https://www.ti.ubc.ca/,events.ubc.ca?id=38770,"[""events.ubc.ca?id=38770""]",71,250-590-5595,events@ti.ubc.ca
38608,publish,2022-04-21 10:33:17,2022-04-21 17:33:17,2022-07-14 09:21:18,2022-07-14 16:21:18,https://events.ubc.ca/organizer/master-of-educational-technology-program/,Master of Educational Technology Program,master-of-educational-technology-program,,events.ubc.ca?id=38608,"[""events.ubc.ca?id=38608""]",4,,
38571,publish,2022-04-19 16:18:54,2022-04-19 23:18:54,2022-04-19 16:18:54,2022-04-19 23:18:54,https://events.ubc.ca/organizer/faculty-of-medicine-division-of-palliative-care/,Faculty of Medicine – Division of Palliative Care,faculty-of-medicine-division-of-palliative-care,,events.ubc.ca?id=38571,"[""events.ubc.ca?id=38571""]",33,,
38516,publish,2022-04-19 11:16:33,2022-04-19 18:16:33,2026-02-13 11:17:50,2026-02-13 19:17:50,https://events.ubc.ca/organizer/ubc-equity-inclusion-office/,UBC Equity &#038; Inclusion Office,ubc-equity-inclusion-office,https://equity.ubc.ca/,events.ubc.ca?id=38516,"[""events.ubc.ca?id=38516""]",33,604 827 1773,events@equity.ubc.ca
38500,publish,2022-04-13 22:02:49,2022-04-14 05:02:49,2026-03-25 09:56:13,2026-03-25 16:56:13,https://events.ubc.ca/organizer/celebrate-learning-week/,Celebrate Learning Week,celebrate-learning-week,https://celebratelearning.ubc.ca/.,events.ubc.ca?id=38500,"[""events.ubc.ca?id=38500""]",72,,rachel.lee@ubc.ca
38379,publish,2022-04-08 14:10:12,2022-04-08 21:10:12,2022-04-08 14:10:12,2022-04-08 21:10:12,https://events.ubc.ca/organizer/department-of-history/,Department of History,department-of-history,https://history.ubc.ca,events.ubc.ca?id=38379,"[""events.ubc.ca?id=38379""]",,,hist.comms@ubc.ca
38392,publish,2022-04-07 15:38:15,2022-04-07 22:38:15,2022-04-07 15:38:15,2022-04-07 22:38:15,https://events.ubc.ca/organizer/ubc-studios/,UBC Studios,ubc-studios,,events.ubc.ca?id=38392,"[""events.ubc.ca?id=38392""]",72,,
38296,publish,2022-03-31 15:14:58,2022-03-31 22:14:58,2022-03-31 15:14:58,2022-03-31 22:14:58,https://events.ubc.ca/organizer/ubc-food-hub-2/,UBC Food Hub,ubc-food-hub-2,,events.ubc.ca?id=38296,"[""events.ubc.ca?id=38296""]",73,,
38276,publish,2022-03-30 21:41:09,2022-03-31 04:41:09,2022-03-30 21:41:09,2022-03-31 04:41:09,https://events.ubc.ca/organizer/sustainability-hub/,Sustainability Hub,sustainability-hub,,events.ubc.ca?id=38276,"[""events.ubc.ca?id=38276""]",,,natalie.haw@ubc.ca
38282,publish,2022-03-30 16:11:35,2022-03-30 23:11:35,2022-03-30 16:11:35,2022-03-30 23:11:35,https://events.ubc.ca/organizer/tedxubc/,TEDxUBC,tedxubc,https://blogs.ubc.ca/tedxubc/,events.ubc.ca?id=38282,"[""events.ubc.ca?id=38282""]",33,,
38090,publish,2022-03-29 15:47:19,2022-03-29 22:47:19,2022-03-29 15:47:19,2022-03-29 22:47:19,https://events.ubc.ca/organizer/school-of-social-work/,School of Social Work,school-of-social-work,,events.ubc.ca?id=38090,"[""events.ubc.ca?id=38090""]",33,,
38091,publish,2022-03-29 15:46:29,2022-03-29 22:46:29,2022-03-29 15:46:29,2022-03-29 22:46:29,https://events.ubc.ca/organizer/united-nations-association-in-canada-vancouver-branch/,United Nations Association in Canada – Vancouver Branch,united-nations-association-in-canada-vancouver-branch,,events.ubc.ca?id=38091,"[""events.ubc.ca?id=38091""]",33,,
38245,publish,2022-03-29 08:58:36,2022-03-29 15:58:36,2022-03-29 08:58:36,2022-03-29 15:58:36,https://events.ubc.ca/organizer/skylight/,Skylight,skylight,https://skylight.science.ubc.ca/,events.ubc.ca?id=38245,"[""events.ubc.ca?id=38245""]",,604.822.9846,skylight@science.ubc.ca
38212,publish,2022-03-22 21:27:48,2022-03-23 04:27:48,2022-03-22 21:27:48,2022-03-23 04:27:48,https://events.ubc.ca/organizer/ubc-transformative-health-and-justice-research-cluster/,UBC Transformative Health and Justice Research Cluster,ubc-transformative-health-and-justice-research-cluster,transformhealthjustice.ubc.ca,events.ubc.ca?id=38212,"[""events.ubc.ca?id=38212""]",,N/A,samantha.young@ubc.ca
38215,publish,2022-03-22 15:57:00,2022-03-22 22:57:00,2022-03-22 15:57:00,2022-03-22 22:57:00,https://events.ubc.ca/organizer/first-nations-house-of-learning/,First Nations House of Learning,first-nations-house-of-learning,https://indigenous.ubc.ca/longhouse/fnhl/,events.ubc.ca?id=38215,"[""events.ubc.ca?id=38215""]",4,,
38148,publish,2022-03-17 17:30:10,2022-03-18 00:30:10,2022-03-17 17:30:10,2022-03-18 00:30:10,https://events.ubc.ca/organizer/ubc-science-undergraduate-society/,UBC Science Undergraduate Society,ubc-science-undergraduate-society,https://sus.ubc.ca/,events.ubc.ca?id=38148,"[""events.ubc.ca?id=38148""]",33,,
38111,publish,2022-03-16 12:30:04,2022-03-16 19:30:04,2022-03-16 12:30:04,2022-03-16 19:30:04,https://events.ubc.ca/organizer/ubc-from-the-ground-up-buddhism-and-east-asian-religions-frogbear-2/,UBC From the Ground Up: Buddhism and East Asian Religions (FROGBEAR),ubc-from-the-ground-up-buddhism-and-east-asian-religions-frogbear-2,https://frogbear.org,events.ubc.ca?id=38111,"[""events.ubc.ca?id=38111""]",,6048223188,frogbear.project@ubc.ca
38078,publish,2022-03-11 09:27:58,2022-03-11 17:27:58,2022-03-22 21:29:08,2022-03-23 04:29:08,https://events.ubc.ca/organizer/student-alumni-council/,UBC Student Alumni Council,student-alumni-council,https://alumni.ubc.ca/about/student-alumni-council/,events.ubc.ca?id=38078,"[""events.ubc.ca?id=38078""]",69,604 822 3313,alumni.ubc@ubc.ca
38067,publish,2022-03-10 09:35:25,2022-03-10 17:35:25,2022-03-10 09:35:25,2022-03-10 17:35:25,https://events.ubc.ca/organizer/faculty-of-education/,Faculty of Education,faculty-of-education,https://educ.ubc.ca/,events.ubc.ca?id=38067,"[""events.ubc.ca?id=38067""]",4,,
38063,publish,2022-03-10 09:21:03,2022-03-10 17:21:03,2022-03-10 09:21:03,2022-03-10 17:21:03,https://events.ubc.ca/organizer/centre-for-gender-and-sexual-health-equity/,Centre for Gender and Sexual Health Equity,centre-for-gender-and-sexual-health-equity,cgshe.ca,events.ubc.ca?id=38063,"[""events.ubc.ca?id=38063""]",33,(604) 682-2344 ext. 68881,comms@cgshe.ubc.ca
38058,publish,2022-03-09 11:33:31,2022-03-09 19:33:31,2022-03-09 11:33:31,2022-03-09 19:33:31,https://events.ubc.ca/organizer/beaty-biodiversity-museum-2/,Beaty Biodiversity Museum,beaty-biodiversity-museum-2,https://beatymuseum.ubc.ca/,events.ubc.ca?id=38058,"[""events.ubc.ca?id=38058""]",,6048274955,beaty.marketing@ubc.ca
38031,publish,2022-03-08 10:34:02,2022-03-08 18:34:02,2022-03-08 10:34:02,2022-03-08 18:34:02,https://events.ubc.ca/organizer/ubc-emeritus-college/,UBC Emeritus College,ubc-emeritus-college,https://emerituscollege.ubc.ca/,events.ubc.ca?id=38031,"[""events.ubc.ca?id=38031""]",,604-822-1752,communications@emerituscollege.ubc.ca
38020,publish,2022-03-07 10:13:49,2022-03-07 18:13:49,2022-07-14 09:21:43,2022-07-14 16:21:43,https://events.ubc.ca/organizer/centre-for-international-child-health/,Centre for International Child Health,centre-for-international-child-health,,events.ubc.ca?id=38020,"[""events.ubc.ca?id=38020""]",4,,cichinfo@cw.bc.ca
38005,publish,2022-03-04 12:20:49,2022-03-04 20:20:49,2022-07-14 09:23:43,2022-07-14 16:23:43,https://events.ubc.ca/organizer/graduate-program-in-science-and-technology-studies/,Graduate Program in Science and Technology Studies,graduate-program-in-science-and-technology-studies,,events.ubc.ca?id=38005,"[""events.ubc.ca?id=38005""]",4,,
37948,publish,2022-02-28 13:18:19,2022-02-28 21:18:19,2022-02-28 13:18:19,2022-02-28 21:18:19,https://events.ubc.ca/organizer/alumni-ubc/,alumni UBC,alumni-ubc,,events.ubc.ca?id=37948,"[""events.ubc.ca?id=37948""]",69,,
37922,publish,2022-02-28 13:16:22,2022-02-28 21:16:22,2022-02-28 13:16:22,2022-02-28 21:16:22,https://events.ubc.ca/organizer/ubc-community-engagement/,UBC Community Engagement,ubc-community-engagement,https://communityengagement.ubc.ca/,events.ubc.ca?id=37922,"[""events.ubc.ca?id=37922""]",,,community.engagement@ubc.ca
37939,publish,2022-02-28 13:15:53,2022-02-28 21:15:53,2022-02-28 13:15:53,2022-02-28 21:15:53,https://events.ubc.ca/organizer/department-of-asian-studies/,Department of Asian Studies,department-of-asian-studies,asia.ubc.ca,events.ubc.ca?id=37939,"[""events.ubc.ca?id=37939""]",,604 822 0019,asian.studies@ubc.ca
37925,publish,2022-02-28 10:35:35,2022-02-28 18:35:35,2022-02-28 10:35:35,2022-02-28 18:35:35,https://events.ubc.ca/organizer/ubc-library-humanities-and-social-sciences/,UBC Library Humanities and Social Sciences,ubc-library-humanities-and-social-sciences,,events.ubc.ca?id=37925,"[""events.ubc.ca?id=37925""]",76,,hssd.library@ubc.ca
37800,publish,2022-02-23 14:36:19,2022-02-23 22:36:19,2022-02-23 14:36:19,2022-02-23 22:36:19,https://events.ubc.ca/organizer/ubc-cancer-association/,UBC Cancer Association,ubc-cancer-association,https://ubcca.ca/,events.ubc.ca?id=37800,"[""events.ubc.ca?id=37800""]",,,ubcca.rfl@gmail.com
37803,publish,2022-02-23 14:35:44,2022-02-23 22:35:44,2022-02-23 14:35:44,2022-02-23 22:35:44,https://events.ubc.ca/organizer/big-organizing-committee/,BIG Organizing Committee,big-organizing-committee,https://www.bigresearchday.com/2022-organizing-committee,events.ubc.ca?id=37803,"[""events.ubc.ca?id=37803""]",,,bigresearchday.ubc@gmail.com
37742,publish,2022-02-18 10:09:48,2022-02-18 18:09:48,2022-02-18 10:09:48,2022-02-18 18:09:48,https://events.ubc.ca/organizer/ubc-health/,UBC Health,ubc-health,https://health.ubc.ca,events.ubc.ca?id=37742,"[""events.ubc.ca?id=37742""]",,7788386340,ubchealth.comms@ubc.ca
37746,publish,2022-02-17 10:10:30,2022-02-17 18:10:30,2022-02-17 10:10:30,2022-02-17 18:10:30,https://events.ubc.ca/organizer/ubc-players-club/,UBC Players Club,ubc-players-club,http://ubcplayersclub.com,events.ubc.ca?id=37746,"[""events.ubc.ca?id=37746""]",,,info@ubcplayersclub.com
37724,publish,2022-02-16 09:38:08,2022-02-16 17:38:08,2022-02-16 09:38:08,2022-02-16 17:38:08,https://events.ubc.ca/organizer/human-resources/,Human Resources,human-resources,,events.ubc.ca?id=37724,"[""events.ubc.ca?id=37724""]",33,,
37719,publish,2022-02-15 14:16:55,2022-02-15 22:16:55,2022-02-15 14:16:55,2022-02-15 22:16:55,https://events.ubc.ca/organizer/ubc-psi-chi/,Psi Chi – UBC Chapter: International Honour Society in Psychology,ubc-psi-chi,https://psichi.psych.ubc.ca/,events.ubc.ca?id=37719,"[""events.ubc.ca?id=37719""]",33,,psichi@psych.ubc.ca
37656,publish,2022-02-10 15:54:19,2022-02-10 23:54:19,2022-02-10 15:54:19,2022-02-10 23:54:19,https://events.ubc.ca/organizer/office-of-the-vice-provost-international/,Office of the Vice-Provost International,office-of-the-vice-provost-international,global.ubc.ca,events.ubc.ca?id=37656,"[""events.ubc.ca?id=37656""]",,604-827-2692,global.partnerships@ubc.ca
37630,publish,2022-02-09 15:54:42,2022-02-09 23:54:42,2022-02-09 15:54:42,2022-02-09 23:54:42,https://events.ubc.ca/organizer/centre-for-sustainable-food-systems-at-ubc-farm/,Centre for Sustainable Food Systems at UBC Farm,centre-for-sustainable-food-systems-at-ubc-farm,www.ubcfarm.ubc.ca,events.ubc.ca?id=37630,"[""events.ubc.ca?id=37630""]",,,
37620,publish,2022-02-09 15:38:19,2022-02-09 23:38:19,2022-02-09 15:38:19,2022-02-09 23:38:19,https://events.ubc.ca/organizer/centre-for-excellence-in-indigenous-health/,Centre for Excellence in Indigenous Health,centre-for-excellence-in-indigenous-health,https://health.aboriginal.ubc.ca/,events.ubc.ca?id=37620,"[""events.ubc.ca?id=37620""]",,7788838721,cynthia.lung@ubc.ca
37566,publish,2022-02-09 08:38:18,2022-02-09 16:38:18,2022-02-10 10:15:52,2022-02-10 18:15:52,https://events.ubc.ca/organizer/utownubc/,UTown@UBC,utownubc,,events.ubc.ca?id=37566,"[""events.ubc.ca?id=37566""]",4,,info.utown@ubc.ca
37554,publish,2022-02-08 16:58:03,2022-02-09 00:58:03,2022-02-08 16:58:03,2022-02-09 00:58:03,https://events.ubc.ca/organizer/school-of-nursing/,School of Nursing,school-of-nursing,nursing.ubc.ca,events.ubc.ca?id=37554,"[""events.ubc.ca?id=37554""]",,604.822.7417,communications@nursing.ubc.ca
37551,publish,2022-02-08 09:51:54,2022-02-08 17:51:54,2022-02-08 09:51:54,2022-02-08 17:51:54,https://events.ubc.ca/organizer/centre-for-culture-identity-and-education/,"Centre for Culture, Identity and Education",centre-for-culture-identity-and-education,https://ccie.educ.ubc.ca/,events.ubc.ca?id=37551,"[""events.ubc.ca?id=37551""]",4,,
37508,publish,2022-02-03 12:24:10,2022-02-03 20:24:10,2022-02-03 12:24:10,2022-02-03 20:24:10,https://events.ubc.ca/organizer/faculty-of-medicine-department-of-medicine/,Faculty of Medicine – Department of Medicine,faculty-of-medicine-department-of-medicine,https://medicine.med.ubc.ca/,events.ubc.ca?id=37508,"[""events.ubc.ca?id=37508""]",4,,
37496,publish,2022-02-02 12:33:38,2022-02-02 20:33:38,2022-02-02 12:33:38,2022-02-02 20:33:38,https://events.ubc.ca/organizer/westgrid/,WestGrid,westgrid,,events.ubc.ca?id=37496,"[""events.ubc.ca?id=37496""]",76,,
37495,publish,2022-02-02 12:30:38,2022-02-02 20:30:38,2022-02-02 12:30:38,2022-02-02 20:30:38,https://events.ubc.ca/organizer/university-of-northern-british-columbia-unbc/,University of Northern British Columbia (UNBC),university-of-northern-british-columbia-unbc,,events.ubc.ca?id=37495,"[""events.ubc.ca?id=37495""]",76,,
37493,publish,2022-02-02 12:26:40,2022-02-02 20:26:40,2022-02-02 12:26:40,2022-02-02 20:26:40,https://events.ubc.ca/organizer/x%cc%b1wi7x%cc%b1wa-library/,X̱wi7x̱wa Library,x%cc%b1wi7x%cc%b1wa-library,,events.ubc.ca?id=37493,"[""events.ubc.ca?id=37493""]",76,,
37491,publish,2022-02-02 12:21:45,2022-02-02 20:21:45,2022-02-02 12:21:45,2022-02-02 20:21:45,https://events.ubc.ca/organizer/statistics-canada/,Statistics Canada,statistics-canada,,events.ubc.ca?id=37491,"[""events.ubc.ca?id=37491""]",76,,
37490,publish,2022-02-02 12:17:52,2022-02-02 20:17:52,2022-10-31 09:48:23,2022-10-31 16:48:23,https://events.ubc.ca/organizer/simon-fraser-university-sfu/,Simon Fraser University (SFU),simon-fraser-university-sfu,,events.ubc.ca?id=37490,"[""events.ubc.ca?id=37490""]",76,,
37337,publish,2022-02-01 13:19:12,2022-02-01 21:19:12,2022-02-01 13:19:12,2022-02-01 21:19:12,https://events.ubc.ca/organizer/chapman-learning-commons-2/,Chapman Learning Commons,chapman-learning-commons-2,https://learningcommons.ubc.ca,events.ubc.ca?id=37337,"[""events.ubc.ca?id=37337""]",,6048273909,clc.assistants@ubc.ca
37417,publish,2022-01-31 16:44:40,2022-02-01 00:44:40,2022-01-31 16:44:40,2022-02-01 00:44:40,https://events.ubc.ca/organizer/ubc-women-empowerment-club/,UBC Women Empowerment Club,ubc-women-empowerment-club,www.ubcwec.com,events.ubc.ca?id=37417,"[""events.ubc.ca?id=37417""]",,,ubcwomenempowerment@gmail.com
37391,publish,2022-01-31 11:40:06,2022-01-31 19:40:06,2022-01-31 11:40:06,2022-01-31 19:40:06,https://events.ubc.ca/organizer/department-of-central-eastern-and-northern-european-studies/,"Department of Central, Eastern, and Northern European Studies",department-of-central-eastern-and-northern-european-studies,https://cenes.ubc.ca,events.ubc.ca?id=37391,"[""events.ubc.ca?id=37391""]",,604-827-3550,cenes.assist@ubc.ca
37372,publish,2022-01-27 14:51:49,2022-01-27 22:51:49,2022-01-27 14:51:49,2022-01-27 22:51:49,https://events.ubc.ca/organizer/bioproducts-institute-2/,BioProducts Institute,bioproducts-institute-2,https://bpi.ubc.ca/home,events.ubc.ca?id=37372,"[""events.ubc.ca?id=37372""]",,,contact.bpi@ubc.ca
37385,publish,2022-01-27 14:47:15,2022-01-27 22:47:15,2022-01-27 14:47:15,2022-01-27 22:47:15,https://events.ubc.ca/organizer/st-johns-college/,St. John&#8217;s College,st-johns-college,https://stjohns.ubc.ca/,events.ubc.ca?id=37385,"[""events.ubc.ca?id=37385""]",4,,
36828,publish,2022-01-27 11:17:20,2022-01-27 19:17:20,2022-01-27 11:17:20,2022-01-27 19:17:20,https://events.ubc.ca/organizer/early-development-research-group/,Early Development Research Group,early-development-research-group,https://edrg.psych.ubc.ca/,events.ubc.ca?id=36828,"[""events.ubc.ca?id=36828""]",33,,
37312,publish,2022-01-25 08:40:41,2022-01-25 16:40:41,2022-01-25 08:40:41,2022-01-25 16:40:41,https://events.ubc.ca/organizer/contract-faculty-community-of-practice/,Contract Faculty Community of Practice,contract-faculty-community-of-practice,https://ctlt.ubc.ca/programs/communities-of-practice/contract-faculty-community-of-practice-cfcop/,events.ubc.ca?id=37312,"[""events.ubc.ca?id=37312""]",72,,
37305,publish,2022-01-24 20:45:00,2022-01-25 04:45:00,2022-01-24 20:45:00,2022-01-25 04:45:00,https://events.ubc.ca/organizer/ubc-sustainability-initiative/,UBC Sustainability Initiative,ubc-sustainability-initiative,https://sustain.ubc.ca/,events.ubc.ca?id=37305,"[""events.ubc.ca?id=37305""]",4,,
37233,publish,2022-01-24 20:33:10,2022-01-25 04:33:10,2022-09-07 16:05:29,2022-09-07 23:05:29,https://events.ubc.ca/organizer/centre-for-interactive-research-on-sustainability-2/,Centre for Interactive Research on Sustainability,centre-for-interactive-research-on-sustainability-2,https://sustain.ubc.ca/events,events.ubc.ca?id=37233,"[""events.ubc.ca?id=37233""]",33,2369944447,shivasun@student.ubc.ca
37226,publish,2022-01-24 08:51:47,2022-01-24 16:51:47,2022-01-24 08:51:47,2022-01-24 16:51:47,https://events.ubc.ca/organizer/institute-for-the-oceans-and-fisheries/,Institute for the Oceans and Fisheries,institute-for-the-oceans-and-fisheries,,events.ubc.ca?id=37226,"[""events.ubc.ca?id=37226""]",,,
37266,publish,2022-01-24 08:43:22,2022-01-24 16:43:22,2022-01-24 20:47:46,2022-01-25 04:47:46,https://events.ubc.ca/organizer/interdisciplinary-histories-research-cluster/,Interdisciplinary Histories Research Cluster,interdisciplinary-histories-research-cluster,https://histories-cluster.ubc.ca,events.ubc.ca?id=37266,"[""events.ubc.ca?id=37266""]",33,,Interdisciplinary.Histories@ubc.ca
37257,publish,2022-01-21 13:55:32,2022-01-21 21:55:32,2022-01-21 13:55:32,2022-01-21 21:55:32,https://events.ubc.ca/organizer/beyond-tomorrow-scholars-program/,Beyond Tomorrow Scholars Program,beyond-tomorrow-scholars-program,https://beyondtomorrow.ubc.ca/,events.ubc.ca?id=37257,"[""events.ubc.ca?id=37257""]",69,,beyond.tomorrow@ubc.ca
37212,publish,2022-01-20 11:53:23,2022-01-20 19:53:23,2022-07-19 10:08:25,2022-07-19 17:08:25,https://events.ubc.ca/organizer/department-of-family-practice-faculty-of-medicine/,Faculty of Medicine – Department of Family Practice,department-of-family-practice-faculty-of-medicine,,events.ubc.ca?id=37212,"[""events.ubc.ca?id=37212""]",71,,
37127,publish,2022-01-18 13:03:19,2022-01-18 21:03:19,2022-01-18 13:03:19,2022-01-18 21:03:19,https://events.ubc.ca/organizer/campus-community-planning/,Campus and Community Planning,campus-community-planning,,events.ubc.ca?id=37127,"[""events.ubc.ca?id=37127""]",33,,campusvision.2050@ubc.ca
37121,publish,2022-01-17 15:59:26,2022-01-17 23:59:26,2022-01-17 15:59:26,2022-01-17 23:59:26,https://events.ubc.ca/organizer/ubc-library-research-commons/,UBC Library Research Commons,ubc-library-research-commons,https://researchcommons.library.ubc.ca/,events.ubc.ca?id=37121,"[""events.ubc.ca?id=37121""]",4,,
37113,publish,2022-01-17 11:47:36,2022-01-17 19:47:36,2022-01-24 20:52:13,2022-01-25 04:52:13,https://events.ubc.ca/organizer/teaching-and-wellbeing-cop/,Teaching and Wellbeing Community of Practice,teaching-and-wellbeing-cop,,events.ubc.ca?id=37113,"[""events.ubc.ca?id=37113""]",72,,
37090,publish,2022-01-13 13:41:59,2022-01-13 21:41:59,2022-01-13 13:41:59,2022-01-13 21:41:59,https://events.ubc.ca/organizer/centre-for-research-on-personhood-in-dementia/,Centre for Research on Personhood in Dementia,centre-for-research-on-personhood-in-dementia,www.crpid.ubc.ca,events.ubc.ca?id=37090,"[""events.ubc.ca?id=37090""]",,6048227484,alison.phinney@ubc.ca
36972,publish,2022-01-05 17:59:57,2022-01-06 01:59:57,2022-01-05 17:59:57,2022-01-06 01:59:57,https://events.ubc.ca/organizer/school-of-biomedical-engineering/,School of Biomedical Engineering,school-of-biomedical-engineering,bme.ubc.ca,events.ubc.ca?id=36972,"[""events.ubc.ca?id=36972""]",71,6048227810,events@sbme.ubc.ca
36965,publish,2022-01-05 14:35:24,2022-01-05 22:35:24,2022-01-05 14:35:24,2022-01-05 22:35:24,https://events.ubc.ca/organizer/faculty-of-arts/,Faculty of Arts,faculty-of-arts,,events.ubc.ca?id=36965,"[""events.ubc.ca?id=36965""]",69,,
36892,publish,2022-01-05 09:50:54,2022-01-05 17:50:54,2022-01-05 09:50:54,2022-01-05 17:50:54,https://events.ubc.ca/organizer/ubc-game-development/,UBC Game Development,ubc-game-development,https://www.ubcgamedev.com/,events.ubc.ca?id=36892,"[""events.ubc.ca?id=36892""]",,,ubcgamedevelopment@gmail.com
36875,publish,2022-01-05 09:28:36,2022-01-05 17:28:36,2022-09-13 15:10:20,2022-09-13 22:10:20,https://events.ubc.ca/organizer/neuroethics-canada/,Neuroethics Canada,neuroethics-canada,https://neuroethics.med.ubc.ca/,events.ubc.ca?id=36875,"[""events.ubc.ca?id=36875""]",33,604 822 7920,info.neuroethics@ubc.ca
36883,publish,2022-01-04 13:17:05,2022-01-04 21:17:05,2022-01-04 13:17:05,2022-01-04 21:17:05,https://events.ubc.ca/organizer/ubc-medical-alumni-association/,UBC Medical Alumni Association,ubc-medical-alumni-association,https://alumni.med.ubc.ca/maa/,events.ubc.ca?id=36883,"[""events.ubc.ca?id=36883""]",4,,
36882,publish,2022-01-04 13:16:34,2022-01-04 21:16:34,2022-01-04 13:16:34,2022-01-04 21:16:34,https://events.ubc.ca/organizer/faculty-of-medicine-development-alumni-engagement/,Faculty of Medicine – Development &#038; Alumni Engagement,faculty-of-medicine-development-alumni-engagement,https://alumni.med.ubc.ca/,events.ubc.ca?id=36882,"[""events.ubc.ca?id=36882""]",4,,
36792,publish,2021-12-20 10:01:44,2021-12-20 18:01:44,2021-12-20 10:01:44,2021-12-20 18:01:44,https://events.ubc.ca/organizer/human-resources-benefits/,Human Resources &#8211; Benefits,human-resources-benefits,https://hr.ubc.ca/benefits,events.ubc.ca?id=36792,"[""events.ubc.ca?id=36792""]",4,,
36651,publish,2021-12-15 23:35:46,2021-12-16 07:35:46,2021-12-15 23:35:46,2021-12-16 07:35:46,https://events.ubc.ca/organizer/ubc-connects/,UBC Connects,ubc-connects,events.ubc.ca/ubc-connects/,events.ubc.ca?id=36651,"[""events.ubc.ca?id=36651""]",4,,
36630,publish,2021-12-15 23:17:16,2021-12-16 07:17:16,2021-12-15 23:17:16,2021-12-16 07:17:16,https://events.ubc.ca/organizer/school-of-public-policy-and-global-affairs/,School of Public Policy and Global Affairs,school-of-public-policy-and-global-affairs,https://sppga.ubc.ca,events.ubc.ca?id=36630,"[""events.ubc.ca?id=36630""]",4,,
36605,publish,2021-12-15 22:43:14,2021-12-16 06:43:14,2021-12-15 22:43:14,2021-12-16 06:43:14,https://events.ubc.ca/organizer/office-of-indigenous-strategic-initiatives/,Office of Indigenous Strategic Initiatives,office-of-indigenous-strategic-initiatives,https://isp.ubc.ca/,events.ubc.ca?id=36605,"[""events.ubc.ca?id=36605""]",4,,
36583,publish,2021-12-15 21:44:23,2021-12-16 05:44:23,2021-12-15 21:44:23,2021-12-16 05:44:23,https://events.ubc.ca/organizer/department-of-psychology/,Department of Psychology,department-of-psychology,https://psych.ubc.ca/,events.ubc.ca?id=36583,"[""events.ubc.ca?id=36583""]",4,,
36581,publish,2021-12-15 21:38:55,2021-12-16 05:38:55,2021-12-15 21:38:55,2021-12-16 05:38:55,https://events.ubc.ca/organizer/extended-learning/,Extended Learning,extended-learning,https://extendedlearning.ubc.ca/,events.ubc.ca?id=36581,"[""events.ubc.ca?id=36581""]",4,604 822 1444,
36523,publish,2021-12-15 07:33:06,2021-12-15 15:33:06,2021-12-15 07:33:06,2021-12-15 15:33:06,https://events.ubc.ca/organizer/centre-for-writing-and-scholarly-communication/,Centre for Writing and Scholarly Communication,centre-for-writing-and-scholarly-communication,https://writing.library.ubc.ca/,events.ubc.ca?id=36523,"[""events.ubc.ca?id=36523""]",4,,cwsc.info@ubc.ca
36521,publish,2021-12-15 00:02:12,2021-12-15 08:02:12,2021-12-15 00:02:12,2021-12-15 08:02:12,https://events.ubc.ca/organizer/human-resources-professional-development/,Human Resources &#8211; Professional Development,human-resources-professional-development,,events.ubc.ca?id=36521,"[""events.ubc.ca?id=36521""]",4,,
36449,publish,2021-12-14 22:51:55,2021-12-15 06:51:55,2021-12-14 22:51:55,2021-12-15 06:51:55,https://events.ubc.ca/organizer/graduate-and-postdoctoral-studies/,Graduate and Postdoctoral Studies,graduate-and-postdoctoral-studies,https://www.grad.ubc.ca/,events.ubc.ca?id=36449,"[""events.ubc.ca?id=36449""]",4,,
36445,publish,2021-12-14 22:26:00,2021-12-15 06:26:00,2021-12-14 22:26:00,2021-12-15 06:26:00,https://events.ubc.ca/organizer/department-of-educational-studies/,Department of Educational Studies,department-of-educational-studies,https://edst.educ.ubc.ca/,events.ubc.ca?id=36445,"[""events.ubc.ca?id=36445""]",4,604 822 5374,edst.educ@ubc.ca
36442,publish,2021-12-14 22:21:53,2021-12-15 06:21:53,2021-12-14 22:21:53,2021-12-15 06:21:53,https://events.ubc.ca/organizer/ubc-library/,UBC Library,ubc-library,https://www.library.ubc.ca/,events.ubc.ca?id=36442,"[""events.ubc.ca?id=36442""]",33,604-822-6375,
36405,publish,2021-12-13 23:09:23,2021-12-14 07:09:23,2021-12-13 23:09:23,2021-12-14 07:09:23,https://events.ubc.ca/organizer/workplace-health-and-wellbeing-ubco/,Workplace Health and Wellbeing UBCO,workplace-health-and-wellbeing-ubco,https://hr.ok.ubc.ca/health-wellbeing-2/,events.ubc.ca?id=36405,"[""events.ubc.ca?id=36405""]",33,250 807 9839,ubco.hr@ubc.ca
36401,publish,2021-12-13 22:47:30,2021-12-14 06:47:30,2021-12-13 22:47:30,2021-12-14 06:47:30,https://events.ubc.ca/organizer/womens-health-research-cluster/,Women&#8217;s Health Research Cluster,womens-health-research-cluster,https://womenshealthresearch.ubc.ca/,events.ubc.ca?id=36401,"[""events.ubc.ca?id=36401""]",33,,womenshealth.events@ubc.ca
36399,publish,2021-12-13 22:39:02,2021-12-14 06:39:02,2021-12-13 22:39:02,2021-12-14 06:39:02,https://events.ubc.ca/organizer/ubc-employee-and-family-assistance-program/,UBC Employee and Family Assistance Program,ubc-employee-and-family-assistance-program,https://hr.ubc.ca/benefits/benefit-plan-details/employee-family-assistance-program,events.ubc.ca?id=36399,"[""events.ubc.ca?id=36399""]",33,,
36381,publish,2021-12-11 14:23:02,2021-12-11 22:23:02,2021-12-11 14:23:02,2021-12-11 22:23:02,https://events.ubc.ca/organizer/faculty-of-medicine/,Faculty of Medicine,faculty-of-medicine,https://www.med.ubc.ca/,events.ubc.ca?id=36381,"[""events.ubc.ca?id=36381""]",4,,
36377,publish,2021-12-10 19:58:55,2021-12-11 03:58:55,2021-12-10 19:58:55,2021-12-11 03:58:55,https://events.ubc.ca/organizer/school-of-music/,School of Music,school-of-music,https://music.ubc.ca/,events.ubc.ca?id=36377,"[""events.ubc.ca?id=36377""]",4,,
36345,publish,2021-12-10 12:24:12,2021-12-10 20:24:12,2021-12-10 12:24:12,2021-12-10 20:24:12,https://events.ubc.ca/organizer/faculty-of-applied-science/,Faculty of Applied Science,faculty-of-applied-science,https://apsc.ubc.ca/,events.ubc.ca?id=36345,"[""events.ubc.ca?id=36345""]",33,(604) 822 6413,info@apsc.ubc.ca
36343,publish,2021-12-10 12:23:17,2021-12-10 20:23:17,2021-12-10 12:23:17,2021-12-10 20:23:17,https://events.ubc.ca/organizer/centre-for-teaching-learning-and-technology/,"Centre for Teaching, Learning and Technology",centre-for-teaching-learning-and-technology,https://ctlt.ubc.ca/,events.ubc.ca?id=36343,"[""events.ubc.ca?id=36343""]",4,,ctlt.info@ubc.ca
36324,publish,2021-12-10 12:00:23,2021-12-10 20:00:23,2021-12-10 12:00:23,2021-12-10 20:00:23,https://events.ubc.ca/organizer/ubc-botanical-garden/,UBC Botanical Garden,ubc-botanical-garden,https://botanicalgarden.ubc.ca/,events.ubc.ca?id=36324,"[""events.ubc.ca?id=36324""]",4,,
36320,publish,2021-12-10 11:38:54,2021-12-10 19:38:54,2021-12-10 11:38:54,2021-12-10 19:38:54,https://events.ubc.ca/organizer/life-sciences-institute/,Life Sciences Institute,life-sciences-institute,,events.ubc.ca?id=36320,"[""events.ubc.ca?id=36320""]",4,,
36319,publish,2021-12-10 11:38:42,2021-12-10 19:38:42,2021-12-10 11:38:42,2021-12-10 19:38:42,https://events.ubc.ca/organizer/department-of-psychiatry/,Department of Psychiatry,department-of-psychiatry,,events.ubc.ca?id=36319,"[""events.ubc.ca?id=36319""]",4,,
36318,publish,2021-12-10 11:38:34,2021-12-10 19:38:34,2021-12-10 11:38:34,2021-12-10 19:38:34,https://events.ubc.ca/organizer/therapeutics-initiative/,Therapeutics Initiative,therapeutics-initiative,,events.ubc.ca?id=36318,"[""events.ubc.ca?id=36318""]",4,,
36317,publish,2021-12-10 11:38:24,2021-12-10 19:38:24,2021-12-10 11:38:24,2021-12-10 19:38:24,https://events.ubc.ca/organizer/centre-for-blood-research/,Centre for Blood Research,centre-for-blood-research,,events.ubc.ca?id=36317,"[""events.ubc.ca?id=36317""]",4,,
36316,publish,2021-12-10 11:38:15,2021-12-10 19:38:15,2021-12-10 11:38:15,2021-12-10 19:38:15,https://events.ubc.ca/organizer/department-of-pediatrics/,Department of Pediatrics,department-of-pediatrics,,events.ubc.ca?id=36316,"[""events.ubc.ca?id=36316""]",4,,
36314,publish,2021-12-10 11:38:01,2021-12-10 19:38:01,2022-01-18 10:29:40,2022-01-18 18:29:40,https://events.ubc.ca/organizer/continuing-professional-development/,Faculty of Medicine &#8211; Continuing Professional Development,continuing-professional-development,https://ubccpd.ca/,events.ubc.ca?id=36314,"[""events.ubc.ca?id=36314""]",4,,
36313,publish,2021-12-10 11:37:00,2021-12-10 19:37:00,2021-12-10 11:37:00,2021-12-10 19:37:00,https://events.ubc.ca/organizer/school-of-population-and-public-health/,School of Population and Public Health,school-of-population-and-public-health,https://www.spph.ubc.ca/,events.ubc.ca?id=36313,"[""events.ubc.ca?id=36313""]",4,,
36306,publish,2021-12-10 11:31:14,2021-12-10 19:31:14,2021-12-10 11:31:14,2021-12-10 19:31:14,https://events.ubc.ca/organizer/student-health-services/,Student Health Services,student-health-services,https://students.ubc.ca/health/student-health-service,events.ubc.ca?id=36306,"[""events.ubc.ca?id=36306""]",4,,
36305,publish,2021-12-10 11:30:57,2021-12-10 19:30:57,2021-12-10 11:30:57,2021-12-10 19:30:57,https://events.ubc.ca/organizer/counselling-services/,Counselling Services,counselling-services,https://students.ubc.ca/health/counselling-services,events.ubc.ca?id=36305,"[""events.ubc.ca?id=36305""]",4,,
36304,publish,2021-12-10 11:30:39,2021-12-10 19:30:39,2021-12-10 11:30:39,2021-12-10 19:30:39,https://events.ubc.ca/organizer/global-lounge/,Global Lounge,global-lounge,,events.ubc.ca?id=36304,"[""events.ubc.ca?id=36304""]",4,,
36303,publish,2021-12-10 11:30:12,2021-12-10 19:30:12,2021-12-10 11:30:12,2021-12-10 19:30:12,https://events.ubc.ca/organizer/international-student-advising/,International Student Advising,international-student-advising,https://students.ubc.ca/about-student-services/international-student-advising,events.ubc.ca?id=36303,"[""events.ubc.ca?id=36303""]",4,,
36302,publish,2021-12-10 11:22:07,2021-12-10 19:22:07,2021-12-10 11:22:07,2021-12-10 19:22:07,https://events.ubc.ca/organizer/enrolment-services/,Enrolment Services,enrolment-services,https://students.ubc.ca/about-student-services/enrolment-services-advisors,events.ubc.ca?id=36302,"[""events.ubc.ca?id=36302""]",4,,
36301,publish,2021-12-10 11:21:47,2021-12-10 19:21:47,2021-12-10 11:21:47,2021-12-10 19:21:47,https://events.ubc.ca/organizer/centre-for-community-engaged-learning/,Centre for Community Engaged Learning,centre-for-community-engaged-learning,https://ccel.ubc.ca/,events.ubc.ca?id=36301,"[""events.ubc.ca?id=36301""]",4,,
36300,publish,2021-12-10 11:21:22,2021-12-10 19:21:22,2022-08-19 13:57:03,2022-08-19 20:57:03,https://events.ubc.ca/organizer/go-global/,Go Global,go-global,https://global.ubc.ca/go-global,events.ubc.ca?id=36300,"[""events.ubc.ca?id=36300""]",4,,
36299,publish,2021-12-10 11:21:02,2021-12-10 19:21:02,2021-12-10 11:21:02,2021-12-10 19:21:02,https://events.ubc.ca/organizer/ubc-student-recovery-community/,UBC Student Recovery Community,ubc-student-recovery-community,https://students.ubc.ca/health/ubc-student-recovery-community,events.ubc.ca?id=36299,"[""events.ubc.ca?id=36299""]",4,,
36297,publish,2021-12-10 10:51:17,2021-12-10 18:51:17,2021-12-10 10:51:17,2021-12-10 18:51:17,https://events.ubc.ca/organizer/wellness-centre/,Wellness Centre,wellness-centre,https://students.ubc.ca/health/wellness-centre,events.ubc.ca?id=36297,"[""events.ubc.ca?id=36297""]",4,,
36296,publish,2021-12-10 09:29:21,2021-12-10 17:29:21,2023-02-03 13:28:02,2023-02-03 21:28:02,https://events.ubc.ca/organizer/ubc-career-centre/,UBC Career Centre,ubc-career-centre,https://students.ubc.ca/about-student-services/ubc-career-centre,events.ubc.ca?id=36296,"[""events.ubc.ca?id=36296""]",4,604-822-4011,career.centre@ubc.ca
