id,count,description,name,slug,taxonomy,meta,yoast_head,yoast_head_json,url,urls
367,6,,2SLGBTQIA+,2slgbtqia,post_tag,[],"<!-- This site is optimized with the Yoast SEO plugin v28.2 - https://yoast.com/product/yoast-seo-wordpress/ -->
<title>2SLGBTQIA+ Archives - UBCevents</title>
<meta name=""robots"" content=""index, follow, max-snippet:-1, max-image-preview:large, max-video-preview:-1"" />
<link rel=""canonical"" href=""https://events.ubc.ca/tag/2slgbtqia/"" />
<meta property=""og:locale"" content=""en_US"" />
<meta property=""og:type"" content=""article"" />
<meta property=""og:title"" content=""2SLGBTQIA+ Archives - UBCevents"" />
<meta property=""og:url"" content=""https://events.ubc.ca/tag/2slgbtqia/"" />
<meta property=""og:site_name"" content=""UBCevents"" />
<meta name=""twitter:card"" content=""summary_large_image"" />
<meta name=""twitter:site"" content=""@ubcevents"" />
<script type=""application/ld+json"" class=""yoast-schema-graph"">{""@context"":""https:\/\/schema.org"",""@graph"":[{""@type"":""CollectionPage"",""@id"":""https:\/\/events.ubc.ca\/tag\/2slgbtqia\/"",""url"":""https:\/\/events.ubc.ca\/tag\/2slgbtqia\/"",""name"":""2SLGBTQIA+ Archives - UBCevents"",""isPartOf"":{""@id"":""https:\/\/events.ubc.ca\/#website""},""breadcrumb"":{""@id"":""https:\/\/events.ubc.ca\/tag\/2slgbtqia\/#breadcrumb""},""inLanguage"":""en-US""},{""@type"":""BreadcrumbList"",""@id"":""https:\/\/events.ubc.ca\/tag\/2slgbtqia\/#breadcrumb"",""itemListElement"":[{""@type"":""ListItem"",""position"":1,""name"":""Home"",""item"":""https:\/\/events.ubc.ca\/""},{""@type"":""ListItem"",""position"":2,""name"":""2SLGBTQIA+""}]},{""@type"":""WebSite"",""@id"":""https:\/\/events.ubc.ca\/#website"",""url"":""https:\/\/events.ubc.ca\/"",""name"":""UBC Events"",""description"":"""",""publisher"":{""@id"":""https:\/\/events.ubc.ca\/#organization""},""potentialAction"":[{""@type"":""SearchAction"",""target"":{""@type"":""EntryPoint"",""urlTemplate"":""https:\/\/events.ubc.ca\/?s={search_term_string}""},""query-input"":{""@type"":""PropertyValueSpecification"",""valueRequired"":true,""valueName"":""search_term_string""}}],""inLanguage"":""en-US""},{""@type"":""Organization"",""@id"":""https:\/\/events.ubc.ca\/#organization"",""name"":""UBC events"",""url"":""https:\/\/events.ubc.ca\/"",""logo"":{""@type"":""ImageObject"",""inLanguage"":""en-US"",""@id"":""https:\/\/events.ubc.ca\/#\/schema\/logo\/image\/"",""url"":""https:\/\/events.ubc.ca\/wp-content\/uploads\/2023\/11\/ubc-logo-2018-crest-blue-rgb72.jpg"",""contentUrl"":""https:\/\/events.ubc.ca\/wp-content\/uploads\/2023\/11\/ubc-logo-2018-crest-blue-rgb72.jpg"",""width"":99,""height"":135,""caption"":""UBC events""},""image"":{""@id"":""https:\/\/events.ubc.ca\/#\/schema\/logo\/image\/""},""sameAs"":[""https:\/\/www.facebook.com\/universityofbc\/"",""https:\/\/x.com\/ubcevents"",""https:\/\/www.youtube.com\/user\/UBC#g\/c\/94CEF848B9790AE4""]}]}</script>
<!-- / Yoast SEO plugin. -->","{""title"": ""2SLGBTQIA+ Archives - UBCevents"", ""robots"": {""index"": ""index"", ""follow"": ""follow"", ""max-snippet"": ""max-snippet:-1"", ""max-image-preview"": ""max-image-preview:large"", ""max-video-preview"": ""max-video-preview:-1""}, ""canonical"": ""https://events.ubc.ca/tag/2slgbtqia/"", ""og_locale"": ""en_US"", ""og_type"": ""article"", ""og_title"": ""2SLGBTQIA+ Archives - UBCevents"", ""og_url"": ""https://events.ubc.ca/tag/2slgbtqia/"", ""og_site_name"": ""UBCevents"", ""twitter_card"": ""summary_large_image"", ""twitter_site"": ""@ubcevents"", ""schema"": {""@context"": ""https://schema.org"", ""@graph"": [{""@type"": ""CollectionPage"", ""@id"": ""https://events.ubc.ca/tag/2slgbtqia/"", ""url"": ""https://events.ubc.ca/tag/2slgbtqia/"", ""name"": ""2SLGBTQIA+ Archives - UBCevents"", ""isPartOf"": {""@id"": ""https://events.ubc.ca/#website""}, ""breadcrumb"": {""@id"": ""https://events.ubc.ca/tag/2slgbtqia/#breadcrumb""}, ""inLanguage"": ""en-US""}, {""@type"": ""BreadcrumbList"", ""@id"": ""https://events.ubc.ca/tag/2slgbtqia/#breadcrumb"", ""itemListElement"": [{""@type"": ""ListItem"", ""position"": 1, ""name"": ""Home"", ""item"": ""https://events.ubc.ca/""}, {""@type"": ""ListItem"", ""position"": 2, ""name"": ""2SLGBTQIA+""}]}, {""@type"": ""WebSite"", ""@id"": ""https://events.ubc.ca/#website"", ""url"": ""https://events.ubc.ca/"", ""name"": ""UBC Events"", ""description"": """", ""publisher"": {""@id"": ""https://events.ubc.ca/#organization""}, ""potentialAction"": [{""@type"": ""SearchAction"", ""target"": {""@type"": ""EntryPoint"", ""urlTemplate"": ""https://events.ubc.ca/?s={search_term_string}""}, ""query-input"": {""@type"": ""PropertyValueSpecification"", ""valueRequired"": true, ""valueName"": ""search_term_string""}}], ""inLanguage"": ""en-US""}, {""@type"": ""Organization"", ""@id"": ""https://events.ubc.ca/#organization"", ""name"": ""UBC events"", ""url"": ""https://events.ubc.ca/"", ""logo"": {""@type"": ""ImageObject"", ""inLanguage"": ""en-US"", ""@id"": ""https://events.ubc.ca/#/schema/logo/image/"", ""url"": ""https://events.ubc.ca/wp-content/uploads/2023/11/ubc-logo-2018-crest-blue-rgb72.jpg"", ""contentUrl"": ""https://events.ubc.ca/wp-content/uploads/2023/11/ubc-logo-2018-crest-blue-rgb72.jpg"", ""width"": 99, ""height"": 135, ""caption"": ""UBC events""}, ""image"": {""@id"": ""https://events.ubc.ca/#/schema/logo/image/""}, ""sameAs"": [""https://www.facebook.com/universityofbc/"", ""https://x.com/ubcevents"", ""https://www.youtube.com/user/UBC#g/c/94CEF848B9790AE4""]}]}}",https://events.ubc.ca/tag/2slgbtqia/,"{""self"": ""https://events.ubc.ca/wp-json/tribe/events/v1/tags/367"", ""collection"": ""https://events.ubc.ca/wp-json/tribe/events/v1/tags""}"
184,299,,arts,arts,post_tag,[],"<!-- This site is optimized with the Yoast SEO plugin v28.2 - https://yoast.com/product/yoast-seo-wordpress/ -->
<title>arts Archives - UBCevents</title>
<meta name=""robots"" content=""index, follow, max-snippet:-1, max-image-preview:large, max-video-preview:-1"" />
<link rel=""canonical"" href=""https://events.ubc.ca/tag/arts/"" />
<meta property=""og:locale"" content=""en_US"" />
<meta property=""og:type"" content=""article"" />
<meta property=""og:title"" content=""arts Archives - UBCevents"" />
<meta property=""og:url"" content=""https://events.ubc.ca/tag/arts/"" />
<meta property=""og:site_name"" content=""UBCevents"" />
<meta name=""twitter:card"" content=""summary_large_image"" />
<meta name=""twitter:site"" content=""@ubcevents"" />
<script type=""application/ld+json"" class=""yoast-schema-graph"">{""@context"":""https:\/\/schema.org"",""@graph"":[{""@type"":""CollectionPage"",""@id"":""https:\/\/events.ubc.ca\/tag\/arts\/"",""url"":""https:\/\/events.ubc.ca\/tag\/arts\/"",""name"":""arts Archives - UBCevents"",""isPartOf"":{""@id"":""https:\/\/events.ubc.ca\/#website""},""breadcrumb"":{""@id"":""https:\/\/events.ubc.ca\/tag\/arts\/#breadcrumb""},""inLanguage"":""en-US""},{""@type"":""BreadcrumbList"",""@id"":""https:\/\/events.ubc.ca\/tag\/arts\/#breadcrumb"",""itemListElement"":[{""@type"":""ListItem"",""position"":1,""name"":""Home"",""item"":""https:\/\/events.ubc.ca\/""},{""@type"":""ListItem"",""position"":2,""name"":""arts""}]},{""@type"":""WebSite"",""@id"":""https:\/\/events.ubc.ca\/#website"",""url"":""https:\/\/events.ubc.ca\/"",""name"":""UBC Events"",""description"":"""",""publisher"":{""@id"":""https:\/\/events.ubc.ca\/#organization""},""potentialAction"":[{""@type"":""SearchAction"",""target"":{""@type"":""EntryPoint"",""urlTemplate"":""https:\/\/events.ubc.ca\/?s={search_term_string}""},""query-input"":{""@type"":""PropertyValueSpecification"",""valueRequired"":true,""valueName"":""search_term_string""}}],""inLanguage"":""en-US""},{""@type"":""Organization"",""@id"":""https:\/\/events.ubc.ca\/#organization"",""name"":""UBC events"",""url"":""https:\/\/events.ubc.ca\/"",""logo"":{""@type"":""ImageObject"",""inLanguage"":""en-US"",""@id"":""https:\/\/events.ubc.ca\/#\/schema\/logo\/image\/"",""url"":""https:\/\/events.ubc.ca\/wp-content\/uploads\/2023\/11\/ubc-logo-2018-crest-blue-rgb72.jpg"",""contentUrl"":""https:\/\/events.ubc.ca\/wp-content\/uploads\/2023\/11\/ubc-logo-2018-crest-blue-rgb72.jpg"",""width"":99,""height"":135,""caption"":""UBC events""},""image"":{""@id"":""https:\/\/events.ubc.ca\/#\/schema\/logo\/image\/""},""sameAs"":[""https:\/\/www.facebook.com\/universityofbc\/"",""https:\/\/x.com\/ubcevents"",""https:\/\/www.youtube.com\/user\/UBC#g\/c\/94CEF848B9790AE4""]}]}</script>
<!-- / Yoast SEO plugin. -->","{""title"": ""arts Archives - UBCevents"", ""robots"": {""index"": ""index"", ""follow"": ""follow"", ""max-snippet"": ""max-snippet:-1"", ""max-image-preview"": ""max-image-preview:large"", ""max-video-preview"": ""max-video-preview:-1""}, ""canonical"": ""https://events.ubc.ca/tag/arts/"", ""og_locale"": ""en_US"", ""og_type"": ""article"", ""og_title"": ""arts Archives - UBCevents"", ""og_url"": ""https://events.ubc.ca/tag/arts/"", ""og_site_name"": ""UBCevents"", ""twitter_card"": ""summary_large_image"", ""twitter_site"": ""@ubcevents"", ""schema"": {""@context"": ""https://schema.org"", ""@graph"": [{""@type"": ""CollectionPage"", ""@id"": ""https://events.ubc.ca/tag/arts/"", ""url"": ""https://events.ubc.ca/tag/arts/"", ""name"": ""arts Archives - UBCevents"", ""isPartOf"": {""@id"": ""https://events.ubc.ca/#website""}, ""breadcrumb"": {""@id"": ""https://events.ubc.ca/tag/arts/#breadcrumb""}, ""inLanguage"": ""en-US""}, {""@type"": ""BreadcrumbList"", ""@id"": ""https://events.ubc.ca/tag/arts/#breadcrumb"", ""itemListElement"": [{""@type"": ""ListItem"", ""position"": 1, ""name"": ""Home"", ""item"": ""https://events.ubc.ca/""}, {""@type"": ""ListItem"", ""position"": 2, ""name"": ""arts""}]}, {""@type"": ""WebSite"", ""@id"": ""https://events.ubc.ca/#website"", ""url"": ""https://events.ubc.ca/"", ""name"": ""UBC Events"", ""description"": """", ""publisher"": {""@id"": ""https://events.ubc.ca/#organization""}, ""potentialAction"": [{""@type"": ""SearchAction"", ""target"": {""@type"": ""EntryPoint"", ""urlTemplate"": ""https://events.ubc.ca/?s={search_term_string}""}, ""query-input"": {""@type"": ""PropertyValueSpecification"", ""valueRequired"": true, ""valueName"": ""search_term_string""}}], ""inLanguage"": ""en-US""}, {""@type"": ""Organization"", ""@id"": ""https://events.ubc.ca/#organization"", ""name"": ""UBC events"", ""url"": ""https://events.ubc.ca/"", ""logo"": {""@type"": ""ImageObject"", ""inLanguage"": ""en-US"", ""@id"": ""https://events.ubc.ca/#/schema/logo/image/"", ""url"": ""https://events.ubc.ca/wp-content/uploads/2023/11/ubc-logo-2018-crest-blue-rgb72.jpg"", ""contentUrl"": ""https://events.ubc.ca/wp-content/uploads/2023/11/ubc-logo-2018-crest-blue-rgb72.jpg"", ""width"": 99, ""height"": 135, ""caption"": ""UBC events""}, ""image"": {""@id"": ""https://events.ubc.ca/#/schema/logo/image/""}, ""sameAs"": [""https://www.facebook.com/universityofbc/"", ""https://x.com/ubcevents"", ""https://www.youtube.com/user/UBC#g/c/94CEF848B9790AE4""]}]}}",https://events.ubc.ca/tag/arts/,"{""self"": ""https://events.ubc.ca/wp-json/tribe/events/v1/tags/184"", ""collection"": ""https://events.ubc.ca/wp-json/tribe/events/v1/tags""}"
333,75,,biodiversity,biodiversity,post_tag,[],"<!-- This site is optimized with the Yoast SEO plugin v28.2 - https://yoast.com/product/yoast-seo-wordpress/ -->
<title>biodiversity Archives - UBCevents</title>
<meta name=""robots"" content=""index, follow, max-snippet:-1, max-image-preview:large, max-video-preview:-1"" />
<link rel=""canonical"" href=""https://events.ubc.ca/tag/biodiversity/"" />
<meta property=""og:locale"" content=""en_US"" />
<meta property=""og:type"" content=""article"" />
<meta property=""og:title"" content=""biodiversity Archives - UBCevents"" />
<meta property=""og:url"" content=""https://events.ubc.ca/tag/biodiversity/"" />
<meta property=""og:site_name"" content=""UBCevents"" />
<meta name=""twitter:card"" content=""summary_large_image"" />
<meta name=""twitter:site"" content=""@ubcevents"" />
<script type=""application/ld+json"" class=""yoast-schema-graph"">{""@context"":""https:\/\/schema.org"",""@graph"":[{""@type"":""CollectionPage"",""@id"":""https:\/\/events.ubc.ca\/tag\/biodiversity\/"",""url"":""https:\/\/events.ubc.ca\/tag\/biodiversity\/"",""name"":""biodiversity Archives - UBCevents"",""isPartOf"":{""@id"":""https:\/\/events.ubc.ca\/#website""},""breadcrumb"":{""@id"":""https:\/\/events.ubc.ca\/tag\/biodiversity\/#breadcrumb""},""inLanguage"":""en-US""},{""@type"":""BreadcrumbList"",""@id"":""https:\/\/events.ubc.ca\/tag\/biodiversity\/#breadcrumb"",""itemListElement"":[{""@type"":""ListItem"",""position"":1,""name"":""Home"",""item"":""https:\/\/events.ubc.ca\/""},{""@type"":""ListItem"",""position"":2,""name"":""biodiversity""}]},{""@type"":""WebSite"",""@id"":""https:\/\/events.ubc.ca\/#website"",""url"":""https:\/\/events.ubc.ca\/"",""name"":""UBC Events"",""description"":"""",""publisher"":{""@id"":""https:\/\/events.ubc.ca\/#organization""},""potentialAction"":[{""@type"":""SearchAction"",""target"":{""@type"":""EntryPoint"",""urlTemplate"":""https:\/\/events.ubc.ca\/?s={search_term_string}""},""query-input"":{""@type"":""PropertyValueSpecification"",""valueRequired"":true,""valueName"":""search_term_string""}}],""inLanguage"":""en-US""},{""@type"":""Organization"",""@id"":""https:\/\/events.ubc.ca\/#organization"",""name"":""UBC events"",""url"":""https:\/\/events.ubc.ca\/"",""logo"":{""@type"":""ImageObject"",""inLanguage"":""en-US"",""@id"":""https:\/\/events.ubc.ca\/#\/schema\/logo\/image\/"",""url"":""https:\/\/events.ubc.ca\/wp-content\/uploads\/2023\/11\/ubc-logo-2018-crest-blue-rgb72.jpg"",""contentUrl"":""https:\/\/events.ubc.ca\/wp-content\/uploads\/2023\/11\/ubc-logo-2018-crest-blue-rgb72.jpg"",""width"":99,""height"":135,""caption"":""UBC events""},""image"":{""@id"":""https:\/\/events.ubc.ca\/#\/schema\/logo\/image\/""},""sameAs"":[""https:\/\/www.facebook.com\/universityofbc\/"",""https:\/\/x.com\/ubcevents"",""https:\/\/www.youtube.com\/user\/UBC#g\/c\/94CEF848B9790AE4""]}]}</script>
<!-- / Yoast SEO plugin. -->","{""title"": ""biodiversity Archives - UBCevents"", ""robots"": {""index"": ""index"", ""follow"": ""follow"", ""max-snippet"": ""max-snippet:-1"", ""max-image-preview"": ""max-image-preview:large"", ""max-video-preview"": ""max-video-preview:-1""}, ""canonical"": ""https://events.ubc.ca/tag/biodiversity/"", ""og_locale"": ""en_US"", ""og_type"": ""article"", ""og_title"": ""biodiversity Archives - UBCevents"", ""og_url"": ""https://events.ubc.ca/tag/biodiversity/"", ""og_site_name"": ""UBCevents"", ""twitter_card"": ""summary_large_image"", ""twitter_site"": ""@ubcevents"", ""schema"": {""@context"": ""https://schema.org"", ""@graph"": [{""@type"": ""CollectionPage"", ""@id"": ""https://events.ubc.ca/tag/biodiversity/"", ""url"": ""https://events.ubc.ca/tag/biodiversity/"", ""name"": ""biodiversity Archives - UBCevents"", ""isPartOf"": {""@id"": ""https://events.ubc.ca/#website""}, ""breadcrumb"": {""@id"": ""https://events.ubc.ca/tag/biodiversity/#breadcrumb""}, ""inLanguage"": ""en-US""}, {""@type"": ""BreadcrumbList"", ""@id"": ""https://events.ubc.ca/tag/biodiversity/#breadcrumb"", ""itemListElement"": [{""@type"": ""ListItem"", ""position"": 1, ""name"": ""Home"", ""item"": ""https://events.ubc.ca/""}, {""@type"": ""ListItem"", ""position"": 2, ""name"": ""biodiversity""}]}, {""@type"": ""WebSite"", ""@id"": ""https://events.ubc.ca/#website"", ""url"": ""https://events.ubc.ca/"", ""name"": ""UBC Events"", ""description"": """", ""publisher"": {""@id"": ""https://events.ubc.ca/#organization""}, ""potentialAction"": [{""@type"": ""SearchAction"", ""target"": {""@type"": ""EntryPoint"", ""urlTemplate"": ""https://events.ubc.ca/?s={search_term_string}""}, ""query-input"": {""@type"": ""PropertyValueSpecification"", ""valueRequired"": true, ""valueName"": ""search_term_string""}}], ""inLanguage"": ""en-US""}, {""@type"": ""Organization"", ""@id"": ""https://events.ubc.ca/#organization"", ""name"": ""UBC events"", ""url"": ""https://events.ubc.ca/"", ""logo"": {""@type"": ""ImageObject"", ""inLanguage"": ""en-US"", ""@id"": ""https://events.ubc.ca/#/schema/logo/image/"", ""url"": ""https://events.ubc.ca/wp-content/uploads/2023/11/ubc-logo-2018-crest-blue-rgb72.jpg"", ""contentUrl"": ""https://events.ubc.ca/wp-content/uploads/2023/11/ubc-logo-2018-crest-blue-rgb72.jpg"", ""width"": 99, ""height"": 135, ""caption"": ""UBC events""}, ""image"": {""@id"": ""https://events.ubc.ca/#/schema/logo/image/""}, ""sameAs"": [""https://www.facebook.com/universityofbc/"", ""https://x.com/ubcevents"", ""https://www.youtube.com/user/UBC#g/c/94CEF848B9790AE4""]}]}}",https://events.ubc.ca/tag/biodiversity/,"{""self"": ""https://events.ubc.ca/wp-json/tribe/events/v1/tags/333"", ""collection"": ""https://events.ubc.ca/wp-json/tribe/events/v1/tags""}"
355,42,,climate change,climate-change,post_tag,[],"<!-- This site is optimized with the Yoast SEO plugin v28.2 - https://yoast.com/product/yoast-seo-wordpress/ -->
<title>climate change Archives - UBCevents</title>
<meta name=""robots"" content=""index, follow, max-snippet:-1, max-image-preview:large, max-video-preview:-1"" />
<link rel=""canonical"" href=""https://events.ubc.ca/tag/climate-change/"" />
<meta property=""og:locale"" content=""en_US"" />
<meta property=""og:type"" content=""article"" />
<meta property=""og:title"" content=""climate change Archives - UBCevents"" />
<meta property=""og:url"" content=""https://events.ubc.ca/tag/climate-change/"" />
<meta property=""og:site_name"" content=""UBCevents"" />
<meta name=""twitter:card"" content=""summary_large_image"" />
<meta name=""twitter:site"" content=""@ubcevents"" />
<script type=""application/ld+json"" class=""yoast-schema-graph"">{""@context"":""https:\/\/schema.org"",""@graph"":[{""@type"":""CollectionPage"",""@id"":""https:\/\/events.ubc.ca\/tag\/climate-change\/"",""url"":""https:\/\/events.ubc.ca\/tag\/climate-change\/"",""name"":""climate change Archives - UBCevents"",""isPartOf"":{""@id"":""https:\/\/events.ubc.ca\/#website""},""breadcrumb"":{""@id"":""https:\/\/events.ubc.ca\/tag\/climate-change\/#breadcrumb""},""inLanguage"":""en-US""},{""@type"":""BreadcrumbList"",""@id"":""https:\/\/events.ubc.ca\/tag\/climate-change\/#breadcrumb"",""itemListElement"":[{""@type"":""ListItem"",""position"":1,""name"":""Home"",""item"":""https:\/\/events.ubc.ca\/""},{""@type"":""ListItem"",""position"":2,""name"":""climate change""}]},{""@type"":""WebSite"",""@id"":""https:\/\/events.ubc.ca\/#website"",""url"":""https:\/\/events.ubc.ca\/"",""name"":""UBC Events"",""description"":"""",""publisher"":{""@id"":""https:\/\/events.ubc.ca\/#organization""},""potentialAction"":[{""@type"":""SearchAction"",""target"":{""@type"":""EntryPoint"",""urlTemplate"":""https:\/\/events.ubc.ca\/?s={search_term_string}""},""query-input"":{""@type"":""PropertyValueSpecification"",""valueRequired"":true,""valueName"":""search_term_string""}}],""inLanguage"":""en-US""},{""@type"":""Organization"",""@id"":""https:\/\/events.ubc.ca\/#organization"",""name"":""UBC events"",""url"":""https:\/\/events.ubc.ca\/"",""logo"":{""@type"":""ImageObject"",""inLanguage"":""en-US"",""@id"":""https:\/\/events.ubc.ca\/#\/schema\/logo\/image\/"",""url"":""https:\/\/events.ubc.ca\/wp-content\/uploads\/2023\/11\/ubc-logo-2018-crest-blue-rgb72.jpg"",""contentUrl"":""https:\/\/events.ubc.ca\/wp-content\/uploads\/2023\/11\/ubc-logo-2018-crest-blue-rgb72.jpg"",""width"":99,""height"":135,""caption"":""UBC events""},""image"":{""@id"":""https:\/\/events.ubc.ca\/#\/schema\/logo\/image\/""},""sameAs"":[""https:\/\/www.facebook.com\/universityofbc\/"",""https:\/\/x.com\/ubcevents"",""https:\/\/www.youtube.com\/user\/UBC#g\/c\/94CEF848B9790AE4""]}]}</script>
<!-- / Yoast SEO plugin. -->","{""title"": ""climate change Archives - UBCevents"", ""robots"": {""index"": ""index"", ""follow"": ""follow"", ""max-snippet"": ""max-snippet:-1"", ""max-image-preview"": ""max-image-preview:large"", ""max-video-preview"": ""max-video-preview:-1""}, ""canonical"": ""https://events.ubc.ca/tag/climate-change/"", ""og_locale"": ""en_US"", ""og_type"": ""article"", ""og_title"": ""climate change Archives - UBCevents"", ""og_url"": ""https://events.ubc.ca/tag/climate-change/"", ""og_site_name"": ""UBCevents"", ""twitter_card"": ""summary_large_image"", ""twitter_site"": ""@ubcevents"", ""schema"": {""@context"": ""https://schema.org"", ""@graph"": [{""@type"": ""CollectionPage"", ""@id"": ""https://events.ubc.ca/tag/climate-change/"", ""url"": ""https://events.ubc.ca/tag/climate-change/"", ""name"": ""climate change Archives - UBCevents"", ""isPartOf"": {""@id"": ""https://events.ubc.ca/#website""}, ""breadcrumb"": {""@id"": ""https://events.ubc.ca/tag/climate-change/#breadcrumb""}, ""inLanguage"": ""en-US""}, {""@type"": ""BreadcrumbList"", ""@id"": ""https://events.ubc.ca/tag/climate-change/#breadcrumb"", ""itemListElement"": [{""@type"": ""ListItem"", ""position"": 1, ""name"": ""Home"", ""item"": ""https://events.ubc.ca/""}, {""@type"": ""ListItem"", ""position"": 2, ""name"": ""climate change""}]}, {""@type"": ""WebSite"", ""@id"": ""https://events.ubc.ca/#website"", ""url"": ""https://events.ubc.ca/"", ""name"": ""UBC Events"", ""description"": """", ""publisher"": {""@id"": ""https://events.ubc.ca/#organization""}, ""potentialAction"": [{""@type"": ""SearchAction"", ""target"": {""@type"": ""EntryPoint"", ""urlTemplate"": ""https://events.ubc.ca/?s={search_term_string}""}, ""query-input"": {""@type"": ""PropertyValueSpecification"", ""valueRequired"": true, ""valueName"": ""search_term_string""}}], ""inLanguage"": ""en-US""}, {""@type"": ""Organization"", ""@id"": ""https://events.ubc.ca/#organization"", ""name"": ""UBC events"", ""url"": ""https://events.ubc.ca/"", ""logo"": {""@type"": ""ImageObject"", ""inLanguage"": ""en-US"", ""@id"": ""https://events.ubc.ca/#/schema/logo/image/"", ""url"": ""https://events.ubc.ca/wp-content/uploads/2023/11/ubc-logo-2018-crest-blue-rgb72.jpg"", ""contentUrl"": ""https://events.ubc.ca/wp-content/uploads/2023/11/ubc-logo-2018-crest-blue-rgb72.jpg"", ""width"": 99, ""height"": 135, ""caption"": ""UBC events""}, ""image"": {""@id"": ""https://events.ubc.ca/#/schema/logo/image/""}, ""sameAs"": [""https://www.facebook.com/universityofbc/"", ""https://x.com/ubcevents"", ""https://www.youtube.com/user/UBC#g/c/94CEF848B9790AE4""]}]}}",https://events.ubc.ca/tag/climate-change/,"{""self"": ""https://events.ubc.ca/wp-json/tribe/events/v1/tags/355"", ""collection"": ""https://events.ubc.ca/wp-json/tribe/events/v1/tags""}"
341,182,,community engagement,community-engagement,post_tag,[],"<!-- This site is optimized with the Yoast SEO plugin v28.2 - https://yoast.com/product/yoast-seo-wordpress/ -->
<title>community engagement Archives - UBCevents</title>
<meta name=""robots"" content=""index, follow, max-snippet:-1, max-image-preview:large, max-video-preview:-1"" />
<link rel=""canonical"" href=""https://events.ubc.ca/tag/community-engagement/"" />
<meta property=""og:locale"" content=""en_US"" />
<meta property=""og:type"" content=""article"" />
<meta property=""og:title"" content=""community engagement Archives - UBCevents"" />
<meta property=""og:url"" content=""https://events.ubc.ca/tag/community-engagement/"" />
<meta property=""og:site_name"" content=""UBCevents"" />
<meta name=""twitter:card"" content=""summary_large_image"" />
<meta name=""twitter:site"" content=""@ubcevents"" />
<script type=""application/ld+json"" class=""yoast-schema-graph"">{""@context"":""https:\/\/schema.org"",""@graph"":[{""@type"":""CollectionPage"",""@id"":""https:\/\/events.ubc.ca\/tag\/community-engagement\/"",""url"":""https:\/\/events.ubc.ca\/tag\/community-engagement\/"",""name"":""community engagement Archives - UBCevents"",""isPartOf"":{""@id"":""https:\/\/events.ubc.ca\/#website""},""breadcrumb"":{""@id"":""https:\/\/events.ubc.ca\/tag\/community-engagement\/#breadcrumb""},""inLanguage"":""en-US""},{""@type"":""BreadcrumbList"",""@id"":""https:\/\/events.ubc.ca\/tag\/community-engagement\/#breadcrumb"",""itemListElement"":[{""@type"":""ListItem"",""position"":1,""name"":""Home"",""item"":""https:\/\/events.ubc.ca\/""},{""@type"":""ListItem"",""position"":2,""name"":""community engagement""}]},{""@type"":""WebSite"",""@id"":""https:\/\/events.ubc.ca\/#website"",""url"":""https:\/\/events.ubc.ca\/"",""name"":""UBC Events"",""description"":"""",""publisher"":{""@id"":""https:\/\/events.ubc.ca\/#organization""},""potentialAction"":[{""@type"":""SearchAction"",""target"":{""@type"":""EntryPoint"",""urlTemplate"":""https:\/\/events.ubc.ca\/?s={search_term_string}""},""query-input"":{""@type"":""PropertyValueSpecification"",""valueRequired"":true,""valueName"":""search_term_string""}}],""inLanguage"":""en-US""},{""@type"":""Organization"",""@id"":""https:\/\/events.ubc.ca\/#organization"",""name"":""UBC events"",""url"":""https:\/\/events.ubc.ca\/"",""logo"":{""@type"":""ImageObject"",""inLanguage"":""en-US"",""@id"":""https:\/\/events.ubc.ca\/#\/schema\/logo\/image\/"",""url"":""https:\/\/events.ubc.ca\/wp-content\/uploads\/2023\/11\/ubc-logo-2018-crest-blue-rgb72.jpg"",""contentUrl"":""https:\/\/events.ubc.ca\/wp-content\/uploads\/2023\/11\/ubc-logo-2018-crest-blue-rgb72.jpg"",""width"":99,""height"":135,""caption"":""UBC events""},""image"":{""@id"":""https:\/\/events.ubc.ca\/#\/schema\/logo\/image\/""},""sameAs"":[""https:\/\/www.facebook.com\/universityofbc\/"",""https:\/\/x.com\/ubcevents"",""https:\/\/www.youtube.com\/user\/UBC#g\/c\/94CEF848B9790AE4""]}]}</script>
<!-- / Yoast SEO plugin. -->","{""title"": ""community engagement Archives - UBCevents"", ""robots"": {""index"": ""index"", ""follow"": ""follow"", ""max-snippet"": ""max-snippet:-1"", ""max-image-preview"": ""max-image-preview:large"", ""max-video-preview"": ""max-video-preview:-1""}, ""canonical"": ""https://events.ubc.ca/tag/community-engagement/"", ""og_locale"": ""en_US"", ""og_type"": ""article"", ""og_title"": ""community engagement Archives - UBCevents"", ""og_url"": ""https://events.ubc.ca/tag/community-engagement/"", ""og_site_name"": ""UBCevents"", ""twitter_card"": ""summary_large_image"", ""twitter_site"": ""@ubcevents"", ""schema"": {""@context"": ""https://schema.org"", ""@graph"": [{""@type"": ""CollectionPage"", ""@id"": ""https://events.ubc.ca/tag/community-engagement/"", ""url"": ""https://events.ubc.ca/tag/community-engagement/"", ""name"": ""community engagement Archives - UBCevents"", ""isPartOf"": {""@id"": ""https://events.ubc.ca/#website""}, ""breadcrumb"": {""@id"": ""https://events.ubc.ca/tag/community-engagement/#breadcrumb""}, ""inLanguage"": ""en-US""}, {""@type"": ""BreadcrumbList"", ""@id"": ""https://events.ubc.ca/tag/community-engagement/#breadcrumb"", ""itemListElement"": [{""@type"": ""ListItem"", ""position"": 1, ""name"": ""Home"", ""item"": ""https://events.ubc.ca/""}, {""@type"": ""ListItem"", ""position"": 2, ""name"": ""community engagement""}]}, {""@type"": ""WebSite"", ""@id"": ""https://events.ubc.ca/#website"", ""url"": ""https://events.ubc.ca/"", ""name"": ""UBC Events"", ""description"": """", ""publisher"": {""@id"": ""https://events.ubc.ca/#organization""}, ""potentialAction"": [{""@type"": ""SearchAction"", ""target"": {""@type"": ""EntryPoint"", ""urlTemplate"": ""https://events.ubc.ca/?s={search_term_string}""}, ""query-input"": {""@type"": ""PropertyValueSpecification"", ""valueRequired"": true, ""valueName"": ""search_term_string""}}], ""inLanguage"": ""en-US""}, {""@type"": ""Organization"", ""@id"": ""https://events.ubc.ca/#organization"", ""name"": ""UBC events"", ""url"": ""https://events.ubc.ca/"", ""logo"": {""@type"": ""ImageObject"", ""inLanguage"": ""en-US"", ""@id"": ""https://events.ubc.ca/#/schema/logo/image/"", ""url"": ""https://events.ubc.ca/wp-content/uploads/2023/11/ubc-logo-2018-crest-blue-rgb72.jpg"", ""contentUrl"": ""https://events.ubc.ca/wp-content/uploads/2023/11/ubc-logo-2018-crest-blue-rgb72.jpg"", ""width"": 99, ""height"": 135, ""caption"": ""UBC events""}, ""image"": {""@id"": ""https://events.ubc.ca/#/schema/logo/image/""}, ""sameAs"": [""https://www.facebook.com/universityofbc/"", ""https://x.com/ubcevents"", ""https://www.youtube.com/user/UBC#g/c/94CEF848B9790AE4""]}]}}",https://events.ubc.ca/tag/community-engagement/,"{""self"": ""https://events.ubc.ca/wp-json/tribe/events/v1/tags/341"", ""collection"": ""https://events.ubc.ca/wp-json/tribe/events/v1/tags""}"
183,190,,concert,concert,post_tag,[],"<!-- This site is optimized with the Yoast SEO plugin v28.2 - https://yoast.com/product/yoast-seo-wordpress/ -->
<title>concert Archives - UBCevents</title>
<meta name=""robots"" content=""index, follow, max-snippet:-1, max-image-preview:large, max-video-preview:-1"" />
<link rel=""canonical"" href=""https://events.ubc.ca/tag/concert/"" />
<meta property=""og:locale"" content=""en_US"" />
<meta property=""og:type"" content=""article"" />
<meta property=""og:title"" content=""concert Archives - UBCevents"" />
<meta property=""og:url"" content=""https://events.ubc.ca/tag/concert/"" />
<meta property=""og:site_name"" content=""UBCevents"" />
<meta name=""twitter:card"" content=""summary_large_image"" />
<meta name=""twitter:site"" content=""@ubcevents"" />
<script type=""application/ld+json"" class=""yoast-schema-graph"">{""@context"":""https:\/\/schema.org"",""@graph"":[{""@type"":""CollectionPage"",""@id"":""https:\/\/events.ubc.ca\/tag\/concert\/"",""url"":""https:\/\/events.ubc.ca\/tag\/concert\/"",""name"":""concert Archives - UBCevents"",""isPartOf"":{""@id"":""https:\/\/events.ubc.ca\/#website""},""breadcrumb"":{""@id"":""https:\/\/events.ubc.ca\/tag\/concert\/#breadcrumb""},""inLanguage"":""en-US""},{""@type"":""BreadcrumbList"",""@id"":""https:\/\/events.ubc.ca\/tag\/concert\/#breadcrumb"",""itemListElement"":[{""@type"":""ListItem"",""position"":1,""name"":""Home"",""item"":""https:\/\/events.ubc.ca\/""},{""@type"":""ListItem"",""position"":2,""name"":""concert""}]},{""@type"":""WebSite"",""@id"":""https:\/\/events.ubc.ca\/#website"",""url"":""https:\/\/events.ubc.ca\/"",""name"":""UBC Events"",""description"":"""",""publisher"":{""@id"":""https:\/\/events.ubc.ca\/#organization""},""potentialAction"":[{""@type"":""SearchAction"",""target"":{""@type"":""EntryPoint"",""urlTemplate"":""https:\/\/events.ubc.ca\/?s={search_term_string}""},""query-input"":{""@type"":""PropertyValueSpecification"",""valueRequired"":true,""valueName"":""search_term_string""}}],""inLanguage"":""en-US""},{""@type"":""Organization"",""@id"":""https:\/\/events.ubc.ca\/#organization"",""name"":""UBC events"",""url"":""https:\/\/events.ubc.ca\/"",""logo"":{""@type"":""ImageObject"",""inLanguage"":""en-US"",""@id"":""https:\/\/events.ubc.ca\/#\/schema\/logo\/image\/"",""url"":""https:\/\/events.ubc.ca\/wp-content\/uploads\/2023\/11\/ubc-logo-2018-crest-blue-rgb72.jpg"",""contentUrl"":""https:\/\/events.ubc.ca\/wp-content\/uploads\/2023\/11\/ubc-logo-2018-crest-blue-rgb72.jpg"",""width"":99,""height"":135,""caption"":""UBC events""},""image"":{""@id"":""https:\/\/events.ubc.ca\/#\/schema\/logo\/image\/""},""sameAs"":[""https:\/\/www.facebook.com\/universityofbc\/"",""https:\/\/x.com\/ubcevents"",""https:\/\/www.youtube.com\/user\/UBC#g\/c\/94CEF848B9790AE4""]}]}</script>
<!-- / Yoast SEO plugin. -->","{""title"": ""concert Archives - UBCevents"", ""robots"": {""index"": ""index"", ""follow"": ""follow"", ""max-snippet"": ""max-snippet:-1"", ""max-image-preview"": ""max-image-preview:large"", ""max-video-preview"": ""max-video-preview:-1""}, ""canonical"": ""https://events.ubc.ca/tag/concert/"", ""og_locale"": ""en_US"", ""og_type"": ""article"", ""og_title"": ""concert Archives - UBCevents"", ""og_url"": ""https://events.ubc.ca/tag/concert/"", ""og_site_name"": ""UBCevents"", ""twitter_card"": ""summary_large_image"", ""twitter_site"": ""@ubcevents"", ""schema"": {""@context"": ""https://schema.org"", ""@graph"": [{""@type"": ""CollectionPage"", ""@id"": ""https://events.ubc.ca/tag/concert/"", ""url"": ""https://events.ubc.ca/tag/concert/"", ""name"": ""concert Archives - UBCevents"", ""isPartOf"": {""@id"": ""https://events.ubc.ca/#website""}, ""breadcrumb"": {""@id"": ""https://events.ubc.ca/tag/concert/#breadcrumb""}, ""inLanguage"": ""en-US""}, {""@type"": ""BreadcrumbList"", ""@id"": ""https://events.ubc.ca/tag/concert/#breadcrumb"", ""itemListElement"": [{""@type"": ""ListItem"", ""position"": 1, ""name"": ""Home"", ""item"": ""https://events.ubc.ca/""}, {""@type"": ""ListItem"", ""position"": 2, ""name"": ""concert""}]}, {""@type"": ""WebSite"", ""@id"": ""https://events.ubc.ca/#website"", ""url"": ""https://events.ubc.ca/"", ""name"": ""UBC Events"", ""description"": """", ""publisher"": {""@id"": ""https://events.ubc.ca/#organization""}, ""potentialAction"": [{""@type"": ""SearchAction"", ""target"": {""@type"": ""EntryPoint"", ""urlTemplate"": ""https://events.ubc.ca/?s={search_term_string}""}, ""query-input"": {""@type"": ""PropertyValueSpecification"", ""valueRequired"": true, ""valueName"": ""search_term_string""}}], ""inLanguage"": ""en-US""}, {""@type"": ""Organization"", ""@id"": ""https://events.ubc.ca/#organization"", ""name"": ""UBC events"", ""url"": ""https://events.ubc.ca/"", ""logo"": {""@type"": ""ImageObject"", ""inLanguage"": ""en-US"", ""@id"": ""https://events.ubc.ca/#/schema/logo/image/"", ""url"": ""https://events.ubc.ca/wp-content/uploads/2023/11/ubc-logo-2018-crest-blue-rgb72.jpg"", ""contentUrl"": ""https://events.ubc.ca/wp-content/uploads/2023/11/ubc-logo-2018-crest-blue-rgb72.jpg"", ""width"": 99, ""height"": 135, ""caption"": ""UBC events""}, ""image"": {""@id"": ""https://events.ubc.ca/#/schema/logo/image/""}, ""sameAs"": [""https://www.facebook.com/universityofbc/"", ""https://x.com/ubcevents"", ""https://www.youtube.com/user/UBC#g/c/94CEF848B9790AE4""]}]}}",https://events.ubc.ca/tag/concert/,"{""self"": ""https://events.ubc.ca/wp-json/tribe/events/v1/tags/183"", ""collection"": ""https://events.ubc.ca/wp-json/tribe/events/v1/tags""}"
343,25,,conference,conference,post_tag,[],"<!-- This site is optimized with the Yoast SEO plugin v28.2 - https://yoast.com/product/yoast-seo-wordpress/ -->
<title>conference Archives - UBCevents</title>
<meta name=""robots"" content=""index, follow, max-snippet:-1, max-image-preview:large, max-video-preview:-1"" />
<link rel=""canonical"" href=""https://events.ubc.ca/tag/conference/"" />
<meta property=""og:locale"" content=""en_US"" />
<meta property=""og:type"" content=""article"" />
<meta property=""og:title"" content=""conference Archives - UBCevents"" />
<meta property=""og:url"" content=""https://events.ubc.ca/tag/conference/"" />
<meta property=""og:site_name"" content=""UBCevents"" />
<meta name=""twitter:card"" content=""summary_large_image"" />
<meta name=""twitter:site"" content=""@ubcevents"" />
<script type=""application/ld+json"" class=""yoast-schema-graph"">{""@context"":""https:\/\/schema.org"",""@graph"":[{""@type"":""CollectionPage"",""@id"":""https:\/\/events.ubc.ca\/tag\/conference\/"",""url"":""https:\/\/events.ubc.ca\/tag\/conference\/"",""name"":""conference Archives - UBCevents"",""isPartOf"":{""@id"":""https:\/\/events.ubc.ca\/#website""},""breadcrumb"":{""@id"":""https:\/\/events.ubc.ca\/tag\/conference\/#breadcrumb""},""inLanguage"":""en-US""},{""@type"":""BreadcrumbList"",""@id"":""https:\/\/events.ubc.ca\/tag\/conference\/#breadcrumb"",""itemListElement"":[{""@type"":""ListItem"",""position"":1,""name"":""Home"",""item"":""https:\/\/events.ubc.ca\/""},{""@type"":""ListItem"",""position"":2,""name"":""conference""}]},{""@type"":""WebSite"",""@id"":""https:\/\/events.ubc.ca\/#website"",""url"":""https:\/\/events.ubc.ca\/"",""name"":""UBC Events"",""description"":"""",""publisher"":{""@id"":""https:\/\/events.ubc.ca\/#organization""},""potentialAction"":[{""@type"":""SearchAction"",""target"":{""@type"":""EntryPoint"",""urlTemplate"":""https:\/\/events.ubc.ca\/?s={search_term_string}""},""query-input"":{""@type"":""PropertyValueSpecification"",""valueRequired"":true,""valueName"":""search_term_string""}}],""inLanguage"":""en-US""},{""@type"":""Organization"",""@id"":""https:\/\/events.ubc.ca\/#organization"",""name"":""UBC events"",""url"":""https:\/\/events.ubc.ca\/"",""logo"":{""@type"":""ImageObject"",""inLanguage"":""en-US"",""@id"":""https:\/\/events.ubc.ca\/#\/schema\/logo\/image\/"",""url"":""https:\/\/events.ubc.ca\/wp-content\/uploads\/2023\/11\/ubc-logo-2018-crest-blue-rgb72.jpg"",""contentUrl"":""https:\/\/events.ubc.ca\/wp-content\/uploads\/2023\/11\/ubc-logo-2018-crest-blue-rgb72.jpg"",""width"":99,""height"":135,""caption"":""UBC events""},""image"":{""@id"":""https:\/\/events.ubc.ca\/#\/schema\/logo\/image\/""},""sameAs"":[""https:\/\/www.facebook.com\/universityofbc\/"",""https:\/\/x.com\/ubcevents"",""https:\/\/www.youtube.com\/user\/UBC#g\/c\/94CEF848B9790AE4""]}]}</script>
<!-- / Yoast SEO plugin. -->","{""title"": ""conference Archives - UBCevents"", ""robots"": {""index"": ""index"", ""follow"": ""follow"", ""max-snippet"": ""max-snippet:-1"", ""max-image-preview"": ""max-image-preview:large"", ""max-video-preview"": ""max-video-preview:-1""}, ""canonical"": ""https://events.ubc.ca/tag/conference/"", ""og_locale"": ""en_US"", ""og_type"": ""article"", ""og_title"": ""conference Archives - UBCevents"", ""og_url"": ""https://events.ubc.ca/tag/conference/"", ""og_site_name"": ""UBCevents"", ""twitter_card"": ""summary_large_image"", ""twitter_site"": ""@ubcevents"", ""schema"": {""@context"": ""https://schema.org"", ""@graph"": [{""@type"": ""CollectionPage"", ""@id"": ""https://events.ubc.ca/tag/conference/"", ""url"": ""https://events.ubc.ca/tag/conference/"", ""name"": ""conference Archives - UBCevents"", ""isPartOf"": {""@id"": ""https://events.ubc.ca/#website""}, ""breadcrumb"": {""@id"": ""https://events.ubc.ca/tag/conference/#breadcrumb""}, ""inLanguage"": ""en-US""}, {""@type"": ""BreadcrumbList"", ""@id"": ""https://events.ubc.ca/tag/conference/#breadcrumb"", ""itemListElement"": [{""@type"": ""ListItem"", ""position"": 1, ""name"": ""Home"", ""item"": ""https://events.ubc.ca/""}, {""@type"": ""ListItem"", ""position"": 2, ""name"": ""conference""}]}, {""@type"": ""WebSite"", ""@id"": ""https://events.ubc.ca/#website"", ""url"": ""https://events.ubc.ca/"", ""name"": ""UBC Events"", ""description"": """", ""publisher"": {""@id"": ""https://events.ubc.ca/#organization""}, ""potentialAction"": [{""@type"": ""SearchAction"", ""target"": {""@type"": ""EntryPoint"", ""urlTemplate"": ""https://events.ubc.ca/?s={search_term_string}""}, ""query-input"": {""@type"": ""PropertyValueSpecification"", ""valueRequired"": true, ""valueName"": ""search_term_string""}}], ""inLanguage"": ""en-US""}, {""@type"": ""Organization"", ""@id"": ""https://events.ubc.ca/#organization"", ""name"": ""UBC events"", ""url"": ""https://events.ubc.ca/"", ""logo"": {""@type"": ""ImageObject"", ""inLanguage"": ""en-US"", ""@id"": ""https://events.ubc.ca/#/schema/logo/image/"", ""url"": ""https://events.ubc.ca/wp-content/uploads/2023/11/ubc-logo-2018-crest-blue-rgb72.jpg"", ""contentUrl"": ""https://events.ubc.ca/wp-content/uploads/2023/11/ubc-logo-2018-crest-blue-rgb72.jpg"", ""width"": 99, ""height"": 135, ""caption"": ""UBC events""}, ""image"": {""@id"": ""https://events.ubc.ca/#/schema/logo/image/""}, ""sameAs"": [""https://www.facebook.com/universityofbc/"", ""https://x.com/ubcevents"", ""https://www.youtube.com/user/UBC#g/c/94CEF848B9790AE4""]}]}}",https://events.ubc.ca/tag/conference/,"{""self"": ""https://events.ubc.ca/wp-json/tribe/events/v1/tags/343"", ""collection"": ""https://events.ubc.ca/wp-json/tribe/events/v1/tags""}"
331,54,,conservation,conservation,post_tag,[],"<!-- This site is optimized with the Yoast SEO plugin v28.2 - https://yoast.com/product/yoast-seo-wordpress/ -->
<title>conservation Archives - UBCevents</title>
<meta name=""robots"" content=""index, follow, max-snippet:-1, max-image-preview:large, max-video-preview:-1"" />
<link rel=""canonical"" href=""https://events.ubc.ca/tag/conservation/"" />
<meta property=""og:locale"" content=""en_US"" />
<meta property=""og:type"" content=""article"" />
<meta property=""og:title"" content=""conservation Archives - UBCevents"" />
<meta property=""og:url"" content=""https://events.ubc.ca/tag/conservation/"" />
<meta property=""og:site_name"" content=""UBCevents"" />
<meta name=""twitter:card"" content=""summary_large_image"" />
<meta name=""twitter:site"" content=""@ubcevents"" />
<script type=""application/ld+json"" class=""yoast-schema-graph"">{""@context"":""https:\/\/schema.org"",""@graph"":[{""@type"":""CollectionPage"",""@id"":""https:\/\/events.ubc.ca\/tag\/conservation\/"",""url"":""https:\/\/events.ubc.ca\/tag\/conservation\/"",""name"":""conservation Archives - UBCevents"",""isPartOf"":{""@id"":""https:\/\/events.ubc.ca\/#website""},""breadcrumb"":{""@id"":""https:\/\/events.ubc.ca\/tag\/conservation\/#breadcrumb""},""inLanguage"":""en-US""},{""@type"":""BreadcrumbList"",""@id"":""https:\/\/events.ubc.ca\/tag\/conservation\/#breadcrumb"",""itemListElement"":[{""@type"":""ListItem"",""position"":1,""name"":""Home"",""item"":""https:\/\/events.ubc.ca\/""},{""@type"":""ListItem"",""position"":2,""name"":""conservation""}]},{""@type"":""WebSite"",""@id"":""https:\/\/events.ubc.ca\/#website"",""url"":""https:\/\/events.ubc.ca\/"",""name"":""UBC Events"",""description"":"""",""publisher"":{""@id"":""https:\/\/events.ubc.ca\/#organization""},""potentialAction"":[{""@type"":""SearchAction"",""target"":{""@type"":""EntryPoint"",""urlTemplate"":""https:\/\/events.ubc.ca\/?s={search_term_string}""},""query-input"":{""@type"":""PropertyValueSpecification"",""valueRequired"":true,""valueName"":""search_term_string""}}],""inLanguage"":""en-US""},{""@type"":""Organization"",""@id"":""https:\/\/events.ubc.ca\/#organization"",""name"":""UBC events"",""url"":""https:\/\/events.ubc.ca\/"",""logo"":{""@type"":""ImageObject"",""inLanguage"":""en-US"",""@id"":""https:\/\/events.ubc.ca\/#\/schema\/logo\/image\/"",""url"":""https:\/\/events.ubc.ca\/wp-content\/uploads\/2023\/11\/ubc-logo-2018-crest-blue-rgb72.jpg"",""contentUrl"":""https:\/\/events.ubc.ca\/wp-content\/uploads\/2023\/11\/ubc-logo-2018-crest-blue-rgb72.jpg"",""width"":99,""height"":135,""caption"":""UBC events""},""image"":{""@id"":""https:\/\/events.ubc.ca\/#\/schema\/logo\/image\/""},""sameAs"":[""https:\/\/www.facebook.com\/universityofbc\/"",""https:\/\/x.com\/ubcevents"",""https:\/\/www.youtube.com\/user\/UBC#g\/c\/94CEF848B9790AE4""]}]}</script>
<!-- / Yoast SEO plugin. -->","{""title"": ""conservation Archives - UBCevents"", ""robots"": {""index"": ""index"", ""follow"": ""follow"", ""max-snippet"": ""max-snippet:-1"", ""max-image-preview"": ""max-image-preview:large"", ""max-video-preview"": ""max-video-preview:-1""}, ""canonical"": ""https://events.ubc.ca/tag/conservation/"", ""og_locale"": ""en_US"", ""og_type"": ""article"", ""og_title"": ""conservation Archives - UBCevents"", ""og_url"": ""https://events.ubc.ca/tag/conservation/"", ""og_site_name"": ""UBCevents"", ""twitter_card"": ""summary_large_image"", ""twitter_site"": ""@ubcevents"", ""schema"": {""@context"": ""https://schema.org"", ""@graph"": [{""@type"": ""CollectionPage"", ""@id"": ""https://events.ubc.ca/tag/conservation/"", ""url"": ""https://events.ubc.ca/tag/conservation/"", ""name"": ""conservation Archives - UBCevents"", ""isPartOf"": {""@id"": ""https://events.ubc.ca/#website""}, ""breadcrumb"": {""@id"": ""https://events.ubc.ca/tag/conservation/#breadcrumb""}, ""inLanguage"": ""en-US""}, {""@type"": ""BreadcrumbList"", ""@id"": ""https://events.ubc.ca/tag/conservation/#breadcrumb"", ""itemListElement"": [{""@type"": ""ListItem"", ""position"": 1, ""name"": ""Home"", ""item"": ""https://events.ubc.ca/""}, {""@type"": ""ListItem"", ""position"": 2, ""name"": ""conservation""}]}, {""@type"": ""WebSite"", ""@id"": ""https://events.ubc.ca/#website"", ""url"": ""https://events.ubc.ca/"", ""name"": ""UBC Events"", ""description"": """", ""publisher"": {""@id"": ""https://events.ubc.ca/#organization""}, ""potentialAction"": [{""@type"": ""SearchAction"", ""target"": {""@type"": ""EntryPoint"", ""urlTemplate"": ""https://events.ubc.ca/?s={search_term_string}""}, ""query-input"": {""@type"": ""PropertyValueSpecification"", ""valueRequired"": true, ""valueName"": ""search_term_string""}}], ""inLanguage"": ""en-US""}, {""@type"": ""Organization"", ""@id"": ""https://events.ubc.ca/#organization"", ""name"": ""UBC events"", ""url"": ""https://events.ubc.ca/"", ""logo"": {""@type"": ""ImageObject"", ""inLanguage"": ""en-US"", ""@id"": ""https://events.ubc.ca/#/schema/logo/image/"", ""url"": ""https://events.ubc.ca/wp-content/uploads/2023/11/ubc-logo-2018-crest-blue-rgb72.jpg"", ""contentUrl"": ""https://events.ubc.ca/wp-content/uploads/2023/11/ubc-logo-2018-crest-blue-rgb72.jpg"", ""width"": 99, ""height"": 135, ""caption"": ""UBC events""}, ""image"": {""@id"": ""https://events.ubc.ca/#/schema/logo/image/""}, ""sameAs"": [""https://www.facebook.com/universityofbc/"", ""https://x.com/ubcevents"", ""https://www.youtube.com/user/UBC#g/c/94CEF848B9790AE4""]}]}}",https://events.ubc.ca/tag/conservation/,"{""self"": ""https://events.ubc.ca/wp-json/tribe/events/v1/tags/331"", ""collection"": ""https://events.ubc.ca/wp-json/tribe/events/v1/tags""}"
345,36,,creative writing,creative-writing,post_tag,[],"<!-- This site is optimized with the Yoast SEO plugin v28.2 - https://yoast.com/product/yoast-seo-wordpress/ -->
<title>creative writing Archives - UBCevents</title>
<meta name=""robots"" content=""index, follow, max-snippet:-1, max-image-preview:large, max-video-preview:-1"" />
<link rel=""canonical"" href=""https://events.ubc.ca/tag/creative-writing/"" />
<meta property=""og:locale"" content=""en_US"" />
<meta property=""og:type"" content=""article"" />
<meta property=""og:title"" content=""creative writing Archives - UBCevents"" />
<meta property=""og:url"" content=""https://events.ubc.ca/tag/creative-writing/"" />
<meta property=""og:site_name"" content=""UBCevents"" />
<meta name=""twitter:card"" content=""summary_large_image"" />
<meta name=""twitter:site"" content=""@ubcevents"" />
<script type=""application/ld+json"" class=""yoast-schema-graph"">{""@context"":""https:\/\/schema.org"",""@graph"":[{""@type"":""CollectionPage"",""@id"":""https:\/\/events.ubc.ca\/tag\/creative-writing\/"",""url"":""https:\/\/events.ubc.ca\/tag\/creative-writing\/"",""name"":""creative writing Archives - UBCevents"",""isPartOf"":{""@id"":""https:\/\/events.ubc.ca\/#website""},""breadcrumb"":{""@id"":""https:\/\/events.ubc.ca\/tag\/creative-writing\/#breadcrumb""},""inLanguage"":""en-US""},{""@type"":""BreadcrumbList"",""@id"":""https:\/\/events.ubc.ca\/tag\/creative-writing\/#breadcrumb"",""itemListElement"":[{""@type"":""ListItem"",""position"":1,""name"":""Home"",""item"":""https:\/\/events.ubc.ca\/""},{""@type"":""ListItem"",""position"":2,""name"":""creative writing""}]},{""@type"":""WebSite"",""@id"":""https:\/\/events.ubc.ca\/#website"",""url"":""https:\/\/events.ubc.ca\/"",""name"":""UBC Events"",""description"":"""",""publisher"":{""@id"":""https:\/\/events.ubc.ca\/#organization""},""potentialAction"":[{""@type"":""SearchAction"",""target"":{""@type"":""EntryPoint"",""urlTemplate"":""https:\/\/events.ubc.ca\/?s={search_term_string}""},""query-input"":{""@type"":""PropertyValueSpecification"",""valueRequired"":true,""valueName"":""search_term_string""}}],""inLanguage"":""en-US""},{""@type"":""Organization"",""@id"":""https:\/\/events.ubc.ca\/#organization"",""name"":""UBC events"",""url"":""https:\/\/events.ubc.ca\/"",""logo"":{""@type"":""ImageObject"",""inLanguage"":""en-US"",""@id"":""https:\/\/events.ubc.ca\/#\/schema\/logo\/image\/"",""url"":""https:\/\/events.ubc.ca\/wp-content\/uploads\/2023\/11\/ubc-logo-2018-crest-blue-rgb72.jpg"",""contentUrl"":""https:\/\/events.ubc.ca\/wp-content\/uploads\/2023\/11\/ubc-logo-2018-crest-blue-rgb72.jpg"",""width"":99,""height"":135,""caption"":""UBC events""},""image"":{""@id"":""https:\/\/events.ubc.ca\/#\/schema\/logo\/image\/""},""sameAs"":[""https:\/\/www.facebook.com\/universityofbc\/"",""https:\/\/x.com\/ubcevents"",""https:\/\/www.youtube.com\/user\/UBC#g\/c\/94CEF848B9790AE4""]}]}</script>
<!-- / Yoast SEO plugin. -->","{""title"": ""creative writing Archives - UBCevents"", ""robots"": {""index"": ""index"", ""follow"": ""follow"", ""max-snippet"": ""max-snippet:-1"", ""max-image-preview"": ""max-image-preview:large"", ""max-video-preview"": ""max-video-preview:-1""}, ""canonical"": ""https://events.ubc.ca/tag/creative-writing/"", ""og_locale"": ""en_US"", ""og_type"": ""article"", ""og_title"": ""creative writing Archives - UBCevents"", ""og_url"": ""https://events.ubc.ca/tag/creative-writing/"", ""og_site_name"": ""UBCevents"", ""twitter_card"": ""summary_large_image"", ""twitter_site"": ""@ubcevents"", ""schema"": {""@context"": ""https://schema.org"", ""@graph"": [{""@type"": ""CollectionPage"", ""@id"": ""https://events.ubc.ca/tag/creative-writing/"", ""url"": ""https://events.ubc.ca/tag/creative-writing/"", ""name"": ""creative writing Archives - UBCevents"", ""isPartOf"": {""@id"": ""https://events.ubc.ca/#website""}, ""breadcrumb"": {""@id"": ""https://events.ubc.ca/tag/creative-writing/#breadcrumb""}, ""inLanguage"": ""en-US""}, {""@type"": ""BreadcrumbList"", ""@id"": ""https://events.ubc.ca/tag/creative-writing/#breadcrumb"", ""itemListElement"": [{""@type"": ""ListItem"", ""position"": 1, ""name"": ""Home"", ""item"": ""https://events.ubc.ca/""}, {""@type"": ""ListItem"", ""position"": 2, ""name"": ""creative writing""}]}, {""@type"": ""WebSite"", ""@id"": ""https://events.ubc.ca/#website"", ""url"": ""https://events.ubc.ca/"", ""name"": ""UBC Events"", ""description"": """", ""publisher"": {""@id"": ""https://events.ubc.ca/#organization""}, ""potentialAction"": [{""@type"": ""SearchAction"", ""target"": {""@type"": ""EntryPoint"", ""urlTemplate"": ""https://events.ubc.ca/?s={search_term_string}""}, ""query-input"": {""@type"": ""PropertyValueSpecification"", ""valueRequired"": true, ""valueName"": ""search_term_string""}}], ""inLanguage"": ""en-US""}, {""@type"": ""Organization"", ""@id"": ""https://events.ubc.ca/#organization"", ""name"": ""UBC events"", ""url"": ""https://events.ubc.ca/"", ""logo"": {""@type"": ""ImageObject"", ""inLanguage"": ""en-US"", ""@id"": ""https://events.ubc.ca/#/schema/logo/image/"", ""url"": ""https://events.ubc.ca/wp-content/uploads/2023/11/ubc-logo-2018-crest-blue-rgb72.jpg"", ""contentUrl"": ""https://events.ubc.ca/wp-content/uploads/2023/11/ubc-logo-2018-crest-blue-rgb72.jpg"", ""width"": 99, ""height"": 135, ""caption"": ""UBC events""}, ""image"": {""@id"": ""https://events.ubc.ca/#/schema/logo/image/""}, ""sameAs"": [""https://www.facebook.com/universityofbc/"", ""https://x.com/ubcevents"", ""https://www.youtube.com/user/UBC#g/c/94CEF848B9790AE4""]}]}}",https://events.ubc.ca/tag/creative-writing/,"{""self"": ""https://events.ubc.ca/wp-json/tribe/events/v1/tags/345"", ""collection"": ""https://events.ubc.ca/wp-json/tribe/events/v1/tags""}"
185,415,,culture,culture,post_tag,[],"<!-- This site is optimized with the Yoast SEO plugin v28.2 - https://yoast.com/product/yoast-seo-wordpress/ -->
<title>culture Archives - UBCevents</title>
<meta name=""robots"" content=""index, follow, max-snippet:-1, max-image-preview:large, max-video-preview:-1"" />
<link rel=""canonical"" href=""https://events.ubc.ca/tag/culture/"" />
<meta property=""og:locale"" content=""en_US"" />
<meta property=""og:type"" content=""article"" />
<meta property=""og:title"" content=""culture Archives - UBCevents"" />
<meta property=""og:url"" content=""https://events.ubc.ca/tag/culture/"" />
<meta property=""og:site_name"" content=""UBCevents"" />
<meta name=""twitter:card"" content=""summary_large_image"" />
<meta name=""twitter:site"" content=""@ubcevents"" />
<script type=""application/ld+json"" class=""yoast-schema-graph"">{""@context"":""https:\/\/schema.org"",""@graph"":[{""@type"":""CollectionPage"",""@id"":""https:\/\/events.ubc.ca\/tag\/culture\/"",""url"":""https:\/\/events.ubc.ca\/tag\/culture\/"",""name"":""culture Archives - UBCevents"",""isPartOf"":{""@id"":""https:\/\/events.ubc.ca\/#website""},""breadcrumb"":{""@id"":""https:\/\/events.ubc.ca\/tag\/culture\/#breadcrumb""},""inLanguage"":""en-US""},{""@type"":""BreadcrumbList"",""@id"":""https:\/\/events.ubc.ca\/tag\/culture\/#breadcrumb"",""itemListElement"":[{""@type"":""ListItem"",""position"":1,""name"":""Home"",""item"":""https:\/\/events.ubc.ca\/""},{""@type"":""ListItem"",""position"":2,""name"":""culture""}]},{""@type"":""WebSite"",""@id"":""https:\/\/events.ubc.ca\/#website"",""url"":""https:\/\/events.ubc.ca\/"",""name"":""UBC Events"",""description"":"""",""publisher"":{""@id"":""https:\/\/events.ubc.ca\/#organization""},""potentialAction"":[{""@type"":""SearchAction"",""target"":{""@type"":""EntryPoint"",""urlTemplate"":""https:\/\/events.ubc.ca\/?s={search_term_string}""},""query-input"":{""@type"":""PropertyValueSpecification"",""valueRequired"":true,""valueName"":""search_term_string""}}],""inLanguage"":""en-US""},{""@type"":""Organization"",""@id"":""https:\/\/events.ubc.ca\/#organization"",""name"":""UBC events"",""url"":""https:\/\/events.ubc.ca\/"",""logo"":{""@type"":""ImageObject"",""inLanguage"":""en-US"",""@id"":""https:\/\/events.ubc.ca\/#\/schema\/logo\/image\/"",""url"":""https:\/\/events.ubc.ca\/wp-content\/uploads\/2023\/11\/ubc-logo-2018-crest-blue-rgb72.jpg"",""contentUrl"":""https:\/\/events.ubc.ca\/wp-content\/uploads\/2023\/11\/ubc-logo-2018-crest-blue-rgb72.jpg"",""width"":99,""height"":135,""caption"":""UBC events""},""image"":{""@id"":""https:\/\/events.ubc.ca\/#\/schema\/logo\/image\/""},""sameAs"":[""https:\/\/www.facebook.com\/universityofbc\/"",""https:\/\/x.com\/ubcevents"",""https:\/\/www.youtube.com\/user\/UBC#g\/c\/94CEF848B9790AE4""]}]}</script>
<!-- / Yoast SEO plugin. -->","{""title"": ""culture Archives - UBCevents"", ""robots"": {""index"": ""index"", ""follow"": ""follow"", ""max-snippet"": ""max-snippet:-1"", ""max-image-preview"": ""max-image-preview:large"", ""max-video-preview"": ""max-video-preview:-1""}, ""canonical"": ""https://events.ubc.ca/tag/culture/"", ""og_locale"": ""en_US"", ""og_type"": ""article"", ""og_title"": ""culture Archives - UBCevents"", ""og_url"": ""https://events.ubc.ca/tag/culture/"", ""og_site_name"": ""UBCevents"", ""twitter_card"": ""summary_large_image"", ""twitter_site"": ""@ubcevents"", ""schema"": {""@context"": ""https://schema.org"", ""@graph"": [{""@type"": ""CollectionPage"", ""@id"": ""https://events.ubc.ca/tag/culture/"", ""url"": ""https://events.ubc.ca/tag/culture/"", ""name"": ""culture Archives - UBCevents"", ""isPartOf"": {""@id"": ""https://events.ubc.ca/#website""}, ""breadcrumb"": {""@id"": ""https://events.ubc.ca/tag/culture/#breadcrumb""}, ""inLanguage"": ""en-US""}, {""@type"": ""BreadcrumbList"", ""@id"": ""https://events.ubc.ca/tag/culture/#breadcrumb"", ""itemListElement"": [{""@type"": ""ListItem"", ""position"": 1, ""name"": ""Home"", ""item"": ""https://events.ubc.ca/""}, {""@type"": ""ListItem"", ""position"": 2, ""name"": ""culture""}]}, {""@type"": ""WebSite"", ""@id"": ""https://events.ubc.ca/#website"", ""url"": ""https://events.ubc.ca/"", ""name"": ""UBC Events"", ""description"": """", ""publisher"": {""@id"": ""https://events.ubc.ca/#organization""}, ""potentialAction"": [{""@type"": ""SearchAction"", ""target"": {""@type"": ""EntryPoint"", ""urlTemplate"": ""https://events.ubc.ca/?s={search_term_string}""}, ""query-input"": {""@type"": ""PropertyValueSpecification"", ""valueRequired"": true, ""valueName"": ""search_term_string""}}], ""inLanguage"": ""en-US""}, {""@type"": ""Organization"", ""@id"": ""https://events.ubc.ca/#organization"", ""name"": ""UBC events"", ""url"": ""https://events.ubc.ca/"", ""logo"": {""@type"": ""ImageObject"", ""inLanguage"": ""en-US"", ""@id"": ""https://events.ubc.ca/#/schema/logo/image/"", ""url"": ""https://events.ubc.ca/wp-content/uploads/2023/11/ubc-logo-2018-crest-blue-rgb72.jpg"", ""contentUrl"": ""https://events.ubc.ca/wp-content/uploads/2023/11/ubc-logo-2018-crest-blue-rgb72.jpg"", ""width"": 99, ""height"": 135, ""caption"": ""UBC events""}, ""image"": {""@id"": ""https://events.ubc.ca/#/schema/logo/image/""}, ""sameAs"": [""https://www.facebook.com/universityofbc/"", ""https://x.com/ubcevents"", ""https://www.youtube.com/user/UBC#g/c/94CEF848B9790AE4""]}]}}",https://events.ubc.ca/tag/culture/,"{""self"": ""https://events.ubc.ca/wp-json/tribe/events/v1/tags/185"", ""collection"": ""https://events.ubc.ca/wp-json/tribe/events/v1/tags""}"
180,344,,dialogue,dialogue,post_tag,[],"<!-- This site is optimized with the Yoast SEO plugin v28.2 - https://yoast.com/product/yoast-seo-wordpress/ -->
<title>dialogue Archives - UBCevents</title>
<meta name=""robots"" content=""index, follow, max-snippet:-1, max-image-preview:large, max-video-preview:-1"" />
<link rel=""canonical"" href=""https://events.ubc.ca/tag/dialogue/"" />
<meta property=""og:locale"" content=""en_US"" />
<meta property=""og:type"" content=""article"" />
<meta property=""og:title"" content=""dialogue Archives - UBCevents"" />
<meta property=""og:url"" content=""https://events.ubc.ca/tag/dialogue/"" />
<meta property=""og:site_name"" content=""UBCevents"" />
<meta name=""twitter:card"" content=""summary_large_image"" />
<meta name=""twitter:site"" content=""@ubcevents"" />
<script type=""application/ld+json"" class=""yoast-schema-graph"">{""@context"":""https:\/\/schema.org"",""@graph"":[{""@type"":""CollectionPage"",""@id"":""https:\/\/events.ubc.ca\/tag\/dialogue\/"",""url"":""https:\/\/events.ubc.ca\/tag\/dialogue\/"",""name"":""dialogue Archives - UBCevents"",""isPartOf"":{""@id"":""https:\/\/events.ubc.ca\/#website""},""breadcrumb"":{""@id"":""https:\/\/events.ubc.ca\/tag\/dialogue\/#breadcrumb""},""inLanguage"":""en-US""},{""@type"":""BreadcrumbList"",""@id"":""https:\/\/events.ubc.ca\/tag\/dialogue\/#breadcrumb"",""itemListElement"":[{""@type"":""ListItem"",""position"":1,""name"":""Home"",""item"":""https:\/\/events.ubc.ca\/""},{""@type"":""ListItem"",""position"":2,""name"":""dialogue""}]},{""@type"":""WebSite"",""@id"":""https:\/\/events.ubc.ca\/#website"",""url"":""https:\/\/events.ubc.ca\/"",""name"":""UBC Events"",""description"":"""",""publisher"":{""@id"":""https:\/\/events.ubc.ca\/#organization""},""potentialAction"":[{""@type"":""SearchAction"",""target"":{""@type"":""EntryPoint"",""urlTemplate"":""https:\/\/events.ubc.ca\/?s={search_term_string}""},""query-input"":{""@type"":""PropertyValueSpecification"",""valueRequired"":true,""valueName"":""search_term_string""}}],""inLanguage"":""en-US""},{""@type"":""Organization"",""@id"":""https:\/\/events.ubc.ca\/#organization"",""name"":""UBC events"",""url"":""https:\/\/events.ubc.ca\/"",""logo"":{""@type"":""ImageObject"",""inLanguage"":""en-US"",""@id"":""https:\/\/events.ubc.ca\/#\/schema\/logo\/image\/"",""url"":""https:\/\/events.ubc.ca\/wp-content\/uploads\/2023\/11\/ubc-logo-2018-crest-blue-rgb72.jpg"",""contentUrl"":""https:\/\/events.ubc.ca\/wp-content\/uploads\/2023\/11\/ubc-logo-2018-crest-blue-rgb72.jpg"",""width"":99,""height"":135,""caption"":""UBC events""},""image"":{""@id"":""https:\/\/events.ubc.ca\/#\/schema\/logo\/image\/""},""sameAs"":[""https:\/\/www.facebook.com\/universityofbc\/"",""https:\/\/x.com\/ubcevents"",""https:\/\/www.youtube.com\/user\/UBC#g\/c\/94CEF848B9790AE4""]}]}</script>
<!-- / Yoast SEO plugin. -->","{""title"": ""dialogue Archives - UBCevents"", ""robots"": {""index"": ""index"", ""follow"": ""follow"", ""max-snippet"": ""max-snippet:-1"", ""max-image-preview"": ""max-image-preview:large"", ""max-video-preview"": ""max-video-preview:-1""}, ""canonical"": ""https://events.ubc.ca/tag/dialogue/"", ""og_locale"": ""en_US"", ""og_type"": ""article"", ""og_title"": ""dialogue Archives - UBCevents"", ""og_url"": ""https://events.ubc.ca/tag/dialogue/"", ""og_site_name"": ""UBCevents"", ""twitter_card"": ""summary_large_image"", ""twitter_site"": ""@ubcevents"", ""schema"": {""@context"": ""https://schema.org"", ""@graph"": [{""@type"": ""CollectionPage"", ""@id"": ""https://events.ubc.ca/tag/dialogue/"", ""url"": ""https://events.ubc.ca/tag/dialogue/"", ""name"": ""dialogue Archives - UBCevents"", ""isPartOf"": {""@id"": ""https://events.ubc.ca/#website""}, ""breadcrumb"": {""@id"": ""https://events.ubc.ca/tag/dialogue/#breadcrumb""}, ""inLanguage"": ""en-US""}, {""@type"": ""BreadcrumbList"", ""@id"": ""https://events.ubc.ca/tag/dialogue/#breadcrumb"", ""itemListElement"": [{""@type"": ""ListItem"", ""position"": 1, ""name"": ""Home"", ""item"": ""https://events.ubc.ca/""}, {""@type"": ""ListItem"", ""position"": 2, ""name"": ""dialogue""}]}, {""@type"": ""WebSite"", ""@id"": ""https://events.ubc.ca/#website"", ""url"": ""https://events.ubc.ca/"", ""name"": ""UBC Events"", ""description"": """", ""publisher"": {""@id"": ""https://events.ubc.ca/#organization""}, ""potentialAction"": [{""@type"": ""SearchAction"", ""target"": {""@type"": ""EntryPoint"", ""urlTemplate"": ""https://events.ubc.ca/?s={search_term_string}""}, ""query-input"": {""@type"": ""PropertyValueSpecification"", ""valueRequired"": true, ""valueName"": ""search_term_string""}}], ""inLanguage"": ""en-US""}, {""@type"": ""Organization"", ""@id"": ""https://events.ubc.ca/#organization"", ""name"": ""UBC events"", ""url"": ""https://events.ubc.ca/"", ""logo"": {""@type"": ""ImageObject"", ""inLanguage"": ""en-US"", ""@id"": ""https://events.ubc.ca/#/schema/logo/image/"", ""url"": ""https://events.ubc.ca/wp-content/uploads/2023/11/ubc-logo-2018-crest-blue-rgb72.jpg"", ""contentUrl"": ""https://events.ubc.ca/wp-content/uploads/2023/11/ubc-logo-2018-crest-blue-rgb72.jpg"", ""width"": 99, ""height"": 135, ""caption"": ""UBC events""}, ""image"": {""@id"": ""https://events.ubc.ca/#/schema/logo/image/""}, ""sameAs"": [""https://www.facebook.com/universityofbc/"", ""https://x.com/ubcevents"", ""https://www.youtube.com/user/UBC#g/c/94CEF848B9790AE4""]}]}}",https://events.ubc.ca/tag/dialogue/,"{""self"": ""https://events.ubc.ca/wp-json/tribe/events/v1/tags/180"", ""collection"": ""https://events.ubc.ca/wp-json/tribe/events/v1/tags""}"
370,4,,Disability,disability,post_tag,[],"<!-- This site is optimized with the Yoast SEO plugin v28.2 - https://yoast.com/product/yoast-seo-wordpress/ -->
<title>Disability Archives - UBCevents</title>
<meta name=""robots"" content=""index, follow, max-snippet:-1, max-image-preview:large, max-video-preview:-1"" />
<link rel=""canonical"" href=""https://events.ubc.ca/tag/disability/"" />
<meta property=""og:locale"" content=""en_US"" />
<meta property=""og:type"" content=""article"" />
<meta property=""og:title"" content=""Disability Archives - UBCevents"" />
<meta property=""og:url"" content=""https://events.ubc.ca/tag/disability/"" />
<meta property=""og:site_name"" content=""UBCevents"" />
<meta name=""twitter:card"" content=""summary_large_image"" />
<meta name=""twitter:site"" content=""@ubcevents"" />
<script type=""application/ld+json"" class=""yoast-schema-graph"">{""@context"":""https:\/\/schema.org"",""@graph"":[{""@type"":""CollectionPage"",""@id"":""https:\/\/events.ubc.ca\/tag\/disability\/"",""url"":""https:\/\/events.ubc.ca\/tag\/disability\/"",""name"":""Disability Archives - UBCevents"",""isPartOf"":{""@id"":""https:\/\/events.ubc.ca\/#website""},""breadcrumb"":{""@id"":""https:\/\/events.ubc.ca\/tag\/disability\/#breadcrumb""},""inLanguage"":""en-US""},{""@type"":""BreadcrumbList"",""@id"":""https:\/\/events.ubc.ca\/tag\/disability\/#breadcrumb"",""itemListElement"":[{""@type"":""ListItem"",""position"":1,""name"":""Home"",""item"":""https:\/\/events.ubc.ca\/""},{""@type"":""ListItem"",""position"":2,""name"":""Disability""}]},{""@type"":""WebSite"",""@id"":""https:\/\/events.ubc.ca\/#website"",""url"":""https:\/\/events.ubc.ca\/"",""name"":""UBC Events"",""description"":"""",""publisher"":{""@id"":""https:\/\/events.ubc.ca\/#organization""},""potentialAction"":[{""@type"":""SearchAction"",""target"":{""@type"":""EntryPoint"",""urlTemplate"":""https:\/\/events.ubc.ca\/?s={search_term_string}""},""query-input"":{""@type"":""PropertyValueSpecification"",""valueRequired"":true,""valueName"":""search_term_string""}}],""inLanguage"":""en-US""},{""@type"":""Organization"",""@id"":""https:\/\/events.ubc.ca\/#organization"",""name"":""UBC events"",""url"":""https:\/\/events.ubc.ca\/"",""logo"":{""@type"":""ImageObject"",""inLanguage"":""en-US"",""@id"":""https:\/\/events.ubc.ca\/#\/schema\/logo\/image\/"",""url"":""https:\/\/events.ubc.ca\/wp-content\/uploads\/2023\/11\/ubc-logo-2018-crest-blue-rgb72.jpg"",""contentUrl"":""https:\/\/events.ubc.ca\/wp-content\/uploads\/2023\/11\/ubc-logo-2018-crest-blue-rgb72.jpg"",""width"":99,""height"":135,""caption"":""UBC events""},""image"":{""@id"":""https:\/\/events.ubc.ca\/#\/schema\/logo\/image\/""},""sameAs"":[""https:\/\/www.facebook.com\/universityofbc\/"",""https:\/\/x.com\/ubcevents"",""https:\/\/www.youtube.com\/user\/UBC#g\/c\/94CEF848B9790AE4""]}]}</script>
<!-- / Yoast SEO plugin. -->","{""title"": ""Disability Archives - UBCevents"", ""robots"": {""index"": ""index"", ""follow"": ""follow"", ""max-snippet"": ""max-snippet:-1"", ""max-image-preview"": ""max-image-preview:large"", ""max-video-preview"": ""max-video-preview:-1""}, ""canonical"": ""https://events.ubc.ca/tag/disability/"", ""og_locale"": ""en_US"", ""og_type"": ""article"", ""og_title"": ""Disability Archives - UBCevents"", ""og_url"": ""https://events.ubc.ca/tag/disability/"", ""og_site_name"": ""UBCevents"", ""twitter_card"": ""summary_large_image"", ""twitter_site"": ""@ubcevents"", ""schema"": {""@context"": ""https://schema.org"", ""@graph"": [{""@type"": ""CollectionPage"", ""@id"": ""https://events.ubc.ca/tag/disability/"", ""url"": ""https://events.ubc.ca/tag/disability/"", ""name"": ""Disability Archives - UBCevents"", ""isPartOf"": {""@id"": ""https://events.ubc.ca/#website""}, ""breadcrumb"": {""@id"": ""https://events.ubc.ca/tag/disability/#breadcrumb""}, ""inLanguage"": ""en-US""}, {""@type"": ""BreadcrumbList"", ""@id"": ""https://events.ubc.ca/tag/disability/#breadcrumb"", ""itemListElement"": [{""@type"": ""ListItem"", ""position"": 1, ""name"": ""Home"", ""item"": ""https://events.ubc.ca/""}, {""@type"": ""ListItem"", ""position"": 2, ""name"": ""Disability""}]}, {""@type"": ""WebSite"", ""@id"": ""https://events.ubc.ca/#website"", ""url"": ""https://events.ubc.ca/"", ""name"": ""UBC Events"", ""description"": """", ""publisher"": {""@id"": ""https://events.ubc.ca/#organization""}, ""potentialAction"": [{""@type"": ""SearchAction"", ""target"": {""@type"": ""EntryPoint"", ""urlTemplate"": ""https://events.ubc.ca/?s={search_term_string}""}, ""query-input"": {""@type"": ""PropertyValueSpecification"", ""valueRequired"": true, ""valueName"": ""search_term_string""}}], ""inLanguage"": ""en-US""}, {""@type"": ""Organization"", ""@id"": ""https://events.ubc.ca/#organization"", ""name"": ""UBC events"", ""url"": ""https://events.ubc.ca/"", ""logo"": {""@type"": ""ImageObject"", ""inLanguage"": ""en-US"", ""@id"": ""https://events.ubc.ca/#/schema/logo/image/"", ""url"": ""https://events.ubc.ca/wp-content/uploads/2023/11/ubc-logo-2018-crest-blue-rgb72.jpg"", ""contentUrl"": ""https://events.ubc.ca/wp-content/uploads/2023/11/ubc-logo-2018-crest-blue-rgb72.jpg"", ""width"": 99, ""height"": 135, ""caption"": ""UBC events""}, ""image"": {""@id"": ""https://events.ubc.ca/#/schema/logo/image/""}, ""sameAs"": [""https://www.facebook.com/universityofbc/"", ""https://x.com/ubcevents"", ""https://www.youtube.com/user/UBC#g/c/94CEF848B9790AE4""]}]}}",https://events.ubc.ca/tag/disability/,"{""self"": ""https://events.ubc.ca/wp-json/tribe/events/v1/tags/370"", ""collection"": ""https://events.ubc.ca/wp-json/tribe/events/v1/tags""}"
356,45,,environment,environment,post_tag,[],"<!-- This site is optimized with the Yoast SEO plugin v28.2 - https://yoast.com/product/yoast-seo-wordpress/ -->
<title>environment Archives - UBCevents</title>
<meta name=""robots"" content=""index, follow, max-snippet:-1, max-image-preview:large, max-video-preview:-1"" />
<link rel=""canonical"" href=""https://events.ubc.ca/tag/environment/"" />
<meta property=""og:locale"" content=""en_US"" />
<meta property=""og:type"" content=""article"" />
<meta property=""og:title"" content=""environment Archives - UBCevents"" />
<meta property=""og:url"" content=""https://events.ubc.ca/tag/environment/"" />
<meta property=""og:site_name"" content=""UBCevents"" />
<meta name=""twitter:card"" content=""summary_large_image"" />
<meta name=""twitter:site"" content=""@ubcevents"" />
<script type=""application/ld+json"" class=""yoast-schema-graph"">{""@context"":""https:\/\/schema.org"",""@graph"":[{""@type"":""CollectionPage"",""@id"":""https:\/\/events.ubc.ca\/tag\/environment\/"",""url"":""https:\/\/events.ubc.ca\/tag\/environment\/"",""name"":""environment Archives - UBCevents"",""isPartOf"":{""@id"":""https:\/\/events.ubc.ca\/#website""},""breadcrumb"":{""@id"":""https:\/\/events.ubc.ca\/tag\/environment\/#breadcrumb""},""inLanguage"":""en-US""},{""@type"":""BreadcrumbList"",""@id"":""https:\/\/events.ubc.ca\/tag\/environment\/#breadcrumb"",""itemListElement"":[{""@type"":""ListItem"",""position"":1,""name"":""Home"",""item"":""https:\/\/events.ubc.ca\/""},{""@type"":""ListItem"",""position"":2,""name"":""environment""}]},{""@type"":""WebSite"",""@id"":""https:\/\/events.ubc.ca\/#website"",""url"":""https:\/\/events.ubc.ca\/"",""name"":""UBC Events"",""description"":"""",""publisher"":{""@id"":""https:\/\/events.ubc.ca\/#organization""},""potentialAction"":[{""@type"":""SearchAction"",""target"":{""@type"":""EntryPoint"",""urlTemplate"":""https:\/\/events.ubc.ca\/?s={search_term_string}""},""query-input"":{""@type"":""PropertyValueSpecification"",""valueRequired"":true,""valueName"":""search_term_string""}}],""inLanguage"":""en-US""},{""@type"":""Organization"",""@id"":""https:\/\/events.ubc.ca\/#organization"",""name"":""UBC events"",""url"":""https:\/\/events.ubc.ca\/"",""logo"":{""@type"":""ImageObject"",""inLanguage"":""en-US"",""@id"":""https:\/\/events.ubc.ca\/#\/schema\/logo\/image\/"",""url"":""https:\/\/events.ubc.ca\/wp-content\/uploads\/2023\/11\/ubc-logo-2018-crest-blue-rgb72.jpg"",""contentUrl"":""https:\/\/events.ubc.ca\/wp-content\/uploads\/2023\/11\/ubc-logo-2018-crest-blue-rgb72.jpg"",""width"":99,""height"":135,""caption"":""UBC events""},""image"":{""@id"":""https:\/\/events.ubc.ca\/#\/schema\/logo\/image\/""},""sameAs"":[""https:\/\/www.facebook.com\/universityofbc\/"",""https:\/\/x.com\/ubcevents"",""https:\/\/www.youtube.com\/user\/UBC#g\/c\/94CEF848B9790AE4""]}]}</script>
<!-- / Yoast SEO plugin. -->","{""title"": ""environment Archives - UBCevents"", ""robots"": {""index"": ""index"", ""follow"": ""follow"", ""max-snippet"": ""max-snippet:-1"", ""max-image-preview"": ""max-image-preview:large"", ""max-video-preview"": ""max-video-preview:-1""}, ""canonical"": ""https://events.ubc.ca/tag/environment/"", ""og_locale"": ""en_US"", ""og_type"": ""article"", ""og_title"": ""environment Archives - UBCevents"", ""og_url"": ""https://events.ubc.ca/tag/environment/"", ""og_site_name"": ""UBCevents"", ""twitter_card"": ""summary_large_image"", ""twitter_site"": ""@ubcevents"", ""schema"": {""@context"": ""https://schema.org"", ""@graph"": [{""@type"": ""CollectionPage"", ""@id"": ""https://events.ubc.ca/tag/environment/"", ""url"": ""https://events.ubc.ca/tag/environment/"", ""name"": ""environment Archives - UBCevents"", ""isPartOf"": {""@id"": ""https://events.ubc.ca/#website""}, ""breadcrumb"": {""@id"": ""https://events.ubc.ca/tag/environment/#breadcrumb""}, ""inLanguage"": ""en-US""}, {""@type"": ""BreadcrumbList"", ""@id"": ""https://events.ubc.ca/tag/environment/#breadcrumb"", ""itemListElement"": [{""@type"": ""ListItem"", ""position"": 1, ""name"": ""Home"", ""item"": ""https://events.ubc.ca/""}, {""@type"": ""ListItem"", ""position"": 2, ""name"": ""environment""}]}, {""@type"": ""WebSite"", ""@id"": ""https://events.ubc.ca/#website"", ""url"": ""https://events.ubc.ca/"", ""name"": ""UBC Events"", ""description"": """", ""publisher"": {""@id"": ""https://events.ubc.ca/#organization""}, ""potentialAction"": [{""@type"": ""SearchAction"", ""target"": {""@type"": ""EntryPoint"", ""urlTemplate"": ""https://events.ubc.ca/?s={search_term_string}""}, ""query-input"": {""@type"": ""PropertyValueSpecification"", ""valueRequired"": true, ""valueName"": ""search_term_string""}}], ""inLanguage"": ""en-US""}, {""@type"": ""Organization"", ""@id"": ""https://events.ubc.ca/#organization"", ""name"": ""UBC events"", ""url"": ""https://events.ubc.ca/"", ""logo"": {""@type"": ""ImageObject"", ""inLanguage"": ""en-US"", ""@id"": ""https://events.ubc.ca/#/schema/logo/image/"", ""url"": ""https://events.ubc.ca/wp-content/uploads/2023/11/ubc-logo-2018-crest-blue-rgb72.jpg"", ""contentUrl"": ""https://events.ubc.ca/wp-content/uploads/2023/11/ubc-logo-2018-crest-blue-rgb72.jpg"", ""width"": 99, ""height"": 135, ""caption"": ""UBC events""}, ""image"": {""@id"": ""https://events.ubc.ca/#/schema/logo/image/""}, ""sameAs"": [""https://www.facebook.com/universityofbc/"", ""https://x.com/ubcevents"", ""https://www.youtube.com/user/UBC#g/c/94CEF848B9790AE4""]}]}}",https://events.ubc.ca/tag/environment/,"{""self"": ""https://events.ubc.ca/wp-json/tribe/events/v1/tags/356"", ""collection"": ""https://events.ubc.ca/wp-json/tribe/events/v1/tags""}"
338,10,,event planning,event-planning,post_tag,[],"<!-- This site is optimized with the Yoast SEO plugin v28.2 - https://yoast.com/product/yoast-seo-wordpress/ -->
<title>event planning Archives - UBCevents</title>
<meta name=""robots"" content=""index, follow, max-snippet:-1, max-image-preview:large, max-video-preview:-1"" />
<link rel=""canonical"" href=""https://events.ubc.ca/tag/event-planning/"" />
<meta property=""og:locale"" content=""en_US"" />
<meta property=""og:type"" content=""article"" />
<meta property=""og:title"" content=""event planning Archives - UBCevents"" />
<meta property=""og:url"" content=""https://events.ubc.ca/tag/event-planning/"" />
<meta property=""og:site_name"" content=""UBCevents"" />
<meta name=""twitter:card"" content=""summary_large_image"" />
<meta name=""twitter:site"" content=""@ubcevents"" />
<script type=""application/ld+json"" class=""yoast-schema-graph"">{""@context"":""https:\/\/schema.org"",""@graph"":[{""@type"":""CollectionPage"",""@id"":""https:\/\/events.ubc.ca\/tag\/event-planning\/"",""url"":""https:\/\/events.ubc.ca\/tag\/event-planning\/"",""name"":""event planning Archives - UBCevents"",""isPartOf"":{""@id"":""https:\/\/events.ubc.ca\/#website""},""breadcrumb"":{""@id"":""https:\/\/events.ubc.ca\/tag\/event-planning\/#breadcrumb""},""inLanguage"":""en-US""},{""@type"":""BreadcrumbList"",""@id"":""https:\/\/events.ubc.ca\/tag\/event-planning\/#breadcrumb"",""itemListElement"":[{""@type"":""ListItem"",""position"":1,""name"":""Home"",""item"":""https:\/\/events.ubc.ca\/""},{""@type"":""ListItem"",""position"":2,""name"":""event planning""}]},{""@type"":""WebSite"",""@id"":""https:\/\/events.ubc.ca\/#website"",""url"":""https:\/\/events.ubc.ca\/"",""name"":""UBC Events"",""description"":"""",""publisher"":{""@id"":""https:\/\/events.ubc.ca\/#organization""},""potentialAction"":[{""@type"":""SearchAction"",""target"":{""@type"":""EntryPoint"",""urlTemplate"":""https:\/\/events.ubc.ca\/?s={search_term_string}""},""query-input"":{""@type"":""PropertyValueSpecification"",""valueRequired"":true,""valueName"":""search_term_string""}}],""inLanguage"":""en-US""},{""@type"":""Organization"",""@id"":""https:\/\/events.ubc.ca\/#organization"",""name"":""UBC events"",""url"":""https:\/\/events.ubc.ca\/"",""logo"":{""@type"":""ImageObject"",""inLanguage"":""en-US"",""@id"":""https:\/\/events.ubc.ca\/#\/schema\/logo\/image\/"",""url"":""https:\/\/events.ubc.ca\/wp-content\/uploads\/2023\/11\/ubc-logo-2018-crest-blue-rgb72.jpg"",""contentUrl"":""https:\/\/events.ubc.ca\/wp-content\/uploads\/2023\/11\/ubc-logo-2018-crest-blue-rgb72.jpg"",""width"":99,""height"":135,""caption"":""UBC events""},""image"":{""@id"":""https:\/\/events.ubc.ca\/#\/schema\/logo\/image\/""},""sameAs"":[""https:\/\/www.facebook.com\/universityofbc\/"",""https:\/\/x.com\/ubcevents"",""https:\/\/www.youtube.com\/user\/UBC#g\/c\/94CEF848B9790AE4""]}]}</script>
<!-- / Yoast SEO plugin. -->","{""title"": ""event planning Archives - UBCevents"", ""robots"": {""index"": ""index"", ""follow"": ""follow"", ""max-snippet"": ""max-snippet:-1"", ""max-image-preview"": ""max-image-preview:large"", ""max-video-preview"": ""max-video-preview:-1""}, ""canonical"": ""https://events.ubc.ca/tag/event-planning/"", ""og_locale"": ""en_US"", ""og_type"": ""article"", ""og_title"": ""event planning Archives - UBCevents"", ""og_url"": ""https://events.ubc.ca/tag/event-planning/"", ""og_site_name"": ""UBCevents"", ""twitter_card"": ""summary_large_image"", ""twitter_site"": ""@ubcevents"", ""schema"": {""@context"": ""https://schema.org"", ""@graph"": [{""@type"": ""CollectionPage"", ""@id"": ""https://events.ubc.ca/tag/event-planning/"", ""url"": ""https://events.ubc.ca/tag/event-planning/"", ""name"": ""event planning Archives - UBCevents"", ""isPartOf"": {""@id"": ""https://events.ubc.ca/#website""}, ""breadcrumb"": {""@id"": ""https://events.ubc.ca/tag/event-planning/#breadcrumb""}, ""inLanguage"": ""en-US""}, {""@type"": ""BreadcrumbList"", ""@id"": ""https://events.ubc.ca/tag/event-planning/#breadcrumb"", ""itemListElement"": [{""@type"": ""ListItem"", ""position"": 1, ""name"": ""Home"", ""item"": ""https://events.ubc.ca/""}, {""@type"": ""ListItem"", ""position"": 2, ""name"": ""event planning""}]}, {""@type"": ""WebSite"", ""@id"": ""https://events.ubc.ca/#website"", ""url"": ""https://events.ubc.ca/"", ""name"": ""UBC Events"", ""description"": """", ""publisher"": {""@id"": ""https://events.ubc.ca/#organization""}, ""potentialAction"": [{""@type"": ""SearchAction"", ""target"": {""@type"": ""EntryPoint"", ""urlTemplate"": ""https://events.ubc.ca/?s={search_term_string}""}, ""query-input"": {""@type"": ""PropertyValueSpecification"", ""valueRequired"": true, ""valueName"": ""search_term_string""}}], ""inLanguage"": ""en-US""}, {""@type"": ""Organization"", ""@id"": ""https://events.ubc.ca/#organization"", ""name"": ""UBC events"", ""url"": ""https://events.ubc.ca/"", ""logo"": {""@type"": ""ImageObject"", ""inLanguage"": ""en-US"", ""@id"": ""https://events.ubc.ca/#/schema/logo/image/"", ""url"": ""https://events.ubc.ca/wp-content/uploads/2023/11/ubc-logo-2018-crest-blue-rgb72.jpg"", ""contentUrl"": ""https://events.ubc.ca/wp-content/uploads/2023/11/ubc-logo-2018-crest-blue-rgb72.jpg"", ""width"": 99, ""height"": 135, ""caption"": ""UBC events""}, ""image"": {""@id"": ""https://events.ubc.ca/#/schema/logo/image/""}, ""sameAs"": [""https://www.facebook.com/universityofbc/"", ""https://x.com/ubcevents"", ""https://www.youtube.com/user/UBC#g/c/94CEF848B9790AE4""]}]}}",https://events.ubc.ca/tag/event-planning/,"{""self"": ""https://events.ubc.ca/wp-json/tribe/events/v1/tags/338"", ""collection"": ""https://events.ubc.ca/wp-json/tribe/events/v1/tags""}"
368,2,,Faith + culture,faith-culture,post_tag,[],"<!-- This site is optimized with the Yoast SEO plugin v28.2 - https://yoast.com/product/yoast-seo-wordpress/ -->
<title>Faith + culture Archives - UBCevents</title>
<meta name=""robots"" content=""index, follow, max-snippet:-1, max-image-preview:large, max-video-preview:-1"" />
<link rel=""canonical"" href=""https://events.ubc.ca/tag/faith-culture/"" />
<meta property=""og:locale"" content=""en_US"" />
<meta property=""og:type"" content=""article"" />
<meta property=""og:title"" content=""Faith + culture Archives - UBCevents"" />
<meta property=""og:url"" content=""https://events.ubc.ca/tag/faith-culture/"" />
<meta property=""og:site_name"" content=""UBCevents"" />
<meta name=""twitter:card"" content=""summary_large_image"" />
<meta name=""twitter:site"" content=""@ubcevents"" />
<script type=""application/ld+json"" class=""yoast-schema-graph"">{""@context"":""https:\/\/schema.org"",""@graph"":[{""@type"":""CollectionPage"",""@id"":""https:\/\/events.ubc.ca\/tag\/faith-culture\/"",""url"":""https:\/\/events.ubc.ca\/tag\/faith-culture\/"",""name"":""Faith + culture Archives - UBCevents"",""isPartOf"":{""@id"":""https:\/\/events.ubc.ca\/#website""},""breadcrumb"":{""@id"":""https:\/\/events.ubc.ca\/tag\/faith-culture\/#breadcrumb""},""inLanguage"":""en-US""},{""@type"":""BreadcrumbList"",""@id"":""https:\/\/events.ubc.ca\/tag\/faith-culture\/#breadcrumb"",""itemListElement"":[{""@type"":""ListItem"",""position"":1,""name"":""Home"",""item"":""https:\/\/events.ubc.ca\/""},{""@type"":""ListItem"",""position"":2,""name"":""Faith + culture""}]},{""@type"":""WebSite"",""@id"":""https:\/\/events.ubc.ca\/#website"",""url"":""https:\/\/events.ubc.ca\/"",""name"":""UBC Events"",""description"":"""",""publisher"":{""@id"":""https:\/\/events.ubc.ca\/#organization""},""potentialAction"":[{""@type"":""SearchAction"",""target"":{""@type"":""EntryPoint"",""urlTemplate"":""https:\/\/events.ubc.ca\/?s={search_term_string}""},""query-input"":{""@type"":""PropertyValueSpecification"",""valueRequired"":true,""valueName"":""search_term_string""}}],""inLanguage"":""en-US""},{""@type"":""Organization"",""@id"":""https:\/\/events.ubc.ca\/#organization"",""name"":""UBC events"",""url"":""https:\/\/events.ubc.ca\/"",""logo"":{""@type"":""ImageObject"",""inLanguage"":""en-US"",""@id"":""https:\/\/events.ubc.ca\/#\/schema\/logo\/image\/"",""url"":""https:\/\/events.ubc.ca\/wp-content\/uploads\/2023\/11\/ubc-logo-2018-crest-blue-rgb72.jpg"",""contentUrl"":""https:\/\/events.ubc.ca\/wp-content\/uploads\/2023\/11\/ubc-logo-2018-crest-blue-rgb72.jpg"",""width"":99,""height"":135,""caption"":""UBC events""},""image"":{""@id"":""https:\/\/events.ubc.ca\/#\/schema\/logo\/image\/""},""sameAs"":[""https:\/\/www.facebook.com\/universityofbc\/"",""https:\/\/x.com\/ubcevents"",""https:\/\/www.youtube.com\/user\/UBC#g\/c\/94CEF848B9790AE4""]}]}</script>
<!-- / Yoast SEO plugin. -->","{""title"": ""Faith + culture Archives - UBCevents"", ""robots"": {""index"": ""index"", ""follow"": ""follow"", ""max-snippet"": ""max-snippet:-1"", ""max-image-preview"": ""max-image-preview:large"", ""max-video-preview"": ""max-video-preview:-1""}, ""canonical"": ""https://events.ubc.ca/tag/faith-culture/"", ""og_locale"": ""en_US"", ""og_type"": ""article"", ""og_title"": ""Faith + culture Archives - UBCevents"", ""og_url"": ""https://events.ubc.ca/tag/faith-culture/"", ""og_site_name"": ""UBCevents"", ""twitter_card"": ""summary_large_image"", ""twitter_site"": ""@ubcevents"", ""schema"": {""@context"": ""https://schema.org"", ""@graph"": [{""@type"": ""CollectionPage"", ""@id"": ""https://events.ubc.ca/tag/faith-culture/"", ""url"": ""https://events.ubc.ca/tag/faith-culture/"", ""name"": ""Faith + culture Archives - UBCevents"", ""isPartOf"": {""@id"": ""https://events.ubc.ca/#website""}, ""breadcrumb"": {""@id"": ""https://events.ubc.ca/tag/faith-culture/#breadcrumb""}, ""inLanguage"": ""en-US""}, {""@type"": ""BreadcrumbList"", ""@id"": ""https://events.ubc.ca/tag/faith-culture/#breadcrumb"", ""itemListElement"": [{""@type"": ""ListItem"", ""position"": 1, ""name"": ""Home"", ""item"": ""https://events.ubc.ca/""}, {""@type"": ""ListItem"", ""position"": 2, ""name"": ""Faith + culture""}]}, {""@type"": ""WebSite"", ""@id"": ""https://events.ubc.ca/#website"", ""url"": ""https://events.ubc.ca/"", ""name"": ""UBC Events"", ""description"": """", ""publisher"": {""@id"": ""https://events.ubc.ca/#organization""}, ""potentialAction"": [{""@type"": ""SearchAction"", ""target"": {""@type"": ""EntryPoint"", ""urlTemplate"": ""https://events.ubc.ca/?s={search_term_string}""}, ""query-input"": {""@type"": ""PropertyValueSpecification"", ""valueRequired"": true, ""valueName"": ""search_term_string""}}], ""inLanguage"": ""en-US""}, {""@type"": ""Organization"", ""@id"": ""https://events.ubc.ca/#organization"", ""name"": ""UBC events"", ""url"": ""https://events.ubc.ca/"", ""logo"": {""@type"": ""ImageObject"", ""inLanguage"": ""en-US"", ""@id"": ""https://events.ubc.ca/#/schema/logo/image/"", ""url"": ""https://events.ubc.ca/wp-content/uploads/2023/11/ubc-logo-2018-crest-blue-rgb72.jpg"", ""contentUrl"": ""https://events.ubc.ca/wp-content/uploads/2023/11/ubc-logo-2018-crest-blue-rgb72.jpg"", ""width"": 99, ""height"": 135, ""caption"": ""UBC events""}, ""image"": {""@id"": ""https://events.ubc.ca/#/schema/logo/image/""}, ""sameAs"": [""https://www.facebook.com/universityofbc/"", ""https://x.com/ubcevents"", ""https://www.youtube.com/user/UBC#g/c/94CEF848B9790AE4""]}]}}",https://events.ubc.ca/tag/faith-culture/,"{""self"": ""https://events.ubc.ca/wp-json/tribe/events/v1/tags/368"", ""collection"": ""https://events.ubc.ca/wp-json/tribe/events/v1/tags""}"
334,12,,film festival,film-festival,post_tag,[],"<!-- This site is optimized with the Yoast SEO plugin v28.2 - https://yoast.com/product/yoast-seo-wordpress/ -->
<title>film festival Archives - UBCevents</title>
<meta name=""robots"" content=""index, follow, max-snippet:-1, max-image-preview:large, max-video-preview:-1"" />
<link rel=""canonical"" href=""https://events.ubc.ca/tag/film-festival/"" />
<meta property=""og:locale"" content=""en_US"" />
<meta property=""og:type"" content=""article"" />
<meta property=""og:title"" content=""film festival Archives - UBCevents"" />
<meta property=""og:url"" content=""https://events.ubc.ca/tag/film-festival/"" />
<meta property=""og:site_name"" content=""UBCevents"" />
<meta name=""twitter:card"" content=""summary_large_image"" />
<meta name=""twitter:site"" content=""@ubcevents"" />
<script type=""application/ld+json"" class=""yoast-schema-graph"">{""@context"":""https:\/\/schema.org"",""@graph"":[{""@type"":""CollectionPage"",""@id"":""https:\/\/events.ubc.ca\/tag\/film-festival\/"",""url"":""https:\/\/events.ubc.ca\/tag\/film-festival\/"",""name"":""film festival Archives - UBCevents"",""isPartOf"":{""@id"":""https:\/\/events.ubc.ca\/#website""},""breadcrumb"":{""@id"":""https:\/\/events.ubc.ca\/tag\/film-festival\/#breadcrumb""},""inLanguage"":""en-US""},{""@type"":""BreadcrumbList"",""@id"":""https:\/\/events.ubc.ca\/tag\/film-festival\/#breadcrumb"",""itemListElement"":[{""@type"":""ListItem"",""position"":1,""name"":""Home"",""item"":""https:\/\/events.ubc.ca\/""},{""@type"":""ListItem"",""position"":2,""name"":""film festival""}]},{""@type"":""WebSite"",""@id"":""https:\/\/events.ubc.ca\/#website"",""url"":""https:\/\/events.ubc.ca\/"",""name"":""UBC Events"",""description"":"""",""publisher"":{""@id"":""https:\/\/events.ubc.ca\/#organization""},""potentialAction"":[{""@type"":""SearchAction"",""target"":{""@type"":""EntryPoint"",""urlTemplate"":""https:\/\/events.ubc.ca\/?s={search_term_string}""},""query-input"":{""@type"":""PropertyValueSpecification"",""valueRequired"":true,""valueName"":""search_term_string""}}],""inLanguage"":""en-US""},{""@type"":""Organization"",""@id"":""https:\/\/events.ubc.ca\/#organization"",""name"":""UBC events"",""url"":""https:\/\/events.ubc.ca\/"",""logo"":{""@type"":""ImageObject"",""inLanguage"":""en-US"",""@id"":""https:\/\/events.ubc.ca\/#\/schema\/logo\/image\/"",""url"":""https:\/\/events.ubc.ca\/wp-content\/uploads\/2023\/11\/ubc-logo-2018-crest-blue-rgb72.jpg"",""contentUrl"":""https:\/\/events.ubc.ca\/wp-content\/uploads\/2023\/11\/ubc-logo-2018-crest-blue-rgb72.jpg"",""width"":99,""height"":135,""caption"":""UBC events""},""image"":{""@id"":""https:\/\/events.ubc.ca\/#\/schema\/logo\/image\/""},""sameAs"":[""https:\/\/www.facebook.com\/universityofbc\/"",""https:\/\/x.com\/ubcevents"",""https:\/\/www.youtube.com\/user\/UBC#g\/c\/94CEF848B9790AE4""]}]}</script>
<!-- / Yoast SEO plugin. -->","{""title"": ""film festival Archives - UBCevents"", ""robots"": {""index"": ""index"", ""follow"": ""follow"", ""max-snippet"": ""max-snippet:-1"", ""max-image-preview"": ""max-image-preview:large"", ""max-video-preview"": ""max-video-preview:-1""}, ""canonical"": ""https://events.ubc.ca/tag/film-festival/"", ""og_locale"": ""en_US"", ""og_type"": ""article"", ""og_title"": ""film festival Archives - UBCevents"", ""og_url"": ""https://events.ubc.ca/tag/film-festival/"", ""og_site_name"": ""UBCevents"", ""twitter_card"": ""summary_large_image"", ""twitter_site"": ""@ubcevents"", ""schema"": {""@context"": ""https://schema.org"", ""@graph"": [{""@type"": ""CollectionPage"", ""@id"": ""https://events.ubc.ca/tag/film-festival/"", ""url"": ""https://events.ubc.ca/tag/film-festival/"", ""name"": ""film festival Archives - UBCevents"", ""isPartOf"": {""@id"": ""https://events.ubc.ca/#website""}, ""breadcrumb"": {""@id"": ""https://events.ubc.ca/tag/film-festival/#breadcrumb""}, ""inLanguage"": ""en-US""}, {""@type"": ""BreadcrumbList"", ""@id"": ""https://events.ubc.ca/tag/film-festival/#breadcrumb"", ""itemListElement"": [{""@type"": ""ListItem"", ""position"": 1, ""name"": ""Home"", ""item"": ""https://events.ubc.ca/""}, {""@type"": ""ListItem"", ""position"": 2, ""name"": ""film festival""}]}, {""@type"": ""WebSite"", ""@id"": ""https://events.ubc.ca/#website"", ""url"": ""https://events.ubc.ca/"", ""name"": ""UBC Events"", ""description"": """", ""publisher"": {""@id"": ""https://events.ubc.ca/#organization""}, ""potentialAction"": [{""@type"": ""SearchAction"", ""target"": {""@type"": ""EntryPoint"", ""urlTemplate"": ""https://events.ubc.ca/?s={search_term_string}""}, ""query-input"": {""@type"": ""PropertyValueSpecification"", ""valueRequired"": true, ""valueName"": ""search_term_string""}}], ""inLanguage"": ""en-US""}, {""@type"": ""Organization"", ""@id"": ""https://events.ubc.ca/#organization"", ""name"": ""UBC events"", ""url"": ""https://events.ubc.ca/"", ""logo"": {""@type"": ""ImageObject"", ""inLanguage"": ""en-US"", ""@id"": ""https://events.ubc.ca/#/schema/logo/image/"", ""url"": ""https://events.ubc.ca/wp-content/uploads/2023/11/ubc-logo-2018-crest-blue-rgb72.jpg"", ""contentUrl"": ""https://events.ubc.ca/wp-content/uploads/2023/11/ubc-logo-2018-crest-blue-rgb72.jpg"", ""width"": 99, ""height"": 135, ""caption"": ""UBC events""}, ""image"": {""@id"": ""https://events.ubc.ca/#/schema/logo/image/""}, ""sameAs"": [""https://www.facebook.com/universityofbc/"", ""https://x.com/ubcevents"", ""https://www.youtube.com/user/UBC#g/c/94CEF848B9790AE4""]}]}}",https://events.ubc.ca/tag/film-festival/,"{""self"": ""https://events.ubc.ca/wp-json/tribe/events/v1/tags/334"", ""collection"": ""https://events.ubc.ca/wp-json/tribe/events/v1/tags""}"
179,74,,film screening,film-screening,post_tag,[],"<!-- This site is optimized with the Yoast SEO plugin v28.2 - https://yoast.com/product/yoast-seo-wordpress/ -->
<title>film screening Archives - UBCevents</title>
<meta name=""robots"" content=""index, follow, max-snippet:-1, max-image-preview:large, max-video-preview:-1"" />
<link rel=""canonical"" href=""https://events.ubc.ca/tag/film-screening/"" />
<meta property=""og:locale"" content=""en_US"" />
<meta property=""og:type"" content=""article"" />
<meta property=""og:title"" content=""film screening Archives - UBCevents"" />
<meta property=""og:url"" content=""https://events.ubc.ca/tag/film-screening/"" />
<meta property=""og:site_name"" content=""UBCevents"" />
<meta name=""twitter:card"" content=""summary_large_image"" />
<meta name=""twitter:site"" content=""@ubcevents"" />
<script type=""application/ld+json"" class=""yoast-schema-graph"">{""@context"":""https:\/\/schema.org"",""@graph"":[{""@type"":""CollectionPage"",""@id"":""https:\/\/events.ubc.ca\/tag\/film-screening\/"",""url"":""https:\/\/events.ubc.ca\/tag\/film-screening\/"",""name"":""film screening Archives - UBCevents"",""isPartOf"":{""@id"":""https:\/\/events.ubc.ca\/#website""},""breadcrumb"":{""@id"":""https:\/\/events.ubc.ca\/tag\/film-screening\/#breadcrumb""},""inLanguage"":""en-US""},{""@type"":""BreadcrumbList"",""@id"":""https:\/\/events.ubc.ca\/tag\/film-screening\/#breadcrumb"",""itemListElement"":[{""@type"":""ListItem"",""position"":1,""name"":""Home"",""item"":""https:\/\/events.ubc.ca\/""},{""@type"":""ListItem"",""position"":2,""name"":""film screening""}]},{""@type"":""WebSite"",""@id"":""https:\/\/events.ubc.ca\/#website"",""url"":""https:\/\/events.ubc.ca\/"",""name"":""UBC Events"",""description"":"""",""publisher"":{""@id"":""https:\/\/events.ubc.ca\/#organization""},""potentialAction"":[{""@type"":""SearchAction"",""target"":{""@type"":""EntryPoint"",""urlTemplate"":""https:\/\/events.ubc.ca\/?s={search_term_string}""},""query-input"":{""@type"":""PropertyValueSpecification"",""valueRequired"":true,""valueName"":""search_term_string""}}],""inLanguage"":""en-US""},{""@type"":""Organization"",""@id"":""https:\/\/events.ubc.ca\/#organization"",""name"":""UBC events"",""url"":""https:\/\/events.ubc.ca\/"",""logo"":{""@type"":""ImageObject"",""inLanguage"":""en-US"",""@id"":""https:\/\/events.ubc.ca\/#\/schema\/logo\/image\/"",""url"":""https:\/\/events.ubc.ca\/wp-content\/uploads\/2023\/11\/ubc-logo-2018-crest-blue-rgb72.jpg"",""contentUrl"":""https:\/\/events.ubc.ca\/wp-content\/uploads\/2023\/11\/ubc-logo-2018-crest-blue-rgb72.jpg"",""width"":99,""height"":135,""caption"":""UBC events""},""image"":{""@id"":""https:\/\/events.ubc.ca\/#\/schema\/logo\/image\/""},""sameAs"":[""https:\/\/www.facebook.com\/universityofbc\/"",""https:\/\/x.com\/ubcevents"",""https:\/\/www.youtube.com\/user\/UBC#g\/c\/94CEF848B9790AE4""]}]}</script>
<!-- / Yoast SEO plugin. -->","{""title"": ""film screening Archives - UBCevents"", ""robots"": {""index"": ""index"", ""follow"": ""follow"", ""max-snippet"": ""max-snippet:-1"", ""max-image-preview"": ""max-image-preview:large"", ""max-video-preview"": ""max-video-preview:-1""}, ""canonical"": ""https://events.ubc.ca/tag/film-screening/"", ""og_locale"": ""en_US"", ""og_type"": ""article"", ""og_title"": ""film screening Archives - UBCevents"", ""og_url"": ""https://events.ubc.ca/tag/film-screening/"", ""og_site_name"": ""UBCevents"", ""twitter_card"": ""summary_large_image"", ""twitter_site"": ""@ubcevents"", ""schema"": {""@context"": ""https://schema.org"", ""@graph"": [{""@type"": ""CollectionPage"", ""@id"": ""https://events.ubc.ca/tag/film-screening/"", ""url"": ""https://events.ubc.ca/tag/film-screening/"", ""name"": ""film screening Archives - UBCevents"", ""isPartOf"": {""@id"": ""https://events.ubc.ca/#website""}, ""breadcrumb"": {""@id"": ""https://events.ubc.ca/tag/film-screening/#breadcrumb""}, ""inLanguage"": ""en-US""}, {""@type"": ""BreadcrumbList"", ""@id"": ""https://events.ubc.ca/tag/film-screening/#breadcrumb"", ""itemListElement"": [{""@type"": ""ListItem"", ""position"": 1, ""name"": ""Home"", ""item"": ""https://events.ubc.ca/""}, {""@type"": ""ListItem"", ""position"": 2, ""name"": ""film screening""}]}, {""@type"": ""WebSite"", ""@id"": ""https://events.ubc.ca/#website"", ""url"": ""https://events.ubc.ca/"", ""name"": ""UBC Events"", ""description"": """", ""publisher"": {""@id"": ""https://events.ubc.ca/#organization""}, ""potentialAction"": [{""@type"": ""SearchAction"", ""target"": {""@type"": ""EntryPoint"", ""urlTemplate"": ""https://events.ubc.ca/?s={search_term_string}""}, ""query-input"": {""@type"": ""PropertyValueSpecification"", ""valueRequired"": true, ""valueName"": ""search_term_string""}}], ""inLanguage"": ""en-US""}, {""@type"": ""Organization"", ""@id"": ""https://events.ubc.ca/#organization"", ""name"": ""UBC events"", ""url"": ""https://events.ubc.ca/"", ""logo"": {""@type"": ""ImageObject"", ""inLanguage"": ""en-US"", ""@id"": ""https://events.ubc.ca/#/schema/logo/image/"", ""url"": ""https://events.ubc.ca/wp-content/uploads/2023/11/ubc-logo-2018-crest-blue-rgb72.jpg"", ""contentUrl"": ""https://events.ubc.ca/wp-content/uploads/2023/11/ubc-logo-2018-crest-blue-rgb72.jpg"", ""width"": 99, ""height"": 135, ""caption"": ""UBC events""}, ""image"": {""@id"": ""https://events.ubc.ca/#/schema/logo/image/""}, ""sameAs"": [""https://www.facebook.com/universityofbc/"", ""https://x.com/ubcevents"", ""https://www.youtube.com/user/UBC#g/c/94CEF848B9790AE4""]}]}}",https://events.ubc.ca/tag/film-screening/,"{""self"": ""https://events.ubc.ca/wp-json/tribe/events/v1/tags/179"", ""collection"": ""https://events.ubc.ca/wp-json/tribe/events/v1/tags""}"
330,36,,fisheries,fisheries,post_tag,[],"<!-- This site is optimized with the Yoast SEO plugin v28.2 - https://yoast.com/product/yoast-seo-wordpress/ -->
<title>fisheries Archives - UBCevents</title>
<meta name=""robots"" content=""index, follow, max-snippet:-1, max-image-preview:large, max-video-preview:-1"" />
<link rel=""canonical"" href=""https://events.ubc.ca/tag/fisheries/"" />
<meta property=""og:locale"" content=""en_US"" />
<meta property=""og:type"" content=""article"" />
<meta property=""og:title"" content=""fisheries Archives - UBCevents"" />
<meta property=""og:url"" content=""https://events.ubc.ca/tag/fisheries/"" />
<meta property=""og:site_name"" content=""UBCevents"" />
<meta name=""twitter:card"" content=""summary_large_image"" />
<meta name=""twitter:site"" content=""@ubcevents"" />
<script type=""application/ld+json"" class=""yoast-schema-graph"">{""@context"":""https:\/\/schema.org"",""@graph"":[{""@type"":""CollectionPage"",""@id"":""https:\/\/events.ubc.ca\/tag\/fisheries\/"",""url"":""https:\/\/events.ubc.ca\/tag\/fisheries\/"",""name"":""fisheries Archives - UBCevents"",""isPartOf"":{""@id"":""https:\/\/events.ubc.ca\/#website""},""breadcrumb"":{""@id"":""https:\/\/events.ubc.ca\/tag\/fisheries\/#breadcrumb""},""inLanguage"":""en-US""},{""@type"":""BreadcrumbList"",""@id"":""https:\/\/events.ubc.ca\/tag\/fisheries\/#breadcrumb"",""itemListElement"":[{""@type"":""ListItem"",""position"":1,""name"":""Home"",""item"":""https:\/\/events.ubc.ca\/""},{""@type"":""ListItem"",""position"":2,""name"":""fisheries""}]},{""@type"":""WebSite"",""@id"":""https:\/\/events.ubc.ca\/#website"",""url"":""https:\/\/events.ubc.ca\/"",""name"":""UBC Events"",""description"":"""",""publisher"":{""@id"":""https:\/\/events.ubc.ca\/#organization""},""potentialAction"":[{""@type"":""SearchAction"",""target"":{""@type"":""EntryPoint"",""urlTemplate"":""https:\/\/events.ubc.ca\/?s={search_term_string}""},""query-input"":{""@type"":""PropertyValueSpecification"",""valueRequired"":true,""valueName"":""search_term_string""}}],""inLanguage"":""en-US""},{""@type"":""Organization"",""@id"":""https:\/\/events.ubc.ca\/#organization"",""name"":""UBC events"",""url"":""https:\/\/events.ubc.ca\/"",""logo"":{""@type"":""ImageObject"",""inLanguage"":""en-US"",""@id"":""https:\/\/events.ubc.ca\/#\/schema\/logo\/image\/"",""url"":""https:\/\/events.ubc.ca\/wp-content\/uploads\/2023\/11\/ubc-logo-2018-crest-blue-rgb72.jpg"",""contentUrl"":""https:\/\/events.ubc.ca\/wp-content\/uploads\/2023\/11\/ubc-logo-2018-crest-blue-rgb72.jpg"",""width"":99,""height"":135,""caption"":""UBC events""},""image"":{""@id"":""https:\/\/events.ubc.ca\/#\/schema\/logo\/image\/""},""sameAs"":[""https:\/\/www.facebook.com\/universityofbc\/"",""https:\/\/x.com\/ubcevents"",""https:\/\/www.youtube.com\/user\/UBC#g\/c\/94CEF848B9790AE4""]}]}</script>
<!-- / Yoast SEO plugin. -->","{""title"": ""fisheries Archives - UBCevents"", ""robots"": {""index"": ""index"", ""follow"": ""follow"", ""max-snippet"": ""max-snippet:-1"", ""max-image-preview"": ""max-image-preview:large"", ""max-video-preview"": ""max-video-preview:-1""}, ""canonical"": ""https://events.ubc.ca/tag/fisheries/"", ""og_locale"": ""en_US"", ""og_type"": ""article"", ""og_title"": ""fisheries Archives - UBCevents"", ""og_url"": ""https://events.ubc.ca/tag/fisheries/"", ""og_site_name"": ""UBCevents"", ""twitter_card"": ""summary_large_image"", ""twitter_site"": ""@ubcevents"", ""schema"": {""@context"": ""https://schema.org"", ""@graph"": [{""@type"": ""CollectionPage"", ""@id"": ""https://events.ubc.ca/tag/fisheries/"", ""url"": ""https://events.ubc.ca/tag/fisheries/"", ""name"": ""fisheries Archives - UBCevents"", ""isPartOf"": {""@id"": ""https://events.ubc.ca/#website""}, ""breadcrumb"": {""@id"": ""https://events.ubc.ca/tag/fisheries/#breadcrumb""}, ""inLanguage"": ""en-US""}, {""@type"": ""BreadcrumbList"", ""@id"": ""https://events.ubc.ca/tag/fisheries/#breadcrumb"", ""itemListElement"": [{""@type"": ""ListItem"", ""position"": 1, ""name"": ""Home"", ""item"": ""https://events.ubc.ca/""}, {""@type"": ""ListItem"", ""position"": 2, ""name"": ""fisheries""}]}, {""@type"": ""WebSite"", ""@id"": ""https://events.ubc.ca/#website"", ""url"": ""https://events.ubc.ca/"", ""name"": ""UBC Events"", ""description"": """", ""publisher"": {""@id"": ""https://events.ubc.ca/#organization""}, ""potentialAction"": [{""@type"": ""SearchAction"", ""target"": {""@type"": ""EntryPoint"", ""urlTemplate"": ""https://events.ubc.ca/?s={search_term_string}""}, ""query-input"": {""@type"": ""PropertyValueSpecification"", ""valueRequired"": true, ""valueName"": ""search_term_string""}}], ""inLanguage"": ""en-US""}, {""@type"": ""Organization"", ""@id"": ""https://events.ubc.ca/#organization"", ""name"": ""UBC events"", ""url"": ""https://events.ubc.ca/"", ""logo"": {""@type"": ""ImageObject"", ""inLanguage"": ""en-US"", ""@id"": ""https://events.ubc.ca/#/schema/logo/image/"", ""url"": ""https://events.ubc.ca/wp-content/uploads/2023/11/ubc-logo-2018-crest-blue-rgb72.jpg"", ""contentUrl"": ""https://events.ubc.ca/wp-content/uploads/2023/11/ubc-logo-2018-crest-blue-rgb72.jpg"", ""width"": 99, ""height"": 135, ""caption"": ""UBC events""}, ""image"": {""@id"": ""https://events.ubc.ca/#/schema/logo/image/""}, ""sameAs"": [""https://www.facebook.com/universityofbc/"", ""https://x.com/ubcevents"", ""https://www.youtube.com/user/UBC#g/c/94CEF848B9790AE4""]}]}}",https://events.ubc.ca/tag/fisheries/,"{""self"": ""https://events.ubc.ca/wp-json/tribe/events/v1/tags/330"", ""collection"": ""https://events.ubc.ca/wp-json/tribe/events/v1/tags""}"
326,26,,forestry,forestry,post_tag,[],"<!-- This site is optimized with the Yoast SEO plugin v28.2 - https://yoast.com/product/yoast-seo-wordpress/ -->
<title>forestry Archives - UBCevents</title>
<meta name=""robots"" content=""index, follow, max-snippet:-1, max-image-preview:large, max-video-preview:-1"" />
<link rel=""canonical"" href=""https://events.ubc.ca/tag/forestry/"" />
<meta property=""og:locale"" content=""en_US"" />
<meta property=""og:type"" content=""article"" />
<meta property=""og:title"" content=""forestry Archives - UBCevents"" />
<meta property=""og:url"" content=""https://events.ubc.ca/tag/forestry/"" />
<meta property=""og:site_name"" content=""UBCevents"" />
<meta name=""twitter:card"" content=""summary_large_image"" />
<meta name=""twitter:site"" content=""@ubcevents"" />
<script type=""application/ld+json"" class=""yoast-schema-graph"">{""@context"":""https:\/\/schema.org"",""@graph"":[{""@type"":""CollectionPage"",""@id"":""https:\/\/events.ubc.ca\/tag\/forestry\/"",""url"":""https:\/\/events.ubc.ca\/tag\/forestry\/"",""name"":""forestry Archives - UBCevents"",""isPartOf"":{""@id"":""https:\/\/events.ubc.ca\/#website""},""breadcrumb"":{""@id"":""https:\/\/events.ubc.ca\/tag\/forestry\/#breadcrumb""},""inLanguage"":""en-US""},{""@type"":""BreadcrumbList"",""@id"":""https:\/\/events.ubc.ca\/tag\/forestry\/#breadcrumb"",""itemListElement"":[{""@type"":""ListItem"",""position"":1,""name"":""Home"",""item"":""https:\/\/events.ubc.ca\/""},{""@type"":""ListItem"",""position"":2,""name"":""forestry""}]},{""@type"":""WebSite"",""@id"":""https:\/\/events.ubc.ca\/#website"",""url"":""https:\/\/events.ubc.ca\/"",""name"":""UBC Events"",""description"":"""",""publisher"":{""@id"":""https:\/\/events.ubc.ca\/#organization""},""potentialAction"":[{""@type"":""SearchAction"",""target"":{""@type"":""EntryPoint"",""urlTemplate"":""https:\/\/events.ubc.ca\/?s={search_term_string}""},""query-input"":{""@type"":""PropertyValueSpecification"",""valueRequired"":true,""valueName"":""search_term_string""}}],""inLanguage"":""en-US""},{""@type"":""Organization"",""@id"":""https:\/\/events.ubc.ca\/#organization"",""name"":""UBC events"",""url"":""https:\/\/events.ubc.ca\/"",""logo"":{""@type"":""ImageObject"",""inLanguage"":""en-US"",""@id"":""https:\/\/events.ubc.ca\/#\/schema\/logo\/image\/"",""url"":""https:\/\/events.ubc.ca\/wp-content\/uploads\/2023\/11\/ubc-logo-2018-crest-blue-rgb72.jpg"",""contentUrl"":""https:\/\/events.ubc.ca\/wp-content\/uploads\/2023\/11\/ubc-logo-2018-crest-blue-rgb72.jpg"",""width"":99,""height"":135,""caption"":""UBC events""},""image"":{""@id"":""https:\/\/events.ubc.ca\/#\/schema\/logo\/image\/""},""sameAs"":[""https:\/\/www.facebook.com\/universityofbc\/"",""https:\/\/x.com\/ubcevents"",""https:\/\/www.youtube.com\/user\/UBC#g\/c\/94CEF848B9790AE4""]}]}</script>
<!-- / Yoast SEO plugin. -->","{""title"": ""forestry Archives - UBCevents"", ""robots"": {""index"": ""index"", ""follow"": ""follow"", ""max-snippet"": ""max-snippet:-1"", ""max-image-preview"": ""max-image-preview:large"", ""max-video-preview"": ""max-video-preview:-1""}, ""canonical"": ""https://events.ubc.ca/tag/forestry/"", ""og_locale"": ""en_US"", ""og_type"": ""article"", ""og_title"": ""forestry Archives - UBCevents"", ""og_url"": ""https://events.ubc.ca/tag/forestry/"", ""og_site_name"": ""UBCevents"", ""twitter_card"": ""summary_large_image"", ""twitter_site"": ""@ubcevents"", ""schema"": {""@context"": ""https://schema.org"", ""@graph"": [{""@type"": ""CollectionPage"", ""@id"": ""https://events.ubc.ca/tag/forestry/"", ""url"": ""https://events.ubc.ca/tag/forestry/"", ""name"": ""forestry Archives - UBCevents"", ""isPartOf"": {""@id"": ""https://events.ubc.ca/#website""}, ""breadcrumb"": {""@id"": ""https://events.ubc.ca/tag/forestry/#breadcrumb""}, ""inLanguage"": ""en-US""}, {""@type"": ""BreadcrumbList"", ""@id"": ""https://events.ubc.ca/tag/forestry/#breadcrumb"", ""itemListElement"": [{""@type"": ""ListItem"", ""position"": 1, ""name"": ""Home"", ""item"": ""https://events.ubc.ca/""}, {""@type"": ""ListItem"", ""position"": 2, ""name"": ""forestry""}]}, {""@type"": ""WebSite"", ""@id"": ""https://events.ubc.ca/#website"", ""url"": ""https://events.ubc.ca/"", ""name"": ""UBC Events"", ""description"": """", ""publisher"": {""@id"": ""https://events.ubc.ca/#organization""}, ""potentialAction"": [{""@type"": ""SearchAction"", ""target"": {""@type"": ""EntryPoint"", ""urlTemplate"": ""https://events.ubc.ca/?s={search_term_string}""}, ""query-input"": {""@type"": ""PropertyValueSpecification"", ""valueRequired"": true, ""valueName"": ""search_term_string""}}], ""inLanguage"": ""en-US""}, {""@type"": ""Organization"", ""@id"": ""https://events.ubc.ca/#organization"", ""name"": ""UBC events"", ""url"": ""https://events.ubc.ca/"", ""logo"": {""@type"": ""ImageObject"", ""inLanguage"": ""en-US"", ""@id"": ""https://events.ubc.ca/#/schema/logo/image/"", ""url"": ""https://events.ubc.ca/wp-content/uploads/2023/11/ubc-logo-2018-crest-blue-rgb72.jpg"", ""contentUrl"": ""https://events.ubc.ca/wp-content/uploads/2023/11/ubc-logo-2018-crest-blue-rgb72.jpg"", ""width"": 99, ""height"": 135, ""caption"": ""UBC events""}, ""image"": {""@id"": ""https://events.ubc.ca/#/schema/logo/image/""}, ""sameAs"": [""https://www.facebook.com/universityofbc/"", ""https://x.com/ubcevents"", ""https://www.youtube.com/user/UBC#g/c/94CEF848B9790AE4""]}]}}",https://events.ubc.ca/tag/forestry/,"{""self"": ""https://events.ubc.ca/wp-json/tribe/events/v1/tags/326"", ""collection"": ""https://events.ubc.ca/wp-json/tribe/events/v1/tags""}"
346,31,,green college,green-college,post_tag,[],"<!-- This site is optimized with the Yoast SEO plugin v28.2 - https://yoast.com/product/yoast-seo-wordpress/ -->
<title>green college Archives - UBCevents</title>
<meta name=""robots"" content=""index, follow, max-snippet:-1, max-image-preview:large, max-video-preview:-1"" />
<link rel=""canonical"" href=""https://events.ubc.ca/tag/green-college/"" />
<meta property=""og:locale"" content=""en_US"" />
<meta property=""og:type"" content=""article"" />
<meta property=""og:title"" content=""green college Archives - UBCevents"" />
<meta property=""og:url"" content=""https://events.ubc.ca/tag/green-college/"" />
<meta property=""og:site_name"" content=""UBCevents"" />
<meta name=""twitter:card"" content=""summary_large_image"" />
<meta name=""twitter:site"" content=""@ubcevents"" />
<script type=""application/ld+json"" class=""yoast-schema-graph"">{""@context"":""https:\/\/schema.org"",""@graph"":[{""@type"":""CollectionPage"",""@id"":""https:\/\/events.ubc.ca\/tag\/green-college\/"",""url"":""https:\/\/events.ubc.ca\/tag\/green-college\/"",""name"":""green college Archives - UBCevents"",""isPartOf"":{""@id"":""https:\/\/events.ubc.ca\/#website""},""breadcrumb"":{""@id"":""https:\/\/events.ubc.ca\/tag\/green-college\/#breadcrumb""},""inLanguage"":""en-US""},{""@type"":""BreadcrumbList"",""@id"":""https:\/\/events.ubc.ca\/tag\/green-college\/#breadcrumb"",""itemListElement"":[{""@type"":""ListItem"",""position"":1,""name"":""Home"",""item"":""https:\/\/events.ubc.ca\/""},{""@type"":""ListItem"",""position"":2,""name"":""green college""}]},{""@type"":""WebSite"",""@id"":""https:\/\/events.ubc.ca\/#website"",""url"":""https:\/\/events.ubc.ca\/"",""name"":""UBC Events"",""description"":"""",""publisher"":{""@id"":""https:\/\/events.ubc.ca\/#organization""},""potentialAction"":[{""@type"":""SearchAction"",""target"":{""@type"":""EntryPoint"",""urlTemplate"":""https:\/\/events.ubc.ca\/?s={search_term_string}""},""query-input"":{""@type"":""PropertyValueSpecification"",""valueRequired"":true,""valueName"":""search_term_string""}}],""inLanguage"":""en-US""},{""@type"":""Organization"",""@id"":""https:\/\/events.ubc.ca\/#organization"",""name"":""UBC events"",""url"":""https:\/\/events.ubc.ca\/"",""logo"":{""@type"":""ImageObject"",""inLanguage"":""en-US"",""@id"":""https:\/\/events.ubc.ca\/#\/schema\/logo\/image\/"",""url"":""https:\/\/events.ubc.ca\/wp-content\/uploads\/2023\/11\/ubc-logo-2018-crest-blue-rgb72.jpg"",""contentUrl"":""https:\/\/events.ubc.ca\/wp-content\/uploads\/2023\/11\/ubc-logo-2018-crest-blue-rgb72.jpg"",""width"":99,""height"":135,""caption"":""UBC events""},""image"":{""@id"":""https:\/\/events.ubc.ca\/#\/schema\/logo\/image\/""},""sameAs"":[""https:\/\/www.facebook.com\/universityofbc\/"",""https:\/\/x.com\/ubcevents"",""https:\/\/www.youtube.com\/user\/UBC#g\/c\/94CEF848B9790AE4""]}]}</script>
<!-- / Yoast SEO plugin. -->","{""title"": ""green college Archives - UBCevents"", ""robots"": {""index"": ""index"", ""follow"": ""follow"", ""max-snippet"": ""max-snippet:-1"", ""max-image-preview"": ""max-image-preview:large"", ""max-video-preview"": ""max-video-preview:-1""}, ""canonical"": ""https://events.ubc.ca/tag/green-college/"", ""og_locale"": ""en_US"", ""og_type"": ""article"", ""og_title"": ""green college Archives - UBCevents"", ""og_url"": ""https://events.ubc.ca/tag/green-college/"", ""og_site_name"": ""UBCevents"", ""twitter_card"": ""summary_large_image"", ""twitter_site"": ""@ubcevents"", ""schema"": {""@context"": ""https://schema.org"", ""@graph"": [{""@type"": ""CollectionPage"", ""@id"": ""https://events.ubc.ca/tag/green-college/"", ""url"": ""https://events.ubc.ca/tag/green-college/"", ""name"": ""green college Archives - UBCevents"", ""isPartOf"": {""@id"": ""https://events.ubc.ca/#website""}, ""breadcrumb"": {""@id"": ""https://events.ubc.ca/tag/green-college/#breadcrumb""}, ""inLanguage"": ""en-US""}, {""@type"": ""BreadcrumbList"", ""@id"": ""https://events.ubc.ca/tag/green-college/#breadcrumb"", ""itemListElement"": [{""@type"": ""ListItem"", ""position"": 1, ""name"": ""Home"", ""item"": ""https://events.ubc.ca/""}, {""@type"": ""ListItem"", ""position"": 2, ""name"": ""green college""}]}, {""@type"": ""WebSite"", ""@id"": ""https://events.ubc.ca/#website"", ""url"": ""https://events.ubc.ca/"", ""name"": ""UBC Events"", ""description"": """", ""publisher"": {""@id"": ""https://events.ubc.ca/#organization""}, ""potentialAction"": [{""@type"": ""SearchAction"", ""target"": {""@type"": ""EntryPoint"", ""urlTemplate"": ""https://events.ubc.ca/?s={search_term_string}""}, ""query-input"": {""@type"": ""PropertyValueSpecification"", ""valueRequired"": true, ""valueName"": ""search_term_string""}}], ""inLanguage"": ""en-US""}, {""@type"": ""Organization"", ""@id"": ""https://events.ubc.ca/#organization"", ""name"": ""UBC events"", ""url"": ""https://events.ubc.ca/"", ""logo"": {""@type"": ""ImageObject"", ""inLanguage"": ""en-US"", ""@id"": ""https://events.ubc.ca/#/schema/logo/image/"", ""url"": ""https://events.ubc.ca/wp-content/uploads/2023/11/ubc-logo-2018-crest-blue-rgb72.jpg"", ""contentUrl"": ""https://events.ubc.ca/wp-content/uploads/2023/11/ubc-logo-2018-crest-blue-rgb72.jpg"", ""width"": 99, ""height"": 135, ""caption"": ""UBC events""}, ""image"": {""@id"": ""https://events.ubc.ca/#/schema/logo/image/""}, ""sameAs"": [""https://www.facebook.com/universityofbc/"", ""https://x.com/ubcevents"", ""https://www.youtube.com/user/UBC#g/c/94CEF848B9790AE4""]}]}}",https://events.ubc.ca/tag/green-college/,"{""self"": ""https://events.ubc.ca/wp-json/tribe/events/v1/tags/346"", ""collection"": ""https://events.ubc.ca/wp-json/tribe/events/v1/tags""}"
340,2,,halloween,halloween,post_tag,[],"<!-- This site is optimized with the Yoast SEO plugin v28.2 - https://yoast.com/product/yoast-seo-wordpress/ -->
<title>halloween Archives - UBCevents</title>
<meta name=""robots"" content=""index, follow, max-snippet:-1, max-image-preview:large, max-video-preview:-1"" />
<link rel=""canonical"" href=""https://events.ubc.ca/tag/halloween/"" />
<meta property=""og:locale"" content=""en_US"" />
<meta property=""og:type"" content=""article"" />
<meta property=""og:title"" content=""halloween Archives - UBCevents"" />
<meta property=""og:url"" content=""https://events.ubc.ca/tag/halloween/"" />
<meta property=""og:site_name"" content=""UBCevents"" />
<meta name=""twitter:card"" content=""summary_large_image"" />
<meta name=""twitter:site"" content=""@ubcevents"" />
<script type=""application/ld+json"" class=""yoast-schema-graph"">{""@context"":""https:\/\/schema.org"",""@graph"":[{""@type"":""CollectionPage"",""@id"":""https:\/\/events.ubc.ca\/tag\/halloween\/"",""url"":""https:\/\/events.ubc.ca\/tag\/halloween\/"",""name"":""halloween Archives - UBCevents"",""isPartOf"":{""@id"":""https:\/\/events.ubc.ca\/#website""},""breadcrumb"":{""@id"":""https:\/\/events.ubc.ca\/tag\/halloween\/#breadcrumb""},""inLanguage"":""en-US""},{""@type"":""BreadcrumbList"",""@id"":""https:\/\/events.ubc.ca\/tag\/halloween\/#breadcrumb"",""itemListElement"":[{""@type"":""ListItem"",""position"":1,""name"":""Home"",""item"":""https:\/\/events.ubc.ca\/""},{""@type"":""ListItem"",""position"":2,""name"":""halloween""}]},{""@type"":""WebSite"",""@id"":""https:\/\/events.ubc.ca\/#website"",""url"":""https:\/\/events.ubc.ca\/"",""name"":""UBC Events"",""description"":"""",""publisher"":{""@id"":""https:\/\/events.ubc.ca\/#organization""},""potentialAction"":[{""@type"":""SearchAction"",""target"":{""@type"":""EntryPoint"",""urlTemplate"":""https:\/\/events.ubc.ca\/?s={search_term_string}""},""query-input"":{""@type"":""PropertyValueSpecification"",""valueRequired"":true,""valueName"":""search_term_string""}}],""inLanguage"":""en-US""},{""@type"":""Organization"",""@id"":""https:\/\/events.ubc.ca\/#organization"",""name"":""UBC events"",""url"":""https:\/\/events.ubc.ca\/"",""logo"":{""@type"":""ImageObject"",""inLanguage"":""en-US"",""@id"":""https:\/\/events.ubc.ca\/#\/schema\/logo\/image\/"",""url"":""https:\/\/events.ubc.ca\/wp-content\/uploads\/2023\/11\/ubc-logo-2018-crest-blue-rgb72.jpg"",""contentUrl"":""https:\/\/events.ubc.ca\/wp-content\/uploads\/2023\/11\/ubc-logo-2018-crest-blue-rgb72.jpg"",""width"":99,""height"":135,""caption"":""UBC events""},""image"":{""@id"":""https:\/\/events.ubc.ca\/#\/schema\/logo\/image\/""},""sameAs"":[""https:\/\/www.facebook.com\/universityofbc\/"",""https:\/\/x.com\/ubcevents"",""https:\/\/www.youtube.com\/user\/UBC#g\/c\/94CEF848B9790AE4""]}]}</script>
<!-- / Yoast SEO plugin. -->","{""title"": ""halloween Archives - UBCevents"", ""robots"": {""index"": ""index"", ""follow"": ""follow"", ""max-snippet"": ""max-snippet:-1"", ""max-image-preview"": ""max-image-preview:large"", ""max-video-preview"": ""max-video-preview:-1""}, ""canonical"": ""https://events.ubc.ca/tag/halloween/"", ""og_locale"": ""en_US"", ""og_type"": ""article"", ""og_title"": ""halloween Archives - UBCevents"", ""og_url"": ""https://events.ubc.ca/tag/halloween/"", ""og_site_name"": ""UBCevents"", ""twitter_card"": ""summary_large_image"", ""twitter_site"": ""@ubcevents"", ""schema"": {""@context"": ""https://schema.org"", ""@graph"": [{""@type"": ""CollectionPage"", ""@id"": ""https://events.ubc.ca/tag/halloween/"", ""url"": ""https://events.ubc.ca/tag/halloween/"", ""name"": ""halloween Archives - UBCevents"", ""isPartOf"": {""@id"": ""https://events.ubc.ca/#website""}, ""breadcrumb"": {""@id"": ""https://events.ubc.ca/tag/halloween/#breadcrumb""}, ""inLanguage"": ""en-US""}, {""@type"": ""BreadcrumbList"", ""@id"": ""https://events.ubc.ca/tag/halloween/#breadcrumb"", ""itemListElement"": [{""@type"": ""ListItem"", ""position"": 1, ""name"": ""Home"", ""item"": ""https://events.ubc.ca/""}, {""@type"": ""ListItem"", ""position"": 2, ""name"": ""halloween""}]}, {""@type"": ""WebSite"", ""@id"": ""https://events.ubc.ca/#website"", ""url"": ""https://events.ubc.ca/"", ""name"": ""UBC Events"", ""description"": """", ""publisher"": {""@id"": ""https://events.ubc.ca/#organization""}, ""potentialAction"": [{""@type"": ""SearchAction"", ""target"": {""@type"": ""EntryPoint"", ""urlTemplate"": ""https://events.ubc.ca/?s={search_term_string}""}, ""query-input"": {""@type"": ""PropertyValueSpecification"", ""valueRequired"": true, ""valueName"": ""search_term_string""}}], ""inLanguage"": ""en-US""}, {""@type"": ""Organization"", ""@id"": ""https://events.ubc.ca/#organization"", ""name"": ""UBC events"", ""url"": ""https://events.ubc.ca/"", ""logo"": {""@type"": ""ImageObject"", ""inLanguage"": ""en-US"", ""@id"": ""https://events.ubc.ca/#/schema/logo/image/"", ""url"": ""https://events.ubc.ca/wp-content/uploads/2023/11/ubc-logo-2018-crest-blue-rgb72.jpg"", ""contentUrl"": ""https://events.ubc.ca/wp-content/uploads/2023/11/ubc-logo-2018-crest-blue-rgb72.jpg"", ""width"": 99, ""height"": 135, ""caption"": ""UBC events""}, ""image"": {""@id"": ""https://events.ubc.ca/#/schema/logo/image/""}, ""sameAs"": [""https://www.facebook.com/universityofbc/"", ""https://x.com/ubcevents"", ""https://www.youtube.com/user/UBC#g/c/94CEF848B9790AE4""]}]}}",https://events.ubc.ca/tag/halloween/,"{""self"": ""https://events.ubc.ca/wp-json/tribe/events/v1/tags/340"", ""collection"": ""https://events.ubc.ca/wp-json/tribe/events/v1/tags""}"
339,3,,harvest festival,harvest-festival,post_tag,[],"<!-- This site is optimized with the Yoast SEO plugin v28.2 - https://yoast.com/product/yoast-seo-wordpress/ -->
<title>harvest festival Archives - UBCevents</title>
<meta name=""robots"" content=""index, follow, max-snippet:-1, max-image-preview:large, max-video-preview:-1"" />
<link rel=""canonical"" href=""https://events.ubc.ca/tag/harvest-festival/"" />
<meta property=""og:locale"" content=""en_US"" />
<meta property=""og:type"" content=""article"" />
<meta property=""og:title"" content=""harvest festival Archives - UBCevents"" />
<meta property=""og:url"" content=""https://events.ubc.ca/tag/harvest-festival/"" />
<meta property=""og:site_name"" content=""UBCevents"" />
<meta name=""twitter:card"" content=""summary_large_image"" />
<meta name=""twitter:site"" content=""@ubcevents"" />
<script type=""application/ld+json"" class=""yoast-schema-graph"">{""@context"":""https:\/\/schema.org"",""@graph"":[{""@type"":""CollectionPage"",""@id"":""https:\/\/events.ubc.ca\/tag\/harvest-festival\/"",""url"":""https:\/\/events.ubc.ca\/tag\/harvest-festival\/"",""name"":""harvest festival Archives - UBCevents"",""isPartOf"":{""@id"":""https:\/\/events.ubc.ca\/#website""},""breadcrumb"":{""@id"":""https:\/\/events.ubc.ca\/tag\/harvest-festival\/#breadcrumb""},""inLanguage"":""en-US""},{""@type"":""BreadcrumbList"",""@id"":""https:\/\/events.ubc.ca\/tag\/harvest-festival\/#breadcrumb"",""itemListElement"":[{""@type"":""ListItem"",""position"":1,""name"":""Home"",""item"":""https:\/\/events.ubc.ca\/""},{""@type"":""ListItem"",""position"":2,""name"":""harvest festival""}]},{""@type"":""WebSite"",""@id"":""https:\/\/events.ubc.ca\/#website"",""url"":""https:\/\/events.ubc.ca\/"",""name"":""UBC Events"",""description"":"""",""publisher"":{""@id"":""https:\/\/events.ubc.ca\/#organization""},""potentialAction"":[{""@type"":""SearchAction"",""target"":{""@type"":""EntryPoint"",""urlTemplate"":""https:\/\/events.ubc.ca\/?s={search_term_string}""},""query-input"":{""@type"":""PropertyValueSpecification"",""valueRequired"":true,""valueName"":""search_term_string""}}],""inLanguage"":""en-US""},{""@type"":""Organization"",""@id"":""https:\/\/events.ubc.ca\/#organization"",""name"":""UBC events"",""url"":""https:\/\/events.ubc.ca\/"",""logo"":{""@type"":""ImageObject"",""inLanguage"":""en-US"",""@id"":""https:\/\/events.ubc.ca\/#\/schema\/logo\/image\/"",""url"":""https:\/\/events.ubc.ca\/wp-content\/uploads\/2023\/11\/ubc-logo-2018-crest-blue-rgb72.jpg"",""contentUrl"":""https:\/\/events.ubc.ca\/wp-content\/uploads\/2023\/11\/ubc-logo-2018-crest-blue-rgb72.jpg"",""width"":99,""height"":135,""caption"":""UBC events""},""image"":{""@id"":""https:\/\/events.ubc.ca\/#\/schema\/logo\/image\/""},""sameAs"":[""https:\/\/www.facebook.com\/universityofbc\/"",""https:\/\/x.com\/ubcevents"",""https:\/\/www.youtube.com\/user\/UBC#g\/c\/94CEF848B9790AE4""]}]}</script>
<!-- / Yoast SEO plugin. -->","{""title"": ""harvest festival Archives - UBCevents"", ""robots"": {""index"": ""index"", ""follow"": ""follow"", ""max-snippet"": ""max-snippet:-1"", ""max-image-preview"": ""max-image-preview:large"", ""max-video-preview"": ""max-video-preview:-1""}, ""canonical"": ""https://events.ubc.ca/tag/harvest-festival/"", ""og_locale"": ""en_US"", ""og_type"": ""article"", ""og_title"": ""harvest festival Archives - UBCevents"", ""og_url"": ""https://events.ubc.ca/tag/harvest-festival/"", ""og_site_name"": ""UBCevents"", ""twitter_card"": ""summary_large_image"", ""twitter_site"": ""@ubcevents"", ""schema"": {""@context"": ""https://schema.org"", ""@graph"": [{""@type"": ""CollectionPage"", ""@id"": ""https://events.ubc.ca/tag/harvest-festival/"", ""url"": ""https://events.ubc.ca/tag/harvest-festival/"", ""name"": ""harvest festival Archives - UBCevents"", ""isPartOf"": {""@id"": ""https://events.ubc.ca/#website""}, ""breadcrumb"": {""@id"": ""https://events.ubc.ca/tag/harvest-festival/#breadcrumb""}, ""inLanguage"": ""en-US""}, {""@type"": ""BreadcrumbList"", ""@id"": ""https://events.ubc.ca/tag/harvest-festival/#breadcrumb"", ""itemListElement"": [{""@type"": ""ListItem"", ""position"": 1, ""name"": ""Home"", ""item"": ""https://events.ubc.ca/""}, {""@type"": ""ListItem"", ""position"": 2, ""name"": ""harvest festival""}]}, {""@type"": ""WebSite"", ""@id"": ""https://events.ubc.ca/#website"", ""url"": ""https://events.ubc.ca/"", ""name"": ""UBC Events"", ""description"": """", ""publisher"": {""@id"": ""https://events.ubc.ca/#organization""}, ""potentialAction"": [{""@type"": ""SearchAction"", ""target"": {""@type"": ""EntryPoint"", ""urlTemplate"": ""https://events.ubc.ca/?s={search_term_string}""}, ""query-input"": {""@type"": ""PropertyValueSpecification"", ""valueRequired"": true, ""valueName"": ""search_term_string""}}], ""inLanguage"": ""en-US""}, {""@type"": ""Organization"", ""@id"": ""https://events.ubc.ca/#organization"", ""name"": ""UBC events"", ""url"": ""https://events.ubc.ca/"", ""logo"": {""@type"": ""ImageObject"", ""inLanguage"": ""en-US"", ""@id"": ""https://events.ubc.ca/#/schema/logo/image/"", ""url"": ""https://events.ubc.ca/wp-content/uploads/2023/11/ubc-logo-2018-crest-blue-rgb72.jpg"", ""contentUrl"": ""https://events.ubc.ca/wp-content/uploads/2023/11/ubc-logo-2018-crest-blue-rgb72.jpg"", ""width"": 99, ""height"": 135, ""caption"": ""UBC events""}, ""image"": {""@id"": ""https://events.ubc.ca/#/schema/logo/image/""}, ""sameAs"": [""https://www.facebook.com/universityofbc/"", ""https://x.com/ubcevents"", ""https://www.youtube.com/user/UBC#g/c/94CEF848B9790AE4""]}]}}",https://events.ubc.ca/tag/harvest-festival/,"{""self"": ""https://events.ubc.ca/wp-json/tribe/events/v1/tags/339"", ""collection"": ""https://events.ubc.ca/wp-json/tribe/events/v1/tags""}"
342,73,,health care,health-care,post_tag,[],"<!-- This site is optimized with the Yoast SEO plugin v28.2 - https://yoast.com/product/yoast-seo-wordpress/ -->
<title>health care Archives - UBCevents</title>
<meta name=""robots"" content=""index, follow, max-snippet:-1, max-image-preview:large, max-video-preview:-1"" />
<link rel=""canonical"" href=""https://events.ubc.ca/tag/health-care/"" />
<meta property=""og:locale"" content=""en_US"" />
<meta property=""og:type"" content=""article"" />
<meta property=""og:title"" content=""health care Archives - UBCevents"" />
<meta property=""og:url"" content=""https://events.ubc.ca/tag/health-care/"" />
<meta property=""og:site_name"" content=""UBCevents"" />
<meta name=""twitter:card"" content=""summary_large_image"" />
<meta name=""twitter:site"" content=""@ubcevents"" />
<script type=""application/ld+json"" class=""yoast-schema-graph"">{""@context"":""https:\/\/schema.org"",""@graph"":[{""@type"":""CollectionPage"",""@id"":""https:\/\/events.ubc.ca\/tag\/health-care\/"",""url"":""https:\/\/events.ubc.ca\/tag\/health-care\/"",""name"":""health care Archives - UBCevents"",""isPartOf"":{""@id"":""https:\/\/events.ubc.ca\/#website""},""breadcrumb"":{""@id"":""https:\/\/events.ubc.ca\/tag\/health-care\/#breadcrumb""},""inLanguage"":""en-US""},{""@type"":""BreadcrumbList"",""@id"":""https:\/\/events.ubc.ca\/tag\/health-care\/#breadcrumb"",""itemListElement"":[{""@type"":""ListItem"",""position"":1,""name"":""Home"",""item"":""https:\/\/events.ubc.ca\/""},{""@type"":""ListItem"",""position"":2,""name"":""health care""}]},{""@type"":""WebSite"",""@id"":""https:\/\/events.ubc.ca\/#website"",""url"":""https:\/\/events.ubc.ca\/"",""name"":""UBC Events"",""description"":"""",""publisher"":{""@id"":""https:\/\/events.ubc.ca\/#organization""},""potentialAction"":[{""@type"":""SearchAction"",""target"":{""@type"":""EntryPoint"",""urlTemplate"":""https:\/\/events.ubc.ca\/?s={search_term_string}""},""query-input"":{""@type"":""PropertyValueSpecification"",""valueRequired"":true,""valueName"":""search_term_string""}}],""inLanguage"":""en-US""},{""@type"":""Organization"",""@id"":""https:\/\/events.ubc.ca\/#organization"",""name"":""UBC events"",""url"":""https:\/\/events.ubc.ca\/"",""logo"":{""@type"":""ImageObject"",""inLanguage"":""en-US"",""@id"":""https:\/\/events.ubc.ca\/#\/schema\/logo\/image\/"",""url"":""https:\/\/events.ubc.ca\/wp-content\/uploads\/2023\/11\/ubc-logo-2018-crest-blue-rgb72.jpg"",""contentUrl"":""https:\/\/events.ubc.ca\/wp-content\/uploads\/2023\/11\/ubc-logo-2018-crest-blue-rgb72.jpg"",""width"":99,""height"":135,""caption"":""UBC events""},""image"":{""@id"":""https:\/\/events.ubc.ca\/#\/schema\/logo\/image\/""},""sameAs"":[""https:\/\/www.facebook.com\/universityofbc\/"",""https:\/\/x.com\/ubcevents"",""https:\/\/www.youtube.com\/user\/UBC#g\/c\/94CEF848B9790AE4""]}]}</script>
<!-- / Yoast SEO plugin. -->","{""title"": ""health care Archives - UBCevents"", ""robots"": {""index"": ""index"", ""follow"": ""follow"", ""max-snippet"": ""max-snippet:-1"", ""max-image-preview"": ""max-image-preview:large"", ""max-video-preview"": ""max-video-preview:-1""}, ""canonical"": ""https://events.ubc.ca/tag/health-care/"", ""og_locale"": ""en_US"", ""og_type"": ""article"", ""og_title"": ""health care Archives - UBCevents"", ""og_url"": ""https://events.ubc.ca/tag/health-care/"", ""og_site_name"": ""UBCevents"", ""twitter_card"": ""summary_large_image"", ""twitter_site"": ""@ubcevents"", ""schema"": {""@context"": ""https://schema.org"", ""@graph"": [{""@type"": ""CollectionPage"", ""@id"": ""https://events.ubc.ca/tag/health-care/"", ""url"": ""https://events.ubc.ca/tag/health-care/"", ""name"": ""health care Archives - UBCevents"", ""isPartOf"": {""@id"": ""https://events.ubc.ca/#website""}, ""breadcrumb"": {""@id"": ""https://events.ubc.ca/tag/health-care/#breadcrumb""}, ""inLanguage"": ""en-US""}, {""@type"": ""BreadcrumbList"", ""@id"": ""https://events.ubc.ca/tag/health-care/#breadcrumb"", ""itemListElement"": [{""@type"": ""ListItem"", ""position"": 1, ""name"": ""Home"", ""item"": ""https://events.ubc.ca/""}, {""@type"": ""ListItem"", ""position"": 2, ""name"": ""health care""}]}, {""@type"": ""WebSite"", ""@id"": ""https://events.ubc.ca/#website"", ""url"": ""https://events.ubc.ca/"", ""name"": ""UBC Events"", ""description"": """", ""publisher"": {""@id"": ""https://events.ubc.ca/#organization""}, ""potentialAction"": [{""@type"": ""SearchAction"", ""target"": {""@type"": ""EntryPoint"", ""urlTemplate"": ""https://events.ubc.ca/?s={search_term_string}""}, ""query-input"": {""@type"": ""PropertyValueSpecification"", ""valueRequired"": true, ""valueName"": ""search_term_string""}}], ""inLanguage"": ""en-US""}, {""@type"": ""Organization"", ""@id"": ""https://events.ubc.ca/#organization"", ""name"": ""UBC events"", ""url"": ""https://events.ubc.ca/"", ""logo"": {""@type"": ""ImageObject"", ""inLanguage"": ""en-US"", ""@id"": ""https://events.ubc.ca/#/schema/logo/image/"", ""url"": ""https://events.ubc.ca/wp-content/uploads/2023/11/ubc-logo-2018-crest-blue-rgb72.jpg"", ""contentUrl"": ""https://events.ubc.ca/wp-content/uploads/2023/11/ubc-logo-2018-crest-blue-rgb72.jpg"", ""width"": 99, ""height"": 135, ""caption"": ""UBC events""}, ""image"": {""@id"": ""https://events.ubc.ca/#/schema/logo/image/""}, ""sameAs"": [""https://www.facebook.com/universityofbc/"", ""https://x.com/ubcevents"", ""https://www.youtube.com/user/UBC#g/c/94CEF848B9790AE4""]}]}}",https://events.ubc.ca/tag/health-care/,"{""self"": ""https://events.ubc.ca/wp-json/tribe/events/v1/tags/342"", ""collection"": ""https://events.ubc.ca/wp-json/tribe/events/v1/tags""}"
350,3,,holiday,holiday,post_tag,[],"<!-- This site is optimized with the Yoast SEO plugin v28.2 - https://yoast.com/product/yoast-seo-wordpress/ -->
<title>holiday Archives - UBCevents</title>
<meta name=""robots"" content=""index, follow, max-snippet:-1, max-image-preview:large, max-video-preview:-1"" />
<link rel=""canonical"" href=""https://events.ubc.ca/tag/holiday/"" />
<meta property=""og:locale"" content=""en_US"" />
<meta property=""og:type"" content=""article"" />
<meta property=""og:title"" content=""holiday Archives - UBCevents"" />
<meta property=""og:url"" content=""https://events.ubc.ca/tag/holiday/"" />
<meta property=""og:site_name"" content=""UBCevents"" />
<meta name=""twitter:card"" content=""summary_large_image"" />
<meta name=""twitter:site"" content=""@ubcevents"" />
<script type=""application/ld+json"" class=""yoast-schema-graph"">{""@context"":""https:\/\/schema.org"",""@graph"":[{""@type"":""CollectionPage"",""@id"":""https:\/\/events.ubc.ca\/tag\/holiday\/"",""url"":""https:\/\/events.ubc.ca\/tag\/holiday\/"",""name"":""holiday Archives - UBCevents"",""isPartOf"":{""@id"":""https:\/\/events.ubc.ca\/#website""},""breadcrumb"":{""@id"":""https:\/\/events.ubc.ca\/tag\/holiday\/#breadcrumb""},""inLanguage"":""en-US""},{""@type"":""BreadcrumbList"",""@id"":""https:\/\/events.ubc.ca\/tag\/holiday\/#breadcrumb"",""itemListElement"":[{""@type"":""ListItem"",""position"":1,""name"":""Home"",""item"":""https:\/\/events.ubc.ca\/""},{""@type"":""ListItem"",""position"":2,""name"":""holiday""}]},{""@type"":""WebSite"",""@id"":""https:\/\/events.ubc.ca\/#website"",""url"":""https:\/\/events.ubc.ca\/"",""name"":""UBC Events"",""description"":"""",""publisher"":{""@id"":""https:\/\/events.ubc.ca\/#organization""},""potentialAction"":[{""@type"":""SearchAction"",""target"":{""@type"":""EntryPoint"",""urlTemplate"":""https:\/\/events.ubc.ca\/?s={search_term_string}""},""query-input"":{""@type"":""PropertyValueSpecification"",""valueRequired"":true,""valueName"":""search_term_string""}}],""inLanguage"":""en-US""},{""@type"":""Organization"",""@id"":""https:\/\/events.ubc.ca\/#organization"",""name"":""UBC events"",""url"":""https:\/\/events.ubc.ca\/"",""logo"":{""@type"":""ImageObject"",""inLanguage"":""en-US"",""@id"":""https:\/\/events.ubc.ca\/#\/schema\/logo\/image\/"",""url"":""https:\/\/events.ubc.ca\/wp-content\/uploads\/2023\/11\/ubc-logo-2018-crest-blue-rgb72.jpg"",""contentUrl"":""https:\/\/events.ubc.ca\/wp-content\/uploads\/2023\/11\/ubc-logo-2018-crest-blue-rgb72.jpg"",""width"":99,""height"":135,""caption"":""UBC events""},""image"":{""@id"":""https:\/\/events.ubc.ca\/#\/schema\/logo\/image\/""},""sameAs"":[""https:\/\/www.facebook.com\/universityofbc\/"",""https:\/\/x.com\/ubcevents"",""https:\/\/www.youtube.com\/user\/UBC#g\/c\/94CEF848B9790AE4""]}]}</script>
<!-- / Yoast SEO plugin. -->","{""title"": ""holiday Archives - UBCevents"", ""robots"": {""index"": ""index"", ""follow"": ""follow"", ""max-snippet"": ""max-snippet:-1"", ""max-image-preview"": ""max-image-preview:large"", ""max-video-preview"": ""max-video-preview:-1""}, ""canonical"": ""https://events.ubc.ca/tag/holiday/"", ""og_locale"": ""en_US"", ""og_type"": ""article"", ""og_title"": ""holiday Archives - UBCevents"", ""og_url"": ""https://events.ubc.ca/tag/holiday/"", ""og_site_name"": ""UBCevents"", ""twitter_card"": ""summary_large_image"", ""twitter_site"": ""@ubcevents"", ""schema"": {""@context"": ""https://schema.org"", ""@graph"": [{""@type"": ""CollectionPage"", ""@id"": ""https://events.ubc.ca/tag/holiday/"", ""url"": ""https://events.ubc.ca/tag/holiday/"", ""name"": ""holiday Archives - UBCevents"", ""isPartOf"": {""@id"": ""https://events.ubc.ca/#website""}, ""breadcrumb"": {""@id"": ""https://events.ubc.ca/tag/holiday/#breadcrumb""}, ""inLanguage"": ""en-US""}, {""@type"": ""BreadcrumbList"", ""@id"": ""https://events.ubc.ca/tag/holiday/#breadcrumb"", ""itemListElement"": [{""@type"": ""ListItem"", ""position"": 1, ""name"": ""Home"", ""item"": ""https://events.ubc.ca/""}, {""@type"": ""ListItem"", ""position"": 2, ""name"": ""holiday""}]}, {""@type"": ""WebSite"", ""@id"": ""https://events.ubc.ca/#website"", ""url"": ""https://events.ubc.ca/"", ""name"": ""UBC Events"", ""description"": """", ""publisher"": {""@id"": ""https://events.ubc.ca/#organization""}, ""potentialAction"": [{""@type"": ""SearchAction"", ""target"": {""@type"": ""EntryPoint"", ""urlTemplate"": ""https://events.ubc.ca/?s={search_term_string}""}, ""query-input"": {""@type"": ""PropertyValueSpecification"", ""valueRequired"": true, ""valueName"": ""search_term_string""}}], ""inLanguage"": ""en-US""}, {""@type"": ""Organization"", ""@id"": ""https://events.ubc.ca/#organization"", ""name"": ""UBC events"", ""url"": ""https://events.ubc.ca/"", ""logo"": {""@type"": ""ImageObject"", ""inLanguage"": ""en-US"", ""@id"": ""https://events.ubc.ca/#/schema/logo/image/"", ""url"": ""https://events.ubc.ca/wp-content/uploads/2023/11/ubc-logo-2018-crest-blue-rgb72.jpg"", ""contentUrl"": ""https://events.ubc.ca/wp-content/uploads/2023/11/ubc-logo-2018-crest-blue-rgb72.jpg"", ""width"": 99, ""height"": 135, ""caption"": ""UBC events""}, ""image"": {""@id"": ""https://events.ubc.ca/#/schema/logo/image/""}, ""sameAs"": [""https://www.facebook.com/universityofbc/"", ""https://x.com/ubcevents"", ""https://www.youtube.com/user/UBC#g/c/94CEF848B9790AE4""]}]}}",https://events.ubc.ca/tag/holiday/,"{""self"": ""https://events.ubc.ca/wp-json/tribe/events/v1/tags/350"", ""collection"": ""https://events.ubc.ca/wp-json/tribe/events/v1/tags""}"
335,5,,horror,horror,post_tag,[],"<!-- This site is optimized with the Yoast SEO plugin v28.2 - https://yoast.com/product/yoast-seo-wordpress/ -->
<title>horror Archives - UBCevents</title>
<meta name=""robots"" content=""index, follow, max-snippet:-1, max-image-preview:large, max-video-preview:-1"" />
<link rel=""canonical"" href=""https://events.ubc.ca/tag/horror/"" />
<meta property=""og:locale"" content=""en_US"" />
<meta property=""og:type"" content=""article"" />
<meta property=""og:title"" content=""horror Archives - UBCevents"" />
<meta property=""og:url"" content=""https://events.ubc.ca/tag/horror/"" />
<meta property=""og:site_name"" content=""UBCevents"" />
<meta name=""twitter:card"" content=""summary_large_image"" />
<meta name=""twitter:site"" content=""@ubcevents"" />
<script type=""application/ld+json"" class=""yoast-schema-graph"">{""@context"":""https:\/\/schema.org"",""@graph"":[{""@type"":""CollectionPage"",""@id"":""https:\/\/events.ubc.ca\/tag\/horror\/"",""url"":""https:\/\/events.ubc.ca\/tag\/horror\/"",""name"":""horror Archives - UBCevents"",""isPartOf"":{""@id"":""https:\/\/events.ubc.ca\/#website""},""breadcrumb"":{""@id"":""https:\/\/events.ubc.ca\/tag\/horror\/#breadcrumb""},""inLanguage"":""en-US""},{""@type"":""BreadcrumbList"",""@id"":""https:\/\/events.ubc.ca\/tag\/horror\/#breadcrumb"",""itemListElement"":[{""@type"":""ListItem"",""position"":1,""name"":""Home"",""item"":""https:\/\/events.ubc.ca\/""},{""@type"":""ListItem"",""position"":2,""name"":""horror""}]},{""@type"":""WebSite"",""@id"":""https:\/\/events.ubc.ca\/#website"",""url"":""https:\/\/events.ubc.ca\/"",""name"":""UBC Events"",""description"":"""",""publisher"":{""@id"":""https:\/\/events.ubc.ca\/#organization""},""potentialAction"":[{""@type"":""SearchAction"",""target"":{""@type"":""EntryPoint"",""urlTemplate"":""https:\/\/events.ubc.ca\/?s={search_term_string}""},""query-input"":{""@type"":""PropertyValueSpecification"",""valueRequired"":true,""valueName"":""search_term_string""}}],""inLanguage"":""en-US""},{""@type"":""Organization"",""@id"":""https:\/\/events.ubc.ca\/#organization"",""name"":""UBC events"",""url"":""https:\/\/events.ubc.ca\/"",""logo"":{""@type"":""ImageObject"",""inLanguage"":""en-US"",""@id"":""https:\/\/events.ubc.ca\/#\/schema\/logo\/image\/"",""url"":""https:\/\/events.ubc.ca\/wp-content\/uploads\/2023\/11\/ubc-logo-2018-crest-blue-rgb72.jpg"",""contentUrl"":""https:\/\/events.ubc.ca\/wp-content\/uploads\/2023\/11\/ubc-logo-2018-crest-blue-rgb72.jpg"",""width"":99,""height"":135,""caption"":""UBC events""},""image"":{""@id"":""https:\/\/events.ubc.ca\/#\/schema\/logo\/image\/""},""sameAs"":[""https:\/\/www.facebook.com\/universityofbc\/"",""https:\/\/x.com\/ubcevents"",""https:\/\/www.youtube.com\/user\/UBC#g\/c\/94CEF848B9790AE4""]}]}</script>
<!-- / Yoast SEO plugin. -->","{""title"": ""horror Archives - UBCevents"", ""robots"": {""index"": ""index"", ""follow"": ""follow"", ""max-snippet"": ""max-snippet:-1"", ""max-image-preview"": ""max-image-preview:large"", ""max-video-preview"": ""max-video-preview:-1""}, ""canonical"": ""https://events.ubc.ca/tag/horror/"", ""og_locale"": ""en_US"", ""og_type"": ""article"", ""og_title"": ""horror Archives - UBCevents"", ""og_url"": ""https://events.ubc.ca/tag/horror/"", ""og_site_name"": ""UBCevents"", ""twitter_card"": ""summary_large_image"", ""twitter_site"": ""@ubcevents"", ""schema"": {""@context"": ""https://schema.org"", ""@graph"": [{""@type"": ""CollectionPage"", ""@id"": ""https://events.ubc.ca/tag/horror/"", ""url"": ""https://events.ubc.ca/tag/horror/"", ""name"": ""horror Archives - UBCevents"", ""isPartOf"": {""@id"": ""https://events.ubc.ca/#website""}, ""breadcrumb"": {""@id"": ""https://events.ubc.ca/tag/horror/#breadcrumb""}, ""inLanguage"": ""en-US""}, {""@type"": ""BreadcrumbList"", ""@id"": ""https://events.ubc.ca/tag/horror/#breadcrumb"", ""itemListElement"": [{""@type"": ""ListItem"", ""position"": 1, ""name"": ""Home"", ""item"": ""https://events.ubc.ca/""}, {""@type"": ""ListItem"", ""position"": 2, ""name"": ""horror""}]}, {""@type"": ""WebSite"", ""@id"": ""https://events.ubc.ca/#website"", ""url"": ""https://events.ubc.ca/"", ""name"": ""UBC Events"", ""description"": """", ""publisher"": {""@id"": ""https://events.ubc.ca/#organization""}, ""potentialAction"": [{""@type"": ""SearchAction"", ""target"": {""@type"": ""EntryPoint"", ""urlTemplate"": ""https://events.ubc.ca/?s={search_term_string}""}, ""query-input"": {""@type"": ""PropertyValueSpecification"", ""valueRequired"": true, ""valueName"": ""search_term_string""}}], ""inLanguage"": ""en-US""}, {""@type"": ""Organization"", ""@id"": ""https://events.ubc.ca/#organization"", ""name"": ""UBC events"", ""url"": ""https://events.ubc.ca/"", ""logo"": {""@type"": ""ImageObject"", ""inLanguage"": ""en-US"", ""@id"": ""https://events.ubc.ca/#/schema/logo/image/"", ""url"": ""https://events.ubc.ca/wp-content/uploads/2023/11/ubc-logo-2018-crest-blue-rgb72.jpg"", ""contentUrl"": ""https://events.ubc.ca/wp-content/uploads/2023/11/ubc-logo-2018-crest-blue-rgb72.jpg"", ""width"": 99, ""height"": 135, ""caption"": ""UBC events""}, ""image"": {""@id"": ""https://events.ubc.ca/#/schema/logo/image/""}, ""sameAs"": [""https://www.facebook.com/universityofbc/"", ""https://x.com/ubcevents"", ""https://www.youtube.com/user/UBC#g/c/94CEF848B9790AE4""]}]}}",https://events.ubc.ca/tag/horror/,"{""self"": ""https://events.ubc.ca/wp-json/tribe/events/v1/tags/335"", ""collection"": ""https://events.ubc.ca/wp-json/tribe/events/v1/tags""}"
369,9,,IBPOC,ibpoc,post_tag,[],"<!-- This site is optimized with the Yoast SEO plugin v28.2 - https://yoast.com/product/yoast-seo-wordpress/ -->
<title>IBPOC Archives - UBCevents</title>
<meta name=""robots"" content=""index, follow, max-snippet:-1, max-image-preview:large, max-video-preview:-1"" />
<link rel=""canonical"" href=""https://events.ubc.ca/tag/ibpoc/"" />
<meta property=""og:locale"" content=""en_US"" />
<meta property=""og:type"" content=""article"" />
<meta property=""og:title"" content=""IBPOC Archives - UBCevents"" />
<meta property=""og:url"" content=""https://events.ubc.ca/tag/ibpoc/"" />
<meta property=""og:site_name"" content=""UBCevents"" />
<meta name=""twitter:card"" content=""summary_large_image"" />
<meta name=""twitter:site"" content=""@ubcevents"" />
<script type=""application/ld+json"" class=""yoast-schema-graph"">{""@context"":""https:\/\/schema.org"",""@graph"":[{""@type"":""CollectionPage"",""@id"":""https:\/\/events.ubc.ca\/tag\/ibpoc\/"",""url"":""https:\/\/events.ubc.ca\/tag\/ibpoc\/"",""name"":""IBPOC Archives - UBCevents"",""isPartOf"":{""@id"":""https:\/\/events.ubc.ca\/#website""},""breadcrumb"":{""@id"":""https:\/\/events.ubc.ca\/tag\/ibpoc\/#breadcrumb""},""inLanguage"":""en-US""},{""@type"":""BreadcrumbList"",""@id"":""https:\/\/events.ubc.ca\/tag\/ibpoc\/#breadcrumb"",""itemListElement"":[{""@type"":""ListItem"",""position"":1,""name"":""Home"",""item"":""https:\/\/events.ubc.ca\/""},{""@type"":""ListItem"",""position"":2,""name"":""IBPOC""}]},{""@type"":""WebSite"",""@id"":""https:\/\/events.ubc.ca\/#website"",""url"":""https:\/\/events.ubc.ca\/"",""name"":""UBC Events"",""description"":"""",""publisher"":{""@id"":""https:\/\/events.ubc.ca\/#organization""},""potentialAction"":[{""@type"":""SearchAction"",""target"":{""@type"":""EntryPoint"",""urlTemplate"":""https:\/\/events.ubc.ca\/?s={search_term_string}""},""query-input"":{""@type"":""PropertyValueSpecification"",""valueRequired"":true,""valueName"":""search_term_string""}}],""inLanguage"":""en-US""},{""@type"":""Organization"",""@id"":""https:\/\/events.ubc.ca\/#organization"",""name"":""UBC events"",""url"":""https:\/\/events.ubc.ca\/"",""logo"":{""@type"":""ImageObject"",""inLanguage"":""en-US"",""@id"":""https:\/\/events.ubc.ca\/#\/schema\/logo\/image\/"",""url"":""https:\/\/events.ubc.ca\/wp-content\/uploads\/2023\/11\/ubc-logo-2018-crest-blue-rgb72.jpg"",""contentUrl"":""https:\/\/events.ubc.ca\/wp-content\/uploads\/2023\/11\/ubc-logo-2018-crest-blue-rgb72.jpg"",""width"":99,""height"":135,""caption"":""UBC events""},""image"":{""@id"":""https:\/\/events.ubc.ca\/#\/schema\/logo\/image\/""},""sameAs"":[""https:\/\/www.facebook.com\/universityofbc\/"",""https:\/\/x.com\/ubcevents"",""https:\/\/www.youtube.com\/user\/UBC#g\/c\/94CEF848B9790AE4""]}]}</script>
<!-- / Yoast SEO plugin. -->","{""title"": ""IBPOC Archives - UBCevents"", ""robots"": {""index"": ""index"", ""follow"": ""follow"", ""max-snippet"": ""max-snippet:-1"", ""max-image-preview"": ""max-image-preview:large"", ""max-video-preview"": ""max-video-preview:-1""}, ""canonical"": ""https://events.ubc.ca/tag/ibpoc/"", ""og_locale"": ""en_US"", ""og_type"": ""article"", ""og_title"": ""IBPOC Archives - UBCevents"", ""og_url"": ""https://events.ubc.ca/tag/ibpoc/"", ""og_site_name"": ""UBCevents"", ""twitter_card"": ""summary_large_image"", ""twitter_site"": ""@ubcevents"", ""schema"": {""@context"": ""https://schema.org"", ""@graph"": [{""@type"": ""CollectionPage"", ""@id"": ""https://events.ubc.ca/tag/ibpoc/"", ""url"": ""https://events.ubc.ca/tag/ibpoc/"", ""name"": ""IBPOC Archives - UBCevents"", ""isPartOf"": {""@id"": ""https://events.ubc.ca/#website""}, ""breadcrumb"": {""@id"": ""https://events.ubc.ca/tag/ibpoc/#breadcrumb""}, ""inLanguage"": ""en-US""}, {""@type"": ""BreadcrumbList"", ""@id"": ""https://events.ubc.ca/tag/ibpoc/#breadcrumb"", ""itemListElement"": [{""@type"": ""ListItem"", ""position"": 1, ""name"": ""Home"", ""item"": ""https://events.ubc.ca/""}, {""@type"": ""ListItem"", ""position"": 2, ""name"": ""IBPOC""}]}, {""@type"": ""WebSite"", ""@id"": ""https://events.ubc.ca/#website"", ""url"": ""https://events.ubc.ca/"", ""name"": ""UBC Events"", ""description"": """", ""publisher"": {""@id"": ""https://events.ubc.ca/#organization""}, ""potentialAction"": [{""@type"": ""SearchAction"", ""target"": {""@type"": ""EntryPoint"", ""urlTemplate"": ""https://events.ubc.ca/?s={search_term_string}""}, ""query-input"": {""@type"": ""PropertyValueSpecification"", ""valueRequired"": true, ""valueName"": ""search_term_string""}}], ""inLanguage"": ""en-US""}, {""@type"": ""Organization"", ""@id"": ""https://events.ubc.ca/#organization"", ""name"": ""UBC events"", ""url"": ""https://events.ubc.ca/"", ""logo"": {""@type"": ""ImageObject"", ""inLanguage"": ""en-US"", ""@id"": ""https://events.ubc.ca/#/schema/logo/image/"", ""url"": ""https://events.ubc.ca/wp-content/uploads/2023/11/ubc-logo-2018-crest-blue-rgb72.jpg"", ""contentUrl"": ""https://events.ubc.ca/wp-content/uploads/2023/11/ubc-logo-2018-crest-blue-rgb72.jpg"", ""width"": 99, ""height"": 135, ""caption"": ""UBC events""}, ""image"": {""@id"": ""https://events.ubc.ca/#/schema/logo/image/""}, ""sameAs"": [""https://www.facebook.com/universityofbc/"", ""https://x.com/ubcevents"", ""https://www.youtube.com/user/UBC#g/c/94CEF848B9790AE4""]}]}}",https://events.ubc.ca/tag/ibpoc/,"{""self"": ""https://events.ubc.ca/wp-json/tribe/events/v1/tags/369"", ""collection"": ""https://events.ubc.ca/wp-json/tribe/events/v1/tags""}"
374,9,,Indigeneity,indigeneity,post_tag,[],"<!-- This site is optimized with the Yoast SEO plugin v28.2 - https://yoast.com/product/yoast-seo-wordpress/ -->
<title>Indigeneity Archives - UBCevents</title>
<meta name=""robots"" content=""index, follow, max-snippet:-1, max-image-preview:large, max-video-preview:-1"" />
<link rel=""canonical"" href=""https://events.ubc.ca/tag/indigeneity/"" />
<meta property=""og:locale"" content=""en_US"" />
<meta property=""og:type"" content=""article"" />
<meta property=""og:title"" content=""Indigeneity Archives - UBCevents"" />
<meta property=""og:url"" content=""https://events.ubc.ca/tag/indigeneity/"" />
<meta property=""og:site_name"" content=""UBCevents"" />
<meta name=""twitter:card"" content=""summary_large_image"" />
<meta name=""twitter:site"" content=""@ubcevents"" />
<script type=""application/ld+json"" class=""yoast-schema-graph"">{""@context"":""https:\/\/schema.org"",""@graph"":[{""@type"":""CollectionPage"",""@id"":""https:\/\/events.ubc.ca\/tag\/indigeneity\/"",""url"":""https:\/\/events.ubc.ca\/tag\/indigeneity\/"",""name"":""Indigeneity Archives - UBCevents"",""isPartOf"":{""@id"":""https:\/\/events.ubc.ca\/#website""},""breadcrumb"":{""@id"":""https:\/\/events.ubc.ca\/tag\/indigeneity\/#breadcrumb""},""inLanguage"":""en-US""},{""@type"":""BreadcrumbList"",""@id"":""https:\/\/events.ubc.ca\/tag\/indigeneity\/#breadcrumb"",""itemListElement"":[{""@type"":""ListItem"",""position"":1,""name"":""Home"",""item"":""https:\/\/events.ubc.ca\/""},{""@type"":""ListItem"",""position"":2,""name"":""Indigeneity""}]},{""@type"":""WebSite"",""@id"":""https:\/\/events.ubc.ca\/#website"",""url"":""https:\/\/events.ubc.ca\/"",""name"":""UBC Events"",""description"":"""",""publisher"":{""@id"":""https:\/\/events.ubc.ca\/#organization""},""potentialAction"":[{""@type"":""SearchAction"",""target"":{""@type"":""EntryPoint"",""urlTemplate"":""https:\/\/events.ubc.ca\/?s={search_term_string}""},""query-input"":{""@type"":""PropertyValueSpecification"",""valueRequired"":true,""valueName"":""search_term_string""}}],""inLanguage"":""en-US""},{""@type"":""Organization"",""@id"":""https:\/\/events.ubc.ca\/#organization"",""name"":""UBC events"",""url"":""https:\/\/events.ubc.ca\/"",""logo"":{""@type"":""ImageObject"",""inLanguage"":""en-US"",""@id"":""https:\/\/events.ubc.ca\/#\/schema\/logo\/image\/"",""url"":""https:\/\/events.ubc.ca\/wp-content\/uploads\/2023\/11\/ubc-logo-2018-crest-blue-rgb72.jpg"",""contentUrl"":""https:\/\/events.ubc.ca\/wp-content\/uploads\/2023\/11\/ubc-logo-2018-crest-blue-rgb72.jpg"",""width"":99,""height"":135,""caption"":""UBC events""},""image"":{""@id"":""https:\/\/events.ubc.ca\/#\/schema\/logo\/image\/""},""sameAs"":[""https:\/\/www.facebook.com\/universityofbc\/"",""https:\/\/x.com\/ubcevents"",""https:\/\/www.youtube.com\/user\/UBC#g\/c\/94CEF848B9790AE4""]}]}</script>
<!-- / Yoast SEO plugin. -->","{""title"": ""Indigeneity Archives - UBCevents"", ""robots"": {""index"": ""index"", ""follow"": ""follow"", ""max-snippet"": ""max-snippet:-1"", ""max-image-preview"": ""max-image-preview:large"", ""max-video-preview"": ""max-video-preview:-1""}, ""canonical"": ""https://events.ubc.ca/tag/indigeneity/"", ""og_locale"": ""en_US"", ""og_type"": ""article"", ""og_title"": ""Indigeneity Archives - UBCevents"", ""og_url"": ""https://events.ubc.ca/tag/indigeneity/"", ""og_site_name"": ""UBCevents"", ""twitter_card"": ""summary_large_image"", ""twitter_site"": ""@ubcevents"", ""schema"": {""@context"": ""https://schema.org"", ""@graph"": [{""@type"": ""CollectionPage"", ""@id"": ""https://events.ubc.ca/tag/indigeneity/"", ""url"": ""https://events.ubc.ca/tag/indigeneity/"", ""name"": ""Indigeneity Archives - UBCevents"", ""isPartOf"": {""@id"": ""https://events.ubc.ca/#website""}, ""breadcrumb"": {""@id"": ""https://events.ubc.ca/tag/indigeneity/#breadcrumb""}, ""inLanguage"": ""en-US""}, {""@type"": ""BreadcrumbList"", ""@id"": ""https://events.ubc.ca/tag/indigeneity/#breadcrumb"", ""itemListElement"": [{""@type"": ""ListItem"", ""position"": 1, ""name"": ""Home"", ""item"": ""https://events.ubc.ca/""}, {""@type"": ""ListItem"", ""position"": 2, ""name"": ""Indigeneity""}]}, {""@type"": ""WebSite"", ""@id"": ""https://events.ubc.ca/#website"", ""url"": ""https://events.ubc.ca/"", ""name"": ""UBC Events"", ""description"": """", ""publisher"": {""@id"": ""https://events.ubc.ca/#organization""}, ""potentialAction"": [{""@type"": ""SearchAction"", ""target"": {""@type"": ""EntryPoint"", ""urlTemplate"": ""https://events.ubc.ca/?s={search_term_string}""}, ""query-input"": {""@type"": ""PropertyValueSpecification"", ""valueRequired"": true, ""valueName"": ""search_term_string""}}], ""inLanguage"": ""en-US""}, {""@type"": ""Organization"", ""@id"": ""https://events.ubc.ca/#organization"", ""name"": ""UBC events"", ""url"": ""https://events.ubc.ca/"", ""logo"": {""@type"": ""ImageObject"", ""inLanguage"": ""en-US"", ""@id"": ""https://events.ubc.ca/#/schema/logo/image/"", ""url"": ""https://events.ubc.ca/wp-content/uploads/2023/11/ubc-logo-2018-crest-blue-rgb72.jpg"", ""contentUrl"": ""https://events.ubc.ca/wp-content/uploads/2023/11/ubc-logo-2018-crest-blue-rgb72.jpg"", ""width"": 99, ""height"": 135, ""caption"": ""UBC events""}, ""image"": {""@id"": ""https://events.ubc.ca/#/schema/logo/image/""}, ""sameAs"": [""https://www.facebook.com/universityofbc/"", ""https://x.com/ubcevents"", ""https://www.youtube.com/user/UBC#g/c/94CEF848B9790AE4""]}]}}",https://events.ubc.ca/tag/indigeneity/,"{""self"": ""https://events.ubc.ca/wp-json/tribe/events/v1/tags/374"", ""collection"": ""https://events.ubc.ca/wp-json/tribe/events/v1/tags""}"
364,25,,Indigenous,indigenous,post_tag,[],"<!-- This site is optimized with the Yoast SEO plugin v28.2 - https://yoast.com/product/yoast-seo-wordpress/ -->
<title>Indigenous Archives - UBCevents</title>
<meta name=""robots"" content=""index, follow, max-snippet:-1, max-image-preview:large, max-video-preview:-1"" />
<link rel=""canonical"" href=""https://events.ubc.ca/tag/indigenous/"" />
<meta property=""og:locale"" content=""en_US"" />
<meta property=""og:type"" content=""article"" />
<meta property=""og:title"" content=""Indigenous Archives - UBCevents"" />
<meta property=""og:url"" content=""https://events.ubc.ca/tag/indigenous/"" />
<meta property=""og:site_name"" content=""UBCevents"" />
<meta name=""twitter:card"" content=""summary_large_image"" />
<meta name=""twitter:site"" content=""@ubcevents"" />
<script type=""application/ld+json"" class=""yoast-schema-graph"">{""@context"":""https:\/\/schema.org"",""@graph"":[{""@type"":""CollectionPage"",""@id"":""https:\/\/events.ubc.ca\/tag\/indigenous\/"",""url"":""https:\/\/events.ubc.ca\/tag\/indigenous\/"",""name"":""Indigenous Archives - UBCevents"",""isPartOf"":{""@id"":""https:\/\/events.ubc.ca\/#website""},""breadcrumb"":{""@id"":""https:\/\/events.ubc.ca\/tag\/indigenous\/#breadcrumb""},""inLanguage"":""en-US""},{""@type"":""BreadcrumbList"",""@id"":""https:\/\/events.ubc.ca\/tag\/indigenous\/#breadcrumb"",""itemListElement"":[{""@type"":""ListItem"",""position"":1,""name"":""Home"",""item"":""https:\/\/events.ubc.ca\/""},{""@type"":""ListItem"",""position"":2,""name"":""Indigenous""}]},{""@type"":""WebSite"",""@id"":""https:\/\/events.ubc.ca\/#website"",""url"":""https:\/\/events.ubc.ca\/"",""name"":""UBC Events"",""description"":"""",""publisher"":{""@id"":""https:\/\/events.ubc.ca\/#organization""},""potentialAction"":[{""@type"":""SearchAction"",""target"":{""@type"":""EntryPoint"",""urlTemplate"":""https:\/\/events.ubc.ca\/?s={search_term_string}""},""query-input"":{""@type"":""PropertyValueSpecification"",""valueRequired"":true,""valueName"":""search_term_string""}}],""inLanguage"":""en-US""},{""@type"":""Organization"",""@id"":""https:\/\/events.ubc.ca\/#organization"",""name"":""UBC events"",""url"":""https:\/\/events.ubc.ca\/"",""logo"":{""@type"":""ImageObject"",""inLanguage"":""en-US"",""@id"":""https:\/\/events.ubc.ca\/#\/schema\/logo\/image\/"",""url"":""https:\/\/events.ubc.ca\/wp-content\/uploads\/2023\/11\/ubc-logo-2018-crest-blue-rgb72.jpg"",""contentUrl"":""https:\/\/events.ubc.ca\/wp-content\/uploads\/2023\/11\/ubc-logo-2018-crest-blue-rgb72.jpg"",""width"":99,""height"":135,""caption"":""UBC events""},""image"":{""@id"":""https:\/\/events.ubc.ca\/#\/schema\/logo\/image\/""},""sameAs"":[""https:\/\/www.facebook.com\/universityofbc\/"",""https:\/\/x.com\/ubcevents"",""https:\/\/www.youtube.com\/user\/UBC#g\/c\/94CEF848B9790AE4""]}]}</script>
<!-- / Yoast SEO plugin. -->","{""title"": ""Indigenous Archives - UBCevents"", ""robots"": {""index"": ""index"", ""follow"": ""follow"", ""max-snippet"": ""max-snippet:-1"", ""max-image-preview"": ""max-image-preview:large"", ""max-video-preview"": ""max-video-preview:-1""}, ""canonical"": ""https://events.ubc.ca/tag/indigenous/"", ""og_locale"": ""en_US"", ""og_type"": ""article"", ""og_title"": ""Indigenous Archives - UBCevents"", ""og_url"": ""https://events.ubc.ca/tag/indigenous/"", ""og_site_name"": ""UBCevents"", ""twitter_card"": ""summary_large_image"", ""twitter_site"": ""@ubcevents"", ""schema"": {""@context"": ""https://schema.org"", ""@graph"": [{""@type"": ""CollectionPage"", ""@id"": ""https://events.ubc.ca/tag/indigenous/"", ""url"": ""https://events.ubc.ca/tag/indigenous/"", ""name"": ""Indigenous Archives - UBCevents"", ""isPartOf"": {""@id"": ""https://events.ubc.ca/#website""}, ""breadcrumb"": {""@id"": ""https://events.ubc.ca/tag/indigenous/#breadcrumb""}, ""inLanguage"": ""en-US""}, {""@type"": ""BreadcrumbList"", ""@id"": ""https://events.ubc.ca/tag/indigenous/#breadcrumb"", ""itemListElement"": [{""@type"": ""ListItem"", ""position"": 1, ""name"": ""Home"", ""item"": ""https://events.ubc.ca/""}, {""@type"": ""ListItem"", ""position"": 2, ""name"": ""Indigenous""}]}, {""@type"": ""WebSite"", ""@id"": ""https://events.ubc.ca/#website"", ""url"": ""https://events.ubc.ca/"", ""name"": ""UBC Events"", ""description"": """", ""publisher"": {""@id"": ""https://events.ubc.ca/#organization""}, ""potentialAction"": [{""@type"": ""SearchAction"", ""target"": {""@type"": ""EntryPoint"", ""urlTemplate"": ""https://events.ubc.ca/?s={search_term_string}""}, ""query-input"": {""@type"": ""PropertyValueSpecification"", ""valueRequired"": true, ""valueName"": ""search_term_string""}}], ""inLanguage"": ""en-US""}, {""@type"": ""Organization"", ""@id"": ""https://events.ubc.ca/#organization"", ""name"": ""UBC events"", ""url"": ""https://events.ubc.ca/"", ""logo"": {""@type"": ""ImageObject"", ""inLanguage"": ""en-US"", ""@id"": ""https://events.ubc.ca/#/schema/logo/image/"", ""url"": ""https://events.ubc.ca/wp-content/uploads/2023/11/ubc-logo-2018-crest-blue-rgb72.jpg"", ""contentUrl"": ""https://events.ubc.ca/wp-content/uploads/2023/11/ubc-logo-2018-crest-blue-rgb72.jpg"", ""width"": 99, ""height"": 135, ""caption"": ""UBC events""}, ""image"": {""@id"": ""https://events.ubc.ca/#/schema/logo/image/""}, ""sameAs"": [""https://www.facebook.com/universityofbc/"", ""https://x.com/ubcevents"", ""https://www.youtube.com/user/UBC#g/c/94CEF848B9790AE4""]}]}}",https://events.ubc.ca/tag/indigenous/,"{""self"": ""https://events.ubc.ca/wp-json/tribe/events/v1/tags/364"", ""collection"": ""https://events.ubc.ca/wp-json/tribe/events/v1/tags""}"
177,248,,indigenous events,indigenous-events,post_tag,[],"<!-- This site is optimized with the Yoast SEO plugin v28.2 - https://yoast.com/product/yoast-seo-wordpress/ -->
<title>indigenous events Archives - UBCevents</title>
<meta name=""robots"" content=""index, follow, max-snippet:-1, max-image-preview:large, max-video-preview:-1"" />
<link rel=""canonical"" href=""https://events.ubc.ca/tag/indigenous-events/"" />
<meta property=""og:locale"" content=""en_US"" />
<meta property=""og:type"" content=""article"" />
<meta property=""og:title"" content=""indigenous events Archives - UBCevents"" />
<meta property=""og:url"" content=""https://events.ubc.ca/tag/indigenous-events/"" />
<meta property=""og:site_name"" content=""UBCevents"" />
<meta name=""twitter:card"" content=""summary_large_image"" />
<meta name=""twitter:site"" content=""@ubcevents"" />
<script type=""application/ld+json"" class=""yoast-schema-graph"">{""@context"":""https:\/\/schema.org"",""@graph"":[{""@type"":""CollectionPage"",""@id"":""https:\/\/events.ubc.ca\/tag\/indigenous-events\/"",""url"":""https:\/\/events.ubc.ca\/tag\/indigenous-events\/"",""name"":""indigenous events Archives - UBCevents"",""isPartOf"":{""@id"":""https:\/\/events.ubc.ca\/#website""},""breadcrumb"":{""@id"":""https:\/\/events.ubc.ca\/tag\/indigenous-events\/#breadcrumb""},""inLanguage"":""en-US""},{""@type"":""BreadcrumbList"",""@id"":""https:\/\/events.ubc.ca\/tag\/indigenous-events\/#breadcrumb"",""itemListElement"":[{""@type"":""ListItem"",""position"":1,""name"":""Home"",""item"":""https:\/\/events.ubc.ca\/""},{""@type"":""ListItem"",""position"":2,""name"":""indigenous events""}]},{""@type"":""WebSite"",""@id"":""https:\/\/events.ubc.ca\/#website"",""url"":""https:\/\/events.ubc.ca\/"",""name"":""UBC Events"",""description"":"""",""publisher"":{""@id"":""https:\/\/events.ubc.ca\/#organization""},""potentialAction"":[{""@type"":""SearchAction"",""target"":{""@type"":""EntryPoint"",""urlTemplate"":""https:\/\/events.ubc.ca\/?s={search_term_string}""},""query-input"":{""@type"":""PropertyValueSpecification"",""valueRequired"":true,""valueName"":""search_term_string""}}],""inLanguage"":""en-US""},{""@type"":""Organization"",""@id"":""https:\/\/events.ubc.ca\/#organization"",""name"":""UBC events"",""url"":""https:\/\/events.ubc.ca\/"",""logo"":{""@type"":""ImageObject"",""inLanguage"":""en-US"",""@id"":""https:\/\/events.ubc.ca\/#\/schema\/logo\/image\/"",""url"":""https:\/\/events.ubc.ca\/wp-content\/uploads\/2023\/11\/ubc-logo-2018-crest-blue-rgb72.jpg"",""contentUrl"":""https:\/\/events.ubc.ca\/wp-content\/uploads\/2023\/11\/ubc-logo-2018-crest-blue-rgb72.jpg"",""width"":99,""height"":135,""caption"":""UBC events""},""image"":{""@id"":""https:\/\/events.ubc.ca\/#\/schema\/logo\/image\/""},""sameAs"":[""https:\/\/www.facebook.com\/universityofbc\/"",""https:\/\/x.com\/ubcevents"",""https:\/\/www.youtube.com\/user\/UBC#g\/c\/94CEF848B9790AE4""]}]}</script>
<!-- / Yoast SEO plugin. -->","{""title"": ""indigenous events Archives - UBCevents"", ""robots"": {""index"": ""index"", ""follow"": ""follow"", ""max-snippet"": ""max-snippet:-1"", ""max-image-preview"": ""max-image-preview:large"", ""max-video-preview"": ""max-video-preview:-1""}, ""canonical"": ""https://events.ubc.ca/tag/indigenous-events/"", ""og_locale"": ""en_US"", ""og_type"": ""article"", ""og_title"": ""indigenous events Archives - UBCevents"", ""og_url"": ""https://events.ubc.ca/tag/indigenous-events/"", ""og_site_name"": ""UBCevents"", ""twitter_card"": ""summary_large_image"", ""twitter_site"": ""@ubcevents"", ""schema"": {""@context"": ""https://schema.org"", ""@graph"": [{""@type"": ""CollectionPage"", ""@id"": ""https://events.ubc.ca/tag/indigenous-events/"", ""url"": ""https://events.ubc.ca/tag/indigenous-events/"", ""name"": ""indigenous events Archives - UBCevents"", ""isPartOf"": {""@id"": ""https://events.ubc.ca/#website""}, ""breadcrumb"": {""@id"": ""https://events.ubc.ca/tag/indigenous-events/#breadcrumb""}, ""inLanguage"": ""en-US""}, {""@type"": ""BreadcrumbList"", ""@id"": ""https://events.ubc.ca/tag/indigenous-events/#breadcrumb"", ""itemListElement"": [{""@type"": ""ListItem"", ""position"": 1, ""name"": ""Home"", ""item"": ""https://events.ubc.ca/""}, {""@type"": ""ListItem"", ""position"": 2, ""name"": ""indigenous events""}]}, {""@type"": ""WebSite"", ""@id"": ""https://events.ubc.ca/#website"", ""url"": ""https://events.ubc.ca/"", ""name"": ""UBC Events"", ""description"": """", ""publisher"": {""@id"": ""https://events.ubc.ca/#organization""}, ""potentialAction"": [{""@type"": ""SearchAction"", ""target"": {""@type"": ""EntryPoint"", ""urlTemplate"": ""https://events.ubc.ca/?s={search_term_string}""}, ""query-input"": {""@type"": ""PropertyValueSpecification"", ""valueRequired"": true, ""valueName"": ""search_term_string""}}], ""inLanguage"": ""en-US""}, {""@type"": ""Organization"", ""@id"": ""https://events.ubc.ca/#organization"", ""name"": ""UBC events"", ""url"": ""https://events.ubc.ca/"", ""logo"": {""@type"": ""ImageObject"", ""inLanguage"": ""en-US"", ""@id"": ""https://events.ubc.ca/#/schema/logo/image/"", ""url"": ""https://events.ubc.ca/wp-content/uploads/2023/11/ubc-logo-2018-crest-blue-rgb72.jpg"", ""contentUrl"": ""https://events.ubc.ca/wp-content/uploads/2023/11/ubc-logo-2018-crest-blue-rgb72.jpg"", ""width"": 99, ""height"": 135, ""caption"": ""UBC events""}, ""image"": {""@id"": ""https://events.ubc.ca/#/schema/logo/image/""}, ""sameAs"": [""https://www.facebook.com/universityofbc/"", ""https://x.com/ubcevents"", ""https://www.youtube.com/user/UBC#g/c/94CEF848B9790AE4""]}]}}",https://events.ubc.ca/tag/indigenous-events/,"{""self"": ""https://events.ubc.ca/wp-json/tribe/events/v1/tags/177"", ""collection"": ""https://events.ubc.ca/wp-json/tribe/events/v1/tags""}"
373,7,,Intersectionality,intersectionality,post_tag,[],"<!-- This site is optimized with the Yoast SEO plugin v28.2 - https://yoast.com/product/yoast-seo-wordpress/ -->
<title>Intersectionality Archives - UBCevents</title>
<meta name=""robots"" content=""index, follow, max-snippet:-1, max-image-preview:large, max-video-preview:-1"" />
<link rel=""canonical"" href=""https://events.ubc.ca/tag/intersectionality/"" />
<meta property=""og:locale"" content=""en_US"" />
<meta property=""og:type"" content=""article"" />
<meta property=""og:title"" content=""Intersectionality Archives - UBCevents"" />
<meta property=""og:url"" content=""https://events.ubc.ca/tag/intersectionality/"" />
<meta property=""og:site_name"" content=""UBCevents"" />
<meta name=""twitter:card"" content=""summary_large_image"" />
<meta name=""twitter:site"" content=""@ubcevents"" />
<script type=""application/ld+json"" class=""yoast-schema-graph"">{""@context"":""https:\/\/schema.org"",""@graph"":[{""@type"":""CollectionPage"",""@id"":""https:\/\/events.ubc.ca\/tag\/intersectionality\/"",""url"":""https:\/\/events.ubc.ca\/tag\/intersectionality\/"",""name"":""Intersectionality Archives - UBCevents"",""isPartOf"":{""@id"":""https:\/\/events.ubc.ca\/#website""},""breadcrumb"":{""@id"":""https:\/\/events.ubc.ca\/tag\/intersectionality\/#breadcrumb""},""inLanguage"":""en-US""},{""@type"":""BreadcrumbList"",""@id"":""https:\/\/events.ubc.ca\/tag\/intersectionality\/#breadcrumb"",""itemListElement"":[{""@type"":""ListItem"",""position"":1,""name"":""Home"",""item"":""https:\/\/events.ubc.ca\/""},{""@type"":""ListItem"",""position"":2,""name"":""Intersectionality""}]},{""@type"":""WebSite"",""@id"":""https:\/\/events.ubc.ca\/#website"",""url"":""https:\/\/events.ubc.ca\/"",""name"":""UBC Events"",""description"":"""",""publisher"":{""@id"":""https:\/\/events.ubc.ca\/#organization""},""potentialAction"":[{""@type"":""SearchAction"",""target"":{""@type"":""EntryPoint"",""urlTemplate"":""https:\/\/events.ubc.ca\/?s={search_term_string}""},""query-input"":{""@type"":""PropertyValueSpecification"",""valueRequired"":true,""valueName"":""search_term_string""}}],""inLanguage"":""en-US""},{""@type"":""Organization"",""@id"":""https:\/\/events.ubc.ca\/#organization"",""name"":""UBC events"",""url"":""https:\/\/events.ubc.ca\/"",""logo"":{""@type"":""ImageObject"",""inLanguage"":""en-US"",""@id"":""https:\/\/events.ubc.ca\/#\/schema\/logo\/image\/"",""url"":""https:\/\/events.ubc.ca\/wp-content\/uploads\/2023\/11\/ubc-logo-2018-crest-blue-rgb72.jpg"",""contentUrl"":""https:\/\/events.ubc.ca\/wp-content\/uploads\/2023\/11\/ubc-logo-2018-crest-blue-rgb72.jpg"",""width"":99,""height"":135,""caption"":""UBC events""},""image"":{""@id"":""https:\/\/events.ubc.ca\/#\/schema\/logo\/image\/""},""sameAs"":[""https:\/\/www.facebook.com\/universityofbc\/"",""https:\/\/x.com\/ubcevents"",""https:\/\/www.youtube.com\/user\/UBC#g\/c\/94CEF848B9790AE4""]}]}</script>
<!-- / Yoast SEO plugin. -->","{""title"": ""Intersectionality Archives - UBCevents"", ""robots"": {""index"": ""index"", ""follow"": ""follow"", ""max-snippet"": ""max-snippet:-1"", ""max-image-preview"": ""max-image-preview:large"", ""max-video-preview"": ""max-video-preview:-1""}, ""canonical"": ""https://events.ubc.ca/tag/intersectionality/"", ""og_locale"": ""en_US"", ""og_type"": ""article"", ""og_title"": ""Intersectionality Archives - UBCevents"", ""og_url"": ""https://events.ubc.ca/tag/intersectionality/"", ""og_site_name"": ""UBCevents"", ""twitter_card"": ""summary_large_image"", ""twitter_site"": ""@ubcevents"", ""schema"": {""@context"": ""https://schema.org"", ""@graph"": [{""@type"": ""CollectionPage"", ""@id"": ""https://events.ubc.ca/tag/intersectionality/"", ""url"": ""https://events.ubc.ca/tag/intersectionality/"", ""name"": ""Intersectionality Archives - UBCevents"", ""isPartOf"": {""@id"": ""https://events.ubc.ca/#website""}, ""breadcrumb"": {""@id"": ""https://events.ubc.ca/tag/intersectionality/#breadcrumb""}, ""inLanguage"": ""en-US""}, {""@type"": ""BreadcrumbList"", ""@id"": ""https://events.ubc.ca/tag/intersectionality/#breadcrumb"", ""itemListElement"": [{""@type"": ""ListItem"", ""position"": 1, ""name"": ""Home"", ""item"": ""https://events.ubc.ca/""}, {""@type"": ""ListItem"", ""position"": 2, ""name"": ""Intersectionality""}]}, {""@type"": ""WebSite"", ""@id"": ""https://events.ubc.ca/#website"", ""url"": ""https://events.ubc.ca/"", ""name"": ""UBC Events"", ""description"": """", ""publisher"": {""@id"": ""https://events.ubc.ca/#organization""}, ""potentialAction"": [{""@type"": ""SearchAction"", ""target"": {""@type"": ""EntryPoint"", ""urlTemplate"": ""https://events.ubc.ca/?s={search_term_string}""}, ""query-input"": {""@type"": ""PropertyValueSpecification"", ""valueRequired"": true, ""valueName"": ""search_term_string""}}], ""inLanguage"": ""en-US""}, {""@type"": ""Organization"", ""@id"": ""https://events.ubc.ca/#organization"", ""name"": ""UBC events"", ""url"": ""https://events.ubc.ca/"", ""logo"": {""@type"": ""ImageObject"", ""inLanguage"": ""en-US"", ""@id"": ""https://events.ubc.ca/#/schema/logo/image/"", ""url"": ""https://events.ubc.ca/wp-content/uploads/2023/11/ubc-logo-2018-crest-blue-rgb72.jpg"", ""contentUrl"": ""https://events.ubc.ca/wp-content/uploads/2023/11/ubc-logo-2018-crest-blue-rgb72.jpg"", ""width"": 99, ""height"": 135, ""caption"": ""UBC events""}, ""image"": {""@id"": ""https://events.ubc.ca/#/schema/logo/image/""}, ""sameAs"": [""https://www.facebook.com/universityofbc/"", ""https://x.com/ubcevents"", ""https://www.youtube.com/user/UBC#g/c/94CEF848B9790AE4""]}]}}",https://events.ubc.ca/tag/intersectionality/,"{""self"": ""https://events.ubc.ca/wp-json/tribe/events/v1/tags/373"", ""collection"": ""https://events.ubc.ca/wp-json/tribe/events/v1/tags""}"
372,1,,IPBOC,ipboc,post_tag,[],"<!-- This site is optimized with the Yoast SEO plugin v28.2 - https://yoast.com/product/yoast-seo-wordpress/ -->
<title>IPBOC Archives - UBCevents</title>
<meta name=""robots"" content=""index, follow, max-snippet:-1, max-image-preview:large, max-video-preview:-1"" />
<link rel=""canonical"" href=""https://events.ubc.ca/tag/ipboc/"" />
<meta property=""og:locale"" content=""en_US"" />
<meta property=""og:type"" content=""article"" />
<meta property=""og:title"" content=""IPBOC Archives - UBCevents"" />
<meta property=""og:url"" content=""https://events.ubc.ca/tag/ipboc/"" />
<meta property=""og:site_name"" content=""UBCevents"" />
<meta name=""twitter:card"" content=""summary_large_image"" />
<meta name=""twitter:site"" content=""@ubcevents"" />
<script type=""application/ld+json"" class=""yoast-schema-graph"">{""@context"":""https:\/\/schema.org"",""@graph"":[{""@type"":""CollectionPage"",""@id"":""https:\/\/events.ubc.ca\/tag\/ipboc\/"",""url"":""https:\/\/events.ubc.ca\/tag\/ipboc\/"",""name"":""IPBOC Archives - UBCevents"",""isPartOf"":{""@id"":""https:\/\/events.ubc.ca\/#website""},""breadcrumb"":{""@id"":""https:\/\/events.ubc.ca\/tag\/ipboc\/#breadcrumb""},""inLanguage"":""en-US""},{""@type"":""BreadcrumbList"",""@id"":""https:\/\/events.ubc.ca\/tag\/ipboc\/#breadcrumb"",""itemListElement"":[{""@type"":""ListItem"",""position"":1,""name"":""Home"",""item"":""https:\/\/events.ubc.ca\/""},{""@type"":""ListItem"",""position"":2,""name"":""IPBOC""}]},{""@type"":""WebSite"",""@id"":""https:\/\/events.ubc.ca\/#website"",""url"":""https:\/\/events.ubc.ca\/"",""name"":""UBC Events"",""description"":"""",""publisher"":{""@id"":""https:\/\/events.ubc.ca\/#organization""},""potentialAction"":[{""@type"":""SearchAction"",""target"":{""@type"":""EntryPoint"",""urlTemplate"":""https:\/\/events.ubc.ca\/?s={search_term_string}""},""query-input"":{""@type"":""PropertyValueSpecification"",""valueRequired"":true,""valueName"":""search_term_string""}}],""inLanguage"":""en-US""},{""@type"":""Organization"",""@id"":""https:\/\/events.ubc.ca\/#organization"",""name"":""UBC events"",""url"":""https:\/\/events.ubc.ca\/"",""logo"":{""@type"":""ImageObject"",""inLanguage"":""en-US"",""@id"":""https:\/\/events.ubc.ca\/#\/schema\/logo\/image\/"",""url"":""https:\/\/events.ubc.ca\/wp-content\/uploads\/2023\/11\/ubc-logo-2018-crest-blue-rgb72.jpg"",""contentUrl"":""https:\/\/events.ubc.ca\/wp-content\/uploads\/2023\/11\/ubc-logo-2018-crest-blue-rgb72.jpg"",""width"":99,""height"":135,""caption"":""UBC events""},""image"":{""@id"":""https:\/\/events.ubc.ca\/#\/schema\/logo\/image\/""},""sameAs"":[""https:\/\/www.facebook.com\/universityofbc\/"",""https:\/\/x.com\/ubcevents"",""https:\/\/www.youtube.com\/user\/UBC#g\/c\/94CEF848B9790AE4""]}]}</script>
<!-- / Yoast SEO plugin. -->","{""title"": ""IPBOC Archives - UBCevents"", ""robots"": {""index"": ""index"", ""follow"": ""follow"", ""max-snippet"": ""max-snippet:-1"", ""max-image-preview"": ""max-image-preview:large"", ""max-video-preview"": ""max-video-preview:-1""}, ""canonical"": ""https://events.ubc.ca/tag/ipboc/"", ""og_locale"": ""en_US"", ""og_type"": ""article"", ""og_title"": ""IPBOC Archives - UBCevents"", ""og_url"": ""https://events.ubc.ca/tag/ipboc/"", ""og_site_name"": ""UBCevents"", ""twitter_card"": ""summary_large_image"", ""twitter_site"": ""@ubcevents"", ""schema"": {""@context"": ""https://schema.org"", ""@graph"": [{""@type"": ""CollectionPage"", ""@id"": ""https://events.ubc.ca/tag/ipboc/"", ""url"": ""https://events.ubc.ca/tag/ipboc/"", ""name"": ""IPBOC Archives - UBCevents"", ""isPartOf"": {""@id"": ""https://events.ubc.ca/#website""}, ""breadcrumb"": {""@id"": ""https://events.ubc.ca/tag/ipboc/#breadcrumb""}, ""inLanguage"": ""en-US""}, {""@type"": ""BreadcrumbList"", ""@id"": ""https://events.ubc.ca/tag/ipboc/#breadcrumb"", ""itemListElement"": [{""@type"": ""ListItem"", ""position"": 1, ""name"": ""Home"", ""item"": ""https://events.ubc.ca/""}, {""@type"": ""ListItem"", ""position"": 2, ""name"": ""IPBOC""}]}, {""@type"": ""WebSite"", ""@id"": ""https://events.ubc.ca/#website"", ""url"": ""https://events.ubc.ca/"", ""name"": ""UBC Events"", ""description"": """", ""publisher"": {""@id"": ""https://events.ubc.ca/#organization""}, ""potentialAction"": [{""@type"": ""SearchAction"", ""target"": {""@type"": ""EntryPoint"", ""urlTemplate"": ""https://events.ubc.ca/?s={search_term_string}""}, ""query-input"": {""@type"": ""PropertyValueSpecification"", ""valueRequired"": true, ""valueName"": ""search_term_string""}}], ""inLanguage"": ""en-US""}, {""@type"": ""Organization"", ""@id"": ""https://events.ubc.ca/#organization"", ""name"": ""UBC events"", ""url"": ""https://events.ubc.ca/"", ""logo"": {""@type"": ""ImageObject"", ""inLanguage"": ""en-US"", ""@id"": ""https://events.ubc.ca/#/schema/logo/image/"", ""url"": ""https://events.ubc.ca/wp-content/uploads/2023/11/ubc-logo-2018-crest-blue-rgb72.jpg"", ""contentUrl"": ""https://events.ubc.ca/wp-content/uploads/2023/11/ubc-logo-2018-crest-blue-rgb72.jpg"", ""width"": 99, ""height"": 135, ""caption"": ""UBC events""}, ""image"": {""@id"": ""https://events.ubc.ca/#/schema/logo/image/""}, ""sameAs"": [""https://www.facebook.com/universityofbc/"", ""https://x.com/ubcevents"", ""https://www.youtube.com/user/UBC#g/c/94CEF848B9790AE4""]}]}}",https://events.ubc.ca/tag/ipboc/,"{""self"": ""https://events.ubc.ca/wp-json/tribe/events/v1/tags/372"", ""collection"": ""https://events.ubc.ca/wp-json/tribe/events/v1/tags""}"
381,1,,Judaism,judaism,post_tag,[],"<!-- This site is optimized with the Yoast SEO plugin v28.2 - https://yoast.com/product/yoast-seo-wordpress/ -->
<title>Judaism Archives - UBCevents</title>
<meta name=""robots"" content=""index, follow, max-snippet:-1, max-image-preview:large, max-video-preview:-1"" />
<link rel=""canonical"" href=""https://events.ubc.ca/tag/judaism/"" />
<meta property=""og:locale"" content=""en_US"" />
<meta property=""og:type"" content=""article"" />
<meta property=""og:title"" content=""Judaism Archives - UBCevents"" />
<meta property=""og:url"" content=""https://events.ubc.ca/tag/judaism/"" />
<meta property=""og:site_name"" content=""UBCevents"" />
<meta name=""twitter:card"" content=""summary_large_image"" />
<meta name=""twitter:site"" content=""@ubcevents"" />
<script type=""application/ld+json"" class=""yoast-schema-graph"">{""@context"":""https:\/\/schema.org"",""@graph"":[{""@type"":""CollectionPage"",""@id"":""https:\/\/events.ubc.ca\/tag\/judaism\/"",""url"":""https:\/\/events.ubc.ca\/tag\/judaism\/"",""name"":""Judaism Archives - UBCevents"",""isPartOf"":{""@id"":""https:\/\/events.ubc.ca\/#website""},""breadcrumb"":{""@id"":""https:\/\/events.ubc.ca\/tag\/judaism\/#breadcrumb""},""inLanguage"":""en-US""},{""@type"":""BreadcrumbList"",""@id"":""https:\/\/events.ubc.ca\/tag\/judaism\/#breadcrumb"",""itemListElement"":[{""@type"":""ListItem"",""position"":1,""name"":""Home"",""item"":""https:\/\/events.ubc.ca\/""},{""@type"":""ListItem"",""position"":2,""name"":""Judaism""}]},{""@type"":""WebSite"",""@id"":""https:\/\/events.ubc.ca\/#website"",""url"":""https:\/\/events.ubc.ca\/"",""name"":""UBC Events"",""description"":"""",""publisher"":{""@id"":""https:\/\/events.ubc.ca\/#organization""},""potentialAction"":[{""@type"":""SearchAction"",""target"":{""@type"":""EntryPoint"",""urlTemplate"":""https:\/\/events.ubc.ca\/?s={search_term_string}""},""query-input"":{""@type"":""PropertyValueSpecification"",""valueRequired"":true,""valueName"":""search_term_string""}}],""inLanguage"":""en-US""},{""@type"":""Organization"",""@id"":""https:\/\/events.ubc.ca\/#organization"",""name"":""UBC events"",""url"":""https:\/\/events.ubc.ca\/"",""logo"":{""@type"":""ImageObject"",""inLanguage"":""en-US"",""@id"":""https:\/\/events.ubc.ca\/#\/schema\/logo\/image\/"",""url"":""https:\/\/events.ubc.ca\/wp-content\/uploads\/2023\/11\/ubc-logo-2018-crest-blue-rgb72.jpg"",""contentUrl"":""https:\/\/events.ubc.ca\/wp-content\/uploads\/2023\/11\/ubc-logo-2018-crest-blue-rgb72.jpg"",""width"":99,""height"":135,""caption"":""UBC events""},""image"":{""@id"":""https:\/\/events.ubc.ca\/#\/schema\/logo\/image\/""},""sameAs"":[""https:\/\/www.facebook.com\/universityofbc\/"",""https:\/\/x.com\/ubcevents"",""https:\/\/www.youtube.com\/user\/UBC#g\/c\/94CEF848B9790AE4""]}]}</script>
<!-- / Yoast SEO plugin. -->","{""title"": ""Judaism Archives - UBCevents"", ""robots"": {""index"": ""index"", ""follow"": ""follow"", ""max-snippet"": ""max-snippet:-1"", ""max-image-preview"": ""max-image-preview:large"", ""max-video-preview"": ""max-video-preview:-1""}, ""canonical"": ""https://events.ubc.ca/tag/judaism/"", ""og_locale"": ""en_US"", ""og_type"": ""article"", ""og_title"": ""Judaism Archives - UBCevents"", ""og_url"": ""https://events.ubc.ca/tag/judaism/"", ""og_site_name"": ""UBCevents"", ""twitter_card"": ""summary_large_image"", ""twitter_site"": ""@ubcevents"", ""schema"": {""@context"": ""https://schema.org"", ""@graph"": [{""@type"": ""CollectionPage"", ""@id"": ""https://events.ubc.ca/tag/judaism/"", ""url"": ""https://events.ubc.ca/tag/judaism/"", ""name"": ""Judaism Archives - UBCevents"", ""isPartOf"": {""@id"": ""https://events.ubc.ca/#website""}, ""breadcrumb"": {""@id"": ""https://events.ubc.ca/tag/judaism/#breadcrumb""}, ""inLanguage"": ""en-US""}, {""@type"": ""BreadcrumbList"", ""@id"": ""https://events.ubc.ca/tag/judaism/#breadcrumb"", ""itemListElement"": [{""@type"": ""ListItem"", ""position"": 1, ""name"": ""Home"", ""item"": ""https://events.ubc.ca/""}, {""@type"": ""ListItem"", ""position"": 2, ""name"": ""Judaism""}]}, {""@type"": ""WebSite"", ""@id"": ""https://events.ubc.ca/#website"", ""url"": ""https://events.ubc.ca/"", ""name"": ""UBC Events"", ""description"": """", ""publisher"": {""@id"": ""https://events.ubc.ca/#organization""}, ""potentialAction"": [{""@type"": ""SearchAction"", ""target"": {""@type"": ""EntryPoint"", ""urlTemplate"": ""https://events.ubc.ca/?s={search_term_string}""}, ""query-input"": {""@type"": ""PropertyValueSpecification"", ""valueRequired"": true, ""valueName"": ""search_term_string""}}], ""inLanguage"": ""en-US""}, {""@type"": ""Organization"", ""@id"": ""https://events.ubc.ca/#organization"", ""name"": ""UBC events"", ""url"": ""https://events.ubc.ca/"", ""logo"": {""@type"": ""ImageObject"", ""inLanguage"": ""en-US"", ""@id"": ""https://events.ubc.ca/#/schema/logo/image/"", ""url"": ""https://events.ubc.ca/wp-content/uploads/2023/11/ubc-logo-2018-crest-blue-rgb72.jpg"", ""contentUrl"": ""https://events.ubc.ca/wp-content/uploads/2023/11/ubc-logo-2018-crest-blue-rgb72.jpg"", ""width"": 99, ""height"": 135, ""caption"": ""UBC events""}, ""image"": {""@id"": ""https://events.ubc.ca/#/schema/logo/image/""}, ""sameAs"": [""https://www.facebook.com/universityofbc/"", ""https://x.com/ubcevents"", ""https://www.youtube.com/user/UBC#g/c/94CEF848B9790AE4""]}]}}",https://events.ubc.ca/tag/judaism/,"{""self"": ""https://events.ubc.ca/wp-json/tribe/events/v1/tags/381"", ""collection"": ""https://events.ubc.ca/wp-json/tribe/events/v1/tags""}"
349,3,,lee square,lee-square,post_tag,[],"<!-- This site is optimized with the Yoast SEO plugin v28.2 - https://yoast.com/product/yoast-seo-wordpress/ -->
<title>lee square Archives - UBCevents</title>
<meta name=""robots"" content=""index, follow, max-snippet:-1, max-image-preview:large, max-video-preview:-1"" />
<link rel=""canonical"" href=""https://events.ubc.ca/tag/lee-square/"" />
<meta property=""og:locale"" content=""en_US"" />
<meta property=""og:type"" content=""article"" />
<meta property=""og:title"" content=""lee square Archives - UBCevents"" />
<meta property=""og:url"" content=""https://events.ubc.ca/tag/lee-square/"" />
<meta property=""og:site_name"" content=""UBCevents"" />
<meta name=""twitter:card"" content=""summary_large_image"" />
<meta name=""twitter:site"" content=""@ubcevents"" />
<script type=""application/ld+json"" class=""yoast-schema-graph"">{""@context"":""https:\/\/schema.org"",""@graph"":[{""@type"":""CollectionPage"",""@id"":""https:\/\/events.ubc.ca\/tag\/lee-square\/"",""url"":""https:\/\/events.ubc.ca\/tag\/lee-square\/"",""name"":""lee square Archives - UBCevents"",""isPartOf"":{""@id"":""https:\/\/events.ubc.ca\/#website""},""breadcrumb"":{""@id"":""https:\/\/events.ubc.ca\/tag\/lee-square\/#breadcrumb""},""inLanguage"":""en-US""},{""@type"":""BreadcrumbList"",""@id"":""https:\/\/events.ubc.ca\/tag\/lee-square\/#breadcrumb"",""itemListElement"":[{""@type"":""ListItem"",""position"":1,""name"":""Home"",""item"":""https:\/\/events.ubc.ca\/""},{""@type"":""ListItem"",""position"":2,""name"":""lee square""}]},{""@type"":""WebSite"",""@id"":""https:\/\/events.ubc.ca\/#website"",""url"":""https:\/\/events.ubc.ca\/"",""name"":""UBC Events"",""description"":"""",""publisher"":{""@id"":""https:\/\/events.ubc.ca\/#organization""},""potentialAction"":[{""@type"":""SearchAction"",""target"":{""@type"":""EntryPoint"",""urlTemplate"":""https:\/\/events.ubc.ca\/?s={search_term_string}""},""query-input"":{""@type"":""PropertyValueSpecification"",""valueRequired"":true,""valueName"":""search_term_string""}}],""inLanguage"":""en-US""},{""@type"":""Organization"",""@id"":""https:\/\/events.ubc.ca\/#organization"",""name"":""UBC events"",""url"":""https:\/\/events.ubc.ca\/"",""logo"":{""@type"":""ImageObject"",""inLanguage"":""en-US"",""@id"":""https:\/\/events.ubc.ca\/#\/schema\/logo\/image\/"",""url"":""https:\/\/events.ubc.ca\/wp-content\/uploads\/2023\/11\/ubc-logo-2018-crest-blue-rgb72.jpg"",""contentUrl"":""https:\/\/events.ubc.ca\/wp-content\/uploads\/2023\/11\/ubc-logo-2018-crest-blue-rgb72.jpg"",""width"":99,""height"":135,""caption"":""UBC events""},""image"":{""@id"":""https:\/\/events.ubc.ca\/#\/schema\/logo\/image\/""},""sameAs"":[""https:\/\/www.facebook.com\/universityofbc\/"",""https:\/\/x.com\/ubcevents"",""https:\/\/www.youtube.com\/user\/UBC#g\/c\/94CEF848B9790AE4""]}]}</script>
<!-- / Yoast SEO plugin. -->","{""title"": ""lee square Archives - UBCevents"", ""robots"": {""index"": ""index"", ""follow"": ""follow"", ""max-snippet"": ""max-snippet:-1"", ""max-image-preview"": ""max-image-preview:large"", ""max-video-preview"": ""max-video-preview:-1""}, ""canonical"": ""https://events.ubc.ca/tag/lee-square/"", ""og_locale"": ""en_US"", ""og_type"": ""article"", ""og_title"": ""lee square Archives - UBCevents"", ""og_url"": ""https://events.ubc.ca/tag/lee-square/"", ""og_site_name"": ""UBCevents"", ""twitter_card"": ""summary_large_image"", ""twitter_site"": ""@ubcevents"", ""schema"": {""@context"": ""https://schema.org"", ""@graph"": [{""@type"": ""CollectionPage"", ""@id"": ""https://events.ubc.ca/tag/lee-square/"", ""url"": ""https://events.ubc.ca/tag/lee-square/"", ""name"": ""lee square Archives - UBCevents"", ""isPartOf"": {""@id"": ""https://events.ubc.ca/#website""}, ""breadcrumb"": {""@id"": ""https://events.ubc.ca/tag/lee-square/#breadcrumb""}, ""inLanguage"": ""en-US""}, {""@type"": ""BreadcrumbList"", ""@id"": ""https://events.ubc.ca/tag/lee-square/#breadcrumb"", ""itemListElement"": [{""@type"": ""ListItem"", ""position"": 1, ""name"": ""Home"", ""item"": ""https://events.ubc.ca/""}, {""@type"": ""ListItem"", ""position"": 2, ""name"": ""lee square""}]}, {""@type"": ""WebSite"", ""@id"": ""https://events.ubc.ca/#website"", ""url"": ""https://events.ubc.ca/"", ""name"": ""UBC Events"", ""description"": """", ""publisher"": {""@id"": ""https://events.ubc.ca/#organization""}, ""potentialAction"": [{""@type"": ""SearchAction"", ""target"": {""@type"": ""EntryPoint"", ""urlTemplate"": ""https://events.ubc.ca/?s={search_term_string}""}, ""query-input"": {""@type"": ""PropertyValueSpecification"", ""valueRequired"": true, ""valueName"": ""search_term_string""}}], ""inLanguage"": ""en-US""}, {""@type"": ""Organization"", ""@id"": ""https://events.ubc.ca/#organization"", ""name"": ""UBC events"", ""url"": ""https://events.ubc.ca/"", ""logo"": {""@type"": ""ImageObject"", ""inLanguage"": ""en-US"", ""@id"": ""https://events.ubc.ca/#/schema/logo/image/"", ""url"": ""https://events.ubc.ca/wp-content/uploads/2023/11/ubc-logo-2018-crest-blue-rgb72.jpg"", ""contentUrl"": ""https://events.ubc.ca/wp-content/uploads/2023/11/ubc-logo-2018-crest-blue-rgb72.jpg"", ""width"": 99, ""height"": 135, ""caption"": ""UBC events""}, ""image"": {""@id"": ""https://events.ubc.ca/#/schema/logo/image/""}, ""sameAs"": [""https://www.facebook.com/universityofbc/"", ""https://x.com/ubcevents"", ""https://www.youtube.com/user/UBC#g/c/94CEF848B9790AE4""]}]}}",https://events.ubc.ca/tag/lee-square/,"{""self"": ""https://events.ubc.ca/wp-json/tribe/events/v1/tags/349"", ""collection"": ""https://events.ubc.ca/wp-json/tribe/events/v1/tags""}"
329,10,,LGBTI+,lgbti,post_tag,[],"<!-- This site is optimized with the Yoast SEO plugin v28.2 - https://yoast.com/product/yoast-seo-wordpress/ -->
<title>LGBTI+ Archives - UBCevents</title>
<meta name=""robots"" content=""index, follow, max-snippet:-1, max-image-preview:large, max-video-preview:-1"" />
<link rel=""canonical"" href=""https://events.ubc.ca/tag/lgbti/"" />
<meta property=""og:locale"" content=""en_US"" />
<meta property=""og:type"" content=""article"" />
<meta property=""og:title"" content=""LGBTI+ Archives - UBCevents"" />
<meta property=""og:url"" content=""https://events.ubc.ca/tag/lgbti/"" />
<meta property=""og:site_name"" content=""UBCevents"" />
<meta name=""twitter:card"" content=""summary_large_image"" />
<meta name=""twitter:site"" content=""@ubcevents"" />
<script type=""application/ld+json"" class=""yoast-schema-graph"">{""@context"":""https:\/\/schema.org"",""@graph"":[{""@type"":""CollectionPage"",""@id"":""https:\/\/events.ubc.ca\/tag\/lgbti\/"",""url"":""https:\/\/events.ubc.ca\/tag\/lgbti\/"",""name"":""LGBTI+ Archives - UBCevents"",""isPartOf"":{""@id"":""https:\/\/events.ubc.ca\/#website""},""breadcrumb"":{""@id"":""https:\/\/events.ubc.ca\/tag\/lgbti\/#breadcrumb""},""inLanguage"":""en-US""},{""@type"":""BreadcrumbList"",""@id"":""https:\/\/events.ubc.ca\/tag\/lgbti\/#breadcrumb"",""itemListElement"":[{""@type"":""ListItem"",""position"":1,""name"":""Home"",""item"":""https:\/\/events.ubc.ca\/""},{""@type"":""ListItem"",""position"":2,""name"":""LGBTI+""}]},{""@type"":""WebSite"",""@id"":""https:\/\/events.ubc.ca\/#website"",""url"":""https:\/\/events.ubc.ca\/"",""name"":""UBC Events"",""description"":"""",""publisher"":{""@id"":""https:\/\/events.ubc.ca\/#organization""},""potentialAction"":[{""@type"":""SearchAction"",""target"":{""@type"":""EntryPoint"",""urlTemplate"":""https:\/\/events.ubc.ca\/?s={search_term_string}""},""query-input"":{""@type"":""PropertyValueSpecification"",""valueRequired"":true,""valueName"":""search_term_string""}}],""inLanguage"":""en-US""},{""@type"":""Organization"",""@id"":""https:\/\/events.ubc.ca\/#organization"",""name"":""UBC events"",""url"":""https:\/\/events.ubc.ca\/"",""logo"":{""@type"":""ImageObject"",""inLanguage"":""en-US"",""@id"":""https:\/\/events.ubc.ca\/#\/schema\/logo\/image\/"",""url"":""https:\/\/events.ubc.ca\/wp-content\/uploads\/2023\/11\/ubc-logo-2018-crest-blue-rgb72.jpg"",""contentUrl"":""https:\/\/events.ubc.ca\/wp-content\/uploads\/2023\/11\/ubc-logo-2018-crest-blue-rgb72.jpg"",""width"":99,""height"":135,""caption"":""UBC events""},""image"":{""@id"":""https:\/\/events.ubc.ca\/#\/schema\/logo\/image\/""},""sameAs"":[""https:\/\/www.facebook.com\/universityofbc\/"",""https:\/\/x.com\/ubcevents"",""https:\/\/www.youtube.com\/user\/UBC#g\/c\/94CEF848B9790AE4""]}]}</script>
<!-- / Yoast SEO plugin. -->","{""title"": ""LGBTI+ Archives - UBCevents"", ""robots"": {""index"": ""index"", ""follow"": ""follow"", ""max-snippet"": ""max-snippet:-1"", ""max-image-preview"": ""max-image-preview:large"", ""max-video-preview"": ""max-video-preview:-1""}, ""canonical"": ""https://events.ubc.ca/tag/lgbti/"", ""og_locale"": ""en_US"", ""og_type"": ""article"", ""og_title"": ""LGBTI+ Archives - UBCevents"", ""og_url"": ""https://events.ubc.ca/tag/lgbti/"", ""og_site_name"": ""UBCevents"", ""twitter_card"": ""summary_large_image"", ""twitter_site"": ""@ubcevents"", ""schema"": {""@context"": ""https://schema.org"", ""@graph"": [{""@type"": ""CollectionPage"", ""@id"": ""https://events.ubc.ca/tag/lgbti/"", ""url"": ""https://events.ubc.ca/tag/lgbti/"", ""name"": ""LGBTI+ Archives - UBCevents"", ""isPartOf"": {""@id"": ""https://events.ubc.ca/#website""}, ""breadcrumb"": {""@id"": ""https://events.ubc.ca/tag/lgbti/#breadcrumb""}, ""inLanguage"": ""en-US""}, {""@type"": ""BreadcrumbList"", ""@id"": ""https://events.ubc.ca/tag/lgbti/#breadcrumb"", ""itemListElement"": [{""@type"": ""ListItem"", ""position"": 1, ""name"": ""Home"", ""item"": ""https://events.ubc.ca/""}, {""@type"": ""ListItem"", ""position"": 2, ""name"": ""LGBTI+""}]}, {""@type"": ""WebSite"", ""@id"": ""https://events.ubc.ca/#website"", ""url"": ""https://events.ubc.ca/"", ""name"": ""UBC Events"", ""description"": """", ""publisher"": {""@id"": ""https://events.ubc.ca/#organization""}, ""potentialAction"": [{""@type"": ""SearchAction"", ""target"": {""@type"": ""EntryPoint"", ""urlTemplate"": ""https://events.ubc.ca/?s={search_term_string}""}, ""query-input"": {""@type"": ""PropertyValueSpecification"", ""valueRequired"": true, ""valueName"": ""search_term_string""}}], ""inLanguage"": ""en-US""}, {""@type"": ""Organization"", ""@id"": ""https://events.ubc.ca/#organization"", ""name"": ""UBC events"", ""url"": ""https://events.ubc.ca/"", ""logo"": {""@type"": ""ImageObject"", ""inLanguage"": ""en-US"", ""@id"": ""https://events.ubc.ca/#/schema/logo/image/"", ""url"": ""https://events.ubc.ca/wp-content/uploads/2023/11/ubc-logo-2018-crest-blue-rgb72.jpg"", ""contentUrl"": ""https://events.ubc.ca/wp-content/uploads/2023/11/ubc-logo-2018-crest-blue-rgb72.jpg"", ""width"": 99, ""height"": 135, ""caption"": ""UBC events""}, ""image"": {""@id"": ""https://events.ubc.ca/#/schema/logo/image/""}, ""sameAs"": [""https://www.facebook.com/universityofbc/"", ""https://x.com/ubcevents"", ""https://www.youtube.com/user/UBC#g/c/94CEF848B9790AE4""]}]}}",https://events.ubc.ca/tag/lgbti/,"{""self"": ""https://events.ubc.ca/wp-json/tribe/events/v1/tags/329"", ""collection"": ""https://events.ubc.ca/wp-json/tribe/events/v1/tags""}"
351,5,,market,market,post_tag,[],"<!-- This site is optimized with the Yoast SEO plugin v28.2 - https://yoast.com/product/yoast-seo-wordpress/ -->
<title>market Archives - UBCevents</title>
<meta name=""robots"" content=""index, follow, max-snippet:-1, max-image-preview:large, max-video-preview:-1"" />
<link rel=""canonical"" href=""https://events.ubc.ca/tag/market/"" />
<meta property=""og:locale"" content=""en_US"" />
<meta property=""og:type"" content=""article"" />
<meta property=""og:title"" content=""market Archives - UBCevents"" />
<meta property=""og:url"" content=""https://events.ubc.ca/tag/market/"" />
<meta property=""og:site_name"" content=""UBCevents"" />
<meta name=""twitter:card"" content=""summary_large_image"" />
<meta name=""twitter:site"" content=""@ubcevents"" />
<script type=""application/ld+json"" class=""yoast-schema-graph"">{""@context"":""https:\/\/schema.org"",""@graph"":[{""@type"":""CollectionPage"",""@id"":""https:\/\/events.ubc.ca\/tag\/market\/"",""url"":""https:\/\/events.ubc.ca\/tag\/market\/"",""name"":""market Archives - UBCevents"",""isPartOf"":{""@id"":""https:\/\/events.ubc.ca\/#website""},""breadcrumb"":{""@id"":""https:\/\/events.ubc.ca\/tag\/market\/#breadcrumb""},""inLanguage"":""en-US""},{""@type"":""BreadcrumbList"",""@id"":""https:\/\/events.ubc.ca\/tag\/market\/#breadcrumb"",""itemListElement"":[{""@type"":""ListItem"",""position"":1,""name"":""Home"",""item"":""https:\/\/events.ubc.ca\/""},{""@type"":""ListItem"",""position"":2,""name"":""market""}]},{""@type"":""WebSite"",""@id"":""https:\/\/events.ubc.ca\/#website"",""url"":""https:\/\/events.ubc.ca\/"",""name"":""UBC Events"",""description"":"""",""publisher"":{""@id"":""https:\/\/events.ubc.ca\/#organization""},""potentialAction"":[{""@type"":""SearchAction"",""target"":{""@type"":""EntryPoint"",""urlTemplate"":""https:\/\/events.ubc.ca\/?s={search_term_string}""},""query-input"":{""@type"":""PropertyValueSpecification"",""valueRequired"":true,""valueName"":""search_term_string""}}],""inLanguage"":""en-US""},{""@type"":""Organization"",""@id"":""https:\/\/events.ubc.ca\/#organization"",""name"":""UBC events"",""url"":""https:\/\/events.ubc.ca\/"",""logo"":{""@type"":""ImageObject"",""inLanguage"":""en-US"",""@id"":""https:\/\/events.ubc.ca\/#\/schema\/logo\/image\/"",""url"":""https:\/\/events.ubc.ca\/wp-content\/uploads\/2023\/11\/ubc-logo-2018-crest-blue-rgb72.jpg"",""contentUrl"":""https:\/\/events.ubc.ca\/wp-content\/uploads\/2023\/11\/ubc-logo-2018-crest-blue-rgb72.jpg"",""width"":99,""height"":135,""caption"":""UBC events""},""image"":{""@id"":""https:\/\/events.ubc.ca\/#\/schema\/logo\/image\/""},""sameAs"":[""https:\/\/www.facebook.com\/universityofbc\/"",""https:\/\/x.com\/ubcevents"",""https:\/\/www.youtube.com\/user\/UBC#g\/c\/94CEF848B9790AE4""]}]}</script>
<!-- / Yoast SEO plugin. -->","{""title"": ""market Archives - UBCevents"", ""robots"": {""index"": ""index"", ""follow"": ""follow"", ""max-snippet"": ""max-snippet:-1"", ""max-image-preview"": ""max-image-preview:large"", ""max-video-preview"": ""max-video-preview:-1""}, ""canonical"": ""https://events.ubc.ca/tag/market/"", ""og_locale"": ""en_US"", ""og_type"": ""article"", ""og_title"": ""market Archives - UBCevents"", ""og_url"": ""https://events.ubc.ca/tag/market/"", ""og_site_name"": ""UBCevents"", ""twitter_card"": ""summary_large_image"", ""twitter_site"": ""@ubcevents"", ""schema"": {""@context"": ""https://schema.org"", ""@graph"": [{""@type"": ""CollectionPage"", ""@id"": ""https://events.ubc.ca/tag/market/"", ""url"": ""https://events.ubc.ca/tag/market/"", ""name"": ""market Archives - UBCevents"", ""isPartOf"": {""@id"": ""https://events.ubc.ca/#website""}, ""breadcrumb"": {""@id"": ""https://events.ubc.ca/tag/market/#breadcrumb""}, ""inLanguage"": ""en-US""}, {""@type"": ""BreadcrumbList"", ""@id"": ""https://events.ubc.ca/tag/market/#breadcrumb"", ""itemListElement"": [{""@type"": ""ListItem"", ""position"": 1, ""name"": ""Home"", ""item"": ""https://events.ubc.ca/""}, {""@type"": ""ListItem"", ""position"": 2, ""name"": ""market""}]}, {""@type"": ""WebSite"", ""@id"": ""https://events.ubc.ca/#website"", ""url"": ""https://events.ubc.ca/"", ""name"": ""UBC Events"", ""description"": """", ""publisher"": {""@id"": ""https://events.ubc.ca/#organization""}, ""potentialAction"": [{""@type"": ""SearchAction"", ""target"": {""@type"": ""EntryPoint"", ""urlTemplate"": ""https://events.ubc.ca/?s={search_term_string}""}, ""query-input"": {""@type"": ""PropertyValueSpecification"", ""valueRequired"": true, ""valueName"": ""search_term_string""}}], ""inLanguage"": ""en-US""}, {""@type"": ""Organization"", ""@id"": ""https://events.ubc.ca/#organization"", ""name"": ""UBC events"", ""url"": ""https://events.ubc.ca/"", ""logo"": {""@type"": ""ImageObject"", ""inLanguage"": ""en-US"", ""@id"": ""https://events.ubc.ca/#/schema/logo/image/"", ""url"": ""https://events.ubc.ca/wp-content/uploads/2023/11/ubc-logo-2018-crest-blue-rgb72.jpg"", ""contentUrl"": ""https://events.ubc.ca/wp-content/uploads/2023/11/ubc-logo-2018-crest-blue-rgb72.jpg"", ""width"": 99, ""height"": 135, ""caption"": ""UBC events""}, ""image"": {""@id"": ""https://events.ubc.ca/#/schema/logo/image/""}, ""sameAs"": [""https://www.facebook.com/universityofbc/"", ""https://x.com/ubcevents"", ""https://www.youtube.com/user/UBC#g/c/94CEF848B9790AE4""]}]}}",https://events.ubc.ca/tag/market/,"{""self"": ""https://events.ubc.ca/wp-json/tribe/events/v1/tags/351"", ""collection"": ""https://events.ubc.ca/wp-json/tribe/events/v1/tags""}"
327,63,,medicine,medicine,post_tag,[],"<!-- This site is optimized with the Yoast SEO plugin v28.2 - https://yoast.com/product/yoast-seo-wordpress/ -->
<title>medicine Archives - UBCevents</title>
<meta name=""robots"" content=""index, follow, max-snippet:-1, max-image-preview:large, max-video-preview:-1"" />
<link rel=""canonical"" href=""https://events.ubc.ca/tag/medicine/"" />
<meta property=""og:locale"" content=""en_US"" />
<meta property=""og:type"" content=""article"" />
<meta property=""og:title"" content=""medicine Archives - UBCevents"" />
<meta property=""og:url"" content=""https://events.ubc.ca/tag/medicine/"" />
<meta property=""og:site_name"" content=""UBCevents"" />
<meta name=""twitter:card"" content=""summary_large_image"" />
<meta name=""twitter:site"" content=""@ubcevents"" />
<script type=""application/ld+json"" class=""yoast-schema-graph"">{""@context"":""https:\/\/schema.org"",""@graph"":[{""@type"":""CollectionPage"",""@id"":""https:\/\/events.ubc.ca\/tag\/medicine\/"",""url"":""https:\/\/events.ubc.ca\/tag\/medicine\/"",""name"":""medicine Archives - UBCevents"",""isPartOf"":{""@id"":""https:\/\/events.ubc.ca\/#website""},""breadcrumb"":{""@id"":""https:\/\/events.ubc.ca\/tag\/medicine\/#breadcrumb""},""inLanguage"":""en-US""},{""@type"":""BreadcrumbList"",""@id"":""https:\/\/events.ubc.ca\/tag\/medicine\/#breadcrumb"",""itemListElement"":[{""@type"":""ListItem"",""position"":1,""name"":""Home"",""item"":""https:\/\/events.ubc.ca\/""},{""@type"":""ListItem"",""position"":2,""name"":""medicine""}]},{""@type"":""WebSite"",""@id"":""https:\/\/events.ubc.ca\/#website"",""url"":""https:\/\/events.ubc.ca\/"",""name"":""UBC Events"",""description"":"""",""publisher"":{""@id"":""https:\/\/events.ubc.ca\/#organization""},""potentialAction"":[{""@type"":""SearchAction"",""target"":{""@type"":""EntryPoint"",""urlTemplate"":""https:\/\/events.ubc.ca\/?s={search_term_string}""},""query-input"":{""@type"":""PropertyValueSpecification"",""valueRequired"":true,""valueName"":""search_term_string""}}],""inLanguage"":""en-US""},{""@type"":""Organization"",""@id"":""https:\/\/events.ubc.ca\/#organization"",""name"":""UBC events"",""url"":""https:\/\/events.ubc.ca\/"",""logo"":{""@type"":""ImageObject"",""inLanguage"":""en-US"",""@id"":""https:\/\/events.ubc.ca\/#\/schema\/logo\/image\/"",""url"":""https:\/\/events.ubc.ca\/wp-content\/uploads\/2023\/11\/ubc-logo-2018-crest-blue-rgb72.jpg"",""contentUrl"":""https:\/\/events.ubc.ca\/wp-content\/uploads\/2023\/11\/ubc-logo-2018-crest-blue-rgb72.jpg"",""width"":99,""height"":135,""caption"":""UBC events""},""image"":{""@id"":""https:\/\/events.ubc.ca\/#\/schema\/logo\/image\/""},""sameAs"":[""https:\/\/www.facebook.com\/universityofbc\/"",""https:\/\/x.com\/ubcevents"",""https:\/\/www.youtube.com\/user\/UBC#g\/c\/94CEF848B9790AE4""]}]}</script>
<!-- / Yoast SEO plugin. -->","{""title"": ""medicine Archives - UBCevents"", ""robots"": {""index"": ""index"", ""follow"": ""follow"", ""max-snippet"": ""max-snippet:-1"", ""max-image-preview"": ""max-image-preview:large"", ""max-video-preview"": ""max-video-preview:-1""}, ""canonical"": ""https://events.ubc.ca/tag/medicine/"", ""og_locale"": ""en_US"", ""og_type"": ""article"", ""og_title"": ""medicine Archives - UBCevents"", ""og_url"": ""https://events.ubc.ca/tag/medicine/"", ""og_site_name"": ""UBCevents"", ""twitter_card"": ""summary_large_image"", ""twitter_site"": ""@ubcevents"", ""schema"": {""@context"": ""https://schema.org"", ""@graph"": [{""@type"": ""CollectionPage"", ""@id"": ""https://events.ubc.ca/tag/medicine/"", ""url"": ""https://events.ubc.ca/tag/medicine/"", ""name"": ""medicine Archives - UBCevents"", ""isPartOf"": {""@id"": ""https://events.ubc.ca/#website""}, ""breadcrumb"": {""@id"": ""https://events.ubc.ca/tag/medicine/#breadcrumb""}, ""inLanguage"": ""en-US""}, {""@type"": ""BreadcrumbList"", ""@id"": ""https://events.ubc.ca/tag/medicine/#breadcrumb"", ""itemListElement"": [{""@type"": ""ListItem"", ""position"": 1, ""name"": ""Home"", ""item"": ""https://events.ubc.ca/""}, {""@type"": ""ListItem"", ""position"": 2, ""name"": ""medicine""}]}, {""@type"": ""WebSite"", ""@id"": ""https://events.ubc.ca/#website"", ""url"": ""https://events.ubc.ca/"", ""name"": ""UBC Events"", ""description"": """", ""publisher"": {""@id"": ""https://events.ubc.ca/#organization""}, ""potentialAction"": [{""@type"": ""SearchAction"", ""target"": {""@type"": ""EntryPoint"", ""urlTemplate"": ""https://events.ubc.ca/?s={search_term_string}""}, ""query-input"": {""@type"": ""PropertyValueSpecification"", ""valueRequired"": true, ""valueName"": ""search_term_string""}}], ""inLanguage"": ""en-US""}, {""@type"": ""Organization"", ""@id"": ""https://events.ubc.ca/#organization"", ""name"": ""UBC events"", ""url"": ""https://events.ubc.ca/"", ""logo"": {""@type"": ""ImageObject"", ""inLanguage"": ""en-US"", ""@id"": ""https://events.ubc.ca/#/schema/logo/image/"", ""url"": ""https://events.ubc.ca/wp-content/uploads/2023/11/ubc-logo-2018-crest-blue-rgb72.jpg"", ""contentUrl"": ""https://events.ubc.ca/wp-content/uploads/2023/11/ubc-logo-2018-crest-blue-rgb72.jpg"", ""width"": 99, ""height"": 135, ""caption"": ""UBC events""}, ""image"": {""@id"": ""https://events.ubc.ca/#/schema/logo/image/""}, ""sameAs"": [""https://www.facebook.com/universityofbc/"", ""https://x.com/ubcevents"", ""https://www.youtube.com/user/UBC#g/c/94CEF848B9790AE4""]}]}}",https://events.ubc.ca/tag/medicine/,"{""self"": ""https://events.ubc.ca/wp-json/tribe/events/v1/tags/327"", ""collection"": ""https://events.ubc.ca/wp-json/tribe/events/v1/tags""}"
357,10,,mental health,mental-health,post_tag,[],"<!-- This site is optimized with the Yoast SEO plugin v28.2 - https://yoast.com/product/yoast-seo-wordpress/ -->
<title>mental health Archives - UBCevents</title>
<meta name=""robots"" content=""index, follow, max-snippet:-1, max-image-preview:large, max-video-preview:-1"" />
<link rel=""canonical"" href=""https://events.ubc.ca/tag/mental-health/"" />
<meta property=""og:locale"" content=""en_US"" />
<meta property=""og:type"" content=""article"" />
<meta property=""og:title"" content=""mental health Archives - UBCevents"" />
<meta property=""og:url"" content=""https://events.ubc.ca/tag/mental-health/"" />
<meta property=""og:site_name"" content=""UBCevents"" />
<meta name=""twitter:card"" content=""summary_large_image"" />
<meta name=""twitter:site"" content=""@ubcevents"" />
<script type=""application/ld+json"" class=""yoast-schema-graph"">{""@context"":""https:\/\/schema.org"",""@graph"":[{""@type"":""CollectionPage"",""@id"":""https:\/\/events.ubc.ca\/tag\/mental-health\/"",""url"":""https:\/\/events.ubc.ca\/tag\/mental-health\/"",""name"":""mental health Archives - UBCevents"",""isPartOf"":{""@id"":""https:\/\/events.ubc.ca\/#website""},""breadcrumb"":{""@id"":""https:\/\/events.ubc.ca\/tag\/mental-health\/#breadcrumb""},""inLanguage"":""en-US""},{""@type"":""BreadcrumbList"",""@id"":""https:\/\/events.ubc.ca\/tag\/mental-health\/#breadcrumb"",""itemListElement"":[{""@type"":""ListItem"",""position"":1,""name"":""Home"",""item"":""https:\/\/events.ubc.ca\/""},{""@type"":""ListItem"",""position"":2,""name"":""mental health""}]},{""@type"":""WebSite"",""@id"":""https:\/\/events.ubc.ca\/#website"",""url"":""https:\/\/events.ubc.ca\/"",""name"":""UBC Events"",""description"":"""",""publisher"":{""@id"":""https:\/\/events.ubc.ca\/#organization""},""potentialAction"":[{""@type"":""SearchAction"",""target"":{""@type"":""EntryPoint"",""urlTemplate"":""https:\/\/events.ubc.ca\/?s={search_term_string}""},""query-input"":{""@type"":""PropertyValueSpecification"",""valueRequired"":true,""valueName"":""search_term_string""}}],""inLanguage"":""en-US""},{""@type"":""Organization"",""@id"":""https:\/\/events.ubc.ca\/#organization"",""name"":""UBC events"",""url"":""https:\/\/events.ubc.ca\/"",""logo"":{""@type"":""ImageObject"",""inLanguage"":""en-US"",""@id"":""https:\/\/events.ubc.ca\/#\/schema\/logo\/image\/"",""url"":""https:\/\/events.ubc.ca\/wp-content\/uploads\/2023\/11\/ubc-logo-2018-crest-blue-rgb72.jpg"",""contentUrl"":""https:\/\/events.ubc.ca\/wp-content\/uploads\/2023\/11\/ubc-logo-2018-crest-blue-rgb72.jpg"",""width"":99,""height"":135,""caption"":""UBC events""},""image"":{""@id"":""https:\/\/events.ubc.ca\/#\/schema\/logo\/image\/""},""sameAs"":[""https:\/\/www.facebook.com\/universityofbc\/"",""https:\/\/x.com\/ubcevents"",""https:\/\/www.youtube.com\/user\/UBC#g\/c\/94CEF848B9790AE4""]}]}</script>
<!-- / Yoast SEO plugin. -->","{""title"": ""mental health Archives - UBCevents"", ""robots"": {""index"": ""index"", ""follow"": ""follow"", ""max-snippet"": ""max-snippet:-1"", ""max-image-preview"": ""max-image-preview:large"", ""max-video-preview"": ""max-video-preview:-1""}, ""canonical"": ""https://events.ubc.ca/tag/mental-health/"", ""og_locale"": ""en_US"", ""og_type"": ""article"", ""og_title"": ""mental health Archives - UBCevents"", ""og_url"": ""https://events.ubc.ca/tag/mental-health/"", ""og_site_name"": ""UBCevents"", ""twitter_card"": ""summary_large_image"", ""twitter_site"": ""@ubcevents"", ""schema"": {""@context"": ""https://schema.org"", ""@graph"": [{""@type"": ""CollectionPage"", ""@id"": ""https://events.ubc.ca/tag/mental-health/"", ""url"": ""https://events.ubc.ca/tag/mental-health/"", ""name"": ""mental health Archives - UBCevents"", ""isPartOf"": {""@id"": ""https://events.ubc.ca/#website""}, ""breadcrumb"": {""@id"": ""https://events.ubc.ca/tag/mental-health/#breadcrumb""}, ""inLanguage"": ""en-US""}, {""@type"": ""BreadcrumbList"", ""@id"": ""https://events.ubc.ca/tag/mental-health/#breadcrumb"", ""itemListElement"": [{""@type"": ""ListItem"", ""position"": 1, ""name"": ""Home"", ""item"": ""https://events.ubc.ca/""}, {""@type"": ""ListItem"", ""position"": 2, ""name"": ""mental health""}]}, {""@type"": ""WebSite"", ""@id"": ""https://events.ubc.ca/#website"", ""url"": ""https://events.ubc.ca/"", ""name"": ""UBC Events"", ""description"": """", ""publisher"": {""@id"": ""https://events.ubc.ca/#organization""}, ""potentialAction"": [{""@type"": ""SearchAction"", ""target"": {""@type"": ""EntryPoint"", ""urlTemplate"": ""https://events.ubc.ca/?s={search_term_string}""}, ""query-input"": {""@type"": ""PropertyValueSpecification"", ""valueRequired"": true, ""valueName"": ""search_term_string""}}], ""inLanguage"": ""en-US""}, {""@type"": ""Organization"", ""@id"": ""https://events.ubc.ca/#organization"", ""name"": ""UBC events"", ""url"": ""https://events.ubc.ca/"", ""logo"": {""@type"": ""ImageObject"", ""inLanguage"": ""en-US"", ""@id"": ""https://events.ubc.ca/#/schema/logo/image/"", ""url"": ""https://events.ubc.ca/wp-content/uploads/2023/11/ubc-logo-2018-crest-blue-rgb72.jpg"", ""contentUrl"": ""https://events.ubc.ca/wp-content/uploads/2023/11/ubc-logo-2018-crest-blue-rgb72.jpg"", ""width"": 99, ""height"": 135, ""caption"": ""UBC events""}, ""image"": {""@id"": ""https://events.ubc.ca/#/schema/logo/image/""}, ""sameAs"": [""https://www.facebook.com/universityofbc/"", ""https://x.com/ubcevents"", ""https://www.youtube.com/user/UBC#g/c/94CEF848B9790AE4""]}]}}",https://events.ubc.ca/tag/mental-health/,"{""self"": ""https://events.ubc.ca/wp-json/tribe/events/v1/tags/357"", ""collection"": ""https://events.ubc.ca/wp-json/tribe/events/v1/tags""}"
352,18,,mindfulness,mindfulness,post_tag,[],"<!-- This site is optimized with the Yoast SEO plugin v28.2 - https://yoast.com/product/yoast-seo-wordpress/ -->
<title>mindfulness Archives - UBCevents</title>
<meta name=""robots"" content=""index, follow, max-snippet:-1, max-image-preview:large, max-video-preview:-1"" />
<link rel=""canonical"" href=""https://events.ubc.ca/tag/mindfulness/"" />
<meta property=""og:locale"" content=""en_US"" />
<meta property=""og:type"" content=""article"" />
<meta property=""og:title"" content=""mindfulness Archives - UBCevents"" />
<meta property=""og:url"" content=""https://events.ubc.ca/tag/mindfulness/"" />
<meta property=""og:site_name"" content=""UBCevents"" />
<meta name=""twitter:card"" content=""summary_large_image"" />
<meta name=""twitter:site"" content=""@ubcevents"" />
<script type=""application/ld+json"" class=""yoast-schema-graph"">{""@context"":""https:\/\/schema.org"",""@graph"":[{""@type"":""CollectionPage"",""@id"":""https:\/\/events.ubc.ca\/tag\/mindfulness\/"",""url"":""https:\/\/events.ubc.ca\/tag\/mindfulness\/"",""name"":""mindfulness Archives - UBCevents"",""isPartOf"":{""@id"":""https:\/\/events.ubc.ca\/#website""},""breadcrumb"":{""@id"":""https:\/\/events.ubc.ca\/tag\/mindfulness\/#breadcrumb""},""inLanguage"":""en-US""},{""@type"":""BreadcrumbList"",""@id"":""https:\/\/events.ubc.ca\/tag\/mindfulness\/#breadcrumb"",""itemListElement"":[{""@type"":""ListItem"",""position"":1,""name"":""Home"",""item"":""https:\/\/events.ubc.ca\/""},{""@type"":""ListItem"",""position"":2,""name"":""mindfulness""}]},{""@type"":""WebSite"",""@id"":""https:\/\/events.ubc.ca\/#website"",""url"":""https:\/\/events.ubc.ca\/"",""name"":""UBC Events"",""description"":"""",""publisher"":{""@id"":""https:\/\/events.ubc.ca\/#organization""},""potentialAction"":[{""@type"":""SearchAction"",""target"":{""@type"":""EntryPoint"",""urlTemplate"":""https:\/\/events.ubc.ca\/?s={search_term_string}""},""query-input"":{""@type"":""PropertyValueSpecification"",""valueRequired"":true,""valueName"":""search_term_string""}}],""inLanguage"":""en-US""},{""@type"":""Organization"",""@id"":""https:\/\/events.ubc.ca\/#organization"",""name"":""UBC events"",""url"":""https:\/\/events.ubc.ca\/"",""logo"":{""@type"":""ImageObject"",""inLanguage"":""en-US"",""@id"":""https:\/\/events.ubc.ca\/#\/schema\/logo\/image\/"",""url"":""https:\/\/events.ubc.ca\/wp-content\/uploads\/2023\/11\/ubc-logo-2018-crest-blue-rgb72.jpg"",""contentUrl"":""https:\/\/events.ubc.ca\/wp-content\/uploads\/2023\/11\/ubc-logo-2018-crest-blue-rgb72.jpg"",""width"":99,""height"":135,""caption"":""UBC events""},""image"":{""@id"":""https:\/\/events.ubc.ca\/#\/schema\/logo\/image\/""},""sameAs"":[""https:\/\/www.facebook.com\/universityofbc\/"",""https:\/\/x.com\/ubcevents"",""https:\/\/www.youtube.com\/user\/UBC#g\/c\/94CEF848B9790AE4""]}]}</script>
<!-- / Yoast SEO plugin. -->","{""title"": ""mindfulness Archives - UBCevents"", ""robots"": {""index"": ""index"", ""follow"": ""follow"", ""max-snippet"": ""max-snippet:-1"", ""max-image-preview"": ""max-image-preview:large"", ""max-video-preview"": ""max-video-preview:-1""}, ""canonical"": ""https://events.ubc.ca/tag/mindfulness/"", ""og_locale"": ""en_US"", ""og_type"": ""article"", ""og_title"": ""mindfulness Archives - UBCevents"", ""og_url"": ""https://events.ubc.ca/tag/mindfulness/"", ""og_site_name"": ""UBCevents"", ""twitter_card"": ""summary_large_image"", ""twitter_site"": ""@ubcevents"", ""schema"": {""@context"": ""https://schema.org"", ""@graph"": [{""@type"": ""CollectionPage"", ""@id"": ""https://events.ubc.ca/tag/mindfulness/"", ""url"": ""https://events.ubc.ca/tag/mindfulness/"", ""name"": ""mindfulness Archives - UBCevents"", ""isPartOf"": {""@id"": ""https://events.ubc.ca/#website""}, ""breadcrumb"": {""@id"": ""https://events.ubc.ca/tag/mindfulness/#breadcrumb""}, ""inLanguage"": ""en-US""}, {""@type"": ""BreadcrumbList"", ""@id"": ""https://events.ubc.ca/tag/mindfulness/#breadcrumb"", ""itemListElement"": [{""@type"": ""ListItem"", ""position"": 1, ""name"": ""Home"", ""item"": ""https://events.ubc.ca/""}, {""@type"": ""ListItem"", ""position"": 2, ""name"": ""mindfulness""}]}, {""@type"": ""WebSite"", ""@id"": ""https://events.ubc.ca/#website"", ""url"": ""https://events.ubc.ca/"", ""name"": ""UBC Events"", ""description"": """", ""publisher"": {""@id"": ""https://events.ubc.ca/#organization""}, ""potentialAction"": [{""@type"": ""SearchAction"", ""target"": {""@type"": ""EntryPoint"", ""urlTemplate"": ""https://events.ubc.ca/?s={search_term_string}""}, ""query-input"": {""@type"": ""PropertyValueSpecification"", ""valueRequired"": true, ""valueName"": ""search_term_string""}}], ""inLanguage"": ""en-US""}, {""@type"": ""Organization"", ""@id"": ""https://events.ubc.ca/#organization"", ""name"": ""UBC events"", ""url"": ""https://events.ubc.ca/"", ""logo"": {""@type"": ""ImageObject"", ""inLanguage"": ""en-US"", ""@id"": ""https://events.ubc.ca/#/schema/logo/image/"", ""url"": ""https://events.ubc.ca/wp-content/uploads/2023/11/ubc-logo-2018-crest-blue-rgb72.jpg"", ""contentUrl"": ""https://events.ubc.ca/wp-content/uploads/2023/11/ubc-logo-2018-crest-blue-rgb72.jpg"", ""width"": 99, ""height"": 135, ""caption"": ""UBC events""}, ""image"": {""@id"": ""https://events.ubc.ca/#/schema/logo/image/""}, ""sameAs"": [""https://www.facebook.com/universityofbc/"", ""https://x.com/ubcevents"", ""https://www.youtube.com/user/UBC#g/c/94CEF848B9790AE4""]}]}}",https://events.ubc.ca/tag/mindfulness/,"{""self"": ""https://events.ubc.ca/wp-json/tribe/events/v1/tags/352"", ""collection"": ""https://events.ubc.ca/wp-json/tribe/events/v1/tags""}"
186,10,,municipal politics,municipal-politics,post_tag,[],"<!-- This site is optimized with the Yoast SEO plugin v28.2 - https://yoast.com/product/yoast-seo-wordpress/ -->
<title>municipal politics Archives - UBCevents</title>
<meta name=""robots"" content=""index, follow, max-snippet:-1, max-image-preview:large, max-video-preview:-1"" />
<link rel=""canonical"" href=""https://events.ubc.ca/tag/municipal-politics/"" />
<meta property=""og:locale"" content=""en_US"" />
<meta property=""og:type"" content=""article"" />
<meta property=""og:title"" content=""municipal politics Archives - UBCevents"" />
<meta property=""og:url"" content=""https://events.ubc.ca/tag/municipal-politics/"" />
<meta property=""og:site_name"" content=""UBCevents"" />
<meta name=""twitter:card"" content=""summary_large_image"" />
<meta name=""twitter:site"" content=""@ubcevents"" />
<script type=""application/ld+json"" class=""yoast-schema-graph"">{""@context"":""https:\/\/schema.org"",""@graph"":[{""@type"":""CollectionPage"",""@id"":""https:\/\/events.ubc.ca\/tag\/municipal-politics\/"",""url"":""https:\/\/events.ubc.ca\/tag\/municipal-politics\/"",""name"":""municipal politics Archives - UBCevents"",""isPartOf"":{""@id"":""https:\/\/events.ubc.ca\/#website""},""breadcrumb"":{""@id"":""https:\/\/events.ubc.ca\/tag\/municipal-politics\/#breadcrumb""},""inLanguage"":""en-US""},{""@type"":""BreadcrumbList"",""@id"":""https:\/\/events.ubc.ca\/tag\/municipal-politics\/#breadcrumb"",""itemListElement"":[{""@type"":""ListItem"",""position"":1,""name"":""Home"",""item"":""https:\/\/events.ubc.ca\/""},{""@type"":""ListItem"",""position"":2,""name"":""municipal politics""}]},{""@type"":""WebSite"",""@id"":""https:\/\/events.ubc.ca\/#website"",""url"":""https:\/\/events.ubc.ca\/"",""name"":""UBC Events"",""description"":"""",""publisher"":{""@id"":""https:\/\/events.ubc.ca\/#organization""},""potentialAction"":[{""@type"":""SearchAction"",""target"":{""@type"":""EntryPoint"",""urlTemplate"":""https:\/\/events.ubc.ca\/?s={search_term_string}""},""query-input"":{""@type"":""PropertyValueSpecification"",""valueRequired"":true,""valueName"":""search_term_string""}}],""inLanguage"":""en-US""},{""@type"":""Organization"",""@id"":""https:\/\/events.ubc.ca\/#organization"",""name"":""UBC events"",""url"":""https:\/\/events.ubc.ca\/"",""logo"":{""@type"":""ImageObject"",""inLanguage"":""en-US"",""@id"":""https:\/\/events.ubc.ca\/#\/schema\/logo\/image\/"",""url"":""https:\/\/events.ubc.ca\/wp-content\/uploads\/2023\/11\/ubc-logo-2018-crest-blue-rgb72.jpg"",""contentUrl"":""https:\/\/events.ubc.ca\/wp-content\/uploads\/2023\/11\/ubc-logo-2018-crest-blue-rgb72.jpg"",""width"":99,""height"":135,""caption"":""UBC events""},""image"":{""@id"":""https:\/\/events.ubc.ca\/#\/schema\/logo\/image\/""},""sameAs"":[""https:\/\/www.facebook.com\/universityofbc\/"",""https:\/\/x.com\/ubcevents"",""https:\/\/www.youtube.com\/user\/UBC#g\/c\/94CEF848B9790AE4""]}]}</script>
<!-- / Yoast SEO plugin. -->","{""title"": ""municipal politics Archives - UBCevents"", ""robots"": {""index"": ""index"", ""follow"": ""follow"", ""max-snippet"": ""max-snippet:-1"", ""max-image-preview"": ""max-image-preview:large"", ""max-video-preview"": ""max-video-preview:-1""}, ""canonical"": ""https://events.ubc.ca/tag/municipal-politics/"", ""og_locale"": ""en_US"", ""og_type"": ""article"", ""og_title"": ""municipal politics Archives - UBCevents"", ""og_url"": ""https://events.ubc.ca/tag/municipal-politics/"", ""og_site_name"": ""UBCevents"", ""twitter_card"": ""summary_large_image"", ""twitter_site"": ""@ubcevents"", ""schema"": {""@context"": ""https://schema.org"", ""@graph"": [{""@type"": ""CollectionPage"", ""@id"": ""https://events.ubc.ca/tag/municipal-politics/"", ""url"": ""https://events.ubc.ca/tag/municipal-politics/"", ""name"": ""municipal politics Archives - UBCevents"", ""isPartOf"": {""@id"": ""https://events.ubc.ca/#website""}, ""breadcrumb"": {""@id"": ""https://events.ubc.ca/tag/municipal-politics/#breadcrumb""}, ""inLanguage"": ""en-US""}, {""@type"": ""BreadcrumbList"", ""@id"": ""https://events.ubc.ca/tag/municipal-politics/#breadcrumb"", ""itemListElement"": [{""@type"": ""ListItem"", ""position"": 1, ""name"": ""Home"", ""item"": ""https://events.ubc.ca/""}, {""@type"": ""ListItem"", ""position"": 2, ""name"": ""municipal politics""}]}, {""@type"": ""WebSite"", ""@id"": ""https://events.ubc.ca/#website"", ""url"": ""https://events.ubc.ca/"", ""name"": ""UBC Events"", ""description"": """", ""publisher"": {""@id"": ""https://events.ubc.ca/#organization""}, ""potentialAction"": [{""@type"": ""SearchAction"", ""target"": {""@type"": ""EntryPoint"", ""urlTemplate"": ""https://events.ubc.ca/?s={search_term_string}""}, ""query-input"": {""@type"": ""PropertyValueSpecification"", ""valueRequired"": true, ""valueName"": ""search_term_string""}}], ""inLanguage"": ""en-US""}, {""@type"": ""Organization"", ""@id"": ""https://events.ubc.ca/#organization"", ""name"": ""UBC events"", ""url"": ""https://events.ubc.ca/"", ""logo"": {""@type"": ""ImageObject"", ""inLanguage"": ""en-US"", ""@id"": ""https://events.ubc.ca/#/schema/logo/image/"", ""url"": ""https://events.ubc.ca/wp-content/uploads/2023/11/ubc-logo-2018-crest-blue-rgb72.jpg"", ""contentUrl"": ""https://events.ubc.ca/wp-content/uploads/2023/11/ubc-logo-2018-crest-blue-rgb72.jpg"", ""width"": 99, ""height"": 135, ""caption"": ""UBC events""}, ""image"": {""@id"": ""https://events.ubc.ca/#/schema/logo/image/""}, ""sameAs"": [""https://www.facebook.com/universityofbc/"", ""https://x.com/ubcevents"", ""https://www.youtube.com/user/UBC#g/c/94CEF848B9790AE4""]}]}}",https://events.ubc.ca/tag/municipal-politics/,"{""self"": ""https://events.ubc.ca/wp-json/tribe/events/v1/tags/186"", ""collection"": ""https://events.ubc.ca/wp-json/tribe/events/v1/tags""}"
181,141,,music,music,post_tag,[],"<!-- This site is optimized with the Yoast SEO plugin v28.2 - https://yoast.com/product/yoast-seo-wordpress/ -->
<title>music Archives - UBCevents</title>
<meta name=""robots"" content=""index, follow, max-snippet:-1, max-image-preview:large, max-video-preview:-1"" />
<link rel=""canonical"" href=""https://events.ubc.ca/tag/music/"" />
<meta property=""og:locale"" content=""en_US"" />
<meta property=""og:type"" content=""article"" />
<meta property=""og:title"" content=""music Archives - UBCevents"" />
<meta property=""og:url"" content=""https://events.ubc.ca/tag/music/"" />
<meta property=""og:site_name"" content=""UBCevents"" />
<meta name=""twitter:card"" content=""summary_large_image"" />
<meta name=""twitter:site"" content=""@ubcevents"" />
<script type=""application/ld+json"" class=""yoast-schema-graph"">{""@context"":""https:\/\/schema.org"",""@graph"":[{""@type"":""CollectionPage"",""@id"":""https:\/\/events.ubc.ca\/tag\/music\/"",""url"":""https:\/\/events.ubc.ca\/tag\/music\/"",""name"":""music Archives - UBCevents"",""isPartOf"":{""@id"":""https:\/\/events.ubc.ca\/#website""},""breadcrumb"":{""@id"":""https:\/\/events.ubc.ca\/tag\/music\/#breadcrumb""},""inLanguage"":""en-US""},{""@type"":""BreadcrumbList"",""@id"":""https:\/\/events.ubc.ca\/tag\/music\/#breadcrumb"",""itemListElement"":[{""@type"":""ListItem"",""position"":1,""name"":""Home"",""item"":""https:\/\/events.ubc.ca\/""},{""@type"":""ListItem"",""position"":2,""name"":""music""}]},{""@type"":""WebSite"",""@id"":""https:\/\/events.ubc.ca\/#website"",""url"":""https:\/\/events.ubc.ca\/"",""name"":""UBC Events"",""description"":"""",""publisher"":{""@id"":""https:\/\/events.ubc.ca\/#organization""},""potentialAction"":[{""@type"":""SearchAction"",""target"":{""@type"":""EntryPoint"",""urlTemplate"":""https:\/\/events.ubc.ca\/?s={search_term_string}""},""query-input"":{""@type"":""PropertyValueSpecification"",""valueRequired"":true,""valueName"":""search_term_string""}}],""inLanguage"":""en-US""},{""@type"":""Organization"",""@id"":""https:\/\/events.ubc.ca\/#organization"",""name"":""UBC events"",""url"":""https:\/\/events.ubc.ca\/"",""logo"":{""@type"":""ImageObject"",""inLanguage"":""en-US"",""@id"":""https:\/\/events.ubc.ca\/#\/schema\/logo\/image\/"",""url"":""https:\/\/events.ubc.ca\/wp-content\/uploads\/2023\/11\/ubc-logo-2018-crest-blue-rgb72.jpg"",""contentUrl"":""https:\/\/events.ubc.ca\/wp-content\/uploads\/2023\/11\/ubc-logo-2018-crest-blue-rgb72.jpg"",""width"":99,""height"":135,""caption"":""UBC events""},""image"":{""@id"":""https:\/\/events.ubc.ca\/#\/schema\/logo\/image\/""},""sameAs"":[""https:\/\/www.facebook.com\/universityofbc\/"",""https:\/\/x.com\/ubcevents"",""https:\/\/www.youtube.com\/user\/UBC#g\/c\/94CEF848B9790AE4""]}]}</script>
<!-- / Yoast SEO plugin. -->","{""title"": ""music Archives - UBCevents"", ""robots"": {""index"": ""index"", ""follow"": ""follow"", ""max-snippet"": ""max-snippet:-1"", ""max-image-preview"": ""max-image-preview:large"", ""max-video-preview"": ""max-video-preview:-1""}, ""canonical"": ""https://events.ubc.ca/tag/music/"", ""og_locale"": ""en_US"", ""og_type"": ""article"", ""og_title"": ""music Archives - UBCevents"", ""og_url"": ""https://events.ubc.ca/tag/music/"", ""og_site_name"": ""UBCevents"", ""twitter_card"": ""summary_large_image"", ""twitter_site"": ""@ubcevents"", ""schema"": {""@context"": ""https://schema.org"", ""@graph"": [{""@type"": ""CollectionPage"", ""@id"": ""https://events.ubc.ca/tag/music/"", ""url"": ""https://events.ubc.ca/tag/music/"", ""name"": ""music Archives - UBCevents"", ""isPartOf"": {""@id"": ""https://events.ubc.ca/#website""}, ""breadcrumb"": {""@id"": ""https://events.ubc.ca/tag/music/#breadcrumb""}, ""inLanguage"": ""en-US""}, {""@type"": ""BreadcrumbList"", ""@id"": ""https://events.ubc.ca/tag/music/#breadcrumb"", ""itemListElement"": [{""@type"": ""ListItem"", ""position"": 1, ""name"": ""Home"", ""item"": ""https://events.ubc.ca/""}, {""@type"": ""ListItem"", ""position"": 2, ""name"": ""music""}]}, {""@type"": ""WebSite"", ""@id"": ""https://events.ubc.ca/#website"", ""url"": ""https://events.ubc.ca/"", ""name"": ""UBC Events"", ""description"": """", ""publisher"": {""@id"": ""https://events.ubc.ca/#organization""}, ""potentialAction"": [{""@type"": ""SearchAction"", ""target"": {""@type"": ""EntryPoint"", ""urlTemplate"": ""https://events.ubc.ca/?s={search_term_string}""}, ""query-input"": {""@type"": ""PropertyValueSpecification"", ""valueRequired"": true, ""valueName"": ""search_term_string""}}], ""inLanguage"": ""en-US""}, {""@type"": ""Organization"", ""@id"": ""https://events.ubc.ca/#organization"", ""name"": ""UBC events"", ""url"": ""https://events.ubc.ca/"", ""logo"": {""@type"": ""ImageObject"", ""inLanguage"": ""en-US"", ""@id"": ""https://events.ubc.ca/#/schema/logo/image/"", ""url"": ""https://events.ubc.ca/wp-content/uploads/2023/11/ubc-logo-2018-crest-blue-rgb72.jpg"", ""contentUrl"": ""https://events.ubc.ca/wp-content/uploads/2023/11/ubc-logo-2018-crest-blue-rgb72.jpg"", ""width"": 99, ""height"": 135, ""caption"": ""UBC events""}, ""image"": {""@id"": ""https://events.ubc.ca/#/schema/logo/image/""}, ""sameAs"": [""https://www.facebook.com/universityofbc/"", ""https://x.com/ubcevents"", ""https://www.youtube.com/user/UBC#g/c/94CEF848B9790AE4""]}]}}",https://events.ubc.ca/tag/music/,"{""self"": ""https://events.ubc.ca/wp-json/tribe/events/v1/tags/181"", ""collection"": ""https://events.ubc.ca/wp-json/tribe/events/v1/tags""}"
348,41,,oceans and fisheries,oceans-and-fisheries,post_tag,[],"<!-- This site is optimized with the Yoast SEO plugin v28.2 - https://yoast.com/product/yoast-seo-wordpress/ -->
<title>oceans and fisheries Archives - UBCevents</title>
<meta name=""robots"" content=""index, follow, max-snippet:-1, max-image-preview:large, max-video-preview:-1"" />
<link rel=""canonical"" href=""https://events.ubc.ca/tag/oceans-and-fisheries/"" />
<meta property=""og:locale"" content=""en_US"" />
<meta property=""og:type"" content=""article"" />
<meta property=""og:title"" content=""oceans and fisheries Archives - UBCevents"" />
<meta property=""og:url"" content=""https://events.ubc.ca/tag/oceans-and-fisheries/"" />
<meta property=""og:site_name"" content=""UBCevents"" />
<meta name=""twitter:card"" content=""summary_large_image"" />
<meta name=""twitter:site"" content=""@ubcevents"" />
<script type=""application/ld+json"" class=""yoast-schema-graph"">{""@context"":""https:\/\/schema.org"",""@graph"":[{""@type"":""CollectionPage"",""@id"":""https:\/\/events.ubc.ca\/tag\/oceans-and-fisheries\/"",""url"":""https:\/\/events.ubc.ca\/tag\/oceans-and-fisheries\/"",""name"":""oceans and fisheries Archives - UBCevents"",""isPartOf"":{""@id"":""https:\/\/events.ubc.ca\/#website""},""breadcrumb"":{""@id"":""https:\/\/events.ubc.ca\/tag\/oceans-and-fisheries\/#breadcrumb""},""inLanguage"":""en-US""},{""@type"":""BreadcrumbList"",""@id"":""https:\/\/events.ubc.ca\/tag\/oceans-and-fisheries\/#breadcrumb"",""itemListElement"":[{""@type"":""ListItem"",""position"":1,""name"":""Home"",""item"":""https:\/\/events.ubc.ca\/""},{""@type"":""ListItem"",""position"":2,""name"":""oceans and fisheries""}]},{""@type"":""WebSite"",""@id"":""https:\/\/events.ubc.ca\/#website"",""url"":""https:\/\/events.ubc.ca\/"",""name"":""UBC Events"",""description"":"""",""publisher"":{""@id"":""https:\/\/events.ubc.ca\/#organization""},""potentialAction"":[{""@type"":""SearchAction"",""target"":{""@type"":""EntryPoint"",""urlTemplate"":""https:\/\/events.ubc.ca\/?s={search_term_string}""},""query-input"":{""@type"":""PropertyValueSpecification"",""valueRequired"":true,""valueName"":""search_term_string""}}],""inLanguage"":""en-US""},{""@type"":""Organization"",""@id"":""https:\/\/events.ubc.ca\/#organization"",""name"":""UBC events"",""url"":""https:\/\/events.ubc.ca\/"",""logo"":{""@type"":""ImageObject"",""inLanguage"":""en-US"",""@id"":""https:\/\/events.ubc.ca\/#\/schema\/logo\/image\/"",""url"":""https:\/\/events.ubc.ca\/wp-content\/uploads\/2023\/11\/ubc-logo-2018-crest-blue-rgb72.jpg"",""contentUrl"":""https:\/\/events.ubc.ca\/wp-content\/uploads\/2023\/11\/ubc-logo-2018-crest-blue-rgb72.jpg"",""width"":99,""height"":135,""caption"":""UBC events""},""image"":{""@id"":""https:\/\/events.ubc.ca\/#\/schema\/logo\/image\/""},""sameAs"":[""https:\/\/www.facebook.com\/universityofbc\/"",""https:\/\/x.com\/ubcevents"",""https:\/\/www.youtube.com\/user\/UBC#g\/c\/94CEF848B9790AE4""]}]}</script>
<!-- / Yoast SEO plugin. -->","{""title"": ""oceans and fisheries Archives - UBCevents"", ""robots"": {""index"": ""index"", ""follow"": ""follow"", ""max-snippet"": ""max-snippet:-1"", ""max-image-preview"": ""max-image-preview:large"", ""max-video-preview"": ""max-video-preview:-1""}, ""canonical"": ""https://events.ubc.ca/tag/oceans-and-fisheries/"", ""og_locale"": ""en_US"", ""og_type"": ""article"", ""og_title"": ""oceans and fisheries Archives - UBCevents"", ""og_url"": ""https://events.ubc.ca/tag/oceans-and-fisheries/"", ""og_site_name"": ""UBCevents"", ""twitter_card"": ""summary_large_image"", ""twitter_site"": ""@ubcevents"", ""schema"": {""@context"": ""https://schema.org"", ""@graph"": [{""@type"": ""CollectionPage"", ""@id"": ""https://events.ubc.ca/tag/oceans-and-fisheries/"", ""url"": ""https://events.ubc.ca/tag/oceans-and-fisheries/"", ""name"": ""oceans and fisheries Archives - UBCevents"", ""isPartOf"": {""@id"": ""https://events.ubc.ca/#website""}, ""breadcrumb"": {""@id"": ""https://events.ubc.ca/tag/oceans-and-fisheries/#breadcrumb""}, ""inLanguage"": ""en-US""}, {""@type"": ""BreadcrumbList"", ""@id"": ""https://events.ubc.ca/tag/oceans-and-fisheries/#breadcrumb"", ""itemListElement"": [{""@type"": ""ListItem"", ""position"": 1, ""name"": ""Home"", ""item"": ""https://events.ubc.ca/""}, {""@type"": ""ListItem"", ""position"": 2, ""name"": ""oceans and fisheries""}]}, {""@type"": ""WebSite"", ""@id"": ""https://events.ubc.ca/#website"", ""url"": ""https://events.ubc.ca/"", ""name"": ""UBC Events"", ""description"": """", ""publisher"": {""@id"": ""https://events.ubc.ca/#organization""}, ""potentialAction"": [{""@type"": ""SearchAction"", ""target"": {""@type"": ""EntryPoint"", ""urlTemplate"": ""https://events.ubc.ca/?s={search_term_string}""}, ""query-input"": {""@type"": ""PropertyValueSpecification"", ""valueRequired"": true, ""valueName"": ""search_term_string""}}], ""inLanguage"": ""en-US""}, {""@type"": ""Organization"", ""@id"": ""https://events.ubc.ca/#organization"", ""name"": ""UBC events"", ""url"": ""https://events.ubc.ca/"", ""logo"": {""@type"": ""ImageObject"", ""inLanguage"": ""en-US"", ""@id"": ""https://events.ubc.ca/#/schema/logo/image/"", ""url"": ""https://events.ubc.ca/wp-content/uploads/2023/11/ubc-logo-2018-crest-blue-rgb72.jpg"", ""contentUrl"": ""https://events.ubc.ca/wp-content/uploads/2023/11/ubc-logo-2018-crest-blue-rgb72.jpg"", ""width"": 99, ""height"": 135, ""caption"": ""UBC events""}, ""image"": {""@id"": ""https://events.ubc.ca/#/schema/logo/image/""}, ""sameAs"": [""https://www.facebook.com/universityofbc/"", ""https://x.com/ubcevents"", ""https://www.youtube.com/user/UBC#g/c/94CEF848B9790AE4""]}]}}",https://events.ubc.ca/tag/oceans-and-fisheries/,"{""self"": ""https://events.ubc.ca/wp-json/tribe/events/v1/tags/348"", ""collection"": ""https://events.ubc.ca/wp-json/tribe/events/v1/tags""}"
336,6,,pharmaceutical sciences,pharmaceutical-sciences,post_tag,[],"<!-- This site is optimized with the Yoast SEO plugin v28.2 - https://yoast.com/product/yoast-seo-wordpress/ -->
<title>pharmaceutical sciences Archives - UBCevents</title>
<meta name=""robots"" content=""index, follow, max-snippet:-1, max-image-preview:large, max-video-preview:-1"" />
<link rel=""canonical"" href=""https://events.ubc.ca/tag/pharmaceutical-sciences/"" />
<meta property=""og:locale"" content=""en_US"" />
<meta property=""og:type"" content=""article"" />
<meta property=""og:title"" content=""pharmaceutical sciences Archives - UBCevents"" />
<meta property=""og:url"" content=""https://events.ubc.ca/tag/pharmaceutical-sciences/"" />
<meta property=""og:site_name"" content=""UBCevents"" />
<meta name=""twitter:card"" content=""summary_large_image"" />
<meta name=""twitter:site"" content=""@ubcevents"" />
<script type=""application/ld+json"" class=""yoast-schema-graph"">{""@context"":""https:\/\/schema.org"",""@graph"":[{""@type"":""CollectionPage"",""@id"":""https:\/\/events.ubc.ca\/tag\/pharmaceutical-sciences\/"",""url"":""https:\/\/events.ubc.ca\/tag\/pharmaceutical-sciences\/"",""name"":""pharmaceutical sciences Archives - UBCevents"",""isPartOf"":{""@id"":""https:\/\/events.ubc.ca\/#website""},""breadcrumb"":{""@id"":""https:\/\/events.ubc.ca\/tag\/pharmaceutical-sciences\/#breadcrumb""},""inLanguage"":""en-US""},{""@type"":""BreadcrumbList"",""@id"":""https:\/\/events.ubc.ca\/tag\/pharmaceutical-sciences\/#breadcrumb"",""itemListElement"":[{""@type"":""ListItem"",""position"":1,""name"":""Home"",""item"":""https:\/\/events.ubc.ca\/""},{""@type"":""ListItem"",""position"":2,""name"":""pharmaceutical sciences""}]},{""@type"":""WebSite"",""@id"":""https:\/\/events.ubc.ca\/#website"",""url"":""https:\/\/events.ubc.ca\/"",""name"":""UBC Events"",""description"":"""",""publisher"":{""@id"":""https:\/\/events.ubc.ca\/#organization""},""potentialAction"":[{""@type"":""SearchAction"",""target"":{""@type"":""EntryPoint"",""urlTemplate"":""https:\/\/events.ubc.ca\/?s={search_term_string}""},""query-input"":{""@type"":""PropertyValueSpecification"",""valueRequired"":true,""valueName"":""search_term_string""}}],""inLanguage"":""en-US""},{""@type"":""Organization"",""@id"":""https:\/\/events.ubc.ca\/#organization"",""name"":""UBC events"",""url"":""https:\/\/events.ubc.ca\/"",""logo"":{""@type"":""ImageObject"",""inLanguage"":""en-US"",""@id"":""https:\/\/events.ubc.ca\/#\/schema\/logo\/image\/"",""url"":""https:\/\/events.ubc.ca\/wp-content\/uploads\/2023\/11\/ubc-logo-2018-crest-blue-rgb72.jpg"",""contentUrl"":""https:\/\/events.ubc.ca\/wp-content\/uploads\/2023\/11\/ubc-logo-2018-crest-blue-rgb72.jpg"",""width"":99,""height"":135,""caption"":""UBC events""},""image"":{""@id"":""https:\/\/events.ubc.ca\/#\/schema\/logo\/image\/""},""sameAs"":[""https:\/\/www.facebook.com\/universityofbc\/"",""https:\/\/x.com\/ubcevents"",""https:\/\/www.youtube.com\/user\/UBC#g\/c\/94CEF848B9790AE4""]}]}</script>
<!-- / Yoast SEO plugin. -->","{""title"": ""pharmaceutical sciences Archives - UBCevents"", ""robots"": {""index"": ""index"", ""follow"": ""follow"", ""max-snippet"": ""max-snippet:-1"", ""max-image-preview"": ""max-image-preview:large"", ""max-video-preview"": ""max-video-preview:-1""}, ""canonical"": ""https://events.ubc.ca/tag/pharmaceutical-sciences/"", ""og_locale"": ""en_US"", ""og_type"": ""article"", ""og_title"": ""pharmaceutical sciences Archives - UBCevents"", ""og_url"": ""https://events.ubc.ca/tag/pharmaceutical-sciences/"", ""og_site_name"": ""UBCevents"", ""twitter_card"": ""summary_large_image"", ""twitter_site"": ""@ubcevents"", ""schema"": {""@context"": ""https://schema.org"", ""@graph"": [{""@type"": ""CollectionPage"", ""@id"": ""https://events.ubc.ca/tag/pharmaceutical-sciences/"", ""url"": ""https://events.ubc.ca/tag/pharmaceutical-sciences/"", ""name"": ""pharmaceutical sciences Archives - UBCevents"", ""isPartOf"": {""@id"": ""https://events.ubc.ca/#website""}, ""breadcrumb"": {""@id"": ""https://events.ubc.ca/tag/pharmaceutical-sciences/#breadcrumb""}, ""inLanguage"": ""en-US""}, {""@type"": ""BreadcrumbList"", ""@id"": ""https://events.ubc.ca/tag/pharmaceutical-sciences/#breadcrumb"", ""itemListElement"": [{""@type"": ""ListItem"", ""position"": 1, ""name"": ""Home"", ""item"": ""https://events.ubc.ca/""}, {""@type"": ""ListItem"", ""position"": 2, ""name"": ""pharmaceutical sciences""}]}, {""@type"": ""WebSite"", ""@id"": ""https://events.ubc.ca/#website"", ""url"": ""https://events.ubc.ca/"", ""name"": ""UBC Events"", ""description"": """", ""publisher"": {""@id"": ""https://events.ubc.ca/#organization""}, ""potentialAction"": [{""@type"": ""SearchAction"", ""target"": {""@type"": ""EntryPoint"", ""urlTemplate"": ""https://events.ubc.ca/?s={search_term_string}""}, ""query-input"": {""@type"": ""PropertyValueSpecification"", ""valueRequired"": true, ""valueName"": ""search_term_string""}}], ""inLanguage"": ""en-US""}, {""@type"": ""Organization"", ""@id"": ""https://events.ubc.ca/#organization"", ""name"": ""UBC events"", ""url"": ""https://events.ubc.ca/"", ""logo"": {""@type"": ""ImageObject"", ""inLanguage"": ""en-US"", ""@id"": ""https://events.ubc.ca/#/schema/logo/image/"", ""url"": ""https://events.ubc.ca/wp-content/uploads/2023/11/ubc-logo-2018-crest-blue-rgb72.jpg"", ""contentUrl"": ""https://events.ubc.ca/wp-content/uploads/2023/11/ubc-logo-2018-crest-blue-rgb72.jpg"", ""width"": 99, ""height"": 135, ""caption"": ""UBC events""}, ""image"": {""@id"": ""https://events.ubc.ca/#/schema/logo/image/""}, ""sameAs"": [""https://www.facebook.com/universityofbc/"", ""https://x.com/ubcevents"", ""https://www.youtube.com/user/UBC#g/c/94CEF848B9790AE4""]}]}}",https://events.ubc.ca/tag/pharmaceutical-sciences/,"{""self"": ""https://events.ubc.ca/wp-json/tribe/events/v1/tags/336"", ""collection"": ""https://events.ubc.ca/wp-json/tribe/events/v1/tags""}"
347,7,,poetry,poetry,post_tag,[],"<!-- This site is optimized with the Yoast SEO plugin v28.2 - https://yoast.com/product/yoast-seo-wordpress/ -->
<title>poetry Archives - UBCevents</title>
<meta name=""robots"" content=""index, follow, max-snippet:-1, max-image-preview:large, max-video-preview:-1"" />
<link rel=""canonical"" href=""https://events.ubc.ca/tag/poetry/"" />
<meta property=""og:locale"" content=""en_US"" />
<meta property=""og:type"" content=""article"" />
<meta property=""og:title"" content=""poetry Archives - UBCevents"" />
<meta property=""og:url"" content=""https://events.ubc.ca/tag/poetry/"" />
<meta property=""og:site_name"" content=""UBCevents"" />
<meta name=""twitter:card"" content=""summary_large_image"" />
<meta name=""twitter:site"" content=""@ubcevents"" />
<script type=""application/ld+json"" class=""yoast-schema-graph"">{""@context"":""https:\/\/schema.org"",""@graph"":[{""@type"":""CollectionPage"",""@id"":""https:\/\/events.ubc.ca\/tag\/poetry\/"",""url"":""https:\/\/events.ubc.ca\/tag\/poetry\/"",""name"":""poetry Archives - UBCevents"",""isPartOf"":{""@id"":""https:\/\/events.ubc.ca\/#website""},""breadcrumb"":{""@id"":""https:\/\/events.ubc.ca\/tag\/poetry\/#breadcrumb""},""inLanguage"":""en-US""},{""@type"":""BreadcrumbList"",""@id"":""https:\/\/events.ubc.ca\/tag\/poetry\/#breadcrumb"",""itemListElement"":[{""@type"":""ListItem"",""position"":1,""name"":""Home"",""item"":""https:\/\/events.ubc.ca\/""},{""@type"":""ListItem"",""position"":2,""name"":""poetry""}]},{""@type"":""WebSite"",""@id"":""https:\/\/events.ubc.ca\/#website"",""url"":""https:\/\/events.ubc.ca\/"",""name"":""UBC Events"",""description"":"""",""publisher"":{""@id"":""https:\/\/events.ubc.ca\/#organization""},""potentialAction"":[{""@type"":""SearchAction"",""target"":{""@type"":""EntryPoint"",""urlTemplate"":""https:\/\/events.ubc.ca\/?s={search_term_string}""},""query-input"":{""@type"":""PropertyValueSpecification"",""valueRequired"":true,""valueName"":""search_term_string""}}],""inLanguage"":""en-US""},{""@type"":""Organization"",""@id"":""https:\/\/events.ubc.ca\/#organization"",""name"":""UBC events"",""url"":""https:\/\/events.ubc.ca\/"",""logo"":{""@type"":""ImageObject"",""inLanguage"":""en-US"",""@id"":""https:\/\/events.ubc.ca\/#\/schema\/logo\/image\/"",""url"":""https:\/\/events.ubc.ca\/wp-content\/uploads\/2023\/11\/ubc-logo-2018-crest-blue-rgb72.jpg"",""contentUrl"":""https:\/\/events.ubc.ca\/wp-content\/uploads\/2023\/11\/ubc-logo-2018-crest-blue-rgb72.jpg"",""width"":99,""height"":135,""caption"":""UBC events""},""image"":{""@id"":""https:\/\/events.ubc.ca\/#\/schema\/logo\/image\/""},""sameAs"":[""https:\/\/www.facebook.com\/universityofbc\/"",""https:\/\/x.com\/ubcevents"",""https:\/\/www.youtube.com\/user\/UBC#g\/c\/94CEF848B9790AE4""]}]}</script>
<!-- / Yoast SEO plugin. -->","{""title"": ""poetry Archives - UBCevents"", ""robots"": {""index"": ""index"", ""follow"": ""follow"", ""max-snippet"": ""max-snippet:-1"", ""max-image-preview"": ""max-image-preview:large"", ""max-video-preview"": ""max-video-preview:-1""}, ""canonical"": ""https://events.ubc.ca/tag/poetry/"", ""og_locale"": ""en_US"", ""og_type"": ""article"", ""og_title"": ""poetry Archives - UBCevents"", ""og_url"": ""https://events.ubc.ca/tag/poetry/"", ""og_site_name"": ""UBCevents"", ""twitter_card"": ""summary_large_image"", ""twitter_site"": ""@ubcevents"", ""schema"": {""@context"": ""https://schema.org"", ""@graph"": [{""@type"": ""CollectionPage"", ""@id"": ""https://events.ubc.ca/tag/poetry/"", ""url"": ""https://events.ubc.ca/tag/poetry/"", ""name"": ""poetry Archives - UBCevents"", ""isPartOf"": {""@id"": ""https://events.ubc.ca/#website""}, ""breadcrumb"": {""@id"": ""https://events.ubc.ca/tag/poetry/#breadcrumb""}, ""inLanguage"": ""en-US""}, {""@type"": ""BreadcrumbList"", ""@id"": ""https://events.ubc.ca/tag/poetry/#breadcrumb"", ""itemListElement"": [{""@type"": ""ListItem"", ""position"": 1, ""name"": ""Home"", ""item"": ""https://events.ubc.ca/""}, {""@type"": ""ListItem"", ""position"": 2, ""name"": ""poetry""}]}, {""@type"": ""WebSite"", ""@id"": ""https://events.ubc.ca/#website"", ""url"": ""https://events.ubc.ca/"", ""name"": ""UBC Events"", ""description"": """", ""publisher"": {""@id"": ""https://events.ubc.ca/#organization""}, ""potentialAction"": [{""@type"": ""SearchAction"", ""target"": {""@type"": ""EntryPoint"", ""urlTemplate"": ""https://events.ubc.ca/?s={search_term_string}""}, ""query-input"": {""@type"": ""PropertyValueSpecification"", ""valueRequired"": true, ""valueName"": ""search_term_string""}}], ""inLanguage"": ""en-US""}, {""@type"": ""Organization"", ""@id"": ""https://events.ubc.ca/#organization"", ""name"": ""UBC events"", ""url"": ""https://events.ubc.ca/"", ""logo"": {""@type"": ""ImageObject"", ""inLanguage"": ""en-US"", ""@id"": ""https://events.ubc.ca/#/schema/logo/image/"", ""url"": ""https://events.ubc.ca/wp-content/uploads/2023/11/ubc-logo-2018-crest-blue-rgb72.jpg"", ""contentUrl"": ""https://events.ubc.ca/wp-content/uploads/2023/11/ubc-logo-2018-crest-blue-rgb72.jpg"", ""width"": 99, ""height"": 135, ""caption"": ""UBC events""}, ""image"": {""@id"": ""https://events.ubc.ca/#/schema/logo/image/""}, ""sameAs"": [""https://www.facebook.com/universityofbc/"", ""https://x.com/ubcevents"", ""https://www.youtube.com/user/UBC#g/c/94CEF848B9790AE4""]}]}}",https://events.ubc.ca/tag/poetry/,"{""self"": ""https://events.ubc.ca/wp-json/tribe/events/v1/tags/347"", ""collection"": ""https://events.ubc.ca/wp-json/tribe/events/v1/tags""}"
354,17,,ramadan,ramadan,post_tag,[],"<!-- This site is optimized with the Yoast SEO plugin v28.2 - https://yoast.com/product/yoast-seo-wordpress/ -->
<title>ramadan Archives - UBCevents</title>
<meta name=""robots"" content=""index, follow, max-snippet:-1, max-image-preview:large, max-video-preview:-1"" />
<link rel=""canonical"" href=""https://events.ubc.ca/tag/ramadan/"" />
<meta property=""og:locale"" content=""en_US"" />
<meta property=""og:type"" content=""article"" />
<meta property=""og:title"" content=""ramadan Archives - UBCevents"" />
<meta property=""og:url"" content=""https://events.ubc.ca/tag/ramadan/"" />
<meta property=""og:site_name"" content=""UBCevents"" />
<meta name=""twitter:card"" content=""summary_large_image"" />
<meta name=""twitter:site"" content=""@ubcevents"" />
<script type=""application/ld+json"" class=""yoast-schema-graph"">{""@context"":""https:\/\/schema.org"",""@graph"":[{""@type"":""CollectionPage"",""@id"":""https:\/\/events.ubc.ca\/tag\/ramadan\/"",""url"":""https:\/\/events.ubc.ca\/tag\/ramadan\/"",""name"":""ramadan Archives - UBCevents"",""isPartOf"":{""@id"":""https:\/\/events.ubc.ca\/#website""},""breadcrumb"":{""@id"":""https:\/\/events.ubc.ca\/tag\/ramadan\/#breadcrumb""},""inLanguage"":""en-US""},{""@type"":""BreadcrumbList"",""@id"":""https:\/\/events.ubc.ca\/tag\/ramadan\/#breadcrumb"",""itemListElement"":[{""@type"":""ListItem"",""position"":1,""name"":""Home"",""item"":""https:\/\/events.ubc.ca\/""},{""@type"":""ListItem"",""position"":2,""name"":""ramadan""}]},{""@type"":""WebSite"",""@id"":""https:\/\/events.ubc.ca\/#website"",""url"":""https:\/\/events.ubc.ca\/"",""name"":""UBC Events"",""description"":"""",""publisher"":{""@id"":""https:\/\/events.ubc.ca\/#organization""},""potentialAction"":[{""@type"":""SearchAction"",""target"":{""@type"":""EntryPoint"",""urlTemplate"":""https:\/\/events.ubc.ca\/?s={search_term_string}""},""query-input"":{""@type"":""PropertyValueSpecification"",""valueRequired"":true,""valueName"":""search_term_string""}}],""inLanguage"":""en-US""},{""@type"":""Organization"",""@id"":""https:\/\/events.ubc.ca\/#organization"",""name"":""UBC events"",""url"":""https:\/\/events.ubc.ca\/"",""logo"":{""@type"":""ImageObject"",""inLanguage"":""en-US"",""@id"":""https:\/\/events.ubc.ca\/#\/schema\/logo\/image\/"",""url"":""https:\/\/events.ubc.ca\/wp-content\/uploads\/2023\/11\/ubc-logo-2018-crest-blue-rgb72.jpg"",""contentUrl"":""https:\/\/events.ubc.ca\/wp-content\/uploads\/2023\/11\/ubc-logo-2018-crest-blue-rgb72.jpg"",""width"":99,""height"":135,""caption"":""UBC events""},""image"":{""@id"":""https:\/\/events.ubc.ca\/#\/schema\/logo\/image\/""},""sameAs"":[""https:\/\/www.facebook.com\/universityofbc\/"",""https:\/\/x.com\/ubcevents"",""https:\/\/www.youtube.com\/user\/UBC#g\/c\/94CEF848B9790AE4""]}]}</script>
<!-- / Yoast SEO plugin. -->","{""title"": ""ramadan Archives - UBCevents"", ""robots"": {""index"": ""index"", ""follow"": ""follow"", ""max-snippet"": ""max-snippet:-1"", ""max-image-preview"": ""max-image-preview:large"", ""max-video-preview"": ""max-video-preview:-1""}, ""canonical"": ""https://events.ubc.ca/tag/ramadan/"", ""og_locale"": ""en_US"", ""og_type"": ""article"", ""og_title"": ""ramadan Archives - UBCevents"", ""og_url"": ""https://events.ubc.ca/tag/ramadan/"", ""og_site_name"": ""UBCevents"", ""twitter_card"": ""summary_large_image"", ""twitter_site"": ""@ubcevents"", ""schema"": {""@context"": ""https://schema.org"", ""@graph"": [{""@type"": ""CollectionPage"", ""@id"": ""https://events.ubc.ca/tag/ramadan/"", ""url"": ""https://events.ubc.ca/tag/ramadan/"", ""name"": ""ramadan Archives - UBCevents"", ""isPartOf"": {""@id"": ""https://events.ubc.ca/#website""}, ""breadcrumb"": {""@id"": ""https://events.ubc.ca/tag/ramadan/#breadcrumb""}, ""inLanguage"": ""en-US""}, {""@type"": ""BreadcrumbList"", ""@id"": ""https://events.ubc.ca/tag/ramadan/#breadcrumb"", ""itemListElement"": [{""@type"": ""ListItem"", ""position"": 1, ""name"": ""Home"", ""item"": ""https://events.ubc.ca/""}, {""@type"": ""ListItem"", ""position"": 2, ""name"": ""ramadan""}]}, {""@type"": ""WebSite"", ""@id"": ""https://events.ubc.ca/#website"", ""url"": ""https://events.ubc.ca/"", ""name"": ""UBC Events"", ""description"": """", ""publisher"": {""@id"": ""https://events.ubc.ca/#organization""}, ""potentialAction"": [{""@type"": ""SearchAction"", ""target"": {""@type"": ""EntryPoint"", ""urlTemplate"": ""https://events.ubc.ca/?s={search_term_string}""}, ""query-input"": {""@type"": ""PropertyValueSpecification"", ""valueRequired"": true, ""valueName"": ""search_term_string""}}], ""inLanguage"": ""en-US""}, {""@type"": ""Organization"", ""@id"": ""https://events.ubc.ca/#organization"", ""name"": ""UBC events"", ""url"": ""https://events.ubc.ca/"", ""logo"": {""@type"": ""ImageObject"", ""inLanguage"": ""en-US"", ""@id"": ""https://events.ubc.ca/#/schema/logo/image/"", ""url"": ""https://events.ubc.ca/wp-content/uploads/2023/11/ubc-logo-2018-crest-blue-rgb72.jpg"", ""contentUrl"": ""https://events.ubc.ca/wp-content/uploads/2023/11/ubc-logo-2018-crest-blue-rgb72.jpg"", ""width"": 99, ""height"": 135, ""caption"": ""UBC events""}, ""image"": {""@id"": ""https://events.ubc.ca/#/schema/logo/image/""}, ""sameAs"": [""https://www.facebook.com/universityofbc/"", ""https://x.com/ubcevents"", ""https://www.youtube.com/user/UBC#g/c/94CEF848B9790AE4""]}]}}",https://events.ubc.ca/tag/ramadan/,"{""self"": ""https://events.ubc.ca/wp-json/tribe/events/v1/tags/354"", ""collection"": ""https://events.ubc.ca/wp-json/tribe/events/v1/tags""}"
344,27,,reading,reading,post_tag,[],"<!-- This site is optimized with the Yoast SEO plugin v28.2 - https://yoast.com/product/yoast-seo-wordpress/ -->
<title>reading Archives - UBCevents</title>
<meta name=""robots"" content=""index, follow, max-snippet:-1, max-image-preview:large, max-video-preview:-1"" />
<link rel=""canonical"" href=""https://events.ubc.ca/tag/reading/"" />
<meta property=""og:locale"" content=""en_US"" />
<meta property=""og:type"" content=""article"" />
<meta property=""og:title"" content=""reading Archives - UBCevents"" />
<meta property=""og:url"" content=""https://events.ubc.ca/tag/reading/"" />
<meta property=""og:site_name"" content=""UBCevents"" />
<meta name=""twitter:card"" content=""summary_large_image"" />
<meta name=""twitter:site"" content=""@ubcevents"" />
<script type=""application/ld+json"" class=""yoast-schema-graph"">{""@context"":""https:\/\/schema.org"",""@graph"":[{""@type"":""CollectionPage"",""@id"":""https:\/\/events.ubc.ca\/tag\/reading\/"",""url"":""https:\/\/events.ubc.ca\/tag\/reading\/"",""name"":""reading Archives - UBCevents"",""isPartOf"":{""@id"":""https:\/\/events.ubc.ca\/#website""},""breadcrumb"":{""@id"":""https:\/\/events.ubc.ca\/tag\/reading\/#breadcrumb""},""inLanguage"":""en-US""},{""@type"":""BreadcrumbList"",""@id"":""https:\/\/events.ubc.ca\/tag\/reading\/#breadcrumb"",""itemListElement"":[{""@type"":""ListItem"",""position"":1,""name"":""Home"",""item"":""https:\/\/events.ubc.ca\/""},{""@type"":""ListItem"",""position"":2,""name"":""reading""}]},{""@type"":""WebSite"",""@id"":""https:\/\/events.ubc.ca\/#website"",""url"":""https:\/\/events.ubc.ca\/"",""name"":""UBC Events"",""description"":"""",""publisher"":{""@id"":""https:\/\/events.ubc.ca\/#organization""},""potentialAction"":[{""@type"":""SearchAction"",""target"":{""@type"":""EntryPoint"",""urlTemplate"":""https:\/\/events.ubc.ca\/?s={search_term_string}""},""query-input"":{""@type"":""PropertyValueSpecification"",""valueRequired"":true,""valueName"":""search_term_string""}}],""inLanguage"":""en-US""},{""@type"":""Organization"",""@id"":""https:\/\/events.ubc.ca\/#organization"",""name"":""UBC events"",""url"":""https:\/\/events.ubc.ca\/"",""logo"":{""@type"":""ImageObject"",""inLanguage"":""en-US"",""@id"":""https:\/\/events.ubc.ca\/#\/schema\/logo\/image\/"",""url"":""https:\/\/events.ubc.ca\/wp-content\/uploads\/2023\/11\/ubc-logo-2018-crest-blue-rgb72.jpg"",""contentUrl"":""https:\/\/events.ubc.ca\/wp-content\/uploads\/2023\/11\/ubc-logo-2018-crest-blue-rgb72.jpg"",""width"":99,""height"":135,""caption"":""UBC events""},""image"":{""@id"":""https:\/\/events.ubc.ca\/#\/schema\/logo\/image\/""},""sameAs"":[""https:\/\/www.facebook.com\/universityofbc\/"",""https:\/\/x.com\/ubcevents"",""https:\/\/www.youtube.com\/user\/UBC#g\/c\/94CEF848B9790AE4""]}]}</script>
<!-- / Yoast SEO plugin. -->","{""title"": ""reading Archives - UBCevents"", ""robots"": {""index"": ""index"", ""follow"": ""follow"", ""max-snippet"": ""max-snippet:-1"", ""max-image-preview"": ""max-image-preview:large"", ""max-video-preview"": ""max-video-preview:-1""}, ""canonical"": ""https://events.ubc.ca/tag/reading/"", ""og_locale"": ""en_US"", ""og_type"": ""article"", ""og_title"": ""reading Archives - UBCevents"", ""og_url"": ""https://events.ubc.ca/tag/reading/"", ""og_site_name"": ""UBCevents"", ""twitter_card"": ""summary_large_image"", ""twitter_site"": ""@ubcevents"", ""schema"": {""@context"": ""https://schema.org"", ""@graph"": [{""@type"": ""CollectionPage"", ""@id"": ""https://events.ubc.ca/tag/reading/"", ""url"": ""https://events.ubc.ca/tag/reading/"", ""name"": ""reading Archives - UBCevents"", ""isPartOf"": {""@id"": ""https://events.ubc.ca/#website""}, ""breadcrumb"": {""@id"": ""https://events.ubc.ca/tag/reading/#breadcrumb""}, ""inLanguage"": ""en-US""}, {""@type"": ""BreadcrumbList"", ""@id"": ""https://events.ubc.ca/tag/reading/#breadcrumb"", ""itemListElement"": [{""@type"": ""ListItem"", ""position"": 1, ""name"": ""Home"", ""item"": ""https://events.ubc.ca/""}, {""@type"": ""ListItem"", ""position"": 2, ""name"": ""reading""}]}, {""@type"": ""WebSite"", ""@id"": ""https://events.ubc.ca/#website"", ""url"": ""https://events.ubc.ca/"", ""name"": ""UBC Events"", ""description"": """", ""publisher"": {""@id"": ""https://events.ubc.ca/#organization""}, ""potentialAction"": [{""@type"": ""SearchAction"", ""target"": {""@type"": ""EntryPoint"", ""urlTemplate"": ""https://events.ubc.ca/?s={search_term_string}""}, ""query-input"": {""@type"": ""PropertyValueSpecification"", ""valueRequired"": true, ""valueName"": ""search_term_string""}}], ""inLanguage"": ""en-US""}, {""@type"": ""Organization"", ""@id"": ""https://events.ubc.ca/#organization"", ""name"": ""UBC events"", ""url"": ""https://events.ubc.ca/"", ""logo"": {""@type"": ""ImageObject"", ""inLanguage"": ""en-US"", ""@id"": ""https://events.ubc.ca/#/schema/logo/image/"", ""url"": ""https://events.ubc.ca/wp-content/uploads/2023/11/ubc-logo-2018-crest-blue-rgb72.jpg"", ""contentUrl"": ""https://events.ubc.ca/wp-content/uploads/2023/11/ubc-logo-2018-crest-blue-rgb72.jpg"", ""width"": 99, ""height"": 135, ""caption"": ""UBC events""}, ""image"": {""@id"": ""https://events.ubc.ca/#/schema/logo/image/""}, ""sameAs"": [""https://www.facebook.com/universityofbc/"", ""https://x.com/ubcevents"", ""https://www.youtube.com/user/UBC#g/c/94CEF848B9790AE4""]}]}}",https://events.ubc.ca/tag/reading/,"{""self"": ""https://events.ubc.ca/wp-json/tribe/events/v1/tags/344"", ""collection"": ""https://events.ubc.ca/wp-json/tribe/events/v1/tags""}"
332,5,,restoration,restoration,post_tag,[],"<!-- This site is optimized with the Yoast SEO plugin v28.2 - https://yoast.com/product/yoast-seo-wordpress/ -->
<title>restoration Archives - UBCevents</title>
<meta name=""robots"" content=""index, follow, max-snippet:-1, max-image-preview:large, max-video-preview:-1"" />
<link rel=""canonical"" href=""https://events.ubc.ca/tag/restoration/"" />
<meta property=""og:locale"" content=""en_US"" />
<meta property=""og:type"" content=""article"" />
<meta property=""og:title"" content=""restoration Archives - UBCevents"" />
<meta property=""og:url"" content=""https://events.ubc.ca/tag/restoration/"" />
<meta property=""og:site_name"" content=""UBCevents"" />
<meta name=""twitter:card"" content=""summary_large_image"" />
<meta name=""twitter:site"" content=""@ubcevents"" />
<script type=""application/ld+json"" class=""yoast-schema-graph"">{""@context"":""https:\/\/schema.org"",""@graph"":[{""@type"":""CollectionPage"",""@id"":""https:\/\/events.ubc.ca\/tag\/restoration\/"",""url"":""https:\/\/events.ubc.ca\/tag\/restoration\/"",""name"":""restoration Archives - UBCevents"",""isPartOf"":{""@id"":""https:\/\/events.ubc.ca\/#website""},""breadcrumb"":{""@id"":""https:\/\/events.ubc.ca\/tag\/restoration\/#breadcrumb""},""inLanguage"":""en-US""},{""@type"":""BreadcrumbList"",""@id"":""https:\/\/events.ubc.ca\/tag\/restoration\/#breadcrumb"",""itemListElement"":[{""@type"":""ListItem"",""position"":1,""name"":""Home"",""item"":""https:\/\/events.ubc.ca\/""},{""@type"":""ListItem"",""position"":2,""name"":""restoration""}]},{""@type"":""WebSite"",""@id"":""https:\/\/events.ubc.ca\/#website"",""url"":""https:\/\/events.ubc.ca\/"",""name"":""UBC Events"",""description"":"""",""publisher"":{""@id"":""https:\/\/events.ubc.ca\/#organization""},""potentialAction"":[{""@type"":""SearchAction"",""target"":{""@type"":""EntryPoint"",""urlTemplate"":""https:\/\/events.ubc.ca\/?s={search_term_string}""},""query-input"":{""@type"":""PropertyValueSpecification"",""valueRequired"":true,""valueName"":""search_term_string""}}],""inLanguage"":""en-US""},{""@type"":""Organization"",""@id"":""https:\/\/events.ubc.ca\/#organization"",""name"":""UBC events"",""url"":""https:\/\/events.ubc.ca\/"",""logo"":{""@type"":""ImageObject"",""inLanguage"":""en-US"",""@id"":""https:\/\/events.ubc.ca\/#\/schema\/logo\/image\/"",""url"":""https:\/\/events.ubc.ca\/wp-content\/uploads\/2023\/11\/ubc-logo-2018-crest-blue-rgb72.jpg"",""contentUrl"":""https:\/\/events.ubc.ca\/wp-content\/uploads\/2023\/11\/ubc-logo-2018-crest-blue-rgb72.jpg"",""width"":99,""height"":135,""caption"":""UBC events""},""image"":{""@id"":""https:\/\/events.ubc.ca\/#\/schema\/logo\/image\/""},""sameAs"":[""https:\/\/www.facebook.com\/universityofbc\/"",""https:\/\/x.com\/ubcevents"",""https:\/\/www.youtube.com\/user\/UBC#g\/c\/94CEF848B9790AE4""]}]}</script>
<!-- / Yoast SEO plugin. -->","{""title"": ""restoration Archives - UBCevents"", ""robots"": {""index"": ""index"", ""follow"": ""follow"", ""max-snippet"": ""max-snippet:-1"", ""max-image-preview"": ""max-image-preview:large"", ""max-video-preview"": ""max-video-preview:-1""}, ""canonical"": ""https://events.ubc.ca/tag/restoration/"", ""og_locale"": ""en_US"", ""og_type"": ""article"", ""og_title"": ""restoration Archives - UBCevents"", ""og_url"": ""https://events.ubc.ca/tag/restoration/"", ""og_site_name"": ""UBCevents"", ""twitter_card"": ""summary_large_image"", ""twitter_site"": ""@ubcevents"", ""schema"": {""@context"": ""https://schema.org"", ""@graph"": [{""@type"": ""CollectionPage"", ""@id"": ""https://events.ubc.ca/tag/restoration/"", ""url"": ""https://events.ubc.ca/tag/restoration/"", ""name"": ""restoration Archives - UBCevents"", ""isPartOf"": {""@id"": ""https://events.ubc.ca/#website""}, ""breadcrumb"": {""@id"": ""https://events.ubc.ca/tag/restoration/#breadcrumb""}, ""inLanguage"": ""en-US""}, {""@type"": ""BreadcrumbList"", ""@id"": ""https://events.ubc.ca/tag/restoration/#breadcrumb"", ""itemListElement"": [{""@type"": ""ListItem"", ""position"": 1, ""name"": ""Home"", ""item"": ""https://events.ubc.ca/""}, {""@type"": ""ListItem"", ""position"": 2, ""name"": ""restoration""}]}, {""@type"": ""WebSite"", ""@id"": ""https://events.ubc.ca/#website"", ""url"": ""https://events.ubc.ca/"", ""name"": ""UBC Events"", ""description"": """", ""publisher"": {""@id"": ""https://events.ubc.ca/#organization""}, ""potentialAction"": [{""@type"": ""SearchAction"", ""target"": {""@type"": ""EntryPoint"", ""urlTemplate"": ""https://events.ubc.ca/?s={search_term_string}""}, ""query-input"": {""@type"": ""PropertyValueSpecification"", ""valueRequired"": true, ""valueName"": ""search_term_string""}}], ""inLanguage"": ""en-US""}, {""@type"": ""Organization"", ""@id"": ""https://events.ubc.ca/#organization"", ""name"": ""UBC events"", ""url"": ""https://events.ubc.ca/"", ""logo"": {""@type"": ""ImageObject"", ""inLanguage"": ""en-US"", ""@id"": ""https://events.ubc.ca/#/schema/logo/image/"", ""url"": ""https://events.ubc.ca/wp-content/uploads/2023/11/ubc-logo-2018-crest-blue-rgb72.jpg"", ""contentUrl"": ""https://events.ubc.ca/wp-content/uploads/2023/11/ubc-logo-2018-crest-blue-rgb72.jpg"", ""width"": 99, ""height"": 135, ""caption"": ""UBC events""}, ""image"": {""@id"": ""https://events.ubc.ca/#/schema/logo/image/""}, ""sameAs"": [""https://www.facebook.com/universityofbc/"", ""https://x.com/ubcevents"", ""https://www.youtube.com/user/UBC#g/c/94CEF848B9790AE4""]}]}}",https://events.ubc.ca/tag/restoration/,"{""self"": ""https://events.ubc.ca/wp-json/tribe/events/v1/tags/332"", ""collection"": ""https://events.ubc.ca/wp-json/tribe/events/v1/tags""}"
182,125,,school of music,school-of-music,post_tag,[],"<!-- This site is optimized with the Yoast SEO plugin v28.2 - https://yoast.com/product/yoast-seo-wordpress/ -->
<title>school of music Archives - UBCevents</title>
<meta name=""robots"" content=""index, follow, max-snippet:-1, max-image-preview:large, max-video-preview:-1"" />
<link rel=""canonical"" href=""https://events.ubc.ca/tag/school-of-music/"" />
<meta property=""og:locale"" content=""en_US"" />
<meta property=""og:type"" content=""article"" />
<meta property=""og:title"" content=""school of music Archives - UBCevents"" />
<meta property=""og:url"" content=""https://events.ubc.ca/tag/school-of-music/"" />
<meta property=""og:site_name"" content=""UBCevents"" />
<meta name=""twitter:card"" content=""summary_large_image"" />
<meta name=""twitter:site"" content=""@ubcevents"" />
<script type=""application/ld+json"" class=""yoast-schema-graph"">{""@context"":""https:\/\/schema.org"",""@graph"":[{""@type"":""CollectionPage"",""@id"":""https:\/\/events.ubc.ca\/tag\/school-of-music\/"",""url"":""https:\/\/events.ubc.ca\/tag\/school-of-music\/"",""name"":""school of music Archives - UBCevents"",""isPartOf"":{""@id"":""https:\/\/events.ubc.ca\/#website""},""breadcrumb"":{""@id"":""https:\/\/events.ubc.ca\/tag\/school-of-music\/#breadcrumb""},""inLanguage"":""en-US""},{""@type"":""BreadcrumbList"",""@id"":""https:\/\/events.ubc.ca\/tag\/school-of-music\/#breadcrumb"",""itemListElement"":[{""@type"":""ListItem"",""position"":1,""name"":""Home"",""item"":""https:\/\/events.ubc.ca\/""},{""@type"":""ListItem"",""position"":2,""name"":""school of music""}]},{""@type"":""WebSite"",""@id"":""https:\/\/events.ubc.ca\/#website"",""url"":""https:\/\/events.ubc.ca\/"",""name"":""UBC Events"",""description"":"""",""publisher"":{""@id"":""https:\/\/events.ubc.ca\/#organization""},""potentialAction"":[{""@type"":""SearchAction"",""target"":{""@type"":""EntryPoint"",""urlTemplate"":""https:\/\/events.ubc.ca\/?s={search_term_string}""},""query-input"":{""@type"":""PropertyValueSpecification"",""valueRequired"":true,""valueName"":""search_term_string""}}],""inLanguage"":""en-US""},{""@type"":""Organization"",""@id"":""https:\/\/events.ubc.ca\/#organization"",""name"":""UBC events"",""url"":""https:\/\/events.ubc.ca\/"",""logo"":{""@type"":""ImageObject"",""inLanguage"":""en-US"",""@id"":""https:\/\/events.ubc.ca\/#\/schema\/logo\/image\/"",""url"":""https:\/\/events.ubc.ca\/wp-content\/uploads\/2023\/11\/ubc-logo-2018-crest-blue-rgb72.jpg"",""contentUrl"":""https:\/\/events.ubc.ca\/wp-content\/uploads\/2023\/11\/ubc-logo-2018-crest-blue-rgb72.jpg"",""width"":99,""height"":135,""caption"":""UBC events""},""image"":{""@id"":""https:\/\/events.ubc.ca\/#\/schema\/logo\/image\/""},""sameAs"":[""https:\/\/www.facebook.com\/universityofbc\/"",""https:\/\/x.com\/ubcevents"",""https:\/\/www.youtube.com\/user\/UBC#g\/c\/94CEF848B9790AE4""]}]}</script>
<!-- / Yoast SEO plugin. -->","{""title"": ""school of music Archives - UBCevents"", ""robots"": {""index"": ""index"", ""follow"": ""follow"", ""max-snippet"": ""max-snippet:-1"", ""max-image-preview"": ""max-image-preview:large"", ""max-video-preview"": ""max-video-preview:-1""}, ""canonical"": ""https://events.ubc.ca/tag/school-of-music/"", ""og_locale"": ""en_US"", ""og_type"": ""article"", ""og_title"": ""school of music Archives - UBCevents"", ""og_url"": ""https://events.ubc.ca/tag/school-of-music/"", ""og_site_name"": ""UBCevents"", ""twitter_card"": ""summary_large_image"", ""twitter_site"": ""@ubcevents"", ""schema"": {""@context"": ""https://schema.org"", ""@graph"": [{""@type"": ""CollectionPage"", ""@id"": ""https://events.ubc.ca/tag/school-of-music/"", ""url"": ""https://events.ubc.ca/tag/school-of-music/"", ""name"": ""school of music Archives - UBCevents"", ""isPartOf"": {""@id"": ""https://events.ubc.ca/#website""}, ""breadcrumb"": {""@id"": ""https://events.ubc.ca/tag/school-of-music/#breadcrumb""}, ""inLanguage"": ""en-US""}, {""@type"": ""BreadcrumbList"", ""@id"": ""https://events.ubc.ca/tag/school-of-music/#breadcrumb"", ""itemListElement"": [{""@type"": ""ListItem"", ""position"": 1, ""name"": ""Home"", ""item"": ""https://events.ubc.ca/""}, {""@type"": ""ListItem"", ""position"": 2, ""name"": ""school of music""}]}, {""@type"": ""WebSite"", ""@id"": ""https://events.ubc.ca/#website"", ""url"": ""https://events.ubc.ca/"", ""name"": ""UBC Events"", ""description"": """", ""publisher"": {""@id"": ""https://events.ubc.ca/#organization""}, ""potentialAction"": [{""@type"": ""SearchAction"", ""target"": {""@type"": ""EntryPoint"", ""urlTemplate"": ""https://events.ubc.ca/?s={search_term_string}""}, ""query-input"": {""@type"": ""PropertyValueSpecification"", ""valueRequired"": true, ""valueName"": ""search_term_string""}}], ""inLanguage"": ""en-US""}, {""@type"": ""Organization"", ""@id"": ""https://events.ubc.ca/#organization"", ""name"": ""UBC events"", ""url"": ""https://events.ubc.ca/"", ""logo"": {""@type"": ""ImageObject"", ""inLanguage"": ""en-US"", ""@id"": ""https://events.ubc.ca/#/schema/logo/image/"", ""url"": ""https://events.ubc.ca/wp-content/uploads/2023/11/ubc-logo-2018-crest-blue-rgb72.jpg"", ""contentUrl"": ""https://events.ubc.ca/wp-content/uploads/2023/11/ubc-logo-2018-crest-blue-rgb72.jpg"", ""width"": 99, ""height"": 135, ""caption"": ""UBC events""}, ""image"": {""@id"": ""https://events.ubc.ca/#/schema/logo/image/""}, ""sameAs"": [""https://www.facebook.com/universityofbc/"", ""https://x.com/ubcevents"", ""https://www.youtube.com/user/UBC#g/c/94CEF848B9790AE4""]}]}}",https://events.ubc.ca/tag/school-of-music/,"{""self"": ""https://events.ubc.ca/wp-json/tribe/events/v1/tags/182"", ""collection"": ""https://events.ubc.ca/wp-json/tribe/events/v1/tags""}"
328,37,,social justice,social-justice,post_tag,[],"<!-- This site is optimized with the Yoast SEO plugin v28.2 - https://yoast.com/product/yoast-seo-wordpress/ -->
<title>social justice Archives - UBCevents</title>
<meta name=""robots"" content=""index, follow, max-snippet:-1, max-image-preview:large, max-video-preview:-1"" />
<link rel=""canonical"" href=""https://events.ubc.ca/tag/social-justice/"" />
<meta property=""og:locale"" content=""en_US"" />
<meta property=""og:type"" content=""article"" />
<meta property=""og:title"" content=""social justice Archives - UBCevents"" />
<meta property=""og:url"" content=""https://events.ubc.ca/tag/social-justice/"" />
<meta property=""og:site_name"" content=""UBCevents"" />
<meta name=""twitter:card"" content=""summary_large_image"" />
<meta name=""twitter:site"" content=""@ubcevents"" />
<script type=""application/ld+json"" class=""yoast-schema-graph"">{""@context"":""https:\/\/schema.org"",""@graph"":[{""@type"":""CollectionPage"",""@id"":""https:\/\/events.ubc.ca\/tag\/social-justice\/"",""url"":""https:\/\/events.ubc.ca\/tag\/social-justice\/"",""name"":""social justice Archives - UBCevents"",""isPartOf"":{""@id"":""https:\/\/events.ubc.ca\/#website""},""breadcrumb"":{""@id"":""https:\/\/events.ubc.ca\/tag\/social-justice\/#breadcrumb""},""inLanguage"":""en-US""},{""@type"":""BreadcrumbList"",""@id"":""https:\/\/events.ubc.ca\/tag\/social-justice\/#breadcrumb"",""itemListElement"":[{""@type"":""ListItem"",""position"":1,""name"":""Home"",""item"":""https:\/\/events.ubc.ca\/""},{""@type"":""ListItem"",""position"":2,""name"":""social justice""}]},{""@type"":""WebSite"",""@id"":""https:\/\/events.ubc.ca\/#website"",""url"":""https:\/\/events.ubc.ca\/"",""name"":""UBC Events"",""description"":"""",""publisher"":{""@id"":""https:\/\/events.ubc.ca\/#organization""},""potentialAction"":[{""@type"":""SearchAction"",""target"":{""@type"":""EntryPoint"",""urlTemplate"":""https:\/\/events.ubc.ca\/?s={search_term_string}""},""query-input"":{""@type"":""PropertyValueSpecification"",""valueRequired"":true,""valueName"":""search_term_string""}}],""inLanguage"":""en-US""},{""@type"":""Organization"",""@id"":""https:\/\/events.ubc.ca\/#organization"",""name"":""UBC events"",""url"":""https:\/\/events.ubc.ca\/"",""logo"":{""@type"":""ImageObject"",""inLanguage"":""en-US"",""@id"":""https:\/\/events.ubc.ca\/#\/schema\/logo\/image\/"",""url"":""https:\/\/events.ubc.ca\/wp-content\/uploads\/2023\/11\/ubc-logo-2018-crest-blue-rgb72.jpg"",""contentUrl"":""https:\/\/events.ubc.ca\/wp-content\/uploads\/2023\/11\/ubc-logo-2018-crest-blue-rgb72.jpg"",""width"":99,""height"":135,""caption"":""UBC events""},""image"":{""@id"":""https:\/\/events.ubc.ca\/#\/schema\/logo\/image\/""},""sameAs"":[""https:\/\/www.facebook.com\/universityofbc\/"",""https:\/\/x.com\/ubcevents"",""https:\/\/www.youtube.com\/user\/UBC#g\/c\/94CEF848B9790AE4""]}]}</script>
<!-- / Yoast SEO plugin. -->","{""title"": ""social justice Archives - UBCevents"", ""robots"": {""index"": ""index"", ""follow"": ""follow"", ""max-snippet"": ""max-snippet:-1"", ""max-image-preview"": ""max-image-preview:large"", ""max-video-preview"": ""max-video-preview:-1""}, ""canonical"": ""https://events.ubc.ca/tag/social-justice/"", ""og_locale"": ""en_US"", ""og_type"": ""article"", ""og_title"": ""social justice Archives - UBCevents"", ""og_url"": ""https://events.ubc.ca/tag/social-justice/"", ""og_site_name"": ""UBCevents"", ""twitter_card"": ""summary_large_image"", ""twitter_site"": ""@ubcevents"", ""schema"": {""@context"": ""https://schema.org"", ""@graph"": [{""@type"": ""CollectionPage"", ""@id"": ""https://events.ubc.ca/tag/social-justice/"", ""url"": ""https://events.ubc.ca/tag/social-justice/"", ""name"": ""social justice Archives - UBCevents"", ""isPartOf"": {""@id"": ""https://events.ubc.ca/#website""}, ""breadcrumb"": {""@id"": ""https://events.ubc.ca/tag/social-justice/#breadcrumb""}, ""inLanguage"": ""en-US""}, {""@type"": ""BreadcrumbList"", ""@id"": ""https://events.ubc.ca/tag/social-justice/#breadcrumb"", ""itemListElement"": [{""@type"": ""ListItem"", ""position"": 1, ""name"": ""Home"", ""item"": ""https://events.ubc.ca/""}, {""@type"": ""ListItem"", ""position"": 2, ""name"": ""social justice""}]}, {""@type"": ""WebSite"", ""@id"": ""https://events.ubc.ca/#website"", ""url"": ""https://events.ubc.ca/"", ""name"": ""UBC Events"", ""description"": """", ""publisher"": {""@id"": ""https://events.ubc.ca/#organization""}, ""potentialAction"": [{""@type"": ""SearchAction"", ""target"": {""@type"": ""EntryPoint"", ""urlTemplate"": ""https://events.ubc.ca/?s={search_term_string}""}, ""query-input"": {""@type"": ""PropertyValueSpecification"", ""valueRequired"": true, ""valueName"": ""search_term_string""}}], ""inLanguage"": ""en-US""}, {""@type"": ""Organization"", ""@id"": ""https://events.ubc.ca/#organization"", ""name"": ""UBC events"", ""url"": ""https://events.ubc.ca/"", ""logo"": {""@type"": ""ImageObject"", ""inLanguage"": ""en-US"", ""@id"": ""https://events.ubc.ca/#/schema/logo/image/"", ""url"": ""https://events.ubc.ca/wp-content/uploads/2023/11/ubc-logo-2018-crest-blue-rgb72.jpg"", ""contentUrl"": ""https://events.ubc.ca/wp-content/uploads/2023/11/ubc-logo-2018-crest-blue-rgb72.jpg"", ""width"": 99, ""height"": 135, ""caption"": ""UBC events""}, ""image"": {""@id"": ""https://events.ubc.ca/#/schema/logo/image/""}, ""sameAs"": [""https://www.facebook.com/universityofbc/"", ""https://x.com/ubcevents"", ""https://www.youtube.com/user/UBC#g/c/94CEF848B9790AE4""]}]}}",https://events.ubc.ca/tag/social-justice/,"{""self"": ""https://events.ubc.ca/wp-json/tribe/events/v1/tags/328"", ""collection"": ""https://events.ubc.ca/wp-json/tribe/events/v1/tags""}"
375,2,,student nutrition,student-nutrition,post_tag,[],"<!-- This site is optimized with the Yoast SEO plugin v28.2 - https://yoast.com/product/yoast-seo-wordpress/ -->
<title>student nutrition Archives - UBCevents</title>
<meta name=""robots"" content=""index, follow, max-snippet:-1, max-image-preview:large, max-video-preview:-1"" />
<link rel=""canonical"" href=""https://events.ubc.ca/tag/student-nutrition/"" />
<meta property=""og:locale"" content=""en_US"" />
<meta property=""og:type"" content=""article"" />
<meta property=""og:title"" content=""student nutrition Archives - UBCevents"" />
<meta property=""og:url"" content=""https://events.ubc.ca/tag/student-nutrition/"" />
<meta property=""og:site_name"" content=""UBCevents"" />
<meta name=""twitter:card"" content=""summary_large_image"" />
<meta name=""twitter:site"" content=""@ubcevents"" />
<script type=""application/ld+json"" class=""yoast-schema-graph"">{""@context"":""https:\/\/schema.org"",""@graph"":[{""@type"":""CollectionPage"",""@id"":""https:\/\/events.ubc.ca\/tag\/student-nutrition\/"",""url"":""https:\/\/events.ubc.ca\/tag\/student-nutrition\/"",""name"":""student nutrition Archives - UBCevents"",""isPartOf"":{""@id"":""https:\/\/events.ubc.ca\/#website""},""breadcrumb"":{""@id"":""https:\/\/events.ubc.ca\/tag\/student-nutrition\/#breadcrumb""},""inLanguage"":""en-US""},{""@type"":""BreadcrumbList"",""@id"":""https:\/\/events.ubc.ca\/tag\/student-nutrition\/#breadcrumb"",""itemListElement"":[{""@type"":""ListItem"",""position"":1,""name"":""Home"",""item"":""https:\/\/events.ubc.ca\/""},{""@type"":""ListItem"",""position"":2,""name"":""student nutrition""}]},{""@type"":""WebSite"",""@id"":""https:\/\/events.ubc.ca\/#website"",""url"":""https:\/\/events.ubc.ca\/"",""name"":""UBC Events"",""description"":"""",""publisher"":{""@id"":""https:\/\/events.ubc.ca\/#organization""},""potentialAction"":[{""@type"":""SearchAction"",""target"":{""@type"":""EntryPoint"",""urlTemplate"":""https:\/\/events.ubc.ca\/?s={search_term_string}""},""query-input"":{""@type"":""PropertyValueSpecification"",""valueRequired"":true,""valueName"":""search_term_string""}}],""inLanguage"":""en-US""},{""@type"":""Organization"",""@id"":""https:\/\/events.ubc.ca\/#organization"",""name"":""UBC events"",""url"":""https:\/\/events.ubc.ca\/"",""logo"":{""@type"":""ImageObject"",""inLanguage"":""en-US"",""@id"":""https:\/\/events.ubc.ca\/#\/schema\/logo\/image\/"",""url"":""https:\/\/events.ubc.ca\/wp-content\/uploads\/2023\/11\/ubc-logo-2018-crest-blue-rgb72.jpg"",""contentUrl"":""https:\/\/events.ubc.ca\/wp-content\/uploads\/2023\/11\/ubc-logo-2018-crest-blue-rgb72.jpg"",""width"":99,""height"":135,""caption"":""UBC events""},""image"":{""@id"":""https:\/\/events.ubc.ca\/#\/schema\/logo\/image\/""},""sameAs"":[""https:\/\/www.facebook.com\/universityofbc\/"",""https:\/\/x.com\/ubcevents"",""https:\/\/www.youtube.com\/user\/UBC#g\/c\/94CEF848B9790AE4""]}]}</script>
<!-- / Yoast SEO plugin. -->","{""title"": ""student nutrition Archives - UBCevents"", ""robots"": {""index"": ""index"", ""follow"": ""follow"", ""max-snippet"": ""max-snippet:-1"", ""max-image-preview"": ""max-image-preview:large"", ""max-video-preview"": ""max-video-preview:-1""}, ""canonical"": ""https://events.ubc.ca/tag/student-nutrition/"", ""og_locale"": ""en_US"", ""og_type"": ""article"", ""og_title"": ""student nutrition Archives - UBCevents"", ""og_url"": ""https://events.ubc.ca/tag/student-nutrition/"", ""og_site_name"": ""UBCevents"", ""twitter_card"": ""summary_large_image"", ""twitter_site"": ""@ubcevents"", ""schema"": {""@context"": ""https://schema.org"", ""@graph"": [{""@type"": ""CollectionPage"", ""@id"": ""https://events.ubc.ca/tag/student-nutrition/"", ""url"": ""https://events.ubc.ca/tag/student-nutrition/"", ""name"": ""student nutrition Archives - UBCevents"", ""isPartOf"": {""@id"": ""https://events.ubc.ca/#website""}, ""breadcrumb"": {""@id"": ""https://events.ubc.ca/tag/student-nutrition/#breadcrumb""}, ""inLanguage"": ""en-US""}, {""@type"": ""BreadcrumbList"", ""@id"": ""https://events.ubc.ca/tag/student-nutrition/#breadcrumb"", ""itemListElement"": [{""@type"": ""ListItem"", ""position"": 1, ""name"": ""Home"", ""item"": ""https://events.ubc.ca/""}, {""@type"": ""ListItem"", ""position"": 2, ""name"": ""student nutrition""}]}, {""@type"": ""WebSite"", ""@id"": ""https://events.ubc.ca/#website"", ""url"": ""https://events.ubc.ca/"", ""name"": ""UBC Events"", ""description"": """", ""publisher"": {""@id"": ""https://events.ubc.ca/#organization""}, ""potentialAction"": [{""@type"": ""SearchAction"", ""target"": {""@type"": ""EntryPoint"", ""urlTemplate"": ""https://events.ubc.ca/?s={search_term_string}""}, ""query-input"": {""@type"": ""PropertyValueSpecification"", ""valueRequired"": true, ""valueName"": ""search_term_string""}}], ""inLanguage"": ""en-US""}, {""@type"": ""Organization"", ""@id"": ""https://events.ubc.ca/#organization"", ""name"": ""UBC events"", ""url"": ""https://events.ubc.ca/"", ""logo"": {""@type"": ""ImageObject"", ""inLanguage"": ""en-US"", ""@id"": ""https://events.ubc.ca/#/schema/logo/image/"", ""url"": ""https://events.ubc.ca/wp-content/uploads/2023/11/ubc-logo-2018-crest-blue-rgb72.jpg"", ""contentUrl"": ""https://events.ubc.ca/wp-content/uploads/2023/11/ubc-logo-2018-crest-blue-rgb72.jpg"", ""width"": 99, ""height"": 135, ""caption"": ""UBC events""}, ""image"": {""@id"": ""https://events.ubc.ca/#/schema/logo/image/""}, ""sameAs"": [""https://www.facebook.com/universityofbc/"", ""https://x.com/ubcevents"", ""https://www.youtube.com/user/UBC#g/c/94CEF848B9790AE4""]}]}}",https://events.ubc.ca/tag/student-nutrition/,"{""self"": ""https://events.ubc.ca/wp-json/tribe/events/v1/tags/375"", ""collection"": ""https://events.ubc.ca/wp-json/tribe/events/v1/tags""}"
337,37,,undergraduate,undergraduate,post_tag,[],"<!-- This site is optimized with the Yoast SEO plugin v28.2 - https://yoast.com/product/yoast-seo-wordpress/ -->
<title>undergraduate Archives - UBCevents</title>
<meta name=""robots"" content=""index, follow, max-snippet:-1, max-image-preview:large, max-video-preview:-1"" />
<link rel=""canonical"" href=""https://events.ubc.ca/tag/undergraduate/"" />
<meta property=""og:locale"" content=""en_US"" />
<meta property=""og:type"" content=""article"" />
<meta property=""og:title"" content=""undergraduate Archives - UBCevents"" />
<meta property=""og:url"" content=""https://events.ubc.ca/tag/undergraduate/"" />
<meta property=""og:site_name"" content=""UBCevents"" />
<meta name=""twitter:card"" content=""summary_large_image"" />
<meta name=""twitter:site"" content=""@ubcevents"" />
<script type=""application/ld+json"" class=""yoast-schema-graph"">{""@context"":""https:\/\/schema.org"",""@graph"":[{""@type"":""CollectionPage"",""@id"":""https:\/\/events.ubc.ca\/tag\/undergraduate\/"",""url"":""https:\/\/events.ubc.ca\/tag\/undergraduate\/"",""name"":""undergraduate Archives - UBCevents"",""isPartOf"":{""@id"":""https:\/\/events.ubc.ca\/#website""},""breadcrumb"":{""@id"":""https:\/\/events.ubc.ca\/tag\/undergraduate\/#breadcrumb""},""inLanguage"":""en-US""},{""@type"":""BreadcrumbList"",""@id"":""https:\/\/events.ubc.ca\/tag\/undergraduate\/#breadcrumb"",""itemListElement"":[{""@type"":""ListItem"",""position"":1,""name"":""Home"",""item"":""https:\/\/events.ubc.ca\/""},{""@type"":""ListItem"",""position"":2,""name"":""undergraduate""}]},{""@type"":""WebSite"",""@id"":""https:\/\/events.ubc.ca\/#website"",""url"":""https:\/\/events.ubc.ca\/"",""name"":""UBC Events"",""description"":"""",""publisher"":{""@id"":""https:\/\/events.ubc.ca\/#organization""},""potentialAction"":[{""@type"":""SearchAction"",""target"":{""@type"":""EntryPoint"",""urlTemplate"":""https:\/\/events.ubc.ca\/?s={search_term_string}""},""query-input"":{""@type"":""PropertyValueSpecification"",""valueRequired"":true,""valueName"":""search_term_string""}}],""inLanguage"":""en-US""},{""@type"":""Organization"",""@id"":""https:\/\/events.ubc.ca\/#organization"",""name"":""UBC events"",""url"":""https:\/\/events.ubc.ca\/"",""logo"":{""@type"":""ImageObject"",""inLanguage"":""en-US"",""@id"":""https:\/\/events.ubc.ca\/#\/schema\/logo\/image\/"",""url"":""https:\/\/events.ubc.ca\/wp-content\/uploads\/2023\/11\/ubc-logo-2018-crest-blue-rgb72.jpg"",""contentUrl"":""https:\/\/events.ubc.ca\/wp-content\/uploads\/2023\/11\/ubc-logo-2018-crest-blue-rgb72.jpg"",""width"":99,""height"":135,""caption"":""UBC events""},""image"":{""@id"":""https:\/\/events.ubc.ca\/#\/schema\/logo\/image\/""},""sameAs"":[""https:\/\/www.facebook.com\/universityofbc\/"",""https:\/\/x.com\/ubcevents"",""https:\/\/www.youtube.com\/user\/UBC#g\/c\/94CEF848B9790AE4""]}]}</script>
<!-- / Yoast SEO plugin. -->","{""title"": ""undergraduate Archives - UBCevents"", ""robots"": {""index"": ""index"", ""follow"": ""follow"", ""max-snippet"": ""max-snippet:-1"", ""max-image-preview"": ""max-image-preview:large"", ""max-video-preview"": ""max-video-preview:-1""}, ""canonical"": ""https://events.ubc.ca/tag/undergraduate/"", ""og_locale"": ""en_US"", ""og_type"": ""article"", ""og_title"": ""undergraduate Archives - UBCevents"", ""og_url"": ""https://events.ubc.ca/tag/undergraduate/"", ""og_site_name"": ""UBCevents"", ""twitter_card"": ""summary_large_image"", ""twitter_site"": ""@ubcevents"", ""schema"": {""@context"": ""https://schema.org"", ""@graph"": [{""@type"": ""CollectionPage"", ""@id"": ""https://events.ubc.ca/tag/undergraduate/"", ""url"": ""https://events.ubc.ca/tag/undergraduate/"", ""name"": ""undergraduate Archives - UBCevents"", ""isPartOf"": {""@id"": ""https://events.ubc.ca/#website""}, ""breadcrumb"": {""@id"": ""https://events.ubc.ca/tag/undergraduate/#breadcrumb""}, ""inLanguage"": ""en-US""}, {""@type"": ""BreadcrumbList"", ""@id"": ""https://events.ubc.ca/tag/undergraduate/#breadcrumb"", ""itemListElement"": [{""@type"": ""ListItem"", ""position"": 1, ""name"": ""Home"", ""item"": ""https://events.ubc.ca/""}, {""@type"": ""ListItem"", ""position"": 2, ""name"": ""undergraduate""}]}, {""@type"": ""WebSite"", ""@id"": ""https://events.ubc.ca/#website"", ""url"": ""https://events.ubc.ca/"", ""name"": ""UBC Events"", ""description"": """", ""publisher"": {""@id"": ""https://events.ubc.ca/#organization""}, ""potentialAction"": [{""@type"": ""SearchAction"", ""target"": {""@type"": ""EntryPoint"", ""urlTemplate"": ""https://events.ubc.ca/?s={search_term_string}""}, ""query-input"": {""@type"": ""PropertyValueSpecification"", ""valueRequired"": true, ""valueName"": ""search_term_string""}}], ""inLanguage"": ""en-US""}, {""@type"": ""Organization"", ""@id"": ""https://events.ubc.ca/#organization"", ""name"": ""UBC events"", ""url"": ""https://events.ubc.ca/"", ""logo"": {""@type"": ""ImageObject"", ""inLanguage"": ""en-US"", ""@id"": ""https://events.ubc.ca/#/schema/logo/image/"", ""url"": ""https://events.ubc.ca/wp-content/uploads/2023/11/ubc-logo-2018-crest-blue-rgb72.jpg"", ""contentUrl"": ""https://events.ubc.ca/wp-content/uploads/2023/11/ubc-logo-2018-crest-blue-rgb72.jpg"", ""width"": 99, ""height"": 135, ""caption"": ""UBC events""}, ""image"": {""@id"": ""https://events.ubc.ca/#/schema/logo/image/""}, ""sameAs"": [""https://www.facebook.com/universityofbc/"", ""https://x.com/ubcevents"", ""https://www.youtube.com/user/UBC#g/c/94CEF848B9790AE4""]}]}}",https://events.ubc.ca/tag/undergraduate/,"{""self"": ""https://events.ubc.ca/wp-json/tribe/events/v1/tags/337"", ""collection"": ""https://events.ubc.ca/wp-json/tribe/events/v1/tags""}"
187,3,,Vancouver election,vancouver-election,post_tag,[],"<!-- This site is optimized with the Yoast SEO plugin v28.2 - https://yoast.com/product/yoast-seo-wordpress/ -->
<title>Vancouver election Archives - UBCevents</title>
<meta name=""robots"" content=""index, follow, max-snippet:-1, max-image-preview:large, max-video-preview:-1"" />
<link rel=""canonical"" href=""https://events.ubc.ca/tag/vancouver-election/"" />
<meta property=""og:locale"" content=""en_US"" />
<meta property=""og:type"" content=""article"" />
<meta property=""og:title"" content=""Vancouver election Archives - UBCevents"" />
<meta property=""og:url"" content=""https://events.ubc.ca/tag/vancouver-election/"" />
<meta property=""og:site_name"" content=""UBCevents"" />
<meta name=""twitter:card"" content=""summary_large_image"" />
<meta name=""twitter:site"" content=""@ubcevents"" />
<script type=""application/ld+json"" class=""yoast-schema-graph"">{""@context"":""https:\/\/schema.org"",""@graph"":[{""@type"":""CollectionPage"",""@id"":""https:\/\/events.ubc.ca\/tag\/vancouver-election\/"",""url"":""https:\/\/events.ubc.ca\/tag\/vancouver-election\/"",""name"":""Vancouver election Archives - UBCevents"",""isPartOf"":{""@id"":""https:\/\/events.ubc.ca\/#website""},""breadcrumb"":{""@id"":""https:\/\/events.ubc.ca\/tag\/vancouver-election\/#breadcrumb""},""inLanguage"":""en-US""},{""@type"":""BreadcrumbList"",""@id"":""https:\/\/events.ubc.ca\/tag\/vancouver-election\/#breadcrumb"",""itemListElement"":[{""@type"":""ListItem"",""position"":1,""name"":""Home"",""item"":""https:\/\/events.ubc.ca\/""},{""@type"":""ListItem"",""position"":2,""name"":""Vancouver election""}]},{""@type"":""WebSite"",""@id"":""https:\/\/events.ubc.ca\/#website"",""url"":""https:\/\/events.ubc.ca\/"",""name"":""UBC Events"",""description"":"""",""publisher"":{""@id"":""https:\/\/events.ubc.ca\/#organization""},""potentialAction"":[{""@type"":""SearchAction"",""target"":{""@type"":""EntryPoint"",""urlTemplate"":""https:\/\/events.ubc.ca\/?s={search_term_string}""},""query-input"":{""@type"":""PropertyValueSpecification"",""valueRequired"":true,""valueName"":""search_term_string""}}],""inLanguage"":""en-US""},{""@type"":""Organization"",""@id"":""https:\/\/events.ubc.ca\/#organization"",""name"":""UBC events"",""url"":""https:\/\/events.ubc.ca\/"",""logo"":{""@type"":""ImageObject"",""inLanguage"":""en-US"",""@id"":""https:\/\/events.ubc.ca\/#\/schema\/logo\/image\/"",""url"":""https:\/\/events.ubc.ca\/wp-content\/uploads\/2023\/11\/ubc-logo-2018-crest-blue-rgb72.jpg"",""contentUrl"":""https:\/\/events.ubc.ca\/wp-content\/uploads\/2023\/11\/ubc-logo-2018-crest-blue-rgb72.jpg"",""width"":99,""height"":135,""caption"":""UBC events""},""image"":{""@id"":""https:\/\/events.ubc.ca\/#\/schema\/logo\/image\/""},""sameAs"":[""https:\/\/www.facebook.com\/universityofbc\/"",""https:\/\/x.com\/ubcevents"",""https:\/\/www.youtube.com\/user\/UBC#g\/c\/94CEF848B9790AE4""]}]}</script>
<!-- / Yoast SEO plugin. -->","{""title"": ""Vancouver election Archives - UBCevents"", ""robots"": {""index"": ""index"", ""follow"": ""follow"", ""max-snippet"": ""max-snippet:-1"", ""max-image-preview"": ""max-image-preview:large"", ""max-video-preview"": ""max-video-preview:-1""}, ""canonical"": ""https://events.ubc.ca/tag/vancouver-election/"", ""og_locale"": ""en_US"", ""og_type"": ""article"", ""og_title"": ""Vancouver election Archives - UBCevents"", ""og_url"": ""https://events.ubc.ca/tag/vancouver-election/"", ""og_site_name"": ""UBCevents"", ""twitter_card"": ""summary_large_image"", ""twitter_site"": ""@ubcevents"", ""schema"": {""@context"": ""https://schema.org"", ""@graph"": [{""@type"": ""CollectionPage"", ""@id"": ""https://events.ubc.ca/tag/vancouver-election/"", ""url"": ""https://events.ubc.ca/tag/vancouver-election/"", ""name"": ""Vancouver election Archives - UBCevents"", ""isPartOf"": {""@id"": ""https://events.ubc.ca/#website""}, ""breadcrumb"": {""@id"": ""https://events.ubc.ca/tag/vancouver-election/#breadcrumb""}, ""inLanguage"": ""en-US""}, {""@type"": ""BreadcrumbList"", ""@id"": ""https://events.ubc.ca/tag/vancouver-election/#breadcrumb"", ""itemListElement"": [{""@type"": ""ListItem"", ""position"": 1, ""name"": ""Home"", ""item"": ""https://events.ubc.ca/""}, {""@type"": ""ListItem"", ""position"": 2, ""name"": ""Vancouver election""}]}, {""@type"": ""WebSite"", ""@id"": ""https://events.ubc.ca/#website"", ""url"": ""https://events.ubc.ca/"", ""name"": ""UBC Events"", ""description"": """", ""publisher"": {""@id"": ""https://events.ubc.ca/#organization""}, ""potentialAction"": [{""@type"": ""SearchAction"", ""target"": {""@type"": ""EntryPoint"", ""urlTemplate"": ""https://events.ubc.ca/?s={search_term_string}""}, ""query-input"": {""@type"": ""PropertyValueSpecification"", ""valueRequired"": true, ""valueName"": ""search_term_string""}}], ""inLanguage"": ""en-US""}, {""@type"": ""Organization"", ""@id"": ""https://events.ubc.ca/#organization"", ""name"": ""UBC events"", ""url"": ""https://events.ubc.ca/"", ""logo"": {""@type"": ""ImageObject"", ""inLanguage"": ""en-US"", ""@id"": ""https://events.ubc.ca/#/schema/logo/image/"", ""url"": ""https://events.ubc.ca/wp-content/uploads/2023/11/ubc-logo-2018-crest-blue-rgb72.jpg"", ""contentUrl"": ""https://events.ubc.ca/wp-content/uploads/2023/11/ubc-logo-2018-crest-blue-rgb72.jpg"", ""width"": 99, ""height"": 135, ""caption"": ""UBC events""}, ""image"": {""@id"": ""https://events.ubc.ca/#/schema/logo/image/""}, ""sameAs"": [""https://www.facebook.com/universityofbc/"", ""https://x.com/ubcevents"", ""https://www.youtube.com/user/UBC#g/c/94CEF848B9790AE4""]}]}}",https://events.ubc.ca/tag/vancouver-election/,"{""self"": ""https://events.ubc.ca/wp-json/tribe/events/v1/tags/187"", ""collection"": ""https://events.ubc.ca/wp-json/tribe/events/v1/tags""}"
353,67,,wellness,wellness,post_tag,[],"<!-- This site is optimized with the Yoast SEO plugin v28.2 - https://yoast.com/product/yoast-seo-wordpress/ -->
<title>wellness Archives - UBCevents</title>
<meta name=""robots"" content=""index, follow, max-snippet:-1, max-image-preview:large, max-video-preview:-1"" />
<link rel=""canonical"" href=""https://events.ubc.ca/tag/wellness/"" />
<meta property=""og:locale"" content=""en_US"" />
<meta property=""og:type"" content=""article"" />
<meta property=""og:title"" content=""wellness Archives - UBCevents"" />
<meta property=""og:url"" content=""https://events.ubc.ca/tag/wellness/"" />
<meta property=""og:site_name"" content=""UBCevents"" />
<meta name=""twitter:card"" content=""summary_large_image"" />
<meta name=""twitter:site"" content=""@ubcevents"" />
<script type=""application/ld+json"" class=""yoast-schema-graph"">{""@context"":""https:\/\/schema.org"",""@graph"":[{""@type"":""CollectionPage"",""@id"":""https:\/\/events.ubc.ca\/tag\/wellness\/"",""url"":""https:\/\/events.ubc.ca\/tag\/wellness\/"",""name"":""wellness Archives - UBCevents"",""isPartOf"":{""@id"":""https:\/\/events.ubc.ca\/#website""},""breadcrumb"":{""@id"":""https:\/\/events.ubc.ca\/tag\/wellness\/#breadcrumb""},""inLanguage"":""en-US""},{""@type"":""BreadcrumbList"",""@id"":""https:\/\/events.ubc.ca\/tag\/wellness\/#breadcrumb"",""itemListElement"":[{""@type"":""ListItem"",""position"":1,""name"":""Home"",""item"":""https:\/\/events.ubc.ca\/""},{""@type"":""ListItem"",""position"":2,""name"":""wellness""}]},{""@type"":""WebSite"",""@id"":""https:\/\/events.ubc.ca\/#website"",""url"":""https:\/\/events.ubc.ca\/"",""name"":""UBC Events"",""description"":"""",""publisher"":{""@id"":""https:\/\/events.ubc.ca\/#organization""},""potentialAction"":[{""@type"":""SearchAction"",""target"":{""@type"":""EntryPoint"",""urlTemplate"":""https:\/\/events.ubc.ca\/?s={search_term_string}""},""query-input"":{""@type"":""PropertyValueSpecification"",""valueRequired"":true,""valueName"":""search_term_string""}}],""inLanguage"":""en-US""},{""@type"":""Organization"",""@id"":""https:\/\/events.ubc.ca\/#organization"",""name"":""UBC events"",""url"":""https:\/\/events.ubc.ca\/"",""logo"":{""@type"":""ImageObject"",""inLanguage"":""en-US"",""@id"":""https:\/\/events.ubc.ca\/#\/schema\/logo\/image\/"",""url"":""https:\/\/events.ubc.ca\/wp-content\/uploads\/2023\/11\/ubc-logo-2018-crest-blue-rgb72.jpg"",""contentUrl"":""https:\/\/events.ubc.ca\/wp-content\/uploads\/2023\/11\/ubc-logo-2018-crest-blue-rgb72.jpg"",""width"":99,""height"":135,""caption"":""UBC events""},""image"":{""@id"":""https:\/\/events.ubc.ca\/#\/schema\/logo\/image\/""},""sameAs"":[""https:\/\/www.facebook.com\/universityofbc\/"",""https:\/\/x.com\/ubcevents"",""https:\/\/www.youtube.com\/user\/UBC#g\/c\/94CEF848B9790AE4""]}]}</script>
<!-- / Yoast SEO plugin. -->","{""title"": ""wellness Archives - UBCevents"", ""robots"": {""index"": ""index"", ""follow"": ""follow"", ""max-snippet"": ""max-snippet:-1"", ""max-image-preview"": ""max-image-preview:large"", ""max-video-preview"": ""max-video-preview:-1""}, ""canonical"": ""https://events.ubc.ca/tag/wellness/"", ""og_locale"": ""en_US"", ""og_type"": ""article"", ""og_title"": ""wellness Archives - UBCevents"", ""og_url"": ""https://events.ubc.ca/tag/wellness/"", ""og_site_name"": ""UBCevents"", ""twitter_card"": ""summary_large_image"", ""twitter_site"": ""@ubcevents"", ""schema"": {""@context"": ""https://schema.org"", ""@graph"": [{""@type"": ""CollectionPage"", ""@id"": ""https://events.ubc.ca/tag/wellness/"", ""url"": ""https://events.ubc.ca/tag/wellness/"", ""name"": ""wellness Archives - UBCevents"", ""isPartOf"": {""@id"": ""https://events.ubc.ca/#website""}, ""breadcrumb"": {""@id"": ""https://events.ubc.ca/tag/wellness/#breadcrumb""}, ""inLanguage"": ""en-US""}, {""@type"": ""BreadcrumbList"", ""@id"": ""https://events.ubc.ca/tag/wellness/#breadcrumb"", ""itemListElement"": [{""@type"": ""ListItem"", ""position"": 1, ""name"": ""Home"", ""item"": ""https://events.ubc.ca/""}, {""@type"": ""ListItem"", ""position"": 2, ""name"": ""wellness""}]}, {""@type"": ""WebSite"", ""@id"": ""https://events.ubc.ca/#website"", ""url"": ""https://events.ubc.ca/"", ""name"": ""UBC Events"", ""description"": """", ""publisher"": {""@id"": ""https://events.ubc.ca/#organization""}, ""potentialAction"": [{""@type"": ""SearchAction"", ""target"": {""@type"": ""EntryPoint"", ""urlTemplate"": ""https://events.ubc.ca/?s={search_term_string}""}, ""query-input"": {""@type"": ""PropertyValueSpecification"", ""valueRequired"": true, ""valueName"": ""search_term_string""}}], ""inLanguage"": ""en-US""}, {""@type"": ""Organization"", ""@id"": ""https://events.ubc.ca/#organization"", ""name"": ""UBC events"", ""url"": ""https://events.ubc.ca/"", ""logo"": {""@type"": ""ImageObject"", ""inLanguage"": ""en-US"", ""@id"": ""https://events.ubc.ca/#/schema/logo/image/"", ""url"": ""https://events.ubc.ca/wp-content/uploads/2023/11/ubc-logo-2018-crest-blue-rgb72.jpg"", ""contentUrl"": ""https://events.ubc.ca/wp-content/uploads/2023/11/ubc-logo-2018-crest-blue-rgb72.jpg"", ""width"": 99, ""height"": 135, ""caption"": ""UBC events""}, ""image"": {""@id"": ""https://events.ubc.ca/#/schema/logo/image/""}, ""sameAs"": [""https://www.facebook.com/universityofbc/"", ""https://x.com/ubcevents"", ""https://www.youtube.com/user/UBC#g/c/94CEF848B9790AE4""]}]}}",https://events.ubc.ca/tag/wellness/,"{""self"": ""https://events.ubc.ca/wp-json/tribe/events/v1/tags/353"", ""collection"": ""https://events.ubc.ca/wp-json/tribe/events/v1/tags""}"
371,10,,Women,women,post_tag,[],"<!-- This site is optimized with the Yoast SEO plugin v28.2 - https://yoast.com/product/yoast-seo-wordpress/ -->
<title>Women Archives - UBCevents</title>
<meta name=""robots"" content=""index, follow, max-snippet:-1, max-image-preview:large, max-video-preview:-1"" />
<link rel=""canonical"" href=""https://events.ubc.ca/tag/women/"" />
<meta property=""og:locale"" content=""en_US"" />
<meta property=""og:type"" content=""article"" />
<meta property=""og:title"" content=""Women Archives - UBCevents"" />
<meta property=""og:url"" content=""https://events.ubc.ca/tag/women/"" />
<meta property=""og:site_name"" content=""UBCevents"" />
<meta name=""twitter:card"" content=""summary_large_image"" />
<meta name=""twitter:site"" content=""@ubcevents"" />
<script type=""application/ld+json"" class=""yoast-schema-graph"">{""@context"":""https:\/\/schema.org"",""@graph"":[{""@type"":""CollectionPage"",""@id"":""https:\/\/events.ubc.ca\/tag\/women\/"",""url"":""https:\/\/events.ubc.ca\/tag\/women\/"",""name"":""Women Archives - UBCevents"",""isPartOf"":{""@id"":""https:\/\/events.ubc.ca\/#website""},""breadcrumb"":{""@id"":""https:\/\/events.ubc.ca\/tag\/women\/#breadcrumb""},""inLanguage"":""en-US""},{""@type"":""BreadcrumbList"",""@id"":""https:\/\/events.ubc.ca\/tag\/women\/#breadcrumb"",""itemListElement"":[{""@type"":""ListItem"",""position"":1,""name"":""Home"",""item"":""https:\/\/events.ubc.ca\/""},{""@type"":""ListItem"",""position"":2,""name"":""Women""}]},{""@type"":""WebSite"",""@id"":""https:\/\/events.ubc.ca\/#website"",""url"":""https:\/\/events.ubc.ca\/"",""name"":""UBC Events"",""description"":"""",""publisher"":{""@id"":""https:\/\/events.ubc.ca\/#organization""},""potentialAction"":[{""@type"":""SearchAction"",""target"":{""@type"":""EntryPoint"",""urlTemplate"":""https:\/\/events.ubc.ca\/?s={search_term_string}""},""query-input"":{""@type"":""PropertyValueSpecification"",""valueRequired"":true,""valueName"":""search_term_string""}}],""inLanguage"":""en-US""},{""@type"":""Organization"",""@id"":""https:\/\/events.ubc.ca\/#organization"",""name"":""UBC events"",""url"":""https:\/\/events.ubc.ca\/"",""logo"":{""@type"":""ImageObject"",""inLanguage"":""en-US"",""@id"":""https:\/\/events.ubc.ca\/#\/schema\/logo\/image\/"",""url"":""https:\/\/events.ubc.ca\/wp-content\/uploads\/2023\/11\/ubc-logo-2018-crest-blue-rgb72.jpg"",""contentUrl"":""https:\/\/events.ubc.ca\/wp-content\/uploads\/2023\/11\/ubc-logo-2018-crest-blue-rgb72.jpg"",""width"":99,""height"":135,""caption"":""UBC events""},""image"":{""@id"":""https:\/\/events.ubc.ca\/#\/schema\/logo\/image\/""},""sameAs"":[""https:\/\/www.facebook.com\/universityofbc\/"",""https:\/\/x.com\/ubcevents"",""https:\/\/www.youtube.com\/user\/UBC#g\/c\/94CEF848B9790AE4""]}]}</script>
<!-- / Yoast SEO plugin. -->","{""title"": ""Women Archives - UBCevents"", ""robots"": {""index"": ""index"", ""follow"": ""follow"", ""max-snippet"": ""max-snippet:-1"", ""max-image-preview"": ""max-image-preview:large"", ""max-video-preview"": ""max-video-preview:-1""}, ""canonical"": ""https://events.ubc.ca/tag/women/"", ""og_locale"": ""en_US"", ""og_type"": ""article"", ""og_title"": ""Women Archives - UBCevents"", ""og_url"": ""https://events.ubc.ca/tag/women/"", ""og_site_name"": ""UBCevents"", ""twitter_card"": ""summary_large_image"", ""twitter_site"": ""@ubcevents"", ""schema"": {""@context"": ""https://schema.org"", ""@graph"": [{""@type"": ""CollectionPage"", ""@id"": ""https://events.ubc.ca/tag/women/"", ""url"": ""https://events.ubc.ca/tag/women/"", ""name"": ""Women Archives - UBCevents"", ""isPartOf"": {""@id"": ""https://events.ubc.ca/#website""}, ""breadcrumb"": {""@id"": ""https://events.ubc.ca/tag/women/#breadcrumb""}, ""inLanguage"": ""en-US""}, {""@type"": ""BreadcrumbList"", ""@id"": ""https://events.ubc.ca/tag/women/#breadcrumb"", ""itemListElement"": [{""@type"": ""ListItem"", ""position"": 1, ""name"": ""Home"", ""item"": ""https://events.ubc.ca/""}, {""@type"": ""ListItem"", ""position"": 2, ""name"": ""Women""}]}, {""@type"": ""WebSite"", ""@id"": ""https://events.ubc.ca/#website"", ""url"": ""https://events.ubc.ca/"", ""name"": ""UBC Events"", ""description"": """", ""publisher"": {""@id"": ""https://events.ubc.ca/#organization""}, ""potentialAction"": [{""@type"": ""SearchAction"", ""target"": {""@type"": ""EntryPoint"", ""urlTemplate"": ""https://events.ubc.ca/?s={search_term_string}""}, ""query-input"": {""@type"": ""PropertyValueSpecification"", ""valueRequired"": true, ""valueName"": ""search_term_string""}}], ""inLanguage"": ""en-US""}, {""@type"": ""Organization"", ""@id"": ""https://events.ubc.ca/#organization"", ""name"": ""UBC events"", ""url"": ""https://events.ubc.ca/"", ""logo"": {""@type"": ""ImageObject"", ""inLanguage"": ""en-US"", ""@id"": ""https://events.ubc.ca/#/schema/logo/image/"", ""url"": ""https://events.ubc.ca/wp-content/uploads/2023/11/ubc-logo-2018-crest-blue-rgb72.jpg"", ""contentUrl"": ""https://events.ubc.ca/wp-content/uploads/2023/11/ubc-logo-2018-crest-blue-rgb72.jpg"", ""width"": 99, ""height"": 135, ""caption"": ""UBC events""}, ""image"": {""@id"": ""https://events.ubc.ca/#/schema/logo/image/""}, ""sameAs"": [""https://www.facebook.com/universityofbc/"", ""https://x.com/ubcevents"", ""https://www.youtube.com/user/UBC#g/c/94CEF848B9790AE4""]}]}}",https://events.ubc.ca/tag/women/,"{""self"": ""https://events.ubc.ca/wp-json/tribe/events/v1/tags/371"", ""collection"": ""https://events.ubc.ca/wp-json/tribe/events/v1/tags""}"
