campus,level,page,url,section,context,table_label,kind,note
vancouver,,Application and Administrative Fees,https://vancouver.calendar.ubc.ca/fees/application-and-administrative-fees,Undergraduate and Post-baccalaureate Programs,"[""Undergraduate Admissions application processing fees (Enrolment Services)""]",Undergraduate Admissions application processing fees (Enrolment Services),divider,Commerce and Business Administration
vancouver,,Application and Administrative Fees,https://vancouver.calendar.ubc.ca/fees/application-and-administrative-fees,Undergraduate and Post-baccalaureate Programs,"[""Undergraduate Admissions application processing fees (Enrolment Services)""]",Undergraduate Admissions application processing fees (Enrolment Services),divider,Dental Hygiene
vancouver,,Application and Administrative Fees,https://vancouver.calendar.ubc.ca/fees/application-and-administrative-fees,Undergraduate and Post-baccalaureate Programs,"[""Undergraduate Admissions application processing fees (Enrolment Services)""]",Undergraduate Admissions application processing fees (Enrolment Services),divider,Dental Medicine
vancouver,,Application and Administrative Fees,https://vancouver.calendar.ubc.ca/fees/application-and-administrative-fees,Undergraduate and Post-baccalaureate Programs,"[""Undergraduate Admissions application processing fees (Enrolment Services)""]",Undergraduate Admissions application processing fees (Enrolment Services),divider,Education
vancouver,,Application and Administrative Fees,https://vancouver.calendar.ubc.ca/fees/application-and-administrative-fees,Undergraduate and Post-baccalaureate Programs,"[""Undergraduate Admissions application processing fees (Enrolment Services)""]",Undergraduate Admissions application processing fees (Enrolment Services),divider,Land and Food Systems
vancouver,,Application and Administrative Fees,https://vancouver.calendar.ubc.ca/fees/application-and-administrative-fees,Undergraduate and Post-baccalaureate Programs,"[""Undergraduate Admissions application processing fees (Enrolment Services)""]",Undergraduate Admissions application processing fees (Enrolment Services),divider,Law
vancouver,,Application and Administrative Fees,https://vancouver.calendar.ubc.ca/fees/application-and-administrative-fees,Undergraduate and Post-baccalaureate Programs,"[""Undergraduate Admissions application processing fees (Enrolment Services)""]",Undergraduate Admissions application processing fees (Enrolment Services),divider,Medicine
vancouver,,Application and Administrative Fees,https://vancouver.calendar.ubc.ca/fees/application-and-administrative-fees,Undergraduate and Post-baccalaureate Programs,"[""Undergraduate Admissions application processing fees (Enrolment Services)""]",Undergraduate Admissions application processing fees (Enrolment Services),divider,Midwifery
vancouver,,Application and Administrative Fees,https://vancouver.calendar.ubc.ca/fees/application-and-administrative-fees,Undergraduate and Post-baccalaureate Programs,"[""Undergraduate Admissions application processing fees (Enrolment Services)""]",Undergraduate Admissions application processing fees (Enrolment Services),divider,Music
vancouver,,Application and Administrative Fees,https://vancouver.calendar.ubc.ca/fees/application-and-administrative-fees,Undergraduate and Post-baccalaureate Programs,"[""Undergraduate Admissions application processing fees (Enrolment Services)""]",Undergraduate Admissions application processing fees (Enrolment Services),divider,Nursing
vancouver,,Application and Administrative Fees,https://vancouver.calendar.ubc.ca/fees/application-and-administrative-fees,Undergraduate and Post-baccalaureate Programs,"[""Undergraduate Admissions application processing fees (Enrolment Services)""]",Undergraduate Admissions application processing fees (Enrolment Services),divider,Pharmaceutical Sciences
vancouver,,Application and Administrative Fees,https://vancouver.calendar.ubc.ca/fees/application-and-administrative-fees,Undergraduate and Post-baccalaureate Programs,"[""Undergraduate Admissions application processing fees (Enrolment Services)""]",Undergraduate Admissions application processing fees (Enrolment Services),divider,Science
vancouver,,Application and Administrative Fees,https://vancouver.calendar.ubc.ca/fees/application-and-administrative-fees,Graduate Programs,"[""Program Application Fee""]",Program,divider,Commerce and Business Administration
vancouver,,Application and Administrative Fees,https://vancouver.calendar.ubc.ca/fees/application-and-administrative-fees,Graduate Programs,"[""Program Application Fee""]",Program,divider,Dentistry
vancouver,,Application and Administrative Fees,https://vancouver.calendar.ubc.ca/fees/application-and-administrative-fees,Graduate Programs,"[""Program Application Fee""]",Program,divider,Education
vancouver,,Application and Administrative Fees,https://vancouver.calendar.ubc.ca/fees/application-and-administrative-fees,Graduate Programs,"[""Program Application Fee""]",Program,divider,Landscape Architecture
vancouver,,Application and Administrative Fees,https://vancouver.calendar.ubc.ca/fees/application-and-administrative-fees,Graduate Programs,"[""Program Application Fee""]",Program,divider,Medicine
vancouver,,Application and Administrative Fees,https://vancouver.calendar.ubc.ca/fees/application-and-administrative-fees,Graduate Programs,"[""Program Application Fee""]",Program,note,1 Per department.
vancouver,,Application and Administrative Fees,https://vancouver.calendar.ubc.ca/fees/application-and-administrative-fees,Administrative and Document Fees,[],Calendar course description (per course),divider,Deferred examination written off-campus (per paper)1
vancouver,,Application and Administrative Fees,https://vancouver.calendar.ubc.ca/fees/application-and-administrative-fees,Administrative and Document Fees,[],Calendar course description (per course),note,Library extramural borrowing2 variable
vancouver,,Application and Administrative Fees,https://vancouver.calendar.ubc.ca/fees/application-and-administrative-fees,Administrative and Document Fees,[],Calendar course description (per course),divider,Supplemental examination written off-campus (per paper)
vancouver,,Application and Administrative Fees,https://vancouver.calendar.ubc.ca/fees/application-and-administrative-fees,Administrative and Document Fees,[],Calendar course description (per course),divider,Transcripts4
vancouver,,Application and Administrative Fees,https://vancouver.calendar.ubc.ca/fees/application-and-administrative-fees,Administrative and Document Fees,[],Calendar course description (per course),note,"1 Where examinations are permitted at a location not normally set up for UBC examinations, a Special Invigilation and Outside Examination Centre Fee is payable with the examination application."
vancouver,,Application and Administrative Fees,https://vancouver.calendar.ubc.ca/fees/application-and-administrative-fees,Administrative and Document Fees,[],Calendar course description (per course),note,2 Fees have been authorized for extramural borrowing. Information concerning these fees may be obtained from the UBC Library.
vancouver,,Application and Administrative Fees,https://vancouver.calendar.ubc.ca/fees/application-and-administrative-fees,Administrative and Document Fees,[],Calendar course description (per course),note,"3 The appeal fee is non-refundable, but if the appeal is successful, it will be applied to the student's tuition."
vancouver,,Application and Administrative Fees,https://vancouver.calendar.ubc.ca/fees/application-and-administrative-fees,Administrative and Document Fees,[],Calendar course description (per course),note,4 See Ordering a Transcript.
vancouver,,Policies on Fees,https://vancouver.calendar.ubc.ca/fees/policies-fees,Payment Due Dates,[],Summer Session 2026,divider,Summer Session 2026
vancouver,,Policies on Fees,https://vancouver.calendar.ubc.ca/fees/policies-fees,Payment Due Dates,[],Summer Session 2026,note,"Courses starting in May or June May 13, 2026"
vancouver,,Policies on Fees,https://vancouver.calendar.ubc.ca/fees/policies-fees,Payment Due Dates,[],Summer Session 2026,note,"Courses starting in July or August July 8, 2026"
vancouver,,Policies on Fees,https://vancouver.calendar.ubc.ca/fees/policies-fees,Payment Due Dates,[],Summer Session 2026,divider,Winter Session 2026/27
vancouver,,Policies on Fees,https://vancouver.calendar.ubc.ca/fees/policies-fees,Payment Due Dates,[],Summer Session 2026,note,"Term 1 September 9, 2026"
vancouver,,Policies on Fees,https://vancouver.calendar.ubc.ca/fees/policies-fees,Payment Due Dates,[],Summer Session 2026,note,"Term 2 January 6, 2027"
vancouver,,Policies on Fees,https://vancouver.calendar.ubc.ca/fees/policies-fees,Payment Due Dates,[],Summer Session 2026,divider,Summer Session 2027
vancouver,,Policies on Fees,https://vancouver.calendar.ubc.ca/fees/policies-fees,Payment Due Dates,[],Summer Session 2026,note,"Courses starting in May or June May 12, 2027"
vancouver,,Policies on Fees,https://vancouver.calendar.ubc.ca/fees/policies-fees,Payment Due Dates,[],Summer Session 2026,note,"Courses starting in July or August July 7, 2027"
vancouver,,Policies on Fees,https://vancouver.calendar.ubc.ca/fees/policies-fees,Other Students,[],,divider,Post-baccalaureate Programs
vancouver,,Policies on Fees,https://vancouver.calendar.ubc.ca/fees/policies-fees,Other Students,[],,divider,Dentistry
vancouver,,Policies on Fees,https://vancouver.calendar.ubc.ca/fees/policies-fees,Other Students,[],,divider,Law
vancouver,,Policies on Fees,https://vancouver.calendar.ubc.ca/fees/policies-fees,Other Students,[],,divider,Medicine
vancouver,,Policies on Fees,https://vancouver.calendar.ubc.ca/fees/policies-fees,Other Students,[],,divider,Certificate Programs
vancouver,,Policies on Fees,https://vancouver.calendar.ubc.ca/fees/policies-fees,Other Students,[],,divider,Graduate
vancouver,,Policies on Fees,https://vancouver.calendar.ubc.ca/fees/policies-fees,Other Students,[],,divider,Applied Science
vancouver,,Policies on Fees,https://vancouver.calendar.ubc.ca/fees/policies-fees,Other Students,[],,divider,Arts
vancouver,,Policies on Fees,https://vancouver.calendar.ubc.ca/fees/policies-fees,Other Students,[],,divider,Commerce and Business Administration
vancouver,,Policies on Fees,https://vancouver.calendar.ubc.ca/fees/policies-fees,Other Students,[],,divider,Education
vancouver,,Policies on Fees,https://vancouver.calendar.ubc.ca/fees/policies-fees,Other Students,[],,divider,Forestry and Environmental Stewardship
vancouver,,Policies on Fees,https://vancouver.calendar.ubc.ca/fees/policies-fees,Other Students,[],,divider,Land and Food Systems
vancouver,,Policies on Fees,https://vancouver.calendar.ubc.ca/fees/policies-fees,Other Students,[],,divider,Law
vancouver,,Policies on Fees,https://vancouver.calendar.ubc.ca/fees/policies-fees,Other Students,[],,divider,Medicine
vancouver,,Policies on Fees,https://vancouver.calendar.ubc.ca/fees/policies-fees,Other Students,[],,divider,Science
vancouver,,Policies on Fees,https://vancouver.calendar.ubc.ca/fees/policies-fees,Other Students,[],,divider,* Deposit is applicable for Master of Business Administration portion only.
vancouver,,Policies on Fees,https://vancouver.calendar.ubc.ca/fees/policies-fees,Other Students,[],,note,** Deposit is also applicable for Master of Data Science in Computational Linguistics.
vancouver,,Policies on Fees,https://vancouver.calendar.ubc.ca/fees/policies-fees,Fee assessment exceptions,[],"5 If the student receives permanent residency in Canada on or before the date that tuition is due, the student will be assessed domestic student tuition and fees.",note,"5 If the student receives permanent residency in Canada on or before the date that tuition is due, the student will be assessed domestic student tuition and fees."
vancouver,,Policies on Fees,https://vancouver.calendar.ubc.ca/fees/policies-fees,Fee assessment exceptions,[],"5 If the student receives permanent residency in Canada on or before the date that tuition is due, the student will be assessed domestic student tuition and fees.",note,"6 Dependent child and spouse defined by Immigration, Refugee and Citizenship Canada. Where relevant, the eligibility of the student is dependent upon their age at the time of the Tuition Fee Payment Due Dates of the applicable term."
vancouver,,Policies on Fees,https://vancouver.calendar.ubc.ca/fees/policies-fees,Fee assessment exceptions,[],"5 If the student receives permanent residency in Canada on or before the date that tuition is due, the student will be assessed domestic student tuition and fees.",note,7 Supporting documentation may include a certificate of Indian Status or a Métis citizenship card that meets the Métis National Council Guidelines. Those without formal documentation may be considered on a case-by-case basis.
vancouver,,Policies on Fees,https://vancouver.calendar.ubc.ca/fees/policies-fees,Fee assessment exceptions,[],"5 If the student receives permanent residency in Canada on or before the date that tuition is due, the student will be assessed domestic student tuition and fees.",note,"8 Examples of eligible Nations include American members of the Okanagan Nation Alliance, Kootenai Tribes, and the Haudenosaunee Confederacy. Supporting documentation may include enhanced tribal identification cards (preferred) or recognition from an American Indian or an Alaska Native tribe. Those without formal documentation may be considered on a case-by-case basis."
vancouver,,"Program, Course, and Faculty Fees",https://vancouver.calendar.ubc.ca/fees/program-course-and-faculty-fees,Program and Course Fees,"[""Programs/Courses Amount""]",Programs/Courses,divider,Course Field Trips
vancouver,,"Program, Course, and Faculty Fees",https://vancouver.calendar.ubc.ca/fees/program-course-and-faculty-fees,Program and Course Fees,"[""Programs/Courses Amount""]",Programs/Courses,note,ANTH_V 409 variable
vancouver,,"Program, Course, and Faculty Fees",https://vancouver.calendar.ubc.ca/fees/program-course-and-faculty-fees,Program and Course Fees,"[""Programs/Courses Amount""]",Programs/Courses,note,ANTH_V 478 variable
vancouver,,"Program, Course, and Faculty Fees",https://vancouver.calendar.ubc.ca/fees/program-course-and-faculty-fees,Program and Course Fees,"[""Programs/Courses Amount""]",Programs/Courses,note,ARCL_V 306 variable
vancouver,,"Program, Course, and Faculty Fees",https://vancouver.calendar.ubc.ca/fees/program-course-and-faculty-fees,Program and Course Fees,"[""Programs/Courses Amount""]",Programs/Courses,note,ARCH_V 502 variable
vancouver,,"Program, Course, and Faculty Fees",https://vancouver.calendar.ubc.ca/fees/program-course-and-faculty-fees,Program and Course Fees,"[""Programs/Courses Amount""]",Programs/Courses,note,BIOL_V 205 (optional field trip) variable
vancouver,,"Program, Course, and Faculty Fees",https://vancouver.calendar.ubc.ca/fees/program-course-and-faculty-fees,Program and Course Fees,"[""Programs/Courses Amount""]",Programs/Courses,note,BIOL_V 320 (costs typically covered by department) variable
vancouver,,"Program, Course, and Faculty Fees",https://vancouver.calendar.ubc.ca/fees/program-course-and-faculty-fees,Program and Course Fees,"[""Programs/Courses Amount""]",Programs/Courses,note,BIOL_V 321 (costs typically covered by department) variable
vancouver,,"Program, Course, and Faculty Fees",https://vancouver.calendar.ubc.ca/fees/program-course-and-faculty-fees,Program and Course Fees,"[""Programs/Courses Amount""]",Programs/Courses,note,BIOL_V 323 (costs typically covered by department) variable
vancouver,,"Program, Course, and Faculty Fees",https://vancouver.calendar.ubc.ca/fees/program-course-and-faculty-fees,Program and Course Fees,"[""Programs/Courses Amount""]",Programs/Courses,note,BIOL_V 326 (optional field trip) variable
vancouver,,"Program, Course, and Faculty Fees",https://vancouver.calendar.ubc.ca/fees/program-course-and-faculty-fees,Program and Course Fees,"[""Programs/Courses Amount""]",Programs/Courses,note,BIOL_V 328 (optional field trip) variable
vancouver,,"Program, Course, and Faculty Fees",https://vancouver.calendar.ubc.ca/fees/program-course-and-faculty-fees,Program and Course Fees,"[""Programs/Courses Amount""]",Programs/Courses,note,BIOL_V 409 (optional field trip) variable
vancouver,,"Program, Course, and Faculty Fees",https://vancouver.calendar.ubc.ca/fees/program-course-and-faculty-fees,Program and Course Fees,"[""Programs/Courses Amount""]",Programs/Courses,note,BIOL_V 427 variable
vancouver,,"Program, Course, and Faculty Fees",https://vancouver.calendar.ubc.ca/fees/program-course-and-faculty-fees,Program and Course Fees,"[""Programs/Courses Amount""]",Programs/Courses,note,BIOL_V 428 (optional field trip) variable
vancouver,,"Program, Course, and Faculty Fees",https://vancouver.calendar.ubc.ca/fees/program-course-and-faculty-fees,Program and Course Fees,"[""Programs/Courses Amount""]",Programs/Courses,note,BIOL_V 465 (optional field trip) variable
vancouver,,"Program, Course, and Faculty Fees",https://vancouver.calendar.ubc.ca/fees/program-course-and-faculty-fees,Program and Course Fees,"[""Programs/Courses Amount""]",Programs/Courses,note,CONS_V 451 (Natural Resources Conservation) variable
vancouver,,"Program, Course, and Faculty Fees",https://vancouver.calendar.ubc.ca/fees/program-course-and-faculty-fees,Program and Course Fees,"[""Programs/Courses Amount""]",Programs/Courses,note,FRST_V 305 (Silviculture I Field Trip) variable
vancouver,,"Program, Course, and Faculty Fees",https://vancouver.calendar.ubc.ca/fees/program-course-and-faculty-fees,Program and Course Fees,"[""Programs/Courses Amount""]",Programs/Courses,note,FRST_V 351 (Interior Field School) variable
vancouver,,"Program, Course, and Faculty Fees",https://vancouver.calendar.ubc.ca/fees/program-course-and-faculty-fees,Program and Course Fees,"[""Programs/Courses Amount""]",Programs/Courses,note,FRST_V 352 (Integrated Field Studies) variable
vancouver,,"Program, Course, and Faculty Fees",https://vancouver.calendar.ubc.ca/fees/program-course-and-faculty-fees,Program and Course Fees,"[""Programs/Courses Amount""]",Programs/Courses,note,FRST_V 452 (Coast Field School) variable
vancouver,,"Program, Course, and Faculty Fees",https://vancouver.calendar.ubc.ca/fees/program-course-and-faculty-fees,Program and Course Fees,"[""Programs/Courses Amount""]",Programs/Courses,note,FRST_V 551 variable
vancouver,,"Program, Course, and Faculty Fees",https://vancouver.calendar.ubc.ca/fees/program-course-and-faculty-fees,Program and Course Fees,"[""Programs/Courses Amount""]",Programs/Courses,note,FOPR_V 352 (Harvesting Field Trip) variable
vancouver,,"Program, Course, and Faculty Fees",https://vancouver.calendar.ubc.ca/fees/program-course-and-faculty-fees,Program and Course Fees,"[""Programs/Courses Amount""]",Programs/Courses,note,GEOG_V 309 variable
vancouver,,"Program, Course, and Faculty Fees",https://vancouver.calendar.ubc.ca/fees/program-course-and-faculty-fees,Program and Course Fees,"[""Programs/Courses Amount""]",Programs/Courses,note,ISCI_V 320 (optional field trip) variable
vancouver,,"Program, Course, and Faculty Fees",https://vancouver.calendar.ubc.ca/fees/program-course-and-faculty-fees,Program and Course Fees,"[""Programs/Courses Amount""]",Programs/Courses,note,ISCI_V 361 (optional field trip) variable
vancouver,,"Program, Course, and Faculty Fees",https://vancouver.calendar.ubc.ca/fees/program-course-and-faculty-fees,Program and Course Fees,"[""Programs/Courses Amount""]",Programs/Courses,note,ISCI_V 461 (optional field trip) variable
vancouver,,"Program, Course, and Faculty Fees",https://vancouver.calendar.ubc.ca/fees/program-course-and-faculty-fees,Program and Course Fees,"[""Programs/Courses Amount""]",Programs/Courses,note,"LARC_V 511 (accommodation, instruction, administration, transportation, meals) variable"
vancouver,,"Program, Course, and Faculty Fees",https://vancouver.calendar.ubc.ca/fees/program-course-and-faculty-fees,Program and Course Fees,"[""Programs/Courses Amount""]",Programs/Courses,note,SCIE_V 001 variable
vancouver,,"Program, Course, and Faculty Fees",https://vancouver.calendar.ubc.ca/fees/program-course-and-faculty-fees,Program and Course Fees,"[""Programs/Courses Amount""]",Programs/Courses,note,WOOD_V 305 (Wood Machine Skills) variable
vancouver,,"Program, Course, and Faculty Fees",https://vancouver.calendar.ubc.ca/fees/program-course-and-faculty-fees,Program and Course Fees,"[""Programs/Courses Amount""]",Programs/Courses,note,WOOD_V 353 (mill site visits) variable
vancouver,,"Program, Course, and Faculty Fees",https://vancouver.calendar.ubc.ca/fees/program-course-and-faculty-fees,Program and Course Fees,"[""Programs/Courses Amount""]",Programs/Courses,divider,Course Material Fee
vancouver,,"Program, Course, and Faculty Fees",https://vancouver.calendar.ubc.ca/fees/program-course-and-faculty-fees,Program and Course Fees,"[""Programs/Courses Amount""]",Programs/Courses,note,"1 UBC undergraduate students who are on a Co-op work term must register for the appropriate Co-op course and pay the Co-op course fee per work term, plus student fees for the Winter Session. In addition, students will be assessed the transit U-Pass fee and the AMS Extended Health and Dental Plan. For Arts Co-op, the Co-op course fee is split 50/50 between a search term course and a work term course where there is a search term course that precedes the work term course. Work term courses that are extensions from a previous work term course are assessed the full Co-op course fee. See ARTC_V course descriptions."
vancouver,,"Program, Course, and Faculty Fees",https://vancouver.calendar.ubc.ca/fees/program-course-and-faculty-fees,Program and Course Fees,"[""Programs/Courses Amount""]",Programs/Courses,note,"2 Departments may require students performing coursework in environments where the risk of injury is greater than in a classroom, (e.g., laboratories, field work, clinical practice, practicums, etc.), to purchase Student Accident Insurance. See the UBC Risk Management Services for more information."
vancouver,,"Program, Course, and Faculty Fees",https://vancouver.calendar.ubc.ca/fees/program-course-and-faculty-fees,Program and Course Fees,"[""Programs/Courses Amount""]",Programs/Courses,note,3 Applies to select courses only. See department for list of courses to which the fee applies.
vancouver,,"Program, Course, and Faculty Fees",https://vancouver.calendar.ubc.ca/fees/program-course-and-faculty-fees,Faculty Fees,"[""Arts""]",Arts,divider,Applied Science
vancouver,,"Program, Course, and Faculty Fees",https://vancouver.calendar.ubc.ca/fees/program-course-and-faculty-fees,Faculty Fees,"[""Arts""]",Arts,divider,Dentistry
vancouver,,"Program, Course, and Faculty Fees",https://vancouver.calendar.ubc.ca/fees/program-course-and-faculty-fees,Faculty Fees,"[""Arts""]",Arts,note,"The following fees apply for the Doctor of Dental Medicine, Combined Master of Science in Craniofacial Science/Diploma in Endodontics, Orthodontics, Periodontics, Prosthodontics, and Year 1 only for Pediatric Dentistry, the Combined Doctor of Philosophy in Craniofacial Science/Diploma in Endodontics, Orthodontics, Periodontics, Prosthodontics, and Year 1 only for Pediatric Dentistry:"
vancouver,,"Program, Course, and Faculty Fees",https://vancouver.calendar.ubc.ca/fees/program-course-and-faculty-fees,Faculty Fees,"[""Arts""]",Arts,note,The following fees apply for the Combined Master of Science in Craniofacial Science/Diploma in Pediatric Dentistry after Year 1 and the Combined Doctor of Philosophy in Craniofacial Science/Diploma in Pediatric Dentistry after Year 1:
vancouver,,"Program, Course, and Faculty Fees",https://vancouver.calendar.ubc.ca/fees/program-course-and-faculty-fees,Faculty Fees,"[""Arts""]",Arts,divider,Education
vancouver,,"Program, Course, and Faculty Fees",https://vancouver.calendar.ubc.ca/fees/program-course-and-faculty-fees,Faculty Fees,"[""Arts""]",Arts,note,Verification letter to be sent to a Canadian certification authority outside of BC:
vancouver,,"Program, Course, and Faculty Fees",https://vancouver.calendar.ubc.ca/fees/program-course-and-faculty-fees,Faculty Fees,"[""Arts""]",Arts,divider,Verification letter to be sent to a certification authority outside Canada:
vancouver,,"Program, Course, and Faculty Fees",https://vancouver.calendar.ubc.ca/fees/program-course-and-faculty-fees,Faculty Fees,"[""Arts""]",Arts,divider,Land and Food Systems
vancouver,,"Program, Course, and Faculty Fees",https://vancouver.calendar.ubc.ca/fees/program-course-and-faculty-fees,Faculty Fees,"[""Arts""]",Arts,divider,Medicine
vancouver,,"Program, Course, and Faculty Fees",https://vancouver.calendar.ubc.ca/fees/program-course-and-faculty-fees,Faculty Fees,"[""Arts""]",Arts,divider,Pharmaceutical Sciences
vancouver,,"Program, Course, and Faculty Fees",https://vancouver.calendar.ubc.ca/fees/program-course-and-faculty-fees,Faculty Fees,"[""Arts""]",Arts,note,"1 This fee is assessed for all students registered in the B.A.Sc. program upon entry into each year of the program. An Advisory Committee, which includes faculty members and students, will make recommendations on the allocation of the funds."
vancouver,,"Program, Course, and Faculty Fees",https://vancouver.calendar.ubc.ca/fees/program-course-and-faculty-fees,Faculty Fees,"[""Arts""]",Arts,note,2 This fee is assessed once per year level for year 2-4 students registered in the B.A.Sc. Biomedical Engineering program. Students who register for an academic year without having advanced a program year will not be assessed.
vancouver,,"Program, Course, and Faculty Fees",https://vancouver.calendar.ubc.ca/fees/program-course-and-faculty-fees,Faculty Fees,"[""Arts""]",Arts,note,3 These fees may be waived by the Faculty of Dentistry once students complete the program requirements for the Diploma in Clinical Specialty.
vancouver,,"Program, Course, and Faculty Fees",https://vancouver.calendar.ubc.ca/fees/program-course-and-faculty-fees,Faculty Fees,"[""Arts""]",Arts,note,4 Doctor of Dental Medicine students in the International Dental Degree Completion Program pay the International rate for the Annual Clinic Fee.
vancouver,,"Program, Course, and Faculty Fees",https://vancouver.calendar.ubc.ca/fees/program-course-and-faculty-fees,Faculty Fees,"[""Arts""]",Arts,note,5 This fee is assessed once per year level for all students registered in the Entry-to-Practice PharmD program.
vancouver,,Student Fees Established and Approved by a Student Society,https://vancouver.calendar.ubc.ca/fees/student-fees/student-fees-established-and-approved-student-society,General Student Fees Established and Approved by a Student Society,"[""1 This excludes Visiting International Research Students, who receive a full exemption from AMS student fees.""]","1 This excludes Visiting International Research Students, who receive a full exemption from AMS student fees.",note,"2 AMS/GSS Health and Dental Insurance provides coverage for expenses such as most prescription drugs, travel health insurance, vision, and dental care, in addition to basic medical covered by MSP. The fee is assessed only in the Winter Session and provides coverage from September 1 to August 31. Students beginning their studies in January will be assessed $264.27 and will be covered from January 1 to August 31. Please visit ihaveaplan.ca for information on Change-of-Coverage Period to determine when opt-outs or new enrolments can be made."
vancouver,,Student Fees Established and Approved by a Student Society,https://vancouver.calendar.ubc.ca/fees/student-fees/student-fees-established-and-approved-student-society,General Student Fees Established and Approved by a Student Society,"[""1 This excludes Visiting International Research Students, who receive a full exemption from AMS student fees.""]","1 This excludes Visiting International Research Students, who receive a full exemption from AMS student fees.",note,3 SUB Renewal Fee is used to support the construction of the new Student Union Building.
vancouver,,Student Fees Established and Approved by a Student Society,https://vancouver.calendar.ubc.ca/fees/student-fees/student-fees-established-and-approved-student-society,General Student Fees Established and Approved by a Student Society,"[""1 This excludes Visiting International Research Students, who receive a full exemption from AMS student fees.""]","1 This excludes Visiting International Research Students, who receive a full exemption from AMS student fees.",note,"4 The U-Pass provides all zone unlimited access to public transit, and is charged to eligible students enrolled in the Winter and Summer Sessions and who are members of the AMS. For information on exemptions and how to apply, refer to U-Pass eligibility and exemptions. Refer to U-Pass for more information."
vancouver,,Student Fees Established and Approved by a Student Society,https://vancouver.calendar.ubc.ca/fees/student-fees/student-fees-established-and-approved-student-society,General Student Fees Established and Approved by a Student Society,"[""1 This excludes Visiting International Research Students, who receive a full exemption from AMS student fees.""]","1 This excludes Visiting International Research Students, who receive a full exemption from AMS student fees.",note,"5 This fee is assessed to all students in Winter Session who are registered in the final year of a course leading to a bachelor’s degree, the M.D., the D.M.D., the J.D., or the B.Ed., and who have not previously paid the fee. This fee is for the support of student-sponsored graduating class activities. This fee is tax deductible and will be included in the T2202A tax receipt."
vancouver,,Student Fees Established and Approved by a Student Society,https://vancouver.calendar.ubc.ca/fees/student-fees/student-fees-established-and-approved-student-society,Undergraduate Student Fees Established and Approved by a Student Society,[],,note,1 Includes UBC Vantage College programs.
vancouver,,Student Fees Established and Approved by a Student Society,https://vancouver.calendar.ubc.ca/fees/student-fees/student-fees-established-and-approved-student-society,Undergraduate Student Fees Established and Approved by a Student Society,[],,note,2 Includes Bachelor of Computer Science.
vancouver,,Student Fees Established and Approved by a Student Society,https://vancouver.calendar.ubc.ca/fees/student-fees/student-fees-established-and-approved-student-society,Graduate Student Fees Established and Approved by a Student Society,[],,note,1 Collected one time only (not annually) by the School of Information on behalf of the student society.
vancouver,,Student Fees Established and Approved by a Student Society,https://vancouver.calendar.ubc.ca/fees/student-fees/student-fees-established-and-approved-student-society,Graduate Student Fees Established and Approved by a Student Society,[],,note,"2 Collected at the time of the first M.B.A. tuition instalment payment, or the fourth tuition instalment payment for J.D.M.B.A. and M.B.A. + M.B.A.N.."
vancouver,,Student Fees Established and Approved by a Student Society,https://vancouver.calendar.ubc.ca/fees/student-fees/student-fees-established-and-approved-student-society,Graduate Student Fees Established and Approved by a Student Society,[],,note,3 Collected once during the first year for M.B.A. + M.B.A.N. Dual Degree students.
vancouver,,Student Fees Established and Approved by a Student Society,https://vancouver.calendar.ubc.ca/fees/student-fees/student-fees-established-and-approved-student-society,Graduate Student Fees Established and Approved by a Student Society,[],,note,4 Collected at the time of the first M.M. tuition instalment payment.
vancouver,,Student Fees Established and Approved by a Student Society,https://vancouver.calendar.ubc.ca/fees/student-fees/student-fees-established-and-approved-student-society,Graduate Student Fees Established and Approved by a Student Society,[],,note,5 Collected per Winter term and Summer Session at $15.00 per instalment.
vancouver,,Student Fees Established and Approved by the UBC Board of Governors,https://vancouver.calendar.ubc.ca/fees/student-fees/student-fees-established-and-approved-ubc-board-governors,Student Fees Established and Approved by the UBC Board of Governors,[],,note,iMED for international research students2 1 month (31 Days): $70.37 1 month (31 Days): $70.37 1 month (31 Days): $70.37 1 month (31 Days): $70.37
vancouver,,Student Fees Established and Approved by the UBC Board of Governors,https://vancouver.calendar.ubc.ca/fees/student-fees/student-fees-established-and-approved-ubc-board-governors,Student Fees Established and Approved by the UBC Board of Governors,[],,note,2 months (60 days): $136.00 2 months (60 days): $136.00 2 months (60 days): $136.00 2 months (60 days): $136.00
vancouver,,Student Fees Established and Approved by the UBC Board of Governors,https://vancouver.calendar.ubc.ca/fees/student-fees/student-fees-established-and-approved-ubc-board-governors,Student Fees Established and Approved by the UBC Board of Governors,[],,note,3 months (90 days): $204.30 3 months (90 days): $204.30 3 months (90 days): $204.30 3 months (90 days): $204.30
vancouver,,Student Fees Established and Approved by the UBC Board of Governors,https://vancouver.calendar.ubc.ca/fees/student-fees/student-fees-established-and-approved-ubc-board-governors,Student Fees Established and Approved by the UBC Board of Governors,[],,note,4 months (120 days): $272.40 4 months (120 days): $272.40 4 months (120 days): $272.40 4 months (120 days): $272.40
vancouver,,Student Fees Established and Approved by the UBC Board of Governors,https://vancouver.calendar.ubc.ca/fees/student-fees/student-fees-established-and-approved-ubc-board-governors,Student Fees Established and Approved by the UBC Board of Governors,[],,note,5 months (150 days): $340.50 5 months (150 days): $340.50 5 months (150 days): $340.50 5 months (150 days): $340.50
vancouver,,Student Fees Established and Approved by the UBC Board of Governors,https://vancouver.calendar.ubc.ca/fees/student-fees/student-fees-established-and-approved-ubc-board-governors,Student Fees Established and Approved by the UBC Board of Governors,[],,note,6 months (180 days): $408.60 6 months (180 days): $408.60 6 months (180 days): $408.60 6 months (180 days): $408.60
vancouver,,Student Fees Established and Approved by the UBC Board of Governors,https://vancouver.calendar.ubc.ca/fees/student-fees/student-fees-established-and-approved-ubc-board-governors,Student Fees Established and Approved by the UBC Board of Governors,[],,note,"1 Athletics and Recreation Fee is used to support athletics and recreation programs and facilities. This fee is tax deductible and will be included in the T2202 tax receipt. Credits for courses associated with Distance Learning programs offered online, or off-campus within a specific geographic region are not included in the Athletics and Recreation fee calculation."
vancouver,,Student Fees Established and Approved by the UBC Board of Governors,https://vancouver.calendar.ubc.ca/fees/student-fees/student-fees-established-and-approved-ubc-board-governors,Student Fees Established and Approved by the UBC Board of Governors,[],,note,2 iMED provides basic health insurance for all new international students. It covers emergency hospitalization and medical services (including doctor’s visits) for unexpected sickness or injury. The monthly rate is available for visiting international research students only (up to 6 months). A fraction of a month will be considered a full month.
vancouver,,Student Fees Established and Approved by the UBC Board of Governors,https://vancouver.calendar.ubc.ca/fees/student-fees/student-fees-established-and-approved-ubc-board-governors,Student Fees Established and Approved by the UBC Board of Governors,[],,note,3 iMED Direct Billing is an administrative fee assessed to all students under iMED to provide direct billing services at Vancouver Coastal Health emergency rooms.
vancouver,,Summer Session Student Fees,https://vancouver.calendar.ubc.ca/fees/student-fees/summer-session-student-fees,Student Fees Established and Approved by a Student Society,[],,note,"1 This excludes Visiting International Research Students, who receive a full exemption from AMS student fees."
vancouver,,Summer Session Student Fees,https://vancouver.calendar.ubc.ca/fees/student-fees/summer-session-student-fees,Student Fees Established and Approved by a Student Society,[],,note,2 SUB Renewal Fee is used to support the construction of the new Student Union Building.
vancouver,,Summer Session Student Fees,https://vancouver.calendar.ubc.ca/fees/student-fees/summer-session-student-fees,Student Fees Established and Approved by a Student Society,[],,note,"3 The U-Pass provides all zone unlimited access to public transit, and is charged to eligible students enrolled in the Winter and Summer Sessions and who are members of the AMS. For information on exemptions and how to apply, refer to U-Pass eligibility and exemptions. Refer to U-Pass for more information."
vancouver,certificate_diploma,Certificate and Diploma Programs,https://vancouver.calendar.ubc.ca/fees/tuition-fees/certificate-and-diploma-programs,,[],,note,1 Offered by the Faculty of Arts
vancouver,certificate_diploma,Certificate and Diploma Programs,https://vancouver.calendar.ubc.ca/fees/tuition-fees/certificate-and-diploma-programs,,[],,note,2 Offered by the Faculty of Education
vancouver,certificate_diploma,Certificate and Diploma Programs,https://vancouver.calendar.ubc.ca/fees/tuition-fees/certificate-and-diploma-programs,,[],,note,3 Offered by the Faculty of Land and Food Systems
vancouver,certificate_diploma,Certificate and Diploma Programs,https://vancouver.calendar.ubc.ca/fees/tuition-fees/certificate-and-diploma-programs,,[],,note,4 Offered by the Faculty of Forestry and Environmental Stewardship
vancouver,certificate_diploma,Certificate and Diploma Programs,https://vancouver.calendar.ubc.ca/fees/tuition-fees/certificate-and-diploma-programs,,[],,note,5 Offered by the Faculty of Medicine
vancouver,certificate_diploma,Certificate and Diploma Programs,https://vancouver.calendar.ubc.ca/fees/tuition-fees/certificate-and-diploma-programs,,[],,note,6 Offered by the Faculty of Applied Science
vancouver,certificate_diploma,Certificate and Diploma Programs,https://vancouver.calendar.ubc.ca/fees/tuition-fees/certificate-and-diploma-programs,Graduate Diploma Programs,[],,note,1 Offered by the Faculty of Pharmaceutical Sciences
vancouver,doctoral,Doctoral,https://vancouver.calendar.ubc.ca/fees/tuition-fees/graduate/doctoral,Specialized Doctoral Degree Programs,"[""Doctor of Education in Educational Leadership"", ""Instalments per year: 3""]",Doctor of Education in Educational Leadership,divider,Program entry year
vancouver,doctoral,Doctoral,https://vancouver.calendar.ubc.ca/fees/tuition-fees/graduate/doctoral,Specialized Doctoral Degree Programs,"[""Doctor of Education in Educational Leadership"", ""Instalments per year: 3""]",Doctor of Education in Educational Leadership,divider,2026S or 2026W
vancouver,doctoral,Doctoral,https://vancouver.calendar.ubc.ca/fees/tuition-fees/graduate/doctoral,Specialized Doctoral Degree Programs,"[""Doctor of Education in Educational Leadership"", ""Instalments per year: 3""]",Doctor of Education in Educational Leadership,divider,2025S or 2025W
vancouver,doctoral,Doctoral,https://vancouver.calendar.ubc.ca/fees/tuition-fees/graduate/doctoral,Specialized Doctoral Degree Programs,"[""Doctor of Education in Educational Leadership"", ""Instalments per year: 3""]",Doctor of Education in Educational Leadership,divider,2024S or 2024W
vancouver,doctoral,Doctoral,https://vancouver.calendar.ubc.ca/fees/tuition-fees/graduate/doctoral,Specialized Doctoral Degree Programs,"[""Doctor of Education in Educational Leadership"", ""Instalments per year: 3""]",Doctor of Education in Educational Leadership,divider,2023S or 2023W
vancouver,doctoral,Doctoral,https://vancouver.calendar.ubc.ca/fees/tuition-fees/graduate/doctoral,Specialized Doctoral Degree Programs,"[""Doctor of Education in Educational Leadership"", ""Instalments per year: 3""]",Doctor of Education in Educational Leadership,divider,2022S or 2022W
vancouver,doctoral,Doctoral,https://vancouver.calendar.ubc.ca/fees/tuition-fees/graduate/doctoral,Specialized Doctoral Degree Programs,"[""Doctor of Education in Educational Leadership"", ""Instalments per year: 3""]",Doctor of Education in Educational Leadership,divider,2021S or 2021W
vancouver,doctoral,Doctoral,https://vancouver.calendar.ubc.ca/fees/tuition-fees/graduate/doctoral,Specialized Doctoral Degree Programs,"[""Doctor of Education in Educational Leadership"", ""Instalments per year: 3""]",Doctor of Education in Educational Leadership,divider,2020W or earlier
vancouver,doctoral,Doctoral,https://vancouver.calendar.ubc.ca/fees/tuition-fees/graduate/doctoral,Specialized Doctoral Degree Programs,"[""Combined Doctor of Philosophy and Doctor of Medicine"", ""Instalments per year: 3"", ""Minimum # of instalments for program: 18""]",Combined Doctor of Philosophy and Doctor of Medicine,divider,Note: Continuing fee is assessed after instalment 18.
vancouver,doctoral,Doctoral,https://vancouver.calendar.ubc.ca/fees/tuition-fees/graduate/doctoral,Specialized Doctoral Degree Programs,"[""Combined Doctor of Philosophy in Craniofacial Science/Diploma in Endodontics"", ""Instalments per year: 3"", ""Minimum # of instalments for program: 9""]",Combined Doctor of Philosophy in Craniofacial Science/Diploma in Endodontics,divider,Note: Continuing fee is assessed after instalment 9.
vancouver,doctoral,Doctoral,https://vancouver.calendar.ubc.ca/fees/tuition-fees/graduate/doctoral,Specialized Doctoral Degree Programs,"[""Combined Doctor of Philosophy in Craniofacial Science/Diploma in Orthodontics"", ""Instalments per year: 3"", ""Minimum # of instalments for program: 9""]",Combined Doctor of Philosophy in Craniofacial Science/Diploma in Orthodontics,divider,Note: Continuing fee is assessed after instalment 9.
vancouver,doctoral,Doctoral,https://vancouver.calendar.ubc.ca/fees/tuition-fees/graduate/doctoral,Specialized Doctoral Degree Programs,"[""Combined Doctor of Philosophy in Craniofacial Science/Diploma in Pediatric Dentistry"", ""Instalments per year: 3"", ""Minimum # of instalments for program: 9""]",Combined Doctor of Philosophy in Craniofacial Science/Diploma in Pediatric Dentistry,divider,Note: Continuing fee is assessed after instalment 9.
vancouver,doctoral,Doctoral,https://vancouver.calendar.ubc.ca/fees/tuition-fees/graduate/doctoral,Specialized Doctoral Degree Programs,"[""Combined Doctor of Philosophy in Craniofacial Science/Diploma in Periodontics"", ""Instalments per year: 3"", ""Minimum # of instalments for program: 9""]",Combined Doctor of Philosophy in Craniofacial Science/Diploma in Periodontics,divider,Note: Continuing fee is assessed after instalment 9.
vancouver,doctoral,Doctoral,https://vancouver.calendar.ubc.ca/fees/tuition-fees/graduate/doctoral,Specialized Doctoral Degree Programs,"[""Combined Doctor of Philosophy in Craniofacial Science/Diploma in Prosthodontics"", ""Instalments per year: 3"", ""Minimum # of instalments for program: 9""]",Combined Doctor of Philosophy in Craniofacial Science/Diploma in Prosthodontics,divider,Note: Continuing fee is assessed after instalment 9.
vancouver,doctoral,Doctoral,https://vancouver.calendar.ubc.ca/fees/tuition-fees/graduate/doctoral,Specialized Doctoral Degree Programs,"[""Combined Master of Physical Therapy and Doctor of Philosophy in Rehabilitation Sciences"", ""Instalments per year: 3"", ""Minimum # of instalments for program: 15""]",Combined Master of Physical Therapy and Doctor of Philosophy in Rehabilitation Sciences,divider,2026S or 2026W
vancouver,doctoral,Doctoral,https://vancouver.calendar.ubc.ca/fees/tuition-fees/graduate/doctoral,Specialized Doctoral Degree Programs,"[""Combined Master of Physical Therapy and Doctor of Philosophy in Rehabilitation Sciences"", ""Instalments per year: 3"", ""Minimum # of instalments for program: 15""]",Combined Master of Physical Therapy and Doctor of Philosophy in Rehabilitation Sciences,divider,2025S or 2025W
vancouver,doctoral,Doctoral,https://vancouver.calendar.ubc.ca/fees/tuition-fees/graduate/doctoral,Specialized Doctoral Degree Programs,"[""Combined Master of Physical Therapy and Doctor of Philosophy in Rehabilitation Sciences"", ""Instalments per year: 3"", ""Minimum # of instalments for program: 15""]",Combined Master of Physical Therapy and Doctor of Philosophy in Rehabilitation Sciences,divider,2024S or 2024W
vancouver,doctoral,Doctoral,https://vancouver.calendar.ubc.ca/fees/tuition-fees/graduate/doctoral,Specialized Doctoral Degree Programs,"[""Combined Master of Physical Therapy and Doctor of Philosophy in Rehabilitation Sciences"", ""Instalments per year: 3"", ""Minimum # of instalments for program: 15""]",Combined Master of Physical Therapy and Doctor of Philosophy in Rehabilitation Sciences,divider,2023S or 2023W
vancouver,doctoral,Doctoral,https://vancouver.calendar.ubc.ca/fees/tuition-fees/graduate/doctoral,Specialized Doctoral Degree Programs,"[""Combined Master of Physical Therapy and Doctor of Philosophy in Rehabilitation Sciences"", ""Instalments per year: 3"", ""Minimum # of instalments for program: 15""]",Combined Master of Physical Therapy and Doctor of Philosophy in Rehabilitation Sciences,divider,2022W or earlier
vancouver,doctoral,Doctoral,https://vancouver.calendar.ubc.ca/fees/tuition-fees/graduate/doctoral,Specialized Doctoral Degree Programs,"[""Combined Master of Physical Therapy and Doctor of Philosophy in Rehabilitation Sciences"", ""Instalments per year: 3"", ""Minimum # of instalments for program: 15""]",Combined Master of Physical Therapy and Doctor of Philosophy in Rehabilitation Sciences,divider,Note: Continuing fee is assessed after instalment 15.
vancouver,doctoral,Doctoral,https://vancouver.calendar.ubc.ca/fees/tuition-fees/graduate/doctoral,Standard Doctoral Degree Program 15545-Standard-Doctoral-Degree,[],,note,"1 If a degree program is not completed by a set number of instalments or a minimum program fee, the assessments will then switch to a Continuing fee. The Schedule A Continuing fee is assessed after instalment 9.The Schedule C Continuing fee is assessed after instalment 15."
vancouver,doctoral,Doctoral,https://vancouver.calendar.ubc.ca/fees/tuition-fees/graduate/doctoral,Standard Doctoral Degree Program 15545-Standard-Doctoral-Degree,[],,note,"2 If a doctoral degree (both full-time standard and specialized) is not awarded within a period of six years from the initial registration or within a period of eight years for part-time PhD (Schedule C), a student may be granted an extension with permission from the Faculty of Graduate and Postdoctoral Studies. A doctoral degree (standard) will be charged the extension fee."
vancouver,doctoral,Doctoral,https://vancouver.calendar.ubc.ca/fees/tuition-fees/graduate/doctoral,Standard Doctoral Degree Program 15545-Standard-Doctoral-Degree,[],,note,3 International tuition rates remain the same until degree completion.
vancouver,masters,Master's,https://vancouver.calendar.ubc.ca/fees/tuition-fees/graduate/masters,Specialized Master's Degree Program,[],Master of Architecture,note,Instalments per year 3
vancouver,masters,Master's,https://vancouver.calendar.ubc.ca/fees/tuition-fees/graduate/masters,Specialized Master's Degree Program,[],Master of Architecture,note,Minimum # of instalments for program 5
vancouver,masters,Master's,https://vancouver.calendar.ubc.ca/fees/tuition-fees/graduate/masters,Specialized Master's Degree Program,[],Master of Architecture,divider,Program entry year
vancouver,masters,Master's,https://vancouver.calendar.ubc.ca/fees/tuition-fees/graduate/masters,Specialized Master's Degree Program,[],Master of Architecture,divider,Note: Continuing fee is assessed after instalment 9.
vancouver,masters,Master's,https://vancouver.calendar.ubc.ca/fees/tuition-fees/graduate/masters,Specialized Master's Degree Program,[],"Master of Archival Studies, Master of Library and Information Studies, and Dual M.A.S./M.L.I.S. (full-time)",note,Instalments per year 3
vancouver,masters,Master's,https://vancouver.calendar.ubc.ca/fees/tuition-fees/graduate/masters,Specialized Master's Degree Program,[],"Master of Archival Studies, Master of Library and Information Studies, and Dual M.A.S./M.L.I.S. (full-time)",note,Minimum # of instalments for program 3
vancouver,masters,Master's,https://vancouver.calendar.ubc.ca/fees/tuition-fees/graduate/masters,Specialized Master's Degree Program,[],"Master of Archival Studies, Master of Library and Information Studies, and Dual M.A.S./M.L.I.S. (full-time)",divider,Program entry year
vancouver,masters,Master's,https://vancouver.calendar.ubc.ca/fees/tuition-fees/graduate/masters,Specialized Master's Degree Program,[],"Master of Archival Studies, Master of Library and Information Studies, and Dual M.A.S./M.L.I.S. (full-time)",divider,Note: Continuing fee is assessed after instalment 6.
vancouver,masters,Master's,https://vancouver.calendar.ubc.ca/fees/tuition-fees/graduate/masters,Specialized Master's Degree Program,[],"Master of Archival Studies, Master of Library and Information Studies, and Dual M.A.S./M.L.I.S. (part-time)",note,Instalments per year: 3
vancouver,masters,Master's,https://vancouver.calendar.ubc.ca/fees/tuition-fees/graduate/masters,Specialized Master's Degree Program,[],"Master of Archival Studies, Master of Library and Information Studies, and Dual M.A.S./M.L.I.S. (part-time)",note,Minimum # of instalments for program: 9
vancouver,masters,Master's,https://vancouver.calendar.ubc.ca/fees/tuition-fees/graduate/masters,Specialized Master's Degree Program,[],"Master of Archival Studies, Master of Library and Information Studies, and Dual M.A.S./M.L.I.S. (part-time)",divider,Note: Continuing fee is assessed after instalment 9.
vancouver,masters,Master's,https://vancouver.calendar.ubc.ca/fees/tuition-fees/graduate/masters,Specialized Master's Degree Program,[],Master of Arts in Economics,note,Instalments per year 3
vancouver,masters,Master's,https://vancouver.calendar.ubc.ca/fees/tuition-fees/graduate/masters,Specialized Master's Degree Program,[],Master of Arts in Economics,note,Minimum # of instalments for program 3
vancouver,masters,Master's,https://vancouver.calendar.ubc.ca/fees/tuition-fees/graduate/masters,Specialized Master's Degree Program,[],Master of Arts in Economics,divider,Program entry year
vancouver,masters,Master's,https://vancouver.calendar.ubc.ca/fees/tuition-fees/graduate/masters,Specialized Master's Degree Program,[],Master of Arts in Economics,divider,Note: Continuing fee is assessed after instalment 3.
vancouver,masters,Master's,https://vancouver.calendar.ubc.ca/fees/tuition-fees/graduate/masters,Specialized Master's Degree Program,[],Master of Business Administration (16 months),note,Instalments per year 3
vancouver,masters,Master's,https://vancouver.calendar.ubc.ca/fees/tuition-fees/graduate/masters,Specialized Master's Degree Program,[],Master of Business Administration (16 months),note,Minimum # of instalments for program 4
vancouver,masters,Master's,https://vancouver.calendar.ubc.ca/fees/tuition-fees/graduate/masters,Specialized Master's Degree Program,[],Master of Business Administration (16 months),divider,Program entry year
vancouver,masters,Master's,https://vancouver.calendar.ubc.ca/fees/tuition-fees/graduate/masters,Specialized Master's Degree Program,[],Master of Business Administration (16 months),divider,Note: Continuing fee is assessed after instalment 4.
vancouver,masters,Master's,https://vancouver.calendar.ubc.ca/fees/tuition-fees/graduate/masters,Specialized Master's Degree Program,[],Professional Master of Business Administration,note,Instalments per year 3
vancouver,masters,Master's,https://vancouver.calendar.ubc.ca/fees/tuition-fees/graduate/masters,Specialized Master's Degree Program,[],Professional Master of Business Administration,note,Minimum # of instalments for program 6
vancouver,masters,Master's,https://vancouver.calendar.ubc.ca/fees/tuition-fees/graduate/masters,Specialized Master's Degree Program,[],Professional Master of Business Administration,divider,Program entry year
vancouver,masters,Master's,https://vancouver.calendar.ubc.ca/fees/tuition-fees/graduate/masters,Specialized Master's Degree Program,[],Professional Master of Business Administration,divider,Note: Continuing fee is assessed after instalment 6.
vancouver,masters,Master's,https://vancouver.calendar.ubc.ca/fees/tuition-fees/graduate/masters,Specialized Master's Degree Program,[],Master of Business Administration and Master of Business Analytics Dual Degree Program Option,note,Instalments per year 3
vancouver,masters,Master's,https://vancouver.calendar.ubc.ca/fees/tuition-fees/graduate/masters,Specialized Master's Degree Program,[],Master of Business Administration and Master of Business Analytics Dual Degree Program Option,note,Minimum # of instalments for program 6
vancouver,masters,Master's,https://vancouver.calendar.ubc.ca/fees/tuition-fees/graduate/masters,Specialized Master's Degree Program,[],Master of Business Administration and Master of Business Analytics Dual Degree Program Option,divider,Program entry year
vancouver,masters,Master's,https://vancouver.calendar.ubc.ca/fees/tuition-fees/graduate/masters,Specialized Master's Degree Program,[],Master of Business Administration and Master of Business Analytics Dual Degree Program Option,divider,Note: Continuing fee is assessed after instalment 6.
vancouver,masters,Master's,https://vancouver.calendar.ubc.ca/fees/tuition-fees/graduate/masters,Specialized Master's Degree Program,[],Master of Business Analytics,note,Instalments per year 3
vancouver,masters,Master's,https://vancouver.calendar.ubc.ca/fees/tuition-fees/graduate/masters,Specialized Master's Degree Program,[],Master of Business Analytics,note,Minimum # of instalments for program 3
vancouver,masters,Master's,https://vancouver.calendar.ubc.ca/fees/tuition-fees/graduate/masters,Specialized Master's Degree Program,[],Master of Business Analytics,divider,Program entry year
vancouver,masters,Master's,https://vancouver.calendar.ubc.ca/fees/tuition-fees/graduate/masters,Specialized Master's Degree Program,[],Master of Business Analytics,divider,Note: Continuing fee is assessed after instalment 3.
vancouver,masters,Master's,https://vancouver.calendar.ubc.ca/fees/tuition-fees/graduate/masters,Specialized Master's Degree Program,[],Master of Community and Regional Planning,note,Instalments per year 3
vancouver,masters,Master's,https://vancouver.calendar.ubc.ca/fees/tuition-fees/graduate/masters,Specialized Master's Degree Program,[],Master of Community and Regional Planning,note,Minimum # of instalments for program 6
vancouver,masters,Master's,https://vancouver.calendar.ubc.ca/fees/tuition-fees/graduate/masters,Specialized Master's Degree Program,[],Master of Community and Regional Planning,divider,Program entry year
vancouver,masters,Master's,https://vancouver.calendar.ubc.ca/fees/tuition-fees/graduate/masters,Specialized Master's Degree Program,[],Master of Community and Regional Planning,divider,Note: Continuing fee is assessed after instalment 6.
vancouver,masters,Master's,https://vancouver.calendar.ubc.ca/fees/tuition-fees/graduate/masters,Specialized Master's Degree Program,[],Master of Data Science,note,Instalments per year 3
vancouver,masters,Master's,https://vancouver.calendar.ubc.ca/fees/tuition-fees/graduate/masters,Specialized Master's Degree Program,[],Master of Data Science,note,Minimum # of instalments for program 3
vancouver,masters,Master's,https://vancouver.calendar.ubc.ca/fees/tuition-fees/graduate/masters,Specialized Master's Degree Program,[],Master of Data Science,divider,Program entry year
vancouver,masters,Master's,https://vancouver.calendar.ubc.ca/fees/tuition-fees/graduate/masters,Specialized Master's Degree Program,[],Master of Data Science,divider,Note: Continuing fee is assessed after instalment 3.
vancouver,masters,Master's,https://vancouver.calendar.ubc.ca/fees/tuition-fees/graduate/masters,Specialized Master's Degree Program,[],Master of Data Science in Computational Linguistics,note,Instalments per year 3
vancouver,masters,Master's,https://vancouver.calendar.ubc.ca/fees/tuition-fees/graduate/masters,Specialized Master's Degree Program,[],Master of Data Science in Computational Linguistics,note,Minimum # of instalments for program 3
vancouver,masters,Master's,https://vancouver.calendar.ubc.ca/fees/tuition-fees/graduate/masters,Specialized Master's Degree Program,[],Master of Data Science in Computational Linguistics,divider,Program entry year
vancouver,masters,Master's,https://vancouver.calendar.ubc.ca/fees/tuition-fees/graduate/masters,Specialized Master's Degree Program,[],Master of Data Science in Computational Linguistics,divider,Note: Continuing fee is assessed after instalment 3.
vancouver,masters,Master's,https://vancouver.calendar.ubc.ca/fees/tuition-fees/graduate/masters,Specialized Master's Degree Program,[],Master of Digital Media,note,Instalments per year 3
vancouver,masters,Master's,https://vancouver.calendar.ubc.ca/fees/tuition-fees/graduate/masters,Specialized Master's Degree Program,[],Master of Digital Media,note,Minimum # of instalments for program 3
vancouver,masters,Master's,https://vancouver.calendar.ubc.ca/fees/tuition-fees/graduate/masters,Specialized Master's Degree Program,[],Master of Digital Media,note,Note: Contact the Master of Digital Media Program for details and additional information.
vancouver,masters,Master's,https://vancouver.calendar.ubc.ca/fees/tuition-fees/graduate/masters,Specialized Master's Degree Program,[],Master of Arts and Master of Education (full-time) in the Faculty of Education (except Kinesiology),note,Instalments per year 3
vancouver,masters,Master's,https://vancouver.calendar.ubc.ca/fees/tuition-fees/graduate/masters,Specialized Master's Degree Program,[],Master of Arts and Master of Education (full-time) in the Faculty of Education (except Kinesiology),note,Minimum # of instalments for program 3
vancouver,masters,Master's,https://vancouver.calendar.ubc.ca/fees/tuition-fees/graduate/masters,Specialized Master's Degree Program,[],Master of Arts and Master of Education (full-time) in the Faculty of Education (except Kinesiology),divider,Program entry year
vancouver,masters,Master's,https://vancouver.calendar.ubc.ca/fees/tuition-fees/graduate/masters,Specialized Master's Degree Program,[],Master of Arts and Master of Education (full-time) in the Faculty of Education (except Kinesiology),note,Note: Continuing fee is assessed after instalment 6. Students with transferable Graduate Certificate pay 2 minimum instalments and continuing fee is assessed after instalment 5.
vancouver,masters,Master's,https://vancouver.calendar.ubc.ca/fees/tuition-fees/graduate/masters,Specialized Master's Degree Program,[],Master of Arts and Master of Education (part-time) in the Faculty of Education (except Kinesiology),note,Instalments per year 3
vancouver,masters,Master's,https://vancouver.calendar.ubc.ca/fees/tuition-fees/graduate/masters,Specialized Master's Degree Program,[],Master of Arts and Master of Education (part-time) in the Faculty of Education (except Kinesiology),note,Minimum # of instalments for program 9
vancouver,masters,Master's,https://vancouver.calendar.ubc.ca/fees/tuition-fees/graduate/masters,Specialized Master's Degree Program,[],Master of Arts and Master of Education (part-time) in the Faculty of Education (except Kinesiology),note,Note: Continuing fee is assessed after instalment 9. Students with transferable Graduate Certificate pay 6 minimum instalments and continuing fee is assessed after instalment 6.
vancouver,masters,Master's,https://vancouver.calendar.ubc.ca/fees/tuition-fees/graduate/masters,Specialized Master's Degree Program,[],Master of Education (Adult Learning and Global Change),note,Instalments per year 3
vancouver,masters,Master's,https://vancouver.calendar.ubc.ca/fees/tuition-fees/graduate/masters,Specialized Master's Degree Program,[],Master of Education (Adult Learning and Global Change),note,Minimum # of instalments for program 6
vancouver,masters,Master's,https://vancouver.calendar.ubc.ca/fees/tuition-fees/graduate/masters,Specialized Master's Degree Program,[],Master of Education (Adult Learning and Global Change),divider,Program entry year
vancouver,masters,Master's,https://vancouver.calendar.ubc.ca/fees/tuition-fees/graduate/masters,Specialized Master's Degree Program,[],Master of Education (Adult Learning and Global Change),divider,Note: Continuing fee is assessed after instalment 6.
vancouver,masters,Master's,https://vancouver.calendar.ubc.ca/fees/tuition-fees/graduate/masters,Specialized Master's Degree Program,[],Master of Education (Counselling Psychology) (program on-campus),note,Instalments per year 3
vancouver,masters,Master's,https://vancouver.calendar.ubc.ca/fees/tuition-fees/graduate/masters,Specialized Master's Degree Program,[],Master of Education (Counselling Psychology) (program on-campus),note,Minimum # of instalments for program 3
vancouver,masters,Master's,https://vancouver.calendar.ubc.ca/fees/tuition-fees/graduate/masters,Specialized Master's Degree Program,[],Master of Education (Counselling Psychology) (program on-campus),divider,Program entry year
vancouver,masters,Master's,https://vancouver.calendar.ubc.ca/fees/tuition-fees/graduate/masters,Specialized Master's Degree Program,[],Master of Education (Counselling Psychology) (program on-campus),divider,Note: Continuing fee is assessed after instalment 6.
vancouver,masters,Master's,https://vancouver.calendar.ubc.ca/fees/tuition-fees/graduate/masters,Specialized Master's Degree Program,[],Master of Education (program off-campus),divider,Program entry year
vancouver,masters,Master's,https://vancouver.calendar.ubc.ca/fees/tuition-fees/graduate/masters,Specialized Master's Degree Program,[],Master of Education (program off-campus),note,Note: Continuing fee is assessed after minimum # of instalments for the program. Per instalment rate for ‘3 minimum instalments’ is offered to students enrolled from affiliate institutions only.
vancouver,masters,Master's,https://vancouver.calendar.ubc.ca/fees/tuition-fees/graduate/masters,Specialized Master's Degree Program,[],Master of Education (program off-campus),note,1Students with transferable Graduate Certificate pay 6 minimum instalments and continuing fee is assessed after instalment 6.
vancouver,masters,Master's,https://vancouver.calendar.ubc.ca/fees/tuition-fees/graduate/masters,Specialized Master's Degree Program,[],Master of Educational Technology,divider,Program entry year
vancouver,masters,Master's,https://vancouver.calendar.ubc.ca/fees/tuition-fees/graduate/masters,Specialized Master's Degree Program,[],Master of Engineering (full-time),note,Instalments per year 3
vancouver,masters,Master's,https://vancouver.calendar.ubc.ca/fees/tuition-fees/graduate/masters,Specialized Master's Degree Program,[],Master of Engineering (full-time),note,Minimum # of instalments for program 3
vancouver,masters,Master's,https://vancouver.calendar.ubc.ca/fees/tuition-fees/graduate/masters,Specialized Master's Degree Program,[],Master of Engineering (full-time),divider,Program entry year
vancouver,masters,Master's,https://vancouver.calendar.ubc.ca/fees/tuition-fees/graduate/masters,Specialized Master's Degree Program,[],Master of Engineering (full-time),divider,Note: Continuing fee is assessed after instalment 6.
vancouver,masters,Master's,https://vancouver.calendar.ubc.ca/fees/tuition-fees/graduate/masters,Specialized Master's Degree Program,[],Master of Engineering (part-time),note,Instalments per year 3
vancouver,masters,Master's,https://vancouver.calendar.ubc.ca/fees/tuition-fees/graduate/masters,Specialized Master's Degree Program,[],Master of Engineering (part-time),note,Minimum # of instalments for program 9
vancouver,masters,Master's,https://vancouver.calendar.ubc.ca/fees/tuition-fees/graduate/masters,Specialized Master's Degree Program,[],Master of Engineering (part-time),divider,Note: Continuing fee is assessed after instalment 9.
vancouver,masters,Master's,https://vancouver.calendar.ubc.ca/fees/tuition-fees/graduate/masters,Specialized Master's Degree Program,[],Master of Engineering in Clean Energy Engineering (full-time),note,Instalments per year 3
vancouver,masters,Master's,https://vancouver.calendar.ubc.ca/fees/tuition-fees/graduate/masters,Specialized Master's Degree Program,[],Master of Engineering in Clean Energy Engineering (full-time),note,Minimum # of instalments for program 3
vancouver,masters,Master's,https://vancouver.calendar.ubc.ca/fees/tuition-fees/graduate/masters,Specialized Master's Degree Program,[],Master of Engineering in Clean Energy Engineering (full-time),divider,Program entry year
vancouver,masters,Master's,https://vancouver.calendar.ubc.ca/fees/tuition-fees/graduate/masters,Specialized Master's Degree Program,[],Master of Engineering in Clean Energy Engineering (full-time),divider,Note: Continuing fee is assessed after instalment 6.
vancouver,masters,Master's,https://vancouver.calendar.ubc.ca/fees/tuition-fees/graduate/masters,Specialized Master's Degree Program,[],Master of Engineering in Naval Architecture and Marine Engineering (full-time),note,Instalments per year 3
vancouver,masters,Master's,https://vancouver.calendar.ubc.ca/fees/tuition-fees/graduate/masters,Specialized Master's Degree Program,[],Master of Engineering in Naval Architecture and Marine Engineering (full-time),note,Minimum # of instalments for program 3
vancouver,masters,Master's,https://vancouver.calendar.ubc.ca/fees/tuition-fees/graduate/masters,Specialized Master's Degree Program,[],Master of Engineering in Naval Architecture and Marine Engineering (full-time),divider,Program entry year
vancouver,masters,Master's,https://vancouver.calendar.ubc.ca/fees/tuition-fees/graduate/masters,Specialized Master's Degree Program,[],Master of Engineering in Naval Architecture and Marine Engineering (full-time),divider,Note: Continuing fee is assessed after instalment 3.
vancouver,masters,Master's,https://vancouver.calendar.ubc.ca/fees/tuition-fees/graduate/masters,Specialized Master's Degree Program,[],Master of Engineering Leadership (full-time),note,Instalments per year 3
vancouver,masters,Master's,https://vancouver.calendar.ubc.ca/fees/tuition-fees/graduate/masters,Specialized Master's Degree Program,[],Master of Engineering Leadership (full-time),note,Minimum # of instalments for program 3
vancouver,masters,Master's,https://vancouver.calendar.ubc.ca/fees/tuition-fees/graduate/masters,Specialized Master's Degree Program,[],Master of Engineering Leadership (full-time),divider,Program entry year
vancouver,masters,Master's,https://vancouver.calendar.ubc.ca/fees/tuition-fees/graduate/masters,Specialized Master's Degree Program,[],Master of Engineering Leadership (full-time),divider,Note: Continuing fee is assessed after instalment 3.
vancouver,masters,Master's,https://vancouver.calendar.ubc.ca/fees/tuition-fees/graduate/masters,Specialized Master's Degree Program,[],Master of Engineering Leadership (part-time),note,Instalments per year 3
vancouver,masters,Master's,https://vancouver.calendar.ubc.ca/fees/tuition-fees/graduate/masters,Specialized Master's Degree Program,[],Master of Engineering Leadership (part-time),note,Minimum # of instalments for program 6
vancouver,masters,Master's,https://vancouver.calendar.ubc.ca/fees/tuition-fees/graduate/masters,Specialized Master's Degree Program,[],Master of Engineering Leadership (part-time),divider,Program entry year
vancouver,masters,Master's,https://vancouver.calendar.ubc.ca/fees/tuition-fees/graduate/masters,Specialized Master's Degree Program,[],Master of Engineering Leadership (part-time),divider,Note: Continuing fee is assessed after instalment 6.
vancouver,masters,Master's,https://vancouver.calendar.ubc.ca/fees/tuition-fees/graduate/masters,Specialized Master's Degree Program,[],Master of Fine Arts in Creative Writing (Distance Education),divider,Program entry year
vancouver,masters,Master's,https://vancouver.calendar.ubc.ca/fees/tuition-fees/graduate/masters,Specialized Master's Degree Program,[],Master of Food and Resource Economics,note,Instalments per year 3
vancouver,masters,Master's,https://vancouver.calendar.ubc.ca/fees/tuition-fees/graduate/masters,Specialized Master's Degree Program,[],Master of Food and Resource Economics,note,Minimum # of instalments for program 3
vancouver,masters,Master's,https://vancouver.calendar.ubc.ca/fees/tuition-fees/graduate/masters,Specialized Master's Degree Program,[],Master of Food and Resource Economics,divider,Program entry year
vancouver,masters,Master's,https://vancouver.calendar.ubc.ca/fees/tuition-fees/graduate/masters,Specialized Master's Degree Program,[],Master of Food and Resource Economics,divider,Note: Continuing fee is assessed after instalment 3.
vancouver,masters,Master's,https://vancouver.calendar.ubc.ca/fees/tuition-fees/graduate/masters,Specialized Master's Degree Program,[],Master of Food Science,note,Instalments per year 3
vancouver,masters,Master's,https://vancouver.calendar.ubc.ca/fees/tuition-fees/graduate/masters,Specialized Master's Degree Program,[],Master of Food Science,note,Minimum # of instalments for program 3
vancouver,masters,Master's,https://vancouver.calendar.ubc.ca/fees/tuition-fees/graduate/masters,Specialized Master's Degree Program,[],Master of Food Science,divider,Program entry year
vancouver,masters,Master's,https://vancouver.calendar.ubc.ca/fees/tuition-fees/graduate/masters,Specialized Master's Degree Program,[],Master of Food Science,divider,Note: Continuing fee is assessed after instalment 3.
vancouver,masters,Master's,https://vancouver.calendar.ubc.ca/fees/tuition-fees/graduate/masters,Specialized Master's Degree Program,[],Master of Geomatics for Environmental Management,note,Instalments per year 3
vancouver,masters,Master's,https://vancouver.calendar.ubc.ca/fees/tuition-fees/graduate/masters,Specialized Master's Degree Program,[],Master of Geomatics for Environmental Management,note,Minimum # of instalments for program 3
vancouver,masters,Master's,https://vancouver.calendar.ubc.ca/fees/tuition-fees/graduate/masters,Specialized Master's Degree Program,[],Master of Geomatics for Environmental Management,divider,Program entry year
vancouver,masters,Master's,https://vancouver.calendar.ubc.ca/fees/tuition-fees/graduate/masters,Specialized Master's Degree Program,[],Master of Geomatics for Environmental Management,divider,Note: Continuing fee is assessed after instalment 3.
vancouver,masters,Master's,https://vancouver.calendar.ubc.ca/fees/tuition-fees/graduate/masters,Specialized Master's Degree Program,[],Master of Global Health,note,Instalments per year 3
vancouver,masters,Master's,https://vancouver.calendar.ubc.ca/fees/tuition-fees/graduate/masters,Specialized Master's Degree Program,[],Master of Global Health,note,Minimum # of instalments for program 5
vancouver,masters,Master's,https://vancouver.calendar.ubc.ca/fees/tuition-fees/graduate/masters,Specialized Master's Degree Program,[],Master of Global Health,divider,Program entry year
vancouver,masters,Master's,https://vancouver.calendar.ubc.ca/fees/tuition-fees/graduate/masters,Specialized Master's Degree Program,[],Master of Global Health,divider,Note: Continuing fee is assessed after instalment 5.
vancouver,masters,Master's,https://vancouver.calendar.ubc.ca/fees/tuition-fees/graduate/masters,Specialized Master's Degree Program,[],Master of Global Health (part time),note,Instalments per year 3
vancouver,masters,Master's,https://vancouver.calendar.ubc.ca/fees/tuition-fees/graduate/masters,Specialized Master's Degree Program,[],Master of Global Health (part time),note,Minimum # of instalments for program 10
vancouver,masters,Master's,https://vancouver.calendar.ubc.ca/fees/tuition-fees/graduate/masters,Specialized Master's Degree Program,[],Master of Global Health (part time),divider,Program entry year
vancouver,masters,Master's,https://vancouver.calendar.ubc.ca/fees/tuition-fees/graduate/masters,Specialized Master's Degree Program,[],Master of Global Health (part time),divider,Note: Continuing fee is assessed after instalment 10.
vancouver,masters,Master's,https://vancouver.calendar.ubc.ca/fees/tuition-fees/graduate/masters,Specialized Master's Degree Program,[],Master of Global Surgical Care,note,Instalments per year 3
vancouver,masters,Master's,https://vancouver.calendar.ubc.ca/fees/tuition-fees/graduate/masters,Specialized Master's Degree Program,[],Master of Global Surgical Care,note,Minimum # of instalments for program 6
vancouver,masters,Master's,https://vancouver.calendar.ubc.ca/fees/tuition-fees/graduate/masters,Specialized Master's Degree Program,[],Master of Global Surgical Care,divider,Program entry year
vancouver,masters,Master's,https://vancouver.calendar.ubc.ca/fees/tuition-fees/graduate/masters,Specialized Master's Degree Program,[],Master of Global Surgical Care,divider,Note: Continuing fee is assessed after instalment 6.
vancouver,masters,Master's,https://vancouver.calendar.ubc.ca/fees/tuition-fees/graduate/masters,Specialized Master's Degree Program,[],Master of Health Administration,note,Instalments per year 3
vancouver,masters,Master's,https://vancouver.calendar.ubc.ca/fees/tuition-fees/graduate/masters,Specialized Master's Degree Program,[],Master of Health Administration,note,Minimum # of instalments for program 6
vancouver,masters,Master's,https://vancouver.calendar.ubc.ca/fees/tuition-fees/graduate/masters,Specialized Master's Degree Program,[],Master of Health Administration,divider,Program entry year
vancouver,masters,Master's,https://vancouver.calendar.ubc.ca/fees/tuition-fees/graduate/masters,Specialized Master's Degree Program,[],Master of Health Administration,divider,Note: Continuing fee is assessed after instalment 6.
vancouver,masters,Master's,https://vancouver.calendar.ubc.ca/fees/tuition-fees/graduate/masters,Specialized Master's Degree Program,[],Master of Health Leadership and Policy (full-time),note,Instalments per year 3
vancouver,masters,Master's,https://vancouver.calendar.ubc.ca/fees/tuition-fees/graduate/masters,Specialized Master's Degree Program,[],Master of Health Leadership and Policy (full-time),note,Minimum # of instalments for program 3
vancouver,masters,Master's,https://vancouver.calendar.ubc.ca/fees/tuition-fees/graduate/masters,Specialized Master's Degree Program,[],Master of Health Leadership and Policy (full-time),divider,Program entry year
vancouver,masters,Master's,https://vancouver.calendar.ubc.ca/fees/tuition-fees/graduate/masters,Specialized Master's Degree Program,[],Master of Health Leadership and Policy (full-time),divider,Note: Continuing fee is assessed after instalment 3
vancouver,masters,Master's,https://vancouver.calendar.ubc.ca/fees/tuition-fees/graduate/masters,Specialized Master's Degree Program,[],Master of Health Leadership and Policy (part-time),note,Instalments per year 3
vancouver,masters,Master's,https://vancouver.calendar.ubc.ca/fees/tuition-fees/graduate/masters,Specialized Master's Degree Program,[],Master of Health Leadership and Policy (part-time),note,Minimum # of instalments for program 6
vancouver,masters,Master's,https://vancouver.calendar.ubc.ca/fees/tuition-fees/graduate/masters,Specialized Master's Degree Program,[],Master of Health Leadership and Policy (part-time),divider,Program entry year
vancouver,masters,Master's,https://vancouver.calendar.ubc.ca/fees/tuition-fees/graduate/masters,Specialized Master's Degree Program,[],Master of Health Leadership and Policy (part-time),divider,Note: Continuing fee is assessed after instalment 6.
vancouver,masters,Master's,https://vancouver.calendar.ubc.ca/fees/tuition-fees/graduate/masters,Specialized Master's Degree Program,[],Master of Health Science,note,Instalments per year 3
vancouver,masters,Master's,https://vancouver.calendar.ubc.ca/fees/tuition-fees/graduate/masters,Specialized Master's Degree Program,[],Master of Health Science,note,Minimum # of instalments for program 3
vancouver,masters,Master's,https://vancouver.calendar.ubc.ca/fees/tuition-fees/graduate/masters,Specialized Master's Degree Program,[],Master of Health Science,divider,Program entry year
vancouver,masters,Master's,https://vancouver.calendar.ubc.ca/fees/tuition-fees/graduate/masters,Specialized Master's Degree Program,[],Master of Health Science,divider,Note: Continuing fee is assessed after instalment 6.
vancouver,masters,Master's,https://vancouver.calendar.ubc.ca/fees/tuition-fees/graduate/masters,Specialized Master's Degree Program,[],Master of High Performance Coaching and Technical Leadership with Transferable Graduate Certificate,note,Instalments per year 3
vancouver,masters,Master's,https://vancouver.calendar.ubc.ca/fees/tuition-fees/graduate/masters,Specialized Master's Degree Program,[],Master of High Performance Coaching and Technical Leadership with Transferable Graduate Certificate,note,Minimum # of instalments for program 6
vancouver,masters,Master's,https://vancouver.calendar.ubc.ca/fees/tuition-fees/graduate/masters,Specialized Master's Degree Program,[],Master of High Performance Coaching and Technical Leadership with Transferable Graduate Certificate,divider,Program entry year
vancouver,masters,Master's,https://vancouver.calendar.ubc.ca/fees/tuition-fees/graduate/masters,Specialized Master's Degree Program,[],Master of High Performance Coaching and Technical Leadership with Transferable Graduate Certificate,divider,Note: Continuing fee is assessed after instalment 6.
vancouver,masters,Master's,https://vancouver.calendar.ubc.ca/fees/tuition-fees/graduate/masters,Specialized Master's Degree Program,[],Master of International Forestry,note,Instalments per year 3
vancouver,masters,Master's,https://vancouver.calendar.ubc.ca/fees/tuition-fees/graduate/masters,Specialized Master's Degree Program,[],Master of International Forestry,note,Minimum # of instalments for program 3
vancouver,masters,Master's,https://vancouver.calendar.ubc.ca/fees/tuition-fees/graduate/masters,Specialized Master's Degree Program,[],Master of International Forestry,note,Program entry year Domestic fee per instalment Domestic continuing fee per instalment International fee per instalment International continuing fee per instalment
vancouver,masters,Master's,https://vancouver.calendar.ubc.ca/fees/tuition-fees/graduate/masters,Specialized Master's Degree Program,[],Master of International Forestry,divider,Note: Continuing fee is assessed after instalment 3.
vancouver,masters,Master's,https://vancouver.calendar.ubc.ca/fees/tuition-fees/graduate/masters,Specialized Master's Degree Program,[],Master of Journalism,note,Instalments per year 3
vancouver,masters,Master's,https://vancouver.calendar.ubc.ca/fees/tuition-fees/graduate/masters,Specialized Master's Degree Program,[],Master of Journalism,note,Minimum # of instalments for program 5
vancouver,masters,Master's,https://vancouver.calendar.ubc.ca/fees/tuition-fees/graduate/masters,Specialized Master's Degree Program,[],Master of Journalism,divider,Program entry year
vancouver,masters,Master's,https://vancouver.calendar.ubc.ca/fees/tuition-fees/graduate/masters,Specialized Master's Degree Program,[],Master of Journalism,divider,Note: Continuing fee is assessed after instalment 5.
vancouver,masters,Master's,https://vancouver.calendar.ubc.ca/fees/tuition-fees/graduate/masters,Specialized Master's Degree Program,[],Master of Kinesiology (full-time),note,Instalments per year 3
vancouver,masters,Master's,https://vancouver.calendar.ubc.ca/fees/tuition-fees/graduate/masters,Specialized Master's Degree Program,[],Master of Kinesiology (full-time),note,Minimum # of instalments for program 3
vancouver,masters,Master's,https://vancouver.calendar.ubc.ca/fees/tuition-fees/graduate/masters,Specialized Master's Degree Program,[],Master of Kinesiology (full-time),divider,Program entry year
vancouver,masters,Master's,https://vancouver.calendar.ubc.ca/fees/tuition-fees/graduate/masters,Specialized Master's Degree Program,[],Master of Kinesiology (full-time),divider,Note: Continuing fee is assessed after instalment 6.
vancouver,masters,Master's,https://vancouver.calendar.ubc.ca/fees/tuition-fees/graduate/masters,Specialized Master's Degree Program,[],Master of Kinesiology (part-time),note,Instalments per year 3
vancouver,masters,Master's,https://vancouver.calendar.ubc.ca/fees/tuition-fees/graduate/masters,Specialized Master's Degree Program,[],Master of Kinesiology (part-time),note,Minimum # of instalments for program 9
vancouver,masters,Master's,https://vancouver.calendar.ubc.ca/fees/tuition-fees/graduate/masters,Specialized Master's Degree Program,[],Master of Kinesiology (part-time),divider,Note: Continuing fee is assessed after instalment 9.
vancouver,masters,Master's,https://vancouver.calendar.ubc.ca/fees/tuition-fees/graduate/masters,Specialized Master's Degree Program,[],Master of Land and Water Systems,note,Instalments per year 3
vancouver,masters,Master's,https://vancouver.calendar.ubc.ca/fees/tuition-fees/graduate/masters,Specialized Master's Degree Program,[],Master of Land and Water Systems,note,Minimum # of instalments for program 3
vancouver,masters,Master's,https://vancouver.calendar.ubc.ca/fees/tuition-fees/graduate/masters,Specialized Master's Degree Program,[],Master of Land and Water Systems,divider,Program entry year
vancouver,masters,Master's,https://vancouver.calendar.ubc.ca/fees/tuition-fees/graduate/masters,Specialized Master's Degree Program,[],Master of Land and Water Systems,note,Note: Continuing fee is assessed after instalment 3. Contact the Master of Land and Water System Program for more details.
vancouver,masters,Master's,https://vancouver.calendar.ubc.ca/fees/tuition-fees/graduate/masters,Specialized Master's Degree Program,[],Master of Landscape Architecture,note,Instalments per year 3
vancouver,masters,Master's,https://vancouver.calendar.ubc.ca/fees/tuition-fees/graduate/masters,Specialized Master's Degree Program,[],Master of Landscape Architecture,note,Minimum # of instalments for program 5
vancouver,masters,Master's,https://vancouver.calendar.ubc.ca/fees/tuition-fees/graduate/masters,Specialized Master's Degree Program,[],Master of Landscape Architecture,divider,Program entry year
vancouver,masters,Master's,https://vancouver.calendar.ubc.ca/fees/tuition-fees/graduate/masters,Specialized Master's Degree Program,[],Master of Landscape Architecture,divider,Note: Continuing fee is assessed after instalment 9.
vancouver,masters,Master's,https://vancouver.calendar.ubc.ca/fees/tuition-fees/graduate/masters,Specialized Master's Degree Program,[],Master of Laws in Common Law,divider,Program entry year
vancouver,masters,Master's,https://vancouver.calendar.ubc.ca/fees/tuition-fees/graduate/masters,Specialized Master's Degree Program,[],Master of Laws in Taxation,divider,Program entry year
vancouver,masters,Master's,https://vancouver.calendar.ubc.ca/fees/tuition-fees/graduate/masters,Specialized Master's Degree Program,[],Master of Management,note,Instalments per year 3
vancouver,masters,Master's,https://vancouver.calendar.ubc.ca/fees/tuition-fees/graduate/masters,Specialized Master's Degree Program,[],Master of Management,note,Minimum # of instalments for program 3
vancouver,masters,Master's,https://vancouver.calendar.ubc.ca/fees/tuition-fees/graduate/masters,Specialized Master's Degree Program,[],Master of Management,divider,Program entry year
vancouver,masters,Master's,https://vancouver.calendar.ubc.ca/fees/tuition-fees/graduate/masters,Specialized Master's Degree Program,[],Master of Management,divider,Note: Continuing fee is assessed after instalment 3.
vancouver,masters,Master's,https://vancouver.calendar.ubc.ca/fees/tuition-fees/graduate/masters,Specialized Master's Degree Program,[],Master of Museum Education,note,Instalments per year 3
vancouver,masters,Master's,https://vancouver.calendar.ubc.ca/fees/tuition-fees/graduate/masters,Specialized Master's Degree Program,[],Master of Museum Education,note,Minimum # of instalments for program 7
vancouver,masters,Master's,https://vancouver.calendar.ubc.ca/fees/tuition-fees/graduate/masters,Specialized Master's Degree Program,[],Master of Museum Education,divider,Program entry year
vancouver,masters,Master's,https://vancouver.calendar.ubc.ca/fees/tuition-fees/graduate/masters,Specialized Master's Degree Program,[],Master of Museum Education,divider,Note: Continuing fee is assessed after instalment 7.
vancouver,masters,Master's,https://vancouver.calendar.ubc.ca/fees/tuition-fees/graduate/masters,Specialized Master's Degree Program,[],Master of Nursing - Nurse Practitioner,note,Instalments per year 3
vancouver,masters,Master's,https://vancouver.calendar.ubc.ca/fees/tuition-fees/graduate/masters,Specialized Master's Degree Program,[],Master of Nursing - Nurse Practitioner,note,Minimum # of instalments for program 5
vancouver,masters,Master's,https://vancouver.calendar.ubc.ca/fees/tuition-fees/graduate/masters,Specialized Master's Degree Program,[],Master of Nursing - Nurse Practitioner,divider,Program entry year
vancouver,masters,Master's,https://vancouver.calendar.ubc.ca/fees/tuition-fees/graduate/masters,Specialized Master's Degree Program,[],Master of Nursing - Nurse Practitioner,divider,Note: Continuing fee is assessed after instalment 5.
vancouver,masters,Master's,https://vancouver.calendar.ubc.ca/fees/tuition-fees/graduate/masters,Specialized Master's Degree Program,[],Master of Nutrition and Dietetics,note,Instalments per year 3
vancouver,masters,Master's,https://vancouver.calendar.ubc.ca/fees/tuition-fees/graduate/masters,Specialized Master's Degree Program,[],Master of Nutrition and Dietetics,note,Minimum # of instalments for program 7
vancouver,masters,Master's,https://vancouver.calendar.ubc.ca/fees/tuition-fees/graduate/masters,Specialized Master's Degree Program,[],Master of Nutrition and Dietetics,divider,Program entry year
vancouver,masters,Master's,https://vancouver.calendar.ubc.ca/fees/tuition-fees/graduate/masters,Specialized Master's Degree Program,[],Master of Nutrition and Dietetics,divider,Note: Continuing fee is assessed after instalment 7.
vancouver,masters,Master's,https://vancouver.calendar.ubc.ca/fees/tuition-fees/graduate/masters,Specialized Master's Degree Program,[],Master of Occupational Therapy,note,Instalments per year 3
vancouver,masters,Master's,https://vancouver.calendar.ubc.ca/fees/tuition-fees/graduate/masters,Specialized Master's Degree Program,[],Master of Occupational Therapy,note,Minimum # of instalments for program 6
vancouver,masters,Master's,https://vancouver.calendar.ubc.ca/fees/tuition-fees/graduate/masters,Specialized Master's Degree Program,[],Master of Occupational Therapy,divider,Program entry year
vancouver,masters,Master's,https://vancouver.calendar.ubc.ca/fees/tuition-fees/graduate/masters,Specialized Master's Degree Program,[],Master of Occupational Therapy,divider,Note: Continuing fee is assessed after instalment 6.
vancouver,masters,Master's,https://vancouver.calendar.ubc.ca/fees/tuition-fees/graduate/masters,Specialized Master's Degree Program,[],Master of Physical Therapy,note,Instalments per year 3
vancouver,masters,Master's,https://vancouver.calendar.ubc.ca/fees/tuition-fees/graduate/masters,Specialized Master's Degree Program,[],Master of Physical Therapy,note,Minimum # of instalments for program 7
vancouver,masters,Master's,https://vancouver.calendar.ubc.ca/fees/tuition-fees/graduate/masters,Specialized Master's Degree Program,[],Master of Physical Therapy,divider,Program entry year
vancouver,masters,Master's,https://vancouver.calendar.ubc.ca/fees/tuition-fees/graduate/masters,Specialized Master's Degree Program,[],Master of Physical Therapy,divider,Note: Continuing fee is assessed after instalment 7.
vancouver,masters,Master's,https://vancouver.calendar.ubc.ca/fees/tuition-fees/graduate/masters,Specialized Master's Degree Program,[],Master of Public Health,note,Instalments per year 3
vancouver,masters,Master's,https://vancouver.calendar.ubc.ca/fees/tuition-fees/graduate/masters,Specialized Master's Degree Program,[],Master of Public Health,note,Minimum # of instalments for program 3
vancouver,masters,Master's,https://vancouver.calendar.ubc.ca/fees/tuition-fees/graduate/masters,Specialized Master's Degree Program,[],Master of Public Health,divider,Program entry year
vancouver,masters,Master's,https://vancouver.calendar.ubc.ca/fees/tuition-fees/graduate/masters,Specialized Master's Degree Program,[],Master of Public Health,divider,Note: Continuing fee is assessed after instalment 6.
vancouver,masters,Master's,https://vancouver.calendar.ubc.ca/fees/tuition-fees/graduate/masters,Specialized Master's Degree Program,[],Master of Public Policy and Global Affairs,note,Instalments per year 3
vancouver,masters,Master's,https://vancouver.calendar.ubc.ca/fees/tuition-fees/graduate/masters,Specialized Master's Degree Program,[],Master of Public Policy and Global Affairs,note,Minimum # of instalments for program 5
vancouver,masters,Master's,https://vancouver.calendar.ubc.ca/fees/tuition-fees/graduate/masters,Specialized Master's Degree Program,[],Master of Public Policy and Global Affairs,divider,Program entry year
vancouver,masters,Master's,https://vancouver.calendar.ubc.ca/fees/tuition-fees/graduate/masters,Specialized Master's Degree Program,[],Master of Public Policy and Global Affairs,divider,Note: Continuing fee is assessed after instalment 5.
vancouver,masters,Master's,https://vancouver.calendar.ubc.ca/fees/tuition-fees/graduate/masters,Specialized Master's Degree Program,[],Master of Rehabilitation Science (Online),divider,Program entry year
vancouver,masters,Master's,https://vancouver.calendar.ubc.ca/fees/tuition-fees/graduate/masters,Specialized Master's Degree Program,[],"Master of Science, Genetic Counselling",note,Instalments per year 3
vancouver,masters,Master's,https://vancouver.calendar.ubc.ca/fees/tuition-fees/graduate/masters,Specialized Master's Degree Program,[],"Master of Science, Genetic Counselling",note,Minimum # of instalments for program 5
vancouver,masters,Master's,https://vancouver.calendar.ubc.ca/fees/tuition-fees/graduate/masters,Specialized Master's Degree Program,[],"Master of Science, Genetic Counselling",divider,Program entry year
vancouver,masters,Master's,https://vancouver.calendar.ubc.ca/fees/tuition-fees/graduate/masters,Specialized Master's Degree Program,[],"Master of Science, Genetic Counselling",divider,Note: Continuing fee is assessed after instalment 5.
vancouver,masters,Master's,https://vancouver.calendar.ubc.ca/fees/tuition-fees/graduate/masters,Specialized Master's Degree Program,[],"Master of Science, Occupational and Environmental Hygiene",note,Instalments per year 3
vancouver,masters,Master's,https://vancouver.calendar.ubc.ca/fees/tuition-fees/graduate/masters,Specialized Master's Degree Program,[],"Master of Science, Occupational and Environmental Hygiene",note,Minimum # of instalments for program 3
vancouver,masters,Master's,https://vancouver.calendar.ubc.ca/fees/tuition-fees/graduate/masters,Specialized Master's Degree Program,[],"Master of Science, Occupational and Environmental Hygiene",divider,Program entry year
vancouver,masters,Master's,https://vancouver.calendar.ubc.ca/fees/tuition-fees/graduate/masters,Specialized Master's Degree Program,[],"Master of Science, Occupational and Environmental Hygiene",divider,Note: Continuing fee is assessed after instalment 6.
vancouver,masters,Master's,https://vancouver.calendar.ubc.ca/fees/tuition-fees/graduate/masters,Specialized Master's Degree Program,[],Master of Social Work,note,Instalments per year 3
vancouver,masters,Master's,https://vancouver.calendar.ubc.ca/fees/tuition-fees/graduate/masters,Specialized Master's Degree Program,[],Master of Social Work,note,Minimum # of instalments for program 3
vancouver,masters,Master's,https://vancouver.calendar.ubc.ca/fees/tuition-fees/graduate/masters,Specialized Master's Degree Program,[],Master of Social Work,divider,Program entry year
vancouver,masters,Master's,https://vancouver.calendar.ubc.ca/fees/tuition-fees/graduate/masters,Specialized Master's Degree Program,[],Master of Social Work,divider,Note: Continuing fee is assessed after instalment 6.
vancouver,masters,Master's,https://vancouver.calendar.ubc.ca/fees/tuition-fees/graduate/masters,Specialized Master's Degree Program,[],Master of Sustainable Forest Management,note,Instalments per year 3
vancouver,masters,Master's,https://vancouver.calendar.ubc.ca/fees/tuition-fees/graduate/masters,Specialized Master's Degree Program,[],Master of Sustainable Forest Management,note,Minimum # of instalments for program 3
vancouver,masters,Master's,https://vancouver.calendar.ubc.ca/fees/tuition-fees/graduate/masters,Specialized Master's Degree Program,[],Master of Sustainable Forest Management,divider,Program entry year
vancouver,masters,Master's,https://vancouver.calendar.ubc.ca/fees/tuition-fees/graduate/masters,Specialized Master's Degree Program,[],Master of Sustainable Forest Management,divider,Note: Continuing fee is assessed after instalment 3.
vancouver,masters,Master's,https://vancouver.calendar.ubc.ca/fees/tuition-fees/graduate/masters,Specialized Master's Degree Program,[],Master of Urban Design,note,Instalments per year 3
vancouver,masters,Master's,https://vancouver.calendar.ubc.ca/fees/tuition-fees/graduate/masters,Specialized Master's Degree Program,[],Master of Urban Design,note,Minimum # of instalments for program 3
vancouver,masters,Master's,https://vancouver.calendar.ubc.ca/fees/tuition-fees/graduate/masters,Specialized Master's Degree Program,[],Master of Urban Design,divider,Program entry year
vancouver,masters,Master's,https://vancouver.calendar.ubc.ca/fees/tuition-fees/graduate/masters,Specialized Master's Degree Program,[],Master of Urban Design,divider,Note: Continuing fee is assessed after instalment 6.
vancouver,masters,Master's,https://vancouver.calendar.ubc.ca/fees/tuition-fees/graduate/masters,Specialized Master's Degree Program,[],Master of Urban Forestry Leadership,note,Instalments per year 3
vancouver,masters,Master's,https://vancouver.calendar.ubc.ca/fees/tuition-fees/graduate/masters,Specialized Master's Degree Program,[],Master of Urban Forestry Leadership,note,Minimum # of instalments for program 4
vancouver,masters,Master's,https://vancouver.calendar.ubc.ca/fees/tuition-fees/graduate/masters,Specialized Master's Degree Program,[],Master of Urban Forestry Leadership,divider,Program entry year
vancouver,masters,Master's,https://vancouver.calendar.ubc.ca/fees/tuition-fees/graduate/masters,Specialized Master's Degree Program,[],Master of Urban Forestry Leadership,divider,Note: Continuing fee is assessed after instalment 4.
vancouver,masters,Master's,https://vancouver.calendar.ubc.ca/fees/tuition-fees/graduate/masters,Specialized Master's Degree Program,[],Master of Urban Forestry Leadership (part-time),note,Instalments per year 3
vancouver,masters,Master's,https://vancouver.calendar.ubc.ca/fees/tuition-fees/graduate/masters,Specialized Master's Degree Program,[],Master of Urban Forestry Leadership (part-time),note,Minimum # of instalments for program 8
vancouver,masters,Master's,https://vancouver.calendar.ubc.ca/fees/tuition-fees/graduate/masters,Specialized Master's Degree Program,[],Master of Urban Forestry Leadership (part-time),divider,Program entry year
vancouver,masters,Master's,https://vancouver.calendar.ubc.ca/fees/tuition-fees/graduate/masters,Specialized Master's Degree Program,[],Master of Urban Forestry Leadership (part-time),divider,Note: Continuing fee is assessed after instalment 8.
vancouver,masters,Master's,https://vancouver.calendar.ubc.ca/fees/tuition-fees/graduate/masters,Specialized Master's Degree Program,[],Dual Master of Business Administration/Juris Doctor,note,Instalments per year 3
vancouver,masters,Master's,https://vancouver.calendar.ubc.ca/fees/tuition-fees/graduate/masters,Specialized Master's Degree Program,[],Dual Master of Business Administration/Juris Doctor,note,Minimum # of instalments for program 11
vancouver,masters,Master's,https://vancouver.calendar.ubc.ca/fees/tuition-fees/graduate/masters,Specialized Master's Degree Program,[],Dual Master of Business Administration/Juris Doctor,divider,Program entry year
vancouver,masters,Master's,https://vancouver.calendar.ubc.ca/fees/tuition-fees/graduate/masters,Specialized Master's Degree Program,[],Dual Master of Business Administration/Juris Doctor,divider,Note: Continuing fee is assessed after instalment 11.
vancouver,masters,Master's,https://vancouver.calendar.ubc.ca/fees/tuition-fees/graduate/masters,Specialized Master's Degree Program,[],Dual Master of Business Administration/Juris Doctor (transfer from first year in Juris Doctor),note,Instalments per year 3
vancouver,masters,Master's,https://vancouver.calendar.ubc.ca/fees/tuition-fees/graduate/masters,Specialized Master's Degree Program,[],Dual Master of Business Administration/Juris Doctor (transfer from first year in Juris Doctor),note,Minimum # of instalments for program 8
vancouver,masters,Master's,https://vancouver.calendar.ubc.ca/fees/tuition-fees/graduate/masters,Specialized Master's Degree Program,[],Dual Master of Business Administration/Juris Doctor (transfer from first year in Juris Doctor),divider,Program entry year
vancouver,masters,Master's,https://vancouver.calendar.ubc.ca/fees/tuition-fees/graduate/masters,Specialized Master's Degree Program,[],Dual Master of Business Administration/Juris Doctor (transfer from first year in Juris Doctor),divider,Note: Continuing fee is assessed after instalment 8.
vancouver,masters,Master's,https://vancouver.calendar.ubc.ca/fees/tuition-fees/graduate/masters,Specialized Master's Degree Program,[],Dual Master of Architecture and Master of Landscape Architecture,note,Instalments per year 3
vancouver,masters,Master's,https://vancouver.calendar.ubc.ca/fees/tuition-fees/graduate/masters,Specialized Master's Degree Program,[],Dual Master of Architecture and Master of Landscape Architecture,note,Minimum # of instalments for program 8
vancouver,masters,Master's,https://vancouver.calendar.ubc.ca/fees/tuition-fees/graduate/masters,Specialized Master's Degree Program,[],Dual Master of Architecture and Master of Landscape Architecture,divider,Program entry year
vancouver,masters,Master's,https://vancouver.calendar.ubc.ca/fees/tuition-fees/graduate/masters,Specialized Master's Degree Program,[],Dual Master of Architecture and Master of Landscape Architecture,divider,Note: Continuing fee is assessed after instalment 12.
vancouver,masters,Master's,https://vancouver.calendar.ubc.ca/fees/tuition-fees/graduate/masters,Specialized Master's Degree Program,[],Combined Master of Public Health/Master of Science in Nursing Dual Degree Program Option,note,Instalments per year 3
vancouver,masters,Master's,https://vancouver.calendar.ubc.ca/fees/tuition-fees/graduate/masters,Specialized Master's Degree Program,[],Combined Master of Public Health/Master of Science in Nursing Dual Degree Program Option,note,Minimum # of instalments for program 6
vancouver,masters,Master's,https://vancouver.calendar.ubc.ca/fees/tuition-fees/graduate/masters,Specialized Master's Degree Program,[],Combined Master of Public Health/Master of Science in Nursing Dual Degree Program Option,divider,Program entry year
vancouver,masters,Master's,https://vancouver.calendar.ubc.ca/fees/tuition-fees/graduate/masters,Specialized Master's Degree Program,[],Combined Master of Public Health/Master of Science in Nursing Dual Degree Program Option,note,Note: Continuing fee is assessed after instalment 6. Assessed fee is the combined fee for Master of Public Health (MPH) and Master of Science in Nursing (MSN).
vancouver,masters,Master's,https://vancouver.calendar.ubc.ca/fees/tuition-fees/graduate/masters,Specialized Master's Degree Program,[],Combined Master of Public Health/Diploma in Dental Public Health,note,Instalments per year 3
vancouver,masters,Master's,https://vancouver.calendar.ubc.ca/fees/tuition-fees/graduate/masters,Specialized Master's Degree Program,[],Combined Master of Public Health/Diploma in Dental Public Health,note,Minimum # of instalments for program 7
vancouver,masters,Master's,https://vancouver.calendar.ubc.ca/fees/tuition-fees/graduate/masters,Specialized Master's Degree Program,[],Combined Master of Public Health/Diploma in Dental Public Health,divider,Program entry year
vancouver,masters,Master's,https://vancouver.calendar.ubc.ca/fees/tuition-fees/graduate/masters,Specialized Master's Degree Program,[],Combined Master of Public Health/Diploma in Dental Public Health,divider,Note: Continuing fee is assessed after instalment 7.
vancouver,masters,Master's,https://vancouver.calendar.ubc.ca/fees/tuition-fees/graduate/masters,Specialized Master's Degree Program,[],Combined Master of Science in Craniofacial Science/Diploma in Periodontics,note,Instalments per year 3
vancouver,masters,Master's,https://vancouver.calendar.ubc.ca/fees/tuition-fees/graduate/masters,Specialized Master's Degree Program,[],Combined Master of Science in Craniofacial Science/Diploma in Periodontics,note,Minimum # of instalments for program 9
vancouver,masters,Master's,https://vancouver.calendar.ubc.ca/fees/tuition-fees/graduate/masters,Specialized Master's Degree Program,[],Combined Master of Science in Craniofacial Science/Diploma in Periodontics,divider,Program entry year
vancouver,masters,Master's,https://vancouver.calendar.ubc.ca/fees/tuition-fees/graduate/masters,Specialized Master's Degree Program,[],Combined Master of Science in Craniofacial Science/Diploma in Periodontics,divider,Note: Continuing fee is assessed after instalment 9.
vancouver,masters,Master's,https://vancouver.calendar.ubc.ca/fees/tuition-fees/graduate/masters,Specialized Master's Degree Program,[],Combined Master of Science in Craniofacial Science/Diploma in Endodontics,note,Instalments per year 3
vancouver,masters,Master's,https://vancouver.calendar.ubc.ca/fees/tuition-fees/graduate/masters,Specialized Master's Degree Program,[],Combined Master of Science in Craniofacial Science/Diploma in Endodontics,note,Minimum # of instalments for program 9
vancouver,masters,Master's,https://vancouver.calendar.ubc.ca/fees/tuition-fees/graduate/masters,Specialized Master's Degree Program,[],Combined Master of Science in Craniofacial Science/Diploma in Endodontics,divider,Program entry year
vancouver,masters,Master's,https://vancouver.calendar.ubc.ca/fees/tuition-fees/graduate/masters,Specialized Master's Degree Program,[],Combined Master of Science in Craniofacial Science/Diploma in Endodontics,divider,Note: Continuing fee is assessed after instalment 9.
vancouver,masters,Master's,https://vancouver.calendar.ubc.ca/fees/tuition-fees/graduate/masters,Specialized Master's Degree Program,[],Combined Master of Science in Craniofacial Science/Diploma in Orthodontics,note,Instalments per year 3
vancouver,masters,Master's,https://vancouver.calendar.ubc.ca/fees/tuition-fees/graduate/masters,Specialized Master's Degree Program,[],Combined Master of Science in Craniofacial Science/Diploma in Orthodontics,note,Minimum # of instalments for program 9
vancouver,masters,Master's,https://vancouver.calendar.ubc.ca/fees/tuition-fees/graduate/masters,Specialized Master's Degree Program,[],Combined Master of Science in Craniofacial Science/Diploma in Orthodontics,divider,Program entry year
vancouver,masters,Master's,https://vancouver.calendar.ubc.ca/fees/tuition-fees/graduate/masters,Specialized Master's Degree Program,[],Combined Master of Science in Craniofacial Science/Diploma in Orthodontics,divider,Note: Continuing fee is assessed after instalment 9.
vancouver,masters,Master's,https://vancouver.calendar.ubc.ca/fees/tuition-fees/graduate/masters,Specialized Master's Degree Program,[],Combined Master of Science in Craniofacial Science/Diploma in Pediatric Dentistry,note,Instalments per year 3
vancouver,masters,Master's,https://vancouver.calendar.ubc.ca/fees/tuition-fees/graduate/masters,Specialized Master's Degree Program,[],Combined Master of Science in Craniofacial Science/Diploma in Pediatric Dentistry,note,Minimum # of instalments for program 9
vancouver,masters,Master's,https://vancouver.calendar.ubc.ca/fees/tuition-fees/graduate/masters,Specialized Master's Degree Program,[],Combined Master of Science in Craniofacial Science/Diploma in Pediatric Dentistry,divider,Program entry year
vancouver,masters,Master's,https://vancouver.calendar.ubc.ca/fees/tuition-fees/graduate/masters,Specialized Master's Degree Program,[],Combined Master of Science in Craniofacial Science/Diploma in Pediatric Dentistry,divider,Note: Continuing fee is assessed after instalment 9.
vancouver,masters,Master's,https://vancouver.calendar.ubc.ca/fees/tuition-fees/graduate/masters,Specialized Master's Degree Program,[],Combined Master of Science in Craniofacial Science/Diploma in Prosthodontics,note,Instalments per year 3
vancouver,masters,Master's,https://vancouver.calendar.ubc.ca/fees/tuition-fees/graduate/masters,Specialized Master's Degree Program,[],Combined Master of Science in Craniofacial Science/Diploma in Prosthodontics,note,Minimum # of instalments for program 9
vancouver,masters,Master's,https://vancouver.calendar.ubc.ca/fees/tuition-fees/graduate/masters,Specialized Master's Degree Program,[],Combined Master of Science in Craniofacial Science/Diploma in Prosthodontics,divider,Program entry year
vancouver,masters,Master's,https://vancouver.calendar.ubc.ca/fees/tuition-fees/graduate/masters,Specialized Master's Degree Program,[],Combined Master of Science in Craniofacial Science/Diploma in Prosthodontics,divider,Note: Continuing fee is assessed after instalment 9.
vancouver,masters,Master's,https://vancouver.calendar.ubc.ca/fees/tuition-fees/graduate/masters,Standard Master's Degree Programs 15544-Standard-Masters-Degree,[],,note,"1 If a degree program is not completed by a set number of instalments or a minimum program fee, the assessments will then switch to a Continuing fee. The Schedule A Continuing fee is assessed after instalment 6. The Schedule B Continuing fee is assessed after instalment 9."
vancouver,masters,Master's,https://vancouver.calendar.ubc.ca/fees/tuition-fees/graduate/masters,Standard Master's Degree Programs 15544-Standard-Masters-Degree,[],,note,"2 If a master's degree (both standard and specialized) is not awarded within a period of five years from the initial registration, a student may be granted an extension with permission from the Faculty of Graduate and Postdoctoral Studies. A master’s degree (standard) will be charged the extension fee."
vancouver,masters,Master's,https://vancouver.calendar.ubc.ca/fees/tuition-fees/graduate/masters,Standard Master's Degree Programs 15544-Standard-Masters-Degree,[],,note,3 International tuition rates remain the same until degree completion.
vancouver,,Refund of Tuition Fees,https://vancouver.calendar.ubc.ca/fees/tuition-fees/refund-tuition-fees,Winter Session Term 1 / Term 2 / Two-term / Summer Session1,[],On or before last day to drop without W standing,note,On or before last day to drop without W standing 100% of the fee for credits dropped
vancouver,,Refund of Tuition Fees,https://vancouver.calendar.ubc.ca/fees/tuition-fees/refund-tuition-fees,Winter Session Term 1 / Term 2 / Two-term / Summer Session1,[],On or before last day to drop without W standing,note,1-7 calendar days after last day to drop without W standing 50% of the fee for credits dropped
vancouver,,Refund of Tuition Fees,https://vancouver.calendar.ubc.ca/fees/tuition-fees/refund-tuition-fees,Winter Session Term 1 / Term 2 / Two-term / Summer Session1,[],On or before last day to drop without W standing,note,8-14 calendar days after last day to drop without W standing 25% of the fee for credits dropped
vancouver,,Refund of Tuition Fees,https://vancouver.calendar.ubc.ca/fees/tuition-fees/refund-tuition-fees,Winter Session Term 1 / Term 2 / Two-term / Summer Session1,[],On or before last day to drop without W standing,note,More than 14 calendar days after last day to drop without W standing No refund
vancouver,,Refund of Tuition Fees,https://vancouver.calendar.ubc.ca/fees/tuition-fees/refund-tuition-fees,Winter Session Term 1 / Term 2 / Two-term / Summer Session1,[],On or before last day to drop without W standing,note,Refund for Two-term Winter Courses (when courses are withdrawn with a W in Term 2 with an approved academic concession)2
vancouver,,Refund of Tuition Fees,https://vancouver.calendar.ubc.ca/fees/tuition-fees/refund-tuition-fees,Winter Session Term 1 / Term 2 / Two-term / Summer Session1,[],On or before last day to drop without W standing,note,During first 2 weeks of Term 2 100% of the second instalment of the fee for credits dropped
vancouver,,Refund of Tuition Fees,https://vancouver.calendar.ubc.ca/fees/tuition-fees/refund-tuition-fees,Winter Session Term 1 / Term 2 / Two-term / Summer Session1,[],On or before last day to drop without W standing,note,After second week of Term 2 No refund
vancouver,,Refund of Tuition Fees,https://vancouver.calendar.ubc.ca/fees/tuition-fees/refund-tuition-fees,Refund of Instalment-Based Tuition,[],Winter Session Term 1 / Term 2 / Summer Session1,divider,Winter Session Term 1 / Term 2 / Summer Session1
vancouver,,Refund of Tuition Fees,https://vancouver.calendar.ubc.ca/fees/tuition-fees/refund-tuition-fees,Refund of Instalment-Based Tuition,[],Winter Session Term 1 / Term 2 / Summer Session1,note,Course drop deadline Amount refunded
vancouver,,Refund of Tuition Fees,https://vancouver.calendar.ubc.ca/fees/tuition-fees/refund-tuition-fees,Refund of Instalment-Based Tuition,[],Winter Session Term 1 / Term 2 / Summer Session1,note,13 calendar days after start of academic period 100% of the instalment
vancouver,,Refund of Tuition Fees,https://vancouver.calendar.ubc.ca/fees/tuition-fees/refund-tuition-fees,Refund of Instalment-Based Tuition,[],Winter Session Term 1 / Term 2 / Summer Session1,note,14-27 calendar days after start of academic period 60% of the instalment
vancouver,,Refund of Tuition Fees,https://vancouver.calendar.ubc.ca/fees/tuition-fees/refund-tuition-fees,Refund of Instalment-Based Tuition,[],Winter Session Term 1 / Term 2 / Summer Session1,note,28-41 calendar days after start of academic period 40% of the instalment
vancouver,,Refund of Tuition Fees,https://vancouver.calendar.ubc.ca/fees/tuition-fees/refund-tuition-fees,Refund of Instalment-Based Tuition,[],Winter Session Term 1 / Term 2 / Summer Session1,note,42-55 calendar days after start of academic period 20% of the instalment
vancouver,,Refund of Tuition Fees,https://vancouver.calendar.ubc.ca/fees/tuition-fees/refund-tuition-fees,Refund of Instalment-Based Tuition,[],Winter Session Term 1 / Term 2 / Summer Session1,note,More than 55 calendar days after start of academic period No refund
vancouver,,Refund of Tuition Fees,https://vancouver.calendar.ubc.ca/fees/tuition-fees/refund-tuition-fees,Refund of Instalment-Based Tuition,[],Winter Session Term 1 / Term 2 / Summer Session1,note,"1 For instalment-based students starting their program in July, course drop deadlines for the first instalment will be calculated from the Summer Term 2 start date."
vancouver,undergraduate,Undergraduate,https://vancouver.calendar.ubc.ca/fees/tuition-fees/undergraduate,Domestic Students,[],,note,"1 Tuition fees are reviewed annually by the Board of Governors. In recent years, domestic student tuition has increased by 2% per annum."
vancouver,undergraduate,Undergraduate,https://vancouver.calendar.ubc.ca/fees/tuition-fees/undergraduate,International Students,[],,note,1 Tuition fees are reviewed annually by the Board of Governors. Tuition for international students in their seventh or subsequent year will be assessed at a “Tuition Legacy” Rate. This rate will not exceed the tuition rate of a student in sixth year and will not increase by more than 15% per annum.
vancouver,undergraduate,Undergraduate,https://vancouver.calendar.ubc.ca/fees/tuition-fees/undergraduate,International Students,[],,note,"2 For international undergraduate students starting their degree programs in the 2026/27 academic year, tuition will increase by no more than 3% each year for the subsequent four years or until graduation from their current degree program, whichever comes first."
vancouver,undergraduate,Undergraduate,https://vancouver.calendar.ubc.ca/fees/tuition-fees/undergraduate,International Students,[],,note,"3 For international undergraduate students who started their degree programs before May 1, 2026, tuition will increase by no more than 3% each year for the subsequent four years or until graduation from their current degree program, whichever comes first."
vancouver,undergraduate,Undergraduate,https://vancouver.calendar.ubc.ca/fees/tuition-fees/undergraduate,Specialized Undergraduate,[],,note,1 This specialization is only available to Indigenous students.
vancouver,undergraduate,Undergraduate,https://vancouver.calendar.ubc.ca/fees/tuition-fees/undergraduate,Specialized Undergraduate,"[""Doctor of Pharmacy Flexible Program"", ""Instalments per year: 3"", ""Minimum # of instalments for program: 6""]",Doctor of Pharmacy Flexible Program,divider,Program entry year
vancouver,undergraduate,Undergraduate,https://vancouver.calendar.ubc.ca/fees/tuition-fees/undergraduate,Non-Degree Studies4,[],,note,"1 Tuition fees for Unclassified, Access Studies, and Auditing students are assessed on a per credit basis, taking into consideration the year level of the course. All student fees will be assessed as noted in Student Fees."
vancouver,undergraduate,Undergraduate,https://vancouver.calendar.ubc.ca/fees/tuition-fees/undergraduate,Non-Degree Studies4,[],,note,"2 Visiting undergraduate students are assessed fees at the prevailing per-credit rate, plus authorized student fees. Domestic visiting research undergraduate students may register for the non-credit activity 'Visiting Undergraduate Student' (VURS_V 499). The fee for each registration in this activity, which covers either Term 1 of Winter Session or Term 2 of Winter Session or Summer Session, is equal to the tuition fee for one credit of course work plus authorized student fees. Visiting graduate students who wish to take credit courses must register for those courses and will be assessed tuition fees at the prevailing graduate per-credit rate, plus authorized student fees. Domestic visiting research graduate students may register for the non-credit activity 'Visiting Graduate Student' (VGRD_V 500 for master's students or VGRD_V 600 for doctoral students). The fee for each registration in this activity, which covers Winter Session Term 1 and/or Term 2, or Summer Session, is equal to the domestic tuition fee for one credit of course work plus authorized student fees. For Visiting International Research Student (VIRS) fees, see Go Global fees."
vancouver,undergraduate,Undergraduate,https://vancouver.calendar.ubc.ca/fees/tuition-fees/undergraduate,Non-Degree Studies4,[],,note,3 Fees paid as a Qualifying student will not subsequently be credited in a graduate degree program.
vancouver,undergraduate,Undergraduate,https://vancouver.calendar.ubc.ca/fees/tuition-fees/undergraduate,Non-Degree Studies4,[],,note,"4 Non-degree students may be eligible to take graduate-level Master of Laws in Common Law courses (LAW_V 503E, LAW_V 504, LAW_V 505, LAW_V 508D, LAW_V 509, LAW_V 515, LAW_V 525, LAW_V 588). The rates for these courses are $1020.13 per credit for domestic students and $1501.79 per credit for international students."
vancouver,dual_degree,Undergraduate/Master of Management Dual Degree,https://vancouver.calendar.ubc.ca/fees/tuition-fees/undergraduatemaster-management-dual-degree,Allocation Percentage,[],,note,Year 1 winter term 1 2.5% N/A N/A
vancouver,dual_degree,Undergraduate/Master of Management Dual Degree,https://vancouver.calendar.ubc.ca/fees/tuition-fees/undergraduatemaster-management-dual-degree,Allocation Percentage,[],,note,Year 1 winter term 2 2.5% N/A N/A
vancouver,dual_degree,Undergraduate/Master of Management Dual Degree,https://vancouver.calendar.ubc.ca/fees/tuition-fees/undergraduatemaster-management-dual-degree,Allocation Percentage,[],,note,Year 2 winter term 1 2.5% 5.0% N/A
vancouver,dual_degree,Undergraduate/Master of Management Dual Degree,https://vancouver.calendar.ubc.ca/fees/tuition-fees/undergraduatemaster-management-dual-degree,Allocation Percentage,[],,note,Year 2 winter term 2 2.5% 5.0% N/A
vancouver,dual_degree,Undergraduate/Master of Management Dual Degree,https://vancouver.calendar.ubc.ca/fees/tuition-fees/undergraduatemaster-management-dual-degree,Allocation Percentage,[],,note,Year 3 winter term 1 5.0% 5.0% 7.5%
vancouver,dual_degree,Undergraduate/Master of Management Dual Degree,https://vancouver.calendar.ubc.ca/fees/tuition-fees/undergraduatemaster-management-dual-degree,Allocation Percentage,[],,note,Year 3 winter term 2 5.0% 5.0% 7.5%
vancouver,dual_degree,Undergraduate/Master of Management Dual Degree,https://vancouver.calendar.ubc.ca/fees/tuition-fees/undergraduatemaster-management-dual-degree,Allocation Percentage,[],,note,Year 4 winter term 1 5.0% 5.0% 7.5%
vancouver,dual_degree,Undergraduate/Master of Management Dual Degree,https://vancouver.calendar.ubc.ca/fees/tuition-fees/undergraduatemaster-management-dual-degree,Allocation Percentage,[],,note,Year 4 winter term 2 5.0% 5.0% 7.5%
vancouver,dual_degree,Undergraduate/Master of Management Dual Degree,https://vancouver.calendar.ubc.ca/fees/tuition-fees/undergraduatemaster-management-dual-degree,Allocation Percentage,[],,note,Master level Step 1 35.0% 35.0% 35.0%
vancouver,dual_degree,Undergraduate/Master of Management Dual Degree,https://vancouver.calendar.ubc.ca/fees/tuition-fees/undergraduatemaster-management-dual-degree,Allocation Percentage,[],,note,Master level Step 2 35.0% 35.0% 35.0%
vancouver,dual_degree,Undergraduate/Master of Management Dual Degree,https://vancouver.calendar.ubc.ca/fees/tuition-fees/undergraduatemaster-management-dual-degree,Allocation Percentage,[],,note,Total Program Fees 100.0% 100.0% 100.0%
vancouver,vantage_college,Vantage College,https://vancouver.calendar.ubc.ca/fees/tuition-fees/vantage-college,,[],Vantage College - Bachelor of Applied Science,note,Vantage College - Bachelor of Arts Instalments per year Minimum # of instalments for program Amount per instalment
vancouver,vantage_college,Vantage College,https://vancouver.calendar.ubc.ca/fees/tuition-fees/vantage-college,,[],Vantage College - Bachelor of Applied Science,note,Vantage College - Bachelor of Management Instalments per year Minimum # of instalments for program Amount per instalment
vancouver,vantage_college,Vantage College,https://vancouver.calendar.ubc.ca/fees/tuition-fees/vantage-college,,[],Vantage College - Bachelor of Applied Science,note,Vantage College - Bachelor of Science Instalments per year Minimum # of instalments for program Amount per instalment
