campus,level,page,url,section,context,table_label,divider,item,student_type,cohort_year,cohort_rule,unit,amount,amount_text,column
vancouver,,Application and Administrative Fees,https://vancouver.calendar.ubc.ca/fees/application-and-administrative-fees,Undergraduate and Post-baccalaureate Programs,"[""Undergraduate Admissions application processing fees (Enrolment Services)""]",Undergraduate Admissions application processing fees (Enrolment Services),,Applicants who are Canadian citizens or Permanent Residents of Canada,,,,,78.5,$78.50,
vancouver,,Application and Administrative Fees,https://vancouver.calendar.ubc.ca/fees/application-and-administrative-fees,Undergraduate and Post-baccalaureate Programs,"[""Undergraduate Admissions application processing fees (Enrolment Services)""]",Undergraduate Admissions application processing fees (Enrolment Services),,UBC students who are applying for re-admission and/or change of faculty,,,,,78.5,$78.50,
vancouver,,Application and Administrative Fees,https://vancouver.calendar.ubc.ca/fees/application-and-administrative-fees,Undergraduate and Post-baccalaureate Programs,"[""Undergraduate Admissions application processing fees (Enrolment Services)""]",Undergraduate Admissions application processing fees (Enrolment Services),,"Applicants who will be studying on a Study Permit (e.g., non-Canadian citizens and non-Permanent Residents) and presenting transcripts from institutions within or outside of BC",,,,,173.25,$173.25,
vancouver,,Application and Administrative Fees,https://vancouver.calendar.ubc.ca/fees/application-and-administrative-fees,Undergraduate and Post-baccalaureate Programs,"[""Undergraduate Admissions application processing fees (Enrolment Services)""]",Undergraduate Admissions application processing fees (Enrolment Services),Commerce and Business Administration,B.Com. Personal Profile,,,,,97.25,$97.25,
vancouver,,Application and Administrative Fees,https://vancouver.calendar.ubc.ca/fees/application-and-administrative-fees,Undergraduate and Post-baccalaureate Programs,"[""Undergraduate Admissions application processing fees (Enrolment Services)""]",Undergraduate Admissions application processing fees (Enrolment Services),Dental Hygiene,Dental Hygiene Degree Completion,,,,,267,$267.00,
vancouver,,Application and Administrative Fees,https://vancouver.calendar.ubc.ca/fees/application-and-administrative-fees,Undergraduate and Post-baccalaureate Programs,"[""Undergraduate Admissions application processing fees (Enrolment Services)""]",Undergraduate Admissions application processing fees (Enrolment Services),Dental Hygiene,Dental Hygiene Supplemental Application,,,,,135.25,$135.25,
vancouver,,Application and Administrative Fees,https://vancouver.calendar.ubc.ca/fees/application-and-administrative-fees,Undergraduate and Post-baccalaureate Programs,"[""Undergraduate Admissions application processing fees (Enrolment Services)""]",Undergraduate Admissions application processing fees (Enrolment Services),Dental Medicine,Bachelor of Dental Science Degree in Dental Hygiene Applicants' Reviewing Fee,,,,,520,$520.00,
vancouver,,Application and Administrative Fees,https://vancouver.calendar.ubc.ca/fees/application-and-administrative-fees,Undergraduate and Post-baccalaureate Programs,"[""Undergraduate Admissions application processing fees (Enrolment Services)""]",Undergraduate Admissions application processing fees (Enrolment Services),Dental Medicine,Dental Medicine (DMD) Application Fee,,,,,272.25,$272.25,
vancouver,,Application and Administrative Fees,https://vancouver.calendar.ubc.ca/fees/application-and-administrative-fees,Undergraduate and Post-baccalaureate Programs,"[""Undergraduate Admissions application processing fees (Enrolment Services)""]",Undergraduate Admissions application processing fees (Enrolment Services),Dental Medicine,Dental Medicine (D.M.D.) Applicants' Reviewing Fee,,,,,520,$520.00,
vancouver,,Application and Administrative Fees,https://vancouver.calendar.ubc.ca/fees/application-and-administrative-fees,Undergraduate and Post-baccalaureate Programs,"[""Undergraduate Admissions application processing fees (Enrolment Services)""]",Undergraduate Admissions application processing fees (Enrolment Services),Dental Medicine,Dental Medicine (D.M.D.) Interview Fee,,,,,156,$156.00,
vancouver,,Application and Administrative Fees,https://vancouver.calendar.ubc.ca/fees/application-and-administrative-fees,Undergraduate and Post-baccalaureate Programs,"[""Undergraduate Admissions application processing fees (Enrolment Services)""]",Undergraduate Admissions application processing fees (Enrolment Services),Dental Medicine,International Dental Degree Completion (DMD IDDCP),,,,,546.75,$546.75,
vancouver,,Application and Administrative Fees,https://vancouver.calendar.ubc.ca/fees/application-and-administrative-fees,Undergraduate and Post-baccalaureate Programs,"[""Undergraduate Admissions application processing fees (Enrolment Services)""]",Undergraduate Admissions application processing fees (Enrolment Services),Education,Applicants who are Canadian citizens or Permanent Residents of Canada,,,,,80,$80.00,
vancouver,,Application and Administrative Fees,https://vancouver.calendar.ubc.ca/fees/application-and-administrative-fees,Undergraduate and Post-baccalaureate Programs,"[""Undergraduate Admissions application processing fees (Enrolment Services)""]",Undergraduate Admissions application processing fees (Enrolment Services),Education,"Applicants who will be studying on a Study Permit (e.g., non-Canadian citizens and non-Permanent Residents) and presenting transcripts from institutions within or outside of BC",,,,,120.75,$120.75,
vancouver,,Application and Administrative Fees,https://vancouver.calendar.ubc.ca/fees/application-and-administrative-fees,Undergraduate and Post-baccalaureate Programs,"[""Undergraduate Admissions application processing fees (Enrolment Services)""]",Undergraduate Admissions application processing fees (Enrolment Services),Education,Applicants who are applying for readmission,,,,,45.75,$45.75,
vancouver,,Application and Administrative Fees,https://vancouver.calendar.ubc.ca/fees/application-and-administrative-fees,Undergraduate and Post-baccalaureate Programs,"[""Undergraduate Admissions application processing fees (Enrolment Services)""]",Undergraduate Admissions application processing fees (Enrolment Services),Land and Food Systems,Integrated Dietetics Program Application Fee,,,,,66.75,$66.75,
vancouver,,Application and Administrative Fees,https://vancouver.calendar.ubc.ca/fees/application-and-administrative-fees,Undergraduate and Post-baccalaureate Programs,"[""Undergraduate Admissions application processing fees (Enrolment Services)""]",Undergraduate Admissions application processing fees (Enrolment Services),Law,Application fee,,,,,106.25,$106.25,
vancouver,,Application and Administrative Fees,https://vancouver.calendar.ubc.ca/fees/application-and-administrative-fees,Undergraduate and Post-baccalaureate Programs,"[""Undergraduate Admissions application processing fees (Enrolment Services)""]",Undergraduate Admissions application processing fees (Enrolment Services),Medicine,Application fee for BC Residents,,,,,141.75,$141.75,
vancouver,,Application and Administrative Fees,https://vancouver.calendar.ubc.ca/fees/application-and-administrative-fees,Undergraduate and Post-baccalaureate Programs,"[""Undergraduate Admissions application processing fees (Enrolment Services)""]",Undergraduate Admissions application processing fees (Enrolment Services),Medicine,Application fee for Out of Province Applicants,,,,,210.5,$210.50,
vancouver,,Application and Administrative Fees,https://vancouver.calendar.ubc.ca/fees/application-and-administrative-fees,Undergraduate and Post-baccalaureate Programs,"[""Undergraduate Admissions application processing fees (Enrolment Services)""]",Undergraduate Admissions application processing fees (Enrolment Services),Medicine,Evaluation for transcripts from outside of BC,,,,,39,$39.00,
vancouver,,Application and Administrative Fees,https://vancouver.calendar.ubc.ca/fees/application-and-administrative-fees,Undergraduate and Post-baccalaureate Programs,"[""Undergraduate Admissions application processing fees (Enrolment Services)""]",Undergraduate Admissions application processing fees (Enrolment Services),Midwifery,Supplemental Application Fee,,,,,141.75,$141.75,
vancouver,,Application and Administrative Fees,https://vancouver.calendar.ubc.ca/fees/application-and-administrative-fees,Undergraduate and Post-baccalaureate Programs,"[""Undergraduate Admissions application processing fees (Enrolment Services)""]",Undergraduate Admissions application processing fees (Enrolment Services),Music,Supplemental Application Fee,,,,,78.5,$78.50,
vancouver,,Application and Administrative Fees,https://vancouver.calendar.ubc.ca/fees/application-and-administrative-fees,Undergraduate and Post-baccalaureate Programs,"[""Undergraduate Admissions application processing fees (Enrolment Services)""]",Undergraduate Admissions application processing fees (Enrolment Services),Nursing,Supplemental Application Fee,,,,,144.5,$144.50,
vancouver,,Application and Administrative Fees,https://vancouver.calendar.ubc.ca/fees/application-and-administrative-fees,Undergraduate and Post-baccalaureate Programs,"[""Undergraduate Admissions application processing fees (Enrolment Services)""]",Undergraduate Admissions application processing fees (Enrolment Services),Nursing,Prior Learning Assessment and Recognition (PLAR) Administration Fee,,,,,66.75,$66.75,
vancouver,,Application and Administrative Fees,https://vancouver.calendar.ubc.ca/fees/application-and-administrative-fees,Undergraduate and Post-baccalaureate Programs,"[""Undergraduate Admissions application processing fees (Enrolment Services)""]",Undergraduate Admissions application processing fees (Enrolment Services),Pharmaceutical Sciences,Pharmaceutical Sciences (B.P.Sc.) Supplemental Application Fee,,,,,99,$99.00,
vancouver,,Application and Administrative Fees,https://vancouver.calendar.ubc.ca/fees/application-and-administrative-fees,Undergraduate and Post-baccalaureate Programs,"[""Undergraduate Admissions application processing fees (Enrolment Services)""]",Undergraduate Admissions application processing fees (Enrolment Services),Pharmaceutical Sciences,Entry-to-Practice Doctor of Pharmacy Supplemental Application Fee,,,,,169.75,$169.75,
vancouver,,Application and Administrative Fees,https://vancouver.calendar.ubc.ca/fees/application-and-administrative-fees,Undergraduate and Post-baccalaureate Programs,"[""Undergraduate Admissions application processing fees (Enrolment Services)""]",Undergraduate Admissions application processing fees (Enrolment Services),Science,Computer Science Supplemental application fee,,,,,104,$104.00,
vancouver,,Application and Administrative Fees,https://vancouver.calendar.ubc.ca/fees/application-and-administrative-fees,Graduate Programs,"[""Program Application Fee""]",Program,,"All graduate programs except master's-level Business programs (E.M.B.A., M.B.A, M.M.): Domestic students (Canadian citizens or Permanent Residents)1",,,,,120.75,$120.75,
vancouver,,Application and Administrative Fees,https://vancouver.calendar.ubc.ca/fees/application-and-administrative-fees,Graduate Programs,"[""Program Application Fee""]",Program,,"All graduate programs except master's-level Business programs (E.M.B.A., M.B.A., M.M.): Students studying on a study permit1",,,,,168.25,$168.25,
vancouver,,Application and Administrative Fees,https://vancouver.calendar.ubc.ca/fees/application-and-administrative-fees,Graduate Programs,"[""Program Application Fee""]",Program,Commerce and Business Administration,"Application fee for master's-level programs (I.M.B.A, M.B.A.N, E.M.B.A, M.B.A, P.M.B.A, and M.M.)",,,,,166.5,$166.50,
vancouver,,Application and Administrative Fees,https://vancouver.calendar.ubc.ca/fees/application-and-administrative-fees,Graduate Programs,"[""Program Application Fee""]",Program,Commerce and Business Administration,Application Fee for Undergraduate Program/Master of Management Dual Degree Program Option,,,,,40,$40.00,
vancouver,,Application and Administrative Fees,https://vancouver.calendar.ubc.ca/fees/application-and-administrative-fees,Graduate Programs,"[""Program Application Fee""]",Program,Dentistry,"Application fee for Combined Master of Science in Craniofacial Science and Diploma in Clinical Specialty Programs (Endodontics, Orthodontics, Pediatric Dentistry, Periodontics, Prosthodontics): Domestic",,,,,120.75,$120.75,
vancouver,,Application and Administrative Fees,https://vancouver.calendar.ubc.ca/fees/application-and-administrative-fees,Graduate Programs,"[""Program Application Fee""]",Program,Dentistry,"Application fee for Combined Master of Science in Craniofacial Science and Diploma in Clinical Specialty Programs (Endodontics, Orthodontics, Pediatric Dentistry, Periodontics, Prosthodontics): International",,,,,334.5,$334.50,
vancouver,,Application and Administrative Fees,https://vancouver.calendar.ubc.ca/fees/application-and-administrative-fees,Graduate Programs,"[""Program Application Fee""]",Program,Dentistry,"Application fee for Combined Doctor of Philosophy in Craniofacial Science and Diploma in Clinical Specialty Programs (Endodontics, Orthodontics, Pediatric Dentistry, Periodontics, Prosthodontics): Domestic",,,,,120.75,$120.75,
vancouver,,Application and Administrative Fees,https://vancouver.calendar.ubc.ca/fees/application-and-administrative-fees,Graduate Programs,"[""Program Application Fee""]",Program,Dentistry,"Application fee for Combined Doctor of Philosophy in Craniofacial Science and Diploma in Clinical Specialty Programs (Endodontics, Orthodontics, Pediatric Dentistry, Periodontics, Prosthodontics): International",,,,,334.5,$334.50,
vancouver,,Application and Administrative Fees,https://vancouver.calendar.ubc.ca/fees/application-and-administrative-fees,Graduate Programs,"[""Program Application Fee""]",Program,Education,Application fee for Master of Educational Technology (M.E.T.),,,,,120.75,$120.75,
vancouver,,Application and Administrative Fees,https://vancouver.calendar.ubc.ca/fees/application-and-administrative-fees,Graduate Programs,"[""Program Application Fee""]",Program,Education,Application fee for Certificate in Technology-Based Distributed Learning (T.B.D.L.),,,,,52,$52.00,
vancouver,,Application and Administrative Fees,https://vancouver.calendar.ubc.ca/fees/application-and-administrative-fees,Graduate Programs,"[""Program Application Fee""]",Program,Education,Application fee for Certificate in Technology-Based Learning for Schools (T.B.L.S.),,,,,52,$52.00,
vancouver,,Application and Administrative Fees,https://vancouver.calendar.ubc.ca/fees/application-and-administrative-fees,Graduate Programs,"[""Program Application Fee""]",Program,Education,Graduate Certificate in High Performance Coaching and Technical Leadership Application Fee,,,,,50,$50.00,
vancouver,,Application and Administrative Fees,https://vancouver.calendar.ubc.ca/fees/application-and-administrative-fees,Graduate Programs,"[""Program Application Fee""]",Program,Education,Graduate Certificate in Educational Technology Application Fee,,,,,51,$51.00,
vancouver,,Application and Administrative Fees,https://vancouver.calendar.ubc.ca/fees/application-and-administrative-fees,Graduate Programs,"[""Program Application Fee""]",Program,Education,Graduate Certificate in Orientation and Mobility Application Fee,,,,,47,$47.00,
vancouver,,Application and Administrative Fees,https://vancouver.calendar.ubc.ca/fees/application-and-administrative-fees,Graduate Programs,"[""Program Application Fee""]",Program,Education,Graduate Certificate in Adult Learning and Education Application Fee,,,,,50,$50.00,
vancouver,,Application and Administrative Fees,https://vancouver.calendar.ubc.ca/fees/application-and-administrative-fees,Graduate Programs,"[""Program Application Fee""]",Program,Landscape Architecture,Supplemental application fee for Master of Landscape Architecture (M.L.A.),,,,,80,$80.00,
vancouver,,Application and Administrative Fees,https://vancouver.calendar.ubc.ca/fees/application-and-administrative-fees,Graduate Programs,"[""Program Application Fee""]",Program,Medicine,Application fee for Master of Health Administration (M.H.A.),,,,,169.75,$169.75,
vancouver,,Application and Administrative Fees,https://vancouver.calendar.ubc.ca/fees/application-and-administrative-fees,Graduate Programs,"[""Program Application Fee""]",Program,Medicine,Supplemental application fee for Master of Occupational Therapy (M.O.T.) and Master of Physical Therapy (M.P.T.) programs,,,,,135.25,$135.25,
vancouver,,Application and Administrative Fees,https://vancouver.calendar.ubc.ca/fees/application-and-administrative-fees,Diploma Programs,"[""Commerce and Business Administration""]",Commerce and Business Administration,,Sauder School of Business Application Fee for Diploma in Accounting,,,,,117.25,$117.25,
vancouver,,Application and Administrative Fees,https://vancouver.calendar.ubc.ca/fees/application-and-administrative-fees,Diploma Programs,"[""Commerce and Business Administration""]",Commerce and Business Administration,,Sauder School of Business Admissions deferral Fee for Diploma in Accounting (for up to one year),,,,,102,$102.00,
vancouver,,Application and Administrative Fees,https://vancouver.calendar.ubc.ca/fees/application-and-administrative-fees,Diploma Programs,"[""Commerce and Business Administration""]",Commerce and Business Administration,,Sauder School of Business Exemption request from any of the five foundation courses for Diploma in Accounting (Fee charged per exemption to cover evaluation cost),,,,,51,$51.00,
vancouver,,Application and Administrative Fees,https://vancouver.calendar.ubc.ca/fees/application-and-administrative-fees,Diploma Programs,"[""Commerce and Business Administration""]",Commerce and Business Administration,,Sauder School of Business Challenge Exam Fee for Diploma in Accounting (When required for a course exemption),,,,,102,$102.00,
vancouver,,Application and Administrative Fees,https://vancouver.calendar.ubc.ca/fees/application-and-administrative-fees,Diploma Programs,"[""Commerce and Business Administration""]",Commerce and Business Administration,,Sauder School of Business Temporary Leave Fee for Diploma in Accounting,,,,,51,$51.00,
vancouver,,Application and Administrative Fees,https://vancouver.calendar.ubc.ca/fees/application-and-administrative-fees,Administrative and Document Fees,[],Calendar course description (per course),,Calendar course description (per course),,,,,1,$1.00 + PST,
vancouver,,Application and Administrative Fees,https://vancouver.calendar.ubc.ca/fees/application-and-administrative-fees,Administrative and Document Fees,[],Calendar course description (per course),Deferred examination written off-campus (per paper)1,Okanagan,,,,,105.1,$105.10,
vancouver,,Application and Administrative Fees,https://vancouver.calendar.ubc.ca/fees/application-and-administrative-fees,Administrative and Document Fees,[],Calendar course description (per course),Deferred examination written off-campus (per paper)1,Vancouver,,,,,105.1,$105.10,
vancouver,,Application and Administrative Fees,https://vancouver.calendar.ubc.ca/fees/application-and-administrative-fees,Administrative and Document Fees,[],Calendar course description (per course),Deferred examination written off-campus (per paper)1,Other - Canada/USA,,,,,116.8,$116.80,
vancouver,,Application and Administrative Fees,https://vancouver.calendar.ubc.ca/fees/application-and-administrative-fees,Administrative and Document Fees,[],Calendar course description (per course),Deferred examination written off-campus (per paper)1,Other - International,,,,,163.7,$163.70,
vancouver,,Application and Administrative Fees,https://vancouver.calendar.ubc.ca/fees/application-and-administrative-fees,Administrative and Document Fees,[],Calendar course description (per course),Deferred examination written off-campus (per paper)1,"Degree conversion: LL.B. to J.D., Kinesiology",,,,,116.8,$116.80 + PST,
vancouver,,Application and Administrative Fees,https://vancouver.calendar.ubc.ca/fees/application-and-administrative-fees,Administrative and Document Fees,[],Calendar course description (per course),Deferred examination written off-campus (per paper)1,"Diploma, duplicate or replacement",,,,,70.6,$70.60 + PST,
vancouver,,Application and Administrative Fees,https://vancouver.calendar.ubc.ca/fees/application-and-administrative-fees,Administrative and Document Fees,[],Calendar course description (per course),Deferred examination written off-campus (per paper)1,"Diploma, duplicate or replacement (rush)",,,,,141.7,$141.70 + PST,
vancouver,,Application and Administrative Fees,https://vancouver.calendar.ubc.ca/fees/application-and-administrative-fees,Administrative and Document Fees,[],Calendar course description (per course),Deferred examination written off-campus (per paper)1,"Diploma, certified copy (per copy)",,,,,7.3,$7.30 + PST,
vancouver,,Application and Administrative Fees,https://vancouver.calendar.ubc.ca/fees/application-and-administrative-fees,Administrative and Document Fees,[],Calendar course description (per course),Deferred examination written off-campus (per paper)1,"Diploma, certified copy (per copy) - same day pick-up",,,,,14.8,$14.80 + PST,
vancouver,,Application and Administrative Fees,https://vancouver.calendar.ubc.ca/fees/application-and-administrative-fees,Administrative and Document Fees,[],Calendar course description (per course),Deferred examination written off-campus (per paper)1,Dishonoured payments,,,,,35,$35.00,
vancouver,,Application and Administrative Fees,https://vancouver.calendar.ubc.ca/fees/application-and-administrative-fees,Administrative and Document Fees,[],Calendar course description (per course),Deferred examination written off-campus (per paper)1,Faxes - Canada/USA,,,,,6.5,$6.50 + PST,
vancouver,,Application and Administrative Fees,https://vancouver.calendar.ubc.ca/fees/application-and-administrative-fees,Administrative and Document Fees,[],Calendar course description (per course),Deferred examination written off-campus (per paper)1,Faxes - International,,,,,13.3,$13.30 + PST,
vancouver,,Application and Administrative Fees,https://vancouver.calendar.ubc.ca/fees/application-and-administrative-fees,Administrative and Document Fees,[],Calendar course description (per course),Deferred examination written off-campus (per paper)1,Financial hold processing,,,,,35,$35.00,
vancouver,,Application and Administrative Fees,https://vancouver.calendar.ubc.ca/fees/application-and-administrative-fees,Administrative and Document Fees,[],Calendar course description (per course),Deferred examination written off-campus (per paper)1,Review of Assigned Standing (per course),,,,,64.2,$64.20,
vancouver,,Application and Administrative Fees,https://vancouver.calendar.ubc.ca/fees/application-and-administrative-fees,Administrative and Document Fees,[],Calendar course description (per course),Deferred examination written off-campus (per paper)1,Supplemental examination written at UBC (per paper),,,,,34.8,$34.80,
vancouver,,Application and Administrative Fees,https://vancouver.calendar.ubc.ca/fees/application-and-administrative-fees,Administrative and Document Fees,[],Calendar course description (per course),Supplemental examination written off-campus (per paper),Okanagan,,,,,105.1,$105.10,
vancouver,,Application and Administrative Fees,https://vancouver.calendar.ubc.ca/fees/application-and-administrative-fees,Administrative and Document Fees,[],Calendar course description (per course),Supplemental examination written off-campus (per paper),Vancouver,,,,,105.1,$105.10,
vancouver,,Application and Administrative Fees,https://vancouver.calendar.ubc.ca/fees/application-and-administrative-fees,Administrative and Document Fees,[],Calendar course description (per course),Supplemental examination written off-campus (per paper),Other - Canada/USA,,,,,116.8,$116.80,
vancouver,,Application and Administrative Fees,https://vancouver.calendar.ubc.ca/fees/application-and-administrative-fees,Administrative and Document Fees,[],Calendar course description (per course),Supplemental examination written off-campus (per paper),Other - International,,,,,163.7,$163.70,
vancouver,,Application and Administrative Fees,https://vancouver.calendar.ubc.ca/fees/application-and-administrative-fees,Administrative and Document Fees,[],Calendar course description (per course),Transcripts4,First copy of transcript,,,,,11.6,$11.60,
vancouver,,Application and Administrative Fees,https://vancouver.calendar.ubc.ca/fees/application-and-administrative-fees,Administrative and Document Fees,[],Calendar course description (per course),Transcripts4,Each additional copy of transcript,,,,,11.6,$11.60,
vancouver,,Application and Administrative Fees,https://vancouver.calendar.ubc.ca/fees/application-and-administrative-fees,Administrative and Document Fees,[],Calendar course description (per course),Transcripts4,Same day pick up,,,,,16,$16.00,
vancouver,,Application and Administrative Fees,https://vancouver.calendar.ubc.ca/fees/application-and-administrative-fees,Administrative and Document Fees,[],Calendar course description (per course),Transcripts4,UBCcard (replacement card),,,,,25,"$25.00 + GST, PST",
vancouver,,Application and Administrative Fees,https://vancouver.calendar.ubc.ca/fees/application-and-administrative-fees,Administrative and Document Fees,[],Calendar course description (per course),Transcripts4,Admissions Appeal Processing Fee for applications to be received for 2027S and 2027W sessions3,,2027,exactly,,78.5,$78.50,
vancouver,,Application and Administrative Fees,https://vancouver.calendar.ubc.ca/fees/application-and-administrative-fees,Administrative and Document Fees,[],Calendar course description (per course),Transcripts4,Document Distribution - Canada Courier,,,,,23.2,$23.20,
vancouver,,Application and Administrative Fees,https://vancouver.calendar.ubc.ca/fees/application-and-administrative-fees,Administrative and Document Fees,[],Calendar course description (per course),Transcripts4,Document Distribution - US Courier,,,,,45.2,$45.20,
vancouver,,Application and Administrative Fees,https://vancouver.calendar.ubc.ca/fees/application-and-administrative-fees,Administrative and Document Fees,[],Calendar course description (per course),Transcripts4,Document Distribution - International Courier,,,,,45.2,$45.20,
vancouver,,Medical Insurance,https://vancouver.calendar.ubc.ca/fees/medical-insurance,Extended Health and Dental Plan,[],,AMS Extended Health and Dental Plan,Students beginning studies in September,,,,,396.41,$396.41,
vancouver,,Medical Insurance,https://vancouver.calendar.ubc.ca/fees/medical-insurance,Extended Health and Dental Plan,[],,AMS Extended Health and Dental Plan,Students beginning studies in January,,,,,264.27,$264.27,
vancouver,,Medical Insurance,https://vancouver.calendar.ubc.ca/fees/medical-insurance,iMed (for International Students),[],,,Regular/non-degree new incoming international students,international,,,,204.3,$204.30,Fee Rate
vancouver,,Medical Insurance,https://vancouver.calendar.ubc.ca/fees/medical-insurance,iMed (for International Students),[],,,Regular/non-degree new incoming international students,international,,,,204.3,$204.30,Fee Rate
vancouver,,Medical Insurance,https://vancouver.calendar.ubc.ca/fees/medical-insurance,iMed (for International Students),[],,,Regular/non-degree new incoming international students,international,,,,204.3,$204.30,Fee Rate
vancouver,,Medical Insurance,https://vancouver.calendar.ubc.ca/fees/medical-insurance,iMed (for International Students),[],,,Single Term Exchange/Tec Visiting Students (Go Global),international,,,,295.1,$295.10,Fee Rate
vancouver,,Medical Insurance,https://vancouver.calendar.ubc.ca/fees/medical-insurance,iMed (for International Students),[],,,Single Term Exchange/Tec Visiting Students (Go Global),international,,,,295.1,$295.10,Fee Rate
vancouver,,Policies on Fees,https://vancouver.calendar.ubc.ca/fees/policies-fees,Other Students,[],,Dentistry,Doctor of Dental Medicine,domestic,,,,11250,"$11,250.00",2026-27 Domestic
vancouver,,Policies on Fees,https://vancouver.calendar.ubc.ca/fees/policies-fees,Other Students,[],,Dentistry,Doctor of Dental Medicine,international,,,,11250,"$11,250.00",2026-27 International
vancouver,,Policies on Fees,https://vancouver.calendar.ubc.ca/fees/policies-fees,Other Students,[],,Dentistry,Combined Master of Science in Craniofacial Science and Diploma in Endodontics,domestic,,,,12250,"$12,250.00",2026-27 Domestic
vancouver,,Policies on Fees,https://vancouver.calendar.ubc.ca/fees/policies-fees,Other Students,[],,Dentistry,Combined Master of Science in Craniofacial Science and Diploma in Endodontics,international,,,,17500,"$17,500.00",2026-27 International
vancouver,,Policies on Fees,https://vancouver.calendar.ubc.ca/fees/policies-fees,Other Students,[],,Dentistry,Combined Master of Science in Craniofacial Science and Diploma in Orthodontics,domestic,,,,12250,"$12,250.00",2026-27 Domestic
vancouver,,Policies on Fees,https://vancouver.calendar.ubc.ca/fees/policies-fees,Other Students,[],,Dentistry,Combined Master of Science in Craniofacial Science and Diploma in Orthodontics,international,,,,17500,"$17,500.00",2026-27 International
vancouver,,Policies on Fees,https://vancouver.calendar.ubc.ca/fees/policies-fees,Other Students,[],,Dentistry,Combined Master of Science in Craniofacial Science and Diploma in Pediatric Dentistry,domestic,,,,12250,"$12,250.00",2026-27 Domestic
vancouver,,Policies on Fees,https://vancouver.calendar.ubc.ca/fees/policies-fees,Other Students,[],,Dentistry,Combined Master of Science in Craniofacial Science and Diploma in Pediatric Dentistry,international,,,,17500,"$17,500.00",2026-27 International
vancouver,,Policies on Fees,https://vancouver.calendar.ubc.ca/fees/policies-fees,Other Students,[],,Dentistry,Combined Master of Science in Craniofacial Science and Diploma in Periodontics,domestic,,,,12250,"$12,250.00",2026-27 Domestic
vancouver,,Policies on Fees,https://vancouver.calendar.ubc.ca/fees/policies-fees,Other Students,[],,Dentistry,Combined Master of Science in Craniofacial Science and Diploma in Periodontics,international,,,,17500,"$17,500.00",2026-27 International
vancouver,,Policies on Fees,https://vancouver.calendar.ubc.ca/fees/policies-fees,Other Students,[],,Dentistry,Combined Master of Science in Craniofacial Science and Diploma in Prosthodontics,domestic,,,,12250,"$12,250.00",2026-27 Domestic
vancouver,,Policies on Fees,https://vancouver.calendar.ubc.ca/fees/policies-fees,Other Students,[],,Dentistry,Combined Master of Science in Craniofacial Science and Diploma in Prosthodontics,international,,,,17500,"$17,500.00",2026-27 International
vancouver,,Policies on Fees,https://vancouver.calendar.ubc.ca/fees/policies-fees,Other Students,[],,Dentistry,Combined Doctor of Philosophy in Craniofacial Science and Diploma in Endodontics,domestic,,,,12250,"$12,250.00",2026-27 Domestic
vancouver,,Policies on Fees,https://vancouver.calendar.ubc.ca/fees/policies-fees,Other Students,[],,Dentistry,Combined Doctor of Philosophy in Craniofacial Science and Diploma in Endodontics,international,,,,17500,"$17,500.00",2026-27 International
vancouver,,Policies on Fees,https://vancouver.calendar.ubc.ca/fees/policies-fees,Other Students,[],,Dentistry,Combined Doctor of Philosophy in Craniofacial Science and Diploma in Orthodontics,domestic,,,,12250,"$12,250.00",2026-27 Domestic
vancouver,,Policies on Fees,https://vancouver.calendar.ubc.ca/fees/policies-fees,Other Students,[],,Dentistry,Combined Doctor of Philosophy in Craniofacial Science and Diploma in Orthodontics,international,,,,17500,"$17,500.00",2026-27 International
vancouver,,Policies on Fees,https://vancouver.calendar.ubc.ca/fees/policies-fees,Other Students,[],,Dentistry,Combined Doctor of Philosophy in Craniofacial Science and Diploma in Pediatric Dentistry,domestic,,,,12250,"$12,250.00",2026-27 Domestic
vancouver,,Policies on Fees,https://vancouver.calendar.ubc.ca/fees/policies-fees,Other Students,[],,Dentistry,Combined Doctor of Philosophy in Craniofacial Science and Diploma in Pediatric Dentistry,international,,,,17500,"$17,500.00",2026-27 International
vancouver,,Policies on Fees,https://vancouver.calendar.ubc.ca/fees/policies-fees,Other Students,[],,Dentistry,Combined Doctor of Philosophy in Craniofacial Science and Diploma in Periodontics,domestic,,,,12250,"$12,250.00",2026-27 Domestic
vancouver,,Policies on Fees,https://vancouver.calendar.ubc.ca/fees/policies-fees,Other Students,[],,Dentistry,Combined Doctor of Philosophy in Craniofacial Science and Diploma in Periodontics,international,,,,17500,"$17,500.00",2026-27 International
vancouver,,Policies on Fees,https://vancouver.calendar.ubc.ca/fees/policies-fees,Other Students,[],,Dentistry,Combined Doctor of Philosophy in Craniofacial Science and Diploma in Prosthodontics,domestic,,,,12250,"$12,250.00",2026-27 Domestic
vancouver,,Policies on Fees,https://vancouver.calendar.ubc.ca/fees/policies-fees,Other Students,[],,Dentistry,Combined Doctor of Philosophy in Craniofacial Science and Diploma in Prosthodontics,international,,,,17500,"$17,500.00",2026-27 International
vancouver,,Policies on Fees,https://vancouver.calendar.ubc.ca/fees/policies-fees,Other Students,[],,Law,Juris Doctor,domestic,,,,600,$600.00,2026-27 Domestic
vancouver,,Policies on Fees,https://vancouver.calendar.ubc.ca/fees/policies-fees,Other Students,[],,Law,Juris Doctor,international,,,,1000,"$1,000.00",2026-27 International
vancouver,,Policies on Fees,https://vancouver.calendar.ubc.ca/fees/policies-fees,Other Students,[],,Medicine,Doctor of Medicine,domestic,,,,1000,"$1,000.00",2026-27 Domestic
vancouver,,Policies on Fees,https://vancouver.calendar.ubc.ca/fees/policies-fees,Other Students,[],,Medicine,Combined Doctor of Philosophy and Doctor of Medicine,domestic,,,,1000,"$1,000.00",2026-27 Domestic
vancouver,,Policies on Fees,https://vancouver.calendar.ubc.ca/fees/policies-fees,Other Students,[],,Certificate Programs,Graduate Certificate in Aquaculture,domestic,,,,3000,"$3,000.00",2026-27 Domestic
vancouver,,Policies on Fees,https://vancouver.calendar.ubc.ca/fees/policies-fees,Other Students,[],,Certificate Programs,Graduate Certificate in Aquaculture,international,,,,5000,"$5,000.00",2026-27 International
vancouver,,Policies on Fees,https://vancouver.calendar.ubc.ca/fees/policies-fees,Other Students,[],,Certificate Programs,Graduate Diploma in Pharmacy Leadership,domestic,,,,1000,"$1,000.00",2026-27 Domestic
vancouver,,Policies on Fees,https://vancouver.calendar.ubc.ca/fees/policies-fees,Other Students,[],,Certificate Programs,Graduate Diploma in Pharmacy Leadership,international,,,,1500,"$1,500.00",2026-27 International
vancouver,,Policies on Fees,https://vancouver.calendar.ubc.ca/fees/policies-fees,Other Students,[],,Applied Science,Master of Community and Regional Planning,domestic,,,,1500,"$1,500.00",2026-27 Domestic
vancouver,,Policies on Fees,https://vancouver.calendar.ubc.ca/fees/policies-fees,Other Students,[],,Applied Science,Master of Community and Regional Planning,international,,,,1500,"$1,500.00",2026-27 International
vancouver,,Policies on Fees,https://vancouver.calendar.ubc.ca/fees/policies-fees,Other Students,[],,Applied Science,Master of Engineering Biomedical Engineering,domestic,,,,1000,"$1,000.00",2026-27 Domestic
vancouver,,Policies on Fees,https://vancouver.calendar.ubc.ca/fees/policies-fees,Other Students,[],,Applied Science,Master of Engineering Biomedical Engineering,international,,,,1000,"$1,000.00",2026-27 International
vancouver,,Policies on Fees,https://vancouver.calendar.ubc.ca/fees/policies-fees,Other Students,[],,Applied Science,Master of Engineering Chemical and Biological Engineering,domestic,,,,1000,"$1,000.00",2026-27 Domestic
vancouver,,Policies on Fees,https://vancouver.calendar.ubc.ca/fees/policies-fees,Other Students,[],,Applied Science,Master of Engineering Chemical and Biological Engineering,international,,,,1000,"$1,000.00",2026-27 International
vancouver,,Policies on Fees,https://vancouver.calendar.ubc.ca/fees/policies-fees,Other Students,[],,Applied Science,Master of Engineering Civil Engineering,domestic,,,,1000,"$1,000.00",2026-27 Domestic
vancouver,,Policies on Fees,https://vancouver.calendar.ubc.ca/fees/policies-fees,Other Students,[],,Applied Science,Master of Engineering Civil Engineering,international,,,,1000,"$1,000.00",2026-27 International
vancouver,,Policies on Fees,https://vancouver.calendar.ubc.ca/fees/policies-fees,Other Students,[],,Applied Science,Master of Engineering Electrical and Computer Engineering,domestic,,,,1000,"$1,000.00",2026-27 Domestic
vancouver,,Policies on Fees,https://vancouver.calendar.ubc.ca/fees/policies-fees,Other Students,[],,Applied Science,Master of Engineering Electrical and Computer Engineering,international,,,,1000,"$1,000.00",2026-27 International
vancouver,,Policies on Fees,https://vancouver.calendar.ubc.ca/fees/policies-fees,Other Students,[],,Applied Science,Master of Engineering Geological Engineering,domestic,,,,1000,"$1,000.00",2026-27 Domestic
vancouver,,Policies on Fees,https://vancouver.calendar.ubc.ca/fees/policies-fees,Other Students,[],,Applied Science,Master of Engineering Geological Engineering,international,,,,1000,"$1,000.00",2026-27 International
vancouver,,Policies on Fees,https://vancouver.calendar.ubc.ca/fees/policies-fees,Other Students,[],,Applied Science,Master of Engineering Leadership,domestic,,,,5000,"$5,000.00",2026-27 Domestic
vancouver,,Policies on Fees,https://vancouver.calendar.ubc.ca/fees/policies-fees,Other Students,[],,Applied Science,Master of Engineering Leadership,international,,,,5000,"$5,000.00",2026-27 International
vancouver,,Policies on Fees,https://vancouver.calendar.ubc.ca/fees/policies-fees,Other Students,[],,Applied Science,Master of Engineering Mining Engineering,domestic,,,,1000,"$1,000.00",2026-27 Domestic
vancouver,,Policies on Fees,https://vancouver.calendar.ubc.ca/fees/policies-fees,Other Students,[],,Applied Science,Master of Engineering Mining Engineering,international,,,,1000,"$1,000.00",2026-27 International
vancouver,,Policies on Fees,https://vancouver.calendar.ubc.ca/fees/policies-fees,Other Students,[],,Applied Science,Master of Engineering Mechanical Engineering,domestic,,,,1000,"$1,000.00",2026-27 Domestic
vancouver,,Policies on Fees,https://vancouver.calendar.ubc.ca/fees/policies-fees,Other Students,[],,Applied Science,Master of Engineering Mechanical Engineering,international,,,,2000,"$2,000.00",2026-27 International
vancouver,,Policies on Fees,https://vancouver.calendar.ubc.ca/fees/policies-fees,Other Students,[],,Applied Science,Master of Engineering Mechatronics Design,domestic,,,,1000,"$1,000.00",2026-27 Domestic
vancouver,,Policies on Fees,https://vancouver.calendar.ubc.ca/fees/policies-fees,Other Students,[],,Applied Science,Master of Engineering Mechatronics Design,international,,,,2000,"$2,000.00",2026-27 International
vancouver,,Policies on Fees,https://vancouver.calendar.ubc.ca/fees/policies-fees,Other Students,[],,Applied Science,Master of Engineering Naval Architecture and Marine Engineering,domestic,,,,2000,"$2,000.00",2026-27 Domestic
vancouver,,Policies on Fees,https://vancouver.calendar.ubc.ca/fees/policies-fees,Other Students,[],,Applied Science,Master of Engineering Naval Architecture and Marine Engineering,international,,,,4000,"$4,000.00",2026-27 International
vancouver,,Policies on Fees,https://vancouver.calendar.ubc.ca/fees/policies-fees,Other Students,[],,Applied Science,Master of Health Leadership and Policy,domestic,,,,5000,"$5,000.00",2026-27 Domestic
vancouver,,Policies on Fees,https://vancouver.calendar.ubc.ca/fees/policies-fees,Other Students,[],,Applied Science,Master of Health Leadership and Policy,international,,,,5000,"$5,000.00",2026-27 International
vancouver,,Policies on Fees,https://vancouver.calendar.ubc.ca/fees/policies-fees,Other Students,[],,Applied Science,Master of Architecture,domestic,,,,2000,"$2,000.00",2026-27 Domestic
vancouver,,Policies on Fees,https://vancouver.calendar.ubc.ca/fees/policies-fees,Other Students,[],,Applied Science,Master of Architecture,international,,,,3000,"$3,000.00",2026-27 International
vancouver,,Policies on Fees,https://vancouver.calendar.ubc.ca/fees/policies-fees,Other Students,[],,Applied Science,Master of Landscape Architecture,domestic,,,,2000,"$2,000.00",2026-27 Domestic
vancouver,,Policies on Fees,https://vancouver.calendar.ubc.ca/fees/policies-fees,Other Students,[],,Applied Science,Master of Landscape Architecture,international,,,,3000,"$3,000.00",2026-27 International
vancouver,,Policies on Fees,https://vancouver.calendar.ubc.ca/fees/policies-fees,Other Students,[],,Applied Science,Dual Master of Architecture and Master of Landscape Architecture,domestic,,,,2000,"$2,000.00",2026-27 Domestic
vancouver,,Policies on Fees,https://vancouver.calendar.ubc.ca/fees/policies-fees,Other Students,[],,Applied Science,Dual Master of Architecture and Master of Landscape Architecture,international,,,,3000,"$3,000.00",2026-27 International
vancouver,,Policies on Fees,https://vancouver.calendar.ubc.ca/fees/policies-fees,Other Students,[],,Applied Science,Master of Urban Design,domestic,,,,2000,"$2,000.00",2026-27 Domestic
vancouver,,Policies on Fees,https://vancouver.calendar.ubc.ca/fees/policies-fees,Other Students,[],,Applied Science,Master of Urban Design,international,,,,3000,"$3,000.00",2026-27 International
vancouver,,Policies on Fees,https://vancouver.calendar.ubc.ca/fees/policies-fees,Other Students,[],,Arts,Master of Arts in Economics,domestic,,,,1000,"$1,000.00",2026-27 Domestic
vancouver,,Policies on Fees,https://vancouver.calendar.ubc.ca/fees/policies-fees,Other Students,[],,Arts,Master of Arts in Economics,international,,,,1000,"$1,000.00",2026-27 International
vancouver,,Policies on Fees,https://vancouver.calendar.ubc.ca/fees/policies-fees,Other Students,[],,Arts,Master of Fine Arts in Creative Writing,domestic,,,,500,$500.00,2026-27 Domestic
vancouver,,Policies on Fees,https://vancouver.calendar.ubc.ca/fees/policies-fees,Other Students,[],,Arts,Master of Fine Arts in Creative Writing,international,,,,1000,"$1,000.00",2026-27 International
vancouver,,Policies on Fees,https://vancouver.calendar.ubc.ca/fees/policies-fees,Other Students,[],,Arts,Master of Fine Arts in Creative Writing distance Education,domestic,,,,500,$500.00,2026-27 Domestic
vancouver,,Policies on Fees,https://vancouver.calendar.ubc.ca/fees/policies-fees,Other Students,[],,Arts,Master of Fine Arts in Creative Writing distance Education,international,,,,1000,"$1,000.00",2026-27 International
vancouver,,Policies on Fees,https://vancouver.calendar.ubc.ca/fees/policies-fees,Other Students,[],,Arts,Master of Fine Arts in Creative Writing and Theatre,domestic,,,,500,$500.00,2026-27 Domestic
vancouver,,Policies on Fees,https://vancouver.calendar.ubc.ca/fees/policies-fees,Other Students,[],,Arts,Master of Fine Arts in Creative Writing and Theatre,international,,,,1000,"$1,000.00",2026-27 International
vancouver,,Policies on Fees,https://vancouver.calendar.ubc.ca/fees/policies-fees,Other Students,[],,Arts,Master of Public Policy and Global Affairs,domestic,,,,3000,"$3,000.00",2026-27 Domestic
vancouver,,Policies on Fees,https://vancouver.calendar.ubc.ca/fees/policies-fees,Other Students,[],,Arts,Master of Public Policy and Global Affairs,international,,,,3000,"$3,000.00",2026-27 International
vancouver,,Policies on Fees,https://vancouver.calendar.ubc.ca/fees/policies-fees,Other Students,[],,Commerce and Business Administration,Master of Business Administration,domestic,,,,5000,"$5,000.00",2026-27 Domestic
vancouver,,Policies on Fees,https://vancouver.calendar.ubc.ca/fees/policies-fees,Other Students,[],,Commerce and Business Administration,Master of Business Administration,international,,,,5000,"$5,000.00",2026-27 International
vancouver,,Policies on Fees,https://vancouver.calendar.ubc.ca/fees/policies-fees,Other Students,[],,Commerce and Business Administration,Master of Business Administration,domestic,,,,2500,"$2,500.00",Deferral Deposit -Domestic
vancouver,,Policies on Fees,https://vancouver.calendar.ubc.ca/fees/policies-fees,Other Students,[],,Commerce and Business Administration,Master of Business Administration,international,,,,2500,"$2,500.00",Deferral Deposit - International
vancouver,,Policies on Fees,https://vancouver.calendar.ubc.ca/fees/policies-fees,Other Students,[],,Commerce and Business Administration,Master of Business Administration and Master of Business Analytics Dual Degree Program Option,domestic,,,,5000,"$5,000.00",2026-27 Domestic
vancouver,,Policies on Fees,https://vancouver.calendar.ubc.ca/fees/policies-fees,Other Students,[],,Commerce and Business Administration,Master of Business Administration and Master of Business Analytics Dual Degree Program Option,international,,,,5000,"$5,000.00",2026-27 International
vancouver,,Policies on Fees,https://vancouver.calendar.ubc.ca/fees/policies-fees,Other Students,[],,Commerce and Business Administration,Master of Business Administration and Master of Business Analytics Dual Degree Program Option,domestic,,,,2500,"$2,500.00",Deferral Deposit -Domestic
vancouver,,Policies on Fees,https://vancouver.calendar.ubc.ca/fees/policies-fees,Other Students,[],,Commerce and Business Administration,Master of Business Administration and Master of Business Analytics Dual Degree Program Option,international,,,,2500,"$2,500.00",Deferral Deposit - International
vancouver,,Policies on Fees,https://vancouver.calendar.ubc.ca/fees/policies-fees,Other Students,[],,Commerce and Business Administration,Professional Master of Business Administration,domestic,,,,5000,"$5,000.00",2026-27 Domestic
vancouver,,Policies on Fees,https://vancouver.calendar.ubc.ca/fees/policies-fees,Other Students,[],,Commerce and Business Administration,Professional Master of Business Administration,international,,,,5000,"$5,000.00",2026-27 International
vancouver,,Policies on Fees,https://vancouver.calendar.ubc.ca/fees/policies-fees,Other Students,[],,Commerce and Business Administration,Professional Master of Business Administration,domestic,,,,2500,"$2,500.00",Deferral Deposit -Domestic
vancouver,,Policies on Fees,https://vancouver.calendar.ubc.ca/fees/policies-fees,Other Students,[],,Commerce and Business Administration,Professional Master of Business Administration,international,,,,2500,"$2,500.00",Deferral Deposit - International
vancouver,,Policies on Fees,https://vancouver.calendar.ubc.ca/fees/policies-fees,Other Students,[],,Commerce and Business Administration,International Master of Business Administration,domestic,,,,5000,"$5,000.00",2026-27 Domestic
vancouver,,Policies on Fees,https://vancouver.calendar.ubc.ca/fees/policies-fees,Other Students,[],,Commerce and Business Administration,International Master of Business Administration,international,,,,5000,"$5,000.00",2026-27 International
vancouver,,Policies on Fees,https://vancouver.calendar.ubc.ca/fees/policies-fees,Other Students,[],,Commerce and Business Administration,International Master of Business Administration,domestic,,,,2500,"$2,500.00",Deferral Deposit -Domestic
vancouver,,Policies on Fees,https://vancouver.calendar.ubc.ca/fees/policies-fees,Other Students,[],,Commerce and Business Administration,International Master of Business Administration,international,,,,2500,"$2,500.00",Deferral Deposit - International
vancouver,,Policies on Fees,https://vancouver.calendar.ubc.ca/fees/policies-fees,Other Students,[],,Commerce and Business Administration,Dual Master of Business Administration and Juris Doctor*,domestic,,,,5000,"$5,000.00",2026-27 Domestic
vancouver,,Policies on Fees,https://vancouver.calendar.ubc.ca/fees/policies-fees,Other Students,[],,Commerce and Business Administration,Dual Master of Business Administration and Juris Doctor*,international,,,,5000,"$5,000.00",2026-27 International
vancouver,,Policies on Fees,https://vancouver.calendar.ubc.ca/fees/policies-fees,Other Students,[],,Commerce and Business Administration,Dual Master of Business Administration and Juris Doctor*,domestic,,,,2500,"$2,500.00",Deferral Deposit -Domestic
vancouver,,Policies on Fees,https://vancouver.calendar.ubc.ca/fees/policies-fees,Other Students,[],,Commerce and Business Administration,Dual Master of Business Administration and Juris Doctor*,international,,,,2500,"$2,500.00",Deferral Deposit - International
vancouver,,Policies on Fees,https://vancouver.calendar.ubc.ca/fees/policies-fees,Other Students,[],,Commerce and Business Administration,Master of Business Analytics,domestic,,,,5000,"$5,000.00",2026-27 Domestic
vancouver,,Policies on Fees,https://vancouver.calendar.ubc.ca/fees/policies-fees,Other Students,[],,Commerce and Business Administration,Master of Business Analytics,international,,,,5000,"$5,000.00",2026-27 International
vancouver,,Policies on Fees,https://vancouver.calendar.ubc.ca/fees/policies-fees,Other Students,[],,Commerce and Business Administration,Master of Business Analytics,domestic,,,,2500,"$2,500.00",Deferral Deposit -Domestic
vancouver,,Policies on Fees,https://vancouver.calendar.ubc.ca/fees/policies-fees,Other Students,[],,Commerce and Business Administration,Master of Business Analytics,international,,,,2500,"$2,500.00",Deferral Deposit - International
vancouver,,Policies on Fees,https://vancouver.calendar.ubc.ca/fees/policies-fees,Other Students,[],,Commerce and Business Administration,Master of Management,domestic,,,,5000,"$5,000.00",2026-27 Domestic
vancouver,,Policies on Fees,https://vancouver.calendar.ubc.ca/fees/policies-fees,Other Students,[],,Commerce and Business Administration,Master of Management,international,,,,5000,"$5,000.00",2026-27 International
vancouver,,Policies on Fees,https://vancouver.calendar.ubc.ca/fees/policies-fees,Other Students,[],,Commerce and Business Administration,Master of Management,domestic,,,,2500,"$2,500.00",Deferral Deposit -Domestic
vancouver,,Policies on Fees,https://vancouver.calendar.ubc.ca/fees/policies-fees,Other Students,[],,Commerce and Business Administration,Master of Management,international,,,,2500,"$2,500.00",Deferral Deposit - International
vancouver,,Policies on Fees,https://vancouver.calendar.ubc.ca/fees/policies-fees,Other Students,[],,Education,Master of Kinesiology,domestic,,,,500,$500.00,2026-27 Domestic
vancouver,,Policies on Fees,https://vancouver.calendar.ubc.ca/fees/policies-fees,Other Students,[],,Education,Master of Kinesiology,international,,,,500,$500.00,2026-27 International
vancouver,,Policies on Fees,https://vancouver.calendar.ubc.ca/fees/policies-fees,Other Students,[],,Forestry and Environmental Stewardship,Master of Geomatics for Environmental Management,domestic,,,,1000,"$1,000.00",2026-27 Domestic
vancouver,,Policies on Fees,https://vancouver.calendar.ubc.ca/fees/policies-fees,Other Students,[],,Forestry and Environmental Stewardship,Master of Geomatics for Environmental Management,international,,,,1000,"$1,000.00",2026-27 International
vancouver,,Policies on Fees,https://vancouver.calendar.ubc.ca/fees/policies-fees,Other Students,[],,Forestry and Environmental Stewardship,Master of International Forestry,domestic,,,,1000,"$1,000.00",2026-27 Domestic
vancouver,,Policies on Fees,https://vancouver.calendar.ubc.ca/fees/policies-fees,Other Students,[],,Forestry and Environmental Stewardship,Master of International Forestry,international,,,,1000,"$1,000.00",2026-27 International
vancouver,,Policies on Fees,https://vancouver.calendar.ubc.ca/fees/policies-fees,Other Students,[],,Forestry and Environmental Stewardship,Master of Urban Forestry Leadership,domestic,,,,1000,"$1,000.00",2026-27 Domestic
vancouver,,Policies on Fees,https://vancouver.calendar.ubc.ca/fees/policies-fees,Other Students,[],,Forestry and Environmental Stewardship,Master of Urban Forestry Leadership,international,,,,1000,"$1,000.00",2026-27 International
vancouver,,Policies on Fees,https://vancouver.calendar.ubc.ca/fees/policies-fees,Other Students,[],,Forestry and Environmental Stewardship,Master of Sustainable Forest Management,domestic,,,,1000,"$1,000.00",2026-27 Domestic
vancouver,,Policies on Fees,https://vancouver.calendar.ubc.ca/fees/policies-fees,Other Students,[],,Forestry and Environmental Stewardship,Master of Sustainable Forest Management,international,,,,1000,"$1,000.00",2026-27 International
vancouver,,Policies on Fees,https://vancouver.calendar.ubc.ca/fees/policies-fees,Other Students,[],,Land and Food Systems,Master of Food Science,domestic,,,,1000,"$1,000.00",2026-27 Domestic
vancouver,,Policies on Fees,https://vancouver.calendar.ubc.ca/fees/policies-fees,Other Students,[],,Land and Food Systems,Master of Food Science,international,,,,3000,"$3,000.00",2026-27 International
vancouver,,Policies on Fees,https://vancouver.calendar.ubc.ca/fees/policies-fees,Other Students,[],,Land and Food Systems,Master of Food and Resource Economics,domestic,,,,1500,"$1,500.00",2026-27 Domestic
vancouver,,Policies on Fees,https://vancouver.calendar.ubc.ca/fees/policies-fees,Other Students,[],,Land and Food Systems,Master of Food and Resource Economics,international,,,,1500,"$1,500.00",2026-27 International
vancouver,,Policies on Fees,https://vancouver.calendar.ubc.ca/fees/policies-fees,Other Students,[],,Land and Food Systems,Master of Land and Water Systems,domestic,,,,1500,"$1,500.00",2026-27 Domestic
vancouver,,Policies on Fees,https://vancouver.calendar.ubc.ca/fees/policies-fees,Other Students,[],,Land and Food Systems,Master of Land and Water Systems,international,,,,3000,"$3,000.00",2026-27 International
vancouver,,Policies on Fees,https://vancouver.calendar.ubc.ca/fees/policies-fees,Other Students,[],,Land and Food Systems,Master of Nutrition and Dietetics,domestic,,,,1000,"$1,000.00",2026-27 Domestic
vancouver,,Policies on Fees,https://vancouver.calendar.ubc.ca/fees/policies-fees,Other Students,[],,Land and Food Systems,Master of Nutrition and Dietetics,international,,,,2400,"$2,400.00",2026-27 International
vancouver,,Policies on Fees,https://vancouver.calendar.ubc.ca/fees/policies-fees,Other Students,[],,Law,Master of Laws Common Law,domestic,,,,1000,"$1,000.00",2026-27 Domestic
vancouver,,Policies on Fees,https://vancouver.calendar.ubc.ca/fees/policies-fees,Other Students,[],,Law,Master of Laws Common Law,international,,,,1000,"$1,000.00",2026-27 International
vancouver,,Policies on Fees,https://vancouver.calendar.ubc.ca/fees/policies-fees,Other Students,[],,Law,Master of Laws in Taxation,domestic,,,,1000,"$1,000.00",2026-27 Domestic
vancouver,,Policies on Fees,https://vancouver.calendar.ubc.ca/fees/policies-fees,Other Students,[],,Law,Master of Laws in Taxation,international,,,,1000,"$1,000.00",2026-27 International
vancouver,,Policies on Fees,https://vancouver.calendar.ubc.ca/fees/policies-fees,Other Students,[],,Medicine,Master of Global Health (F/T and P/T),domestic,,,,1000,"$1,000.00",2026-27 Domestic
vancouver,,Policies on Fees,https://vancouver.calendar.ubc.ca/fees/policies-fees,Other Students,[],,Medicine,Master of Global Health (F/T and P/T),international,,,,1500,"$1,500.00",2026-27 International
vancouver,,Policies on Fees,https://vancouver.calendar.ubc.ca/fees/policies-fees,Other Students,[],,Medicine,Master of Global Surgical Care,domestic,,,,1000,"$1,000.00",2026-27 Domestic
vancouver,,Policies on Fees,https://vancouver.calendar.ubc.ca/fees/policies-fees,Other Students,[],,Medicine,Master of Global Surgical Care,international,,,,1000,"$1,000.00",2026-27 International
vancouver,,Policies on Fees,https://vancouver.calendar.ubc.ca/fees/policies-fees,Other Students,[],,Medicine,Master of Health Administration,domestic,,,,1000,"$1,000.00",2026-27 Domestic
vancouver,,Policies on Fees,https://vancouver.calendar.ubc.ca/fees/policies-fees,Other Students,[],,Medicine,Master of Health Administration,international,,,,1000,"$1,000.00",2026-27 International
vancouver,,Policies on Fees,https://vancouver.calendar.ubc.ca/fees/policies-fees,Other Students,[],,Medicine,Master of Occupational Therapy,domestic,,,,1000,"$1,000.00",2026-27 Domestic
vancouver,,Policies on Fees,https://vancouver.calendar.ubc.ca/fees/policies-fees,Other Students,[],,Medicine,Master of Occupational Therapy,international,,,,1000,"$1,000.00",2026-27 International
vancouver,,Policies on Fees,https://vancouver.calendar.ubc.ca/fees/policies-fees,Other Students,[],,Medicine,Master of Physical Therapy,domestic,,,,1500,"$1,500.00",2026-27 Domestic
vancouver,,Policies on Fees,https://vancouver.calendar.ubc.ca/fees/policies-fees,Other Students,[],,Medicine,Master of Physical Therapy,international,,,,1500,"$1,500.00",2026-27 International
vancouver,,Policies on Fees,https://vancouver.calendar.ubc.ca/fees/policies-fees,Other Students,[],,Medicine,Master of Public Health,domestic,,,,500,$500.00,2026-27 Domestic
vancouver,,Policies on Fees,https://vancouver.calendar.ubc.ca/fees/policies-fees,Other Students,[],,Medicine,Master of Public Health,international,,,,500,$500.00,2026-27 International
vancouver,,Policies on Fees,https://vancouver.calendar.ubc.ca/fees/policies-fees,Other Students,[],,Medicine,Combined Master of Public Health with Diploma in Dental Public Health,domestic,,,,250,$250.00,2026-27 Domestic
vancouver,,Policies on Fees,https://vancouver.calendar.ubc.ca/fees/policies-fees,Other Students,[],,Medicine,Combined Master of Public Health with Diploma in Dental Public Health,international,,,,250,$250.00,2026-27 International
vancouver,,Policies on Fees,https://vancouver.calendar.ubc.ca/fees/policies-fees,Other Students,[],,Medicine,Combined Master of Public Health and Master of Science in Nursing,domestic,,,,250,$250.00,2026-27 Domestic
vancouver,,Policies on Fees,https://vancouver.calendar.ubc.ca/fees/policies-fees,Other Students,[],,Medicine,Combined Master of Public Health and Master of Science in Nursing,international,,,,250,$250.00,2026-27 International
vancouver,,Policies on Fees,https://vancouver.calendar.ubc.ca/fees/policies-fees,Other Students,[],,Medicine,Master of Science in Audiology and Speech Sciences,domestic,,,,1000,"$1,000.00",2026-27 Domestic
vancouver,,Policies on Fees,https://vancouver.calendar.ubc.ca/fees/policies-fees,Other Students,[],,Medicine,Master of Science in Population and Public Health,domestic,,,,500,$500.00,2026-27 Domestic
vancouver,,Policies on Fees,https://vancouver.calendar.ubc.ca/fees/policies-fees,Other Students,[],,Medicine,Master of Science in Population and Public Health,international,,,,500,$500.00,2026-27 International
vancouver,,Policies on Fees,https://vancouver.calendar.ubc.ca/fees/policies-fees,Other Students,[],,Medicine,Doctor of Philosophy in Population and Public Health,domestic,,,,500,$500.00,2026-27 Domestic
vancouver,,Policies on Fees,https://vancouver.calendar.ubc.ca/fees/policies-fees,Other Students,[],,Medicine,Doctor of Philosophy in Population and Public Health,international,,,,500,$500.00,2026-27 International
vancouver,,Policies on Fees,https://vancouver.calendar.ubc.ca/fees/policies-fees,Other Students,[],,Science,Master of Data Science**,domestic,,,,3000,"$3,000.00",2026-27 Domestic
vancouver,,Policies on Fees,https://vancouver.calendar.ubc.ca/fees/policies-fees,Other Students,[],,Science,Master of Data Science**,international,,,,3000,"$3,000.00",2026-27 International
vancouver,,Policies on Fees,https://vancouver.calendar.ubc.ca/fees/policies-fees,Undergraduate Formal Exchange Programs,[],,,U-Pass Fee,,,,per_term,191.4,$191.40 per term,Amount
vancouver,,Policies on Fees,https://vancouver.calendar.ubc.ca/fees/policies-fees,Undergraduate Formal Exchange Programs,[],,,iMED*,,,,per_term,204.3,"$204.30 per academic year, $295.10 per term, or $70.37 per month",Amount
vancouver,,Policies on Fees,https://vancouver.calendar.ubc.ca/fees/policies-fees,Undergraduate Formal Exchange Programs,[],,,,,,,per_month,204.3,"* Two-term exchange students will be assessed $204.30, and one-term exchange students will be assessed $295.10. Visiting international research students will be assessed a monthly rate of $70.37 up to 6 months (a fraction of a month will be considered a full month).",Student Fee
vancouver,,"Program, Course, and Faculty Fees",https://vancouver.calendar.ubc.ca/fees/program-course-and-faculty-fees,Program and Course Fees,"[""Programs/Courses Amount""]",Programs/Courses,,Co-op course fee1,,,,,889,$889.00,
vancouver,,"Program, Course, and Faculty Fees",https://vancouver.calendar.ubc.ca/fees/program-course-and-faculty-fees,Program and Course Fees,"[""Programs/Courses Amount""]",Programs/Courses,,Co-op administration and workshop fee,,,,,288.25,$288.25,
vancouver,,"Program, Course, and Faculty Fees",https://vancouver.calendar.ubc.ca/fees/program-course-and-faculty-fees,Program and Course Fees,"[""Programs/Courses Amount""]",Programs/Courses,,Go Global application and administration fee (applies also to VIRS),,,,,440,$440.00,
vancouver,,"Program, Course, and Faculty Fees",https://vancouver.calendar.ubc.ca/fees/program-course-and-faculty-fees,Program and Course Fees,"[""Programs/Courses Amount""]",Programs/Courses,,Student Accident Insurance2,,,,,7,$7.00,
vancouver,,"Program, Course, and Faculty Fees",https://vancouver.calendar.ubc.ca/fees/program-course-and-faculty-fees,Program and Course Fees,"[""Programs/Courses Amount""]",Programs/Courses,,Student Health Immunization Review Fee,,,,,173.5,$173.50,
vancouver,,"Program, Course, and Faculty Fees",https://vancouver.calendar.ubc.ca/fees/program-course-and-faculty-fees,Program and Course Fees,"[""Programs/Courses Amount""]",Programs/Courses,,"TB Screen Test Fee, TB screen within 6 months of starting a practicum in a health care setting",,,,,41.5,$41.50,
vancouver,,"Program, Course, and Faculty Fees",https://vancouver.calendar.ubc.ca/fees/program-course-and-faculty-fees,Program and Course Fees,"[""Programs/Courses Amount""]",Programs/Courses,,Visual Arts (VISA) studio fee3,,,,,37.5,$37.50 per course,
vancouver,,"Program, Course, and Faculty Fees",https://vancouver.calendar.ubc.ca/fees/program-course-and-faculty-fees,Program and Course Fees,"[""Programs/Courses Amount""]",Programs/Courses,,Haida Gwaii Program Fee Winter Term,,,,,4000,"$4,000.00",
vancouver,,"Program, Course, and Faculty Fees",https://vancouver.calendar.ubc.ca/fees/program-course-and-faculty-fees,Program and Course Fees,"[""Programs/Courses Amount""]",Programs/Courses,,Haida Gwaii Program Fee Summer Term,,,,,3200,"$3,200.00",
vancouver,,"Program, Course, and Faculty Fees",https://vancouver.calendar.ubc.ca/fees/program-course-and-faculty-fees,Program and Course Fees,"[""Programs/Courses Amount""]",Programs/Courses,Course Field Trips,APBI_V 443,,,,,84.45,$84.45,
vancouver,,"Program, Course, and Faculty Fees",https://vancouver.calendar.ubc.ca/fees/program-course-and-faculty-fees,Program and Course Fees,"[""Programs/Courses Amount""]",Programs/Courses,Course Field Trips,ANTH_V 480,,,,,312.12,$312.12,
vancouver,,"Program, Course, and Faculty Fees",https://vancouver.calendar.ubc.ca/fees/program-course-and-faculty-fees,Program and Course Fees,"[""Programs/Courses Amount""]",Programs/Courses,Course Field Trips,CHBE_V 362,,,,,208.08,$208.08,
vancouver,,"Program, Course, and Faculty Fees",https://vancouver.calendar.ubc.ca/fees/program-course-and-faculty-fees,Program and Course Fees,"[""Programs/Courses Amount""]",Programs/Courses,Course Field Trips,CHBE_V 365,,,,,208.08,$208.08,
vancouver,,"Program, Course, and Faculty Fees",https://vancouver.calendar.ubc.ca/fees/program-course-and-faculty-fees,Program and Course Fees,"[""Programs/Courses Amount""]",Programs/Courses,Course Field Trips,CHBE_V 366,,,,,208.08,$208.08,
vancouver,,"Program, Course, and Faculty Fees",https://vancouver.calendar.ubc.ca/fees/program-course-and-faculty-fees,Program and Course Fees,"[""Programs/Courses Amount""]",Programs/Courses,Course Field Trips,EOSC_V 223,,,,,243.66,$243.66,
vancouver,,"Program, Course, and Faculty Fees",https://vancouver.calendar.ubc.ca/fees/program-course-and-faculty-fees,Program and Course Fees,"[""Programs/Courses Amount""]",Programs/Courses,Course Field Trips,EOSC_V 328,,,,,975.19,$975.19,
vancouver,,"Program, Course, and Faculty Fees",https://vancouver.calendar.ubc.ca/fees/program-course-and-faculty-fees,Program and Course Fees,"[""Programs/Courses Amount""]",Programs/Courses,Course Field Trips,EOSC_V 473,,,,,511.95,$511.95,
vancouver,,"Program, Course, and Faculty Fees",https://vancouver.calendar.ubc.ca/fees/program-course-and-faculty-fees,Program and Course Fees,"[""Programs/Courses Amount""]",Programs/Courses,Course Field Trips,EOSC_V 573,,,,,511.95,$511.95,
vancouver,,"Program, Course, and Faculty Fees",https://vancouver.calendar.ubc.ca/fees/program-course-and-faculty-fees,Program and Course Fees,"[""Programs/Courses Amount""]",Programs/Courses,Course Field Trips,FRST_V 350,,,,,910.35,$910.35,
vancouver,,"Program, Course, and Faculty Fees",https://vancouver.calendar.ubc.ca/fees/program-course-and-faculty-fees,Program and Course Fees,"[""Programs/Courses Amount""]",Programs/Courses,Course Field Trips,ILS_V 100 (Indigenous View of Landscapes),,,,,800,$800.00,
vancouver,,"Program, Course, and Faculty Fees",https://vancouver.calendar.ubc.ca/fees/program-course-and-faculty-fees,Program and Course Fees,"[""Programs/Courses Amount""]",Programs/Courses,Course Field Trips,ILS_V 200 (Field Measurements),,,,,800,$800.00,
vancouver,,"Program, Course, and Faculty Fees",https://vancouver.calendar.ubc.ca/fees/program-course-and-faculty-fees,Program and Course Fees,"[""Programs/Courses Amount""]",Programs/Courses,Course Field Trips,ILS_V 300 (Interventions on the Land),,,,,800,$800.00,
vancouver,,"Program, Course, and Faculty Fees",https://vancouver.calendar.ubc.ca/fees/program-course-and-faculty-fees,Program and Course Fees,"[""Programs/Courses Amount""]",Programs/Courses,Course Field Trips,"NRES_V 100 (accommodation, instruction, administration, transportation, meals)",,,,,500,$500.00,
vancouver,,"Program, Course, and Faculty Fees",https://vancouver.calendar.ubc.ca/fees/program-course-and-faculty-fees,Program and Course Fees,"[""Programs/Courses Amount""]",Programs/Courses,Course Field Trips,SOCI_V 480,,,,,312.12,$312.12,
vancouver,,"Program, Course, and Faculty Fees",https://vancouver.calendar.ubc.ca/fees/program-course-and-faculty-fees,Program and Course Fees,"[""Programs/Courses Amount""]",Programs/Courses,Course Field Trips,UFOR_V 400,,,,,728.25,$728.25,
vancouver,,"Program, Course, and Faculty Fees",https://vancouver.calendar.ubc.ca/fees/program-course-and-faculty-fees,Program and Course Fees,"[""Programs/Courses Amount""]",Programs/Courses,Course Field Trips,"Full-time Master of Business Administration, Year 1",,,,,624.24,$624.24,
vancouver,,"Program, Course, and Faculty Fees",https://vancouver.calendar.ubc.ca/fees/program-course-and-faculty-fees,Program and Course Fees,"[""Programs/Courses Amount""]",Programs/Courses,Course Field Trips,Vantage One Arts,,,,,119.49,$119.49,
vancouver,,"Program, Course, and Faculty Fees",https://vancouver.calendar.ubc.ca/fees/program-course-and-faculty-fees,Program and Course Fees,"[""Programs/Courses Amount""]",Programs/Courses,Course Field Trips,Vantage One Science,,,,,119.49,$119.49,
vancouver,,"Program, Course, and Faculty Fees",https://vancouver.calendar.ubc.ca/fees/program-course-and-faculty-fees,Program and Course Fees,"[""Programs/Courses Amount""]",Programs/Courses,Course Field Trips,Vantage One Management,,,,,597.52,$597.52,
vancouver,,"Program, Course, and Faculty Fees",https://vancouver.calendar.ubc.ca/fees/program-course-and-faculty-fees,Program and Course Fees,"[""Programs/Courses Amount""]",Programs/Courses,Course Field Trips,Vantage One Engineering,,,,,597.52,$597.52,
vancouver,,"Program, Course, and Faculty Fees",https://vancouver.calendar.ubc.ca/fees/program-course-and-faculty-fees,Program and Course Fees,"[""Programs/Courses Amount""]",Programs/Courses,Course Material Fee,BIOL_V 209,,,,,26,$26.00,
vancouver,,"Program, Course, and Faculty Fees",https://vancouver.calendar.ubc.ca/fees/program-course-and-faculty-fees,Program and Course Fees,"[""Programs/Courses Amount""]",Programs/Courses,Course Material Fee,BIOL_V 323,,,,,36,$36.00,
vancouver,,"Program, Course, and Faculty Fees",https://vancouver.calendar.ubc.ca/fees/program-course-and-faculty-fees,Program and Course Fees,"[""Programs/Courses Amount""]",Programs/Courses,Course Material Fee,CHEM_V 111,,,,,67.5,$67.50,
vancouver,,"Program, Course, and Faculty Fees",https://vancouver.calendar.ubc.ca/fees/program-course-and-faculty-fees,Program and Course Fees,"[""Programs/Courses Amount""]",Programs/Courses,Course Material Fee,CHEM_V 121,,,,,67.5,$67.50,
vancouver,,"Program, Course, and Faculty Fees",https://vancouver.calendar.ubc.ca/fees/program-course-and-faculty-fees,Program and Course Fees,"[""Programs/Courses Amount""]",Programs/Courses,Course Material Fee,CHEM_V 123,,,,,13.5,$13.50,
vancouver,,"Program, Course, and Faculty Fees",https://vancouver.calendar.ubc.ca/fees/program-course-and-faculty-fees,Program and Course Fees,"[""Programs/Courses Amount""]",Programs/Courses,Course Material Fee,CHEM_V 135,,,,,13.5,$13.50,
vancouver,,"Program, Course, and Faculty Fees",https://vancouver.calendar.ubc.ca/fees/program-course-and-faculty-fees,Program and Course Fees,"[""Programs/Courses Amount""]",Programs/Courses,Course Material Fee,CHEM_V 203,,,,,46.5,$46.50,
vancouver,,"Program, Course, and Faculty Fees",https://vancouver.calendar.ubc.ca/fees/program-course-and-faculty-fees,Program and Course Fees,"[""Programs/Courses Amount""]",Programs/Courses,Course Material Fee,CHEM_V 245,,,,,46.5,$46.50,
vancouver,,"Program, Course, and Faculty Fees",https://vancouver.calendar.ubc.ca/fees/program-course-and-faculty-fees,Program and Course Fees,"[""Programs/Courses Amount""]",Programs/Courses,Course Material Fee,CHEM_V 211,,,,,29,$29.00,
vancouver,,"Program, Course, and Faculty Fees",https://vancouver.calendar.ubc.ca/fees/program-course-and-faculty-fees,Program and Course Fees,"[""Programs/Courses Amount""]",Programs/Courses,Course Material Fee,CHEM_V 235,,,,,36,$36.00,
vancouver,,"Program, Course, and Faculty Fees",https://vancouver.calendar.ubc.ca/fees/program-course-and-faculty-fees,Program and Course Fees,"[""Programs/Courses Amount""]",Programs/Courses,Course Material Fee,CHEM_V 300,,,,,19.5,$19.50,
vancouver,,"Program, Course, and Faculty Fees",https://vancouver.calendar.ubc.ca/fees/program-course-and-faculty-fees,Program and Course Fees,"[""Programs/Courses Amount""]",Programs/Courses,Course Material Fee,COMM_V 202,,,,,20.5,$20.50,
vancouver,,"Program, Course, and Faculty Fees",https://vancouver.calendar.ubc.ca/fees/program-course-and-faculty-fees,Program and Course Fees,"[""Programs/Courses Amount""]",Programs/Courses,Course Material Fee,FNEL_V 101,,,,,72.5,$72.50,
vancouver,,"Program, Course, and Faculty Fees",https://vancouver.calendar.ubc.ca/fees/program-course-and-faculty-fees,Program and Course Fees,"[""Programs/Courses Amount""]",Programs/Courses,Course Material Fee,FNEL_V 102,,,,,41.5,$41.50,
vancouver,,"Program, Course, and Faculty Fees",https://vancouver.calendar.ubc.ca/fees/program-course-and-faculty-fees,Program and Course Fees,"[""Programs/Courses Amount""]",Programs/Courses,Course Material Fee,FNEL_V 201,,,,,41.5,$41.50,
vancouver,,"Program, Course, and Faculty Fees",https://vancouver.calendar.ubc.ca/fees/program-course-and-faculty-fees,Program and Course Fees,"[""Programs/Courses Amount""]",Programs/Courses,Course Material Fee,FNEL_V 202,,,,,41.5,$41.50,
vancouver,,"Program, Course, and Faculty Fees",https://vancouver.calendar.ubc.ca/fees/program-course-and-faculty-fees,Program and Course Fees,"[""Programs/Courses Amount""]",Programs/Courses,Course Material Fee,FNH_V 330,,,,,52,$52.00,
vancouver,,"Program, Course, and Faculty Fees",https://vancouver.calendar.ubc.ca/fees/program-course-and-faculty-fees,Program and Course Fees,"[""Programs/Courses Amount""]",Programs/Courses,Course Material Fee,FNH_V 335,,,,,52,$52.00,
vancouver,,"Program, Course, and Faculty Fees",https://vancouver.calendar.ubc.ca/fees/program-course-and-faculty-fees,Program and Course Fees,"[""Programs/Courses Amount""]",Programs/Courses,Course Material Fee,MUSC_V 119,,,,,22.5,$22.50,
vancouver,,"Program, Course, and Faculty Fees",https://vancouver.calendar.ubc.ca/fees/program-course-and-faculty-fees,Faculty Fees,"[""Arts""]",Arts,,"Bachelor of Social Work Criminal Record Check (vulnerable sector check, done for students prior to practicum with Children or vulnerable adults)",,,,,29,$29.00,
vancouver,,"Program, Course, and Faculty Fees",https://vancouver.calendar.ubc.ca/fees/program-course-and-faculty-fees,Faculty Fees,"[""Arts""]",Arts,,Graduate Certificate in Migration Studies,,,,,78,$78.00,
vancouver,,"Program, Course, and Faculty Fees",https://vancouver.calendar.ubc.ca/fees/program-course-and-faculty-fees,Faculty Fees,"[""Arts""]",Arts,,Master of Arts in Children's Literature Program Fee,,,,,112,$112.00,
vancouver,,"Program, Course, and Faculty Fees",https://vancouver.calendar.ubc.ca/fees/program-course-and-faculty-fees,Faculty Fees,"[""Arts""]",Arts,,"Master of Social Work Criminal Record Check (vulnerable sector check, done for students prior to practicum with Children or vulnerable adults)",,,,,29,$29.00,
vancouver,,"Program, Course, and Faculty Fees",https://vancouver.calendar.ubc.ca/fees/program-course-and-faculty-fees,Faculty Fees,"[""Arts""]",Arts,,Master of Library and Information Studies Program Fee,,,,,224.5,$224.50,
vancouver,,"Program, Course, and Faculty Fees",https://vancouver.calendar.ubc.ca/fees/program-course-and-faculty-fees,Faculty Fees,"[""Arts""]",Arts,,Master of Archival Studies Program Fee,,,,,224.5,$224.50,
vancouver,,"Program, Course, and Faculty Fees",https://vancouver.calendar.ubc.ca/fees/program-course-and-faculty-fees,Faculty Fees,"[""Arts""]",Arts,,"PhD in Library, Archival, and Information Studies Program Fee",,,,,224.5,$224.50,
vancouver,,"Program, Course, and Faculty Fees",https://vancouver.calendar.ubc.ca/fees/program-course-and-faculty-fees,Faculty Fees,"[""Arts""]",Arts,,Dual Master of Archival Studies and Library and Information Studies Program Fee,,,,,379.5,$379.50,
vancouver,,"Program, Course, and Faculty Fees",https://vancouver.calendar.ubc.ca/fees/program-course-and-faculty-fees,Faculty Fees,"[""Arts""]",Arts,Applied Science,B.A.Sc. Annual Professional Activities fee1,,,,,132.75,$132.75,
vancouver,,"Program, Course, and Faculty Fees",https://vancouver.calendar.ubc.ca/fees/program-course-and-faculty-fees,Faculty Fees,"[""Arts""]",Arts,Applied Science,B.A.Sc. Biomedical Engineering (Years 2-4) Annual Program Fee2,,,,,795.75,$795.75,
vancouver,,"Program, Course, and Faculty Fees",https://vancouver.calendar.ubc.ca/fees/program-course-and-faculty-fees,Faculty Fees,"[""Arts""]",Arts,Applied Science,Maximum Activity Fee for Graduate Certificate in Global Mine Waste Management,,,,,3445.75,"$3,445.75",
vancouver,,"Program, Course, and Faculty Fees",https://vancouver.calendar.ubc.ca/fees/program-course-and-faculty-fees,Faculty Fees,"[""Arts""]",Arts,Applied Science,"M.Eng., International Option Professional Activity Fee",,,,,7282.75,"$7,282.75",
vancouver,,"Program, Course, and Faculty Fees",https://vancouver.calendar.ubc.ca/fees/program-course-and-faculty-fees,Faculty Fees,"[""Arts""]",Arts,Applied Science,Visiting Students from National University of Singapore in equivalent M.S. program - Professional Activity Fee,,,,,3500,"$3,500.00",
vancouver,,"Program, Course, and Faculty Fees",https://vancouver.calendar.ubc.ca/fees/program-course-and-faculty-fees,Faculty Fees,"[""Arts""]",Arts,Dentistry,"Annual Incidental Fee (Bachelor of Dental Science degree in Dental Hygiene, Entry-to-Practice Year 1 to Year 4)",,,,,156,$156.00,
vancouver,,"Program, Course, and Faculty Fees",https://vancouver.calendar.ubc.ca/fees/program-course-and-faculty-fees,Faculty Fees,"[""Arts""]",Arts,Dentistry,"Dentistry, short-term visiting students",,,,,64.25,$64.25,
vancouver,,"Program, Course, and Faculty Fees",https://vancouver.calendar.ubc.ca/fees/program-course-and-faculty-fees,Faculty Fees,"[""Arts""]",Arts,Dentistry,Annual Incidental Fee (D.M.D. Year 1 to Year 4),,,,,2627,"$2,627.00",
vancouver,,"Program, Course, and Faculty Fees",https://vancouver.calendar.ubc.ca/fees/program-course-and-faculty-fees,Faculty Fees,"[""Arts""]",Arts,Dentistry,"Annual Clinic Fee (Bachelor of Dental Science degree in Dental Hygiene, Entry-to-Practice Year 1 to Year 4)",,,,,11651.5,"$11,651.50",
vancouver,,"Program, Course, and Faculty Fees",https://vancouver.calendar.ubc.ca/fees/program-course-and-faculty-fees,Faculty Fees,"[""Arts""]",Arts,Dentistry,Domestic Annual Clinic fee3,,,,,34622,"$34,622.00",
vancouver,,"Program, Course, and Faculty Fees",https://vancouver.calendar.ubc.ca/fees/program-course-and-faculty-fees,Faculty Fees,"[""Arts""]",Arts,Dentistry,"International Annual Clinic fee3,4",,,,,39902.5,"$39,902.50",
vancouver,,"Program, Course, and Faculty Fees",https://vancouver.calendar.ubc.ca/fees/program-course-and-faculty-fees,Faculty Fees,"[""Arts""]",Arts,Dentistry,Annual Patient Innovation Fee3,,,,,4368,"$4,368.00",
vancouver,,"Program, Course, and Faculty Fees",https://vancouver.calendar.ubc.ca/fees/program-course-and-faculty-fees,Faculty Fees,"[""Arts""]",Arts,Dentistry,Domestic Annual Clinic fee3,,,,,17309.75,"$17,309.75",
vancouver,,"Program, Course, and Faculty Fees",https://vancouver.calendar.ubc.ca/fees/program-course-and-faculty-fees,Faculty Fees,"[""Arts""]",Arts,Dentistry,International Annual Clinic Fee3,,,,,19950.5,"$19,950.50",
vancouver,,"Program, Course, and Faculty Fees",https://vancouver.calendar.ubc.ca/fees/program-course-and-faculty-fees,Faculty Fees,"[""Arts""]",Arts,Dentistry,Annual Patient Innovation Fee3,,,,,2183.5,"$2,183.50",
vancouver,,"Program, Course, and Faculty Fees",https://vancouver.calendar.ubc.ca/fees/program-course-and-faculty-fees,Faculty Fees,"[""Arts""]",Arts,Education,Criminal Records Review,,,,,51.25,$51.25,
vancouver,,"Program, Course, and Faculty Fees",https://vancouver.calendar.ubc.ca/fees/program-course-and-faculty-fees,Faculty Fees,"[""Arts""]",Arts,Education,"- Records more than two, yet less than 11, years old",,,,,65.5,$65.50,
vancouver,,"Program, Course, and Faculty Fees",https://vancouver.calendar.ubc.ca/fees/program-course-and-faculty-fees,Faculty Fees,"[""Arts""]",Arts,Education,- Records 11 years or older,,,,,132.75,$132.75,
vancouver,,"Program, Course, and Faculty Fees",https://vancouver.calendar.ubc.ca/fees/program-course-and-faculty-fees,Faculty Fees,"[""Arts""]",Arts,Verification letter to be sent to a certification authority outside Canada:,"- Records more than two, yet less than 11, years old",,,,,132.75,$132.75,
vancouver,,"Program, Course, and Faculty Fees",https://vancouver.calendar.ubc.ca/fees/program-course-and-faculty-fees,Faculty Fees,"[""Arts""]",Arts,Verification letter to be sent to a certification authority outside Canada:,- Records 11 years or older,,,,,267,$267.00,
vancouver,,"Program, Course, and Faculty Fees",https://vancouver.calendar.ubc.ca/fees/program-course-and-faculty-fees,Faculty Fees,"[""Arts""]",Arts,Land and Food Systems,Annual Integrated Dietetics Program Administration Fee,,,,,2011.75,"$2,011.75",
vancouver,,"Program, Course, and Faculty Fees",https://vancouver.calendar.ubc.ca/fees/program-course-and-faculty-fees,Faculty Fees,"[""Arts""]",Arts,Land and Food Systems,Graduate Certificate in Aquaculture Field Trip and Text book Fee,,,,,1124.5,"$1,124.50",
vancouver,,"Program, Course, and Faculty Fees",https://vancouver.calendar.ubc.ca/fees/program-course-and-faculty-fees,Faculty Fees,"[""Arts""]",Arts,Land and Food Systems,Master of Food and Resource Economics Summer Program Fee,,,,,728.25,$728.25,
vancouver,,"Program, Course, and Faculty Fees",https://vancouver.calendar.ubc.ca/fees/program-course-and-faculty-fees,Faculty Fees,"[""Arts""]",Arts,Medicine,"Bachelor of Medical Laboratory Science, Year 4, Lab manuals and course syllabi",,,,,104,$104.00,
vancouver,,"Program, Course, and Faculty Fees",https://vancouver.calendar.ubc.ca/fees/program-course-and-faculty-fees,Faculty Fees,"[""Arts""]",Arts,Medicine,"Bachelor of Midwifery, Year 1, Program Fee",,,,,223.5,$223.50,
vancouver,,"Program, Course, and Faculty Fees",https://vancouver.calendar.ubc.ca/fees/program-course-and-faculty-fees,Faculty Fees,"[""Arts""]",Arts,Medicine,"Bachelor of Midwifery, Year 2-4, Program Fee",,,,,98.5,$98.50,
vancouver,,"Program, Course, and Faculty Fees",https://vancouver.calendar.ubc.ca/fees/program-course-and-faculty-fees,Faculty Fees,"[""Arts""]",Arts,Medicine,"Dean's Letter of Reference, single copy",,,,,55.25,$55.25,
vancouver,,"Program, Course, and Faculty Fees",https://vancouver.calendar.ubc.ca/fees/program-course-and-faculty-fees,Faculty Fees,"[""Arts""]",Arts,Medicine,"Dean's Letter of Reference, additional copies processed at the same time",,,,,10.4,$10.40,
vancouver,,"Program, Course, and Faculty Fees",https://vancouver.calendar.ubc.ca/fees/program-course-and-faculty-fees,Faculty Fees,"[""Arts""]",Arts,Medicine,Confirmation of Graduation form,,,,,10.4,$10.40,
vancouver,,"Program, Course, and Faculty Fees",https://vancouver.calendar.ubc.ca/fees/program-course-and-faculty-fees,Faculty Fees,"[""Arts""]",Arts,Medicine,Faxing single copy: Canada and USA,,,,,10.4,$10.40,
vancouver,,"Program, Course, and Faculty Fees",https://vancouver.calendar.ubc.ca/fees/program-course-and-faculty-fees,Faculty Fees,"[""Arts""]",Arts,Medicine,Faxing single copy: International,,,,,10.4,$10.40,
vancouver,,"Program, Course, and Faculty Fees",https://vancouver.calendar.ubc.ca/fees/program-course-and-faculty-fees,Faculty Fees,"[""Arts""]",Arts,Medicine,"Health Administration Fee (one-time, applied to G.C.G.S.C.)",,,,,166.5,$166.50,
vancouver,,"Program, Course, and Faculty Fees",https://vancouver.calendar.ubc.ca/fees/program-course-and-faculty-fees,Faculty Fees,"[""Arts""]",Arts,Medicine,"Master of Science, Audiology or Speech Pathology, criminal record check (required by students to go on clinical placement)",,,,,29,$29.00,
vancouver,,"Program, Course, and Faculty Fees",https://vancouver.calendar.ubc.ca/fees/program-course-and-faculty-fees,Faculty Fees,"[""Arts""]",Arts,Medicine,"Master of Science, Audiology or Speech Pathology, Printing Fees",,,,,20.5,$20.50,
vancouver,,"Program, Course, and Faculty Fees",https://vancouver.calendar.ubc.ca/fees/program-course-and-faculty-fees,Faculty Fees,"[""Arts""]",Arts,Medicine,"Master of Science, Audiology or Speech Pathology, Identification Badge for clinical placements",,,,,31,$31.00,
vancouver,,"Program, Course, and Faculty Fees",https://vancouver.calendar.ubc.ca/fees/program-course-and-faculty-fees,Faculty Fees,"[""Arts""]",Arts,Medicine,"Master of Science, Audiology, Year 1, Lab Supplies",,,,,393,$393.00,
vancouver,,"Program, Course, and Faculty Fees",https://vancouver.calendar.ubc.ca/fees/program-course-and-faculty-fees,Faculty Fees,"[""Arts""]",Arts,Medicine,"Master of Science, Audiology, 1 year Simucase License",,,,,114,$114.00,
vancouver,,"Program, Course, and Faculty Fees",https://vancouver.calendar.ubc.ca/fees/program-course-and-faculty-fees,Faculty Fees,"[""Arts""]",Arts,Medicine,"Master of Science, Speech Language Pathology, 2 years Simucase License",,,,,228.5,$228.50,
vancouver,,"Program, Course, and Faculty Fees",https://vancouver.calendar.ubc.ca/fees/program-course-and-faculty-fees,Faculty Fees,"[""Arts""]",Arts,Medicine,"Master of Science, Speech Language Pathology, Lab supplies, SLP Tests, software",,,,,278.5,$278.50,
vancouver,,"Program, Course, and Faculty Fees",https://vancouver.calendar.ubc.ca/fees/program-course-and-faculty-fees,Faculty Fees,"[""Arts""]",Arts,Medicine,"Master of Occupational Therapy, Year 1, Program Fee",,,,,755.25,$755.25,
vancouver,,"Program, Course, and Faculty Fees",https://vancouver.calendar.ubc.ca/fees/program-course-and-faculty-fees,Faculty Fees,"[""Arts""]",Arts,Medicine,"Master of Occupational Therapy, Year 2, Program Fee",,,,,486.75,$486.75,
vancouver,,"Program, Course, and Faculty Fees",https://vancouver.calendar.ubc.ca/fees/program-course-and-faculty-fees,Faculty Fees,"[""Arts""]",Arts,Medicine,"Master of Physical Therapy, Vancouver cohort and Fraser Valley cohort, Year 1, Program Fee",,,,,1307,"$1,307.00",
vancouver,,"Program, Course, and Faculty Fees",https://vancouver.calendar.ubc.ca/fees/program-course-and-faculty-fees,Faculty Fees,"[""Arts""]",Arts,Medicine,"Master of Physical Therapy, North cohort, Year 1, Program Fee",,,,,1118.75,"$1,118.75",
vancouver,,"Program, Course, and Faculty Fees",https://vancouver.calendar.ubc.ca/fees/program-course-and-faculty-fees,Faculty Fees,"[""Arts""]",Arts,Medicine,"Master of Physical Therapy, all cohorts, Year 2, Lab Fee",,,,,208,$208.00,
vancouver,,"Program, Course, and Faculty Fees",https://vancouver.calendar.ubc.ca/fees/program-course-and-faculty-fees,Faculty Fees,"[""Arts""]",Arts,Medicine,Non-credit activity course for visiting foreign medical students,,,,,334.5,$334.50,
vancouver,,"Program, Course, and Faculty Fees",https://vancouver.calendar.ubc.ca/fees/program-course-and-faculty-fees,Faculty Fees,"[""Arts""]",Arts,Medicine,PHTH_V 580 Lab Fee,,,,,3472.75,"$3,472.75",
vancouver,,"Program, Course, and Faculty Fees",https://vancouver.calendar.ubc.ca/fees/program-course-and-faculty-fees,Faculty Fees,"[""Arts""]",Arts,Medicine,Replacement ID cards,,,,,10.4,$10.40,
vancouver,,"Program, Course, and Faculty Fees",https://vancouver.calendar.ubc.ca/fees/program-course-and-faculty-fees,Faculty Fees,"[""Arts""]",Arts,Pharmaceutical Sciences,B.P.Sc. Years 2 to 4 lab fee,,,,,1722.25,"$1,722.25",
vancouver,,"Program, Course, and Faculty Fees",https://vancouver.calendar.ubc.ca/fees/program-course-and-faculty-fees,Faculty Fees,"[""Arts""]",Arts,Pharmaceutical Sciences,PharmD Practice fee5,,,,,1242,"$1,242.00",
vancouver,,"Program, Course, and Faculty Fees",https://vancouver.calendar.ubc.ca/fees/program-course-and-faculty-fees,Faculty Fees,"[""Arts""]",Arts,Pharmaceutical Sciences,"Flexible PharmD Practice fee, Years 1 and 2",,,,,1242,"$1,242.00",
vancouver,,Student Fees Established and Approved by a Student Society,https://vancouver.calendar.ubc.ca/fees/student-fees/student-fees-established-and-approved-student-society,General Student Fees Established and Approved by a Student Society,[],Student Fee,,AMS Membership,,,,per_year,52.42,$52.42 per year,Active Members
vancouver,,Student Fees Established and Approved by a Student Society,https://vancouver.calendar.ubc.ca/fees/student-fees/student-fees-established-and-approved-student-society,General Student Fees Established and Approved by a Student Society,[],Student Fee,,AMS Membership,,,,per_year,52.42,$52.42 per year,Online-only Active Members
vancouver,,Student Fees Established and Approved by a Student Society,https://vancouver.calendar.ubc.ca/fees/student-fees/student-fees-established-and-approved-student-society,General Student Fees Established and Approved by a Student Society,[],Student Fee,,AMS Membership,,,,per_year,52.42,$52.42 per year,"Incoming Exchange, Visiting Graduate, or UBC Okanagan Campus Students1"
vancouver,,Student Fees Established and Approved by a Student Society,https://vancouver.calendar.ubc.ca/fees/student-fees/student-fees-established-and-approved-student-society,General Student Fees Established and Approved by a Student Society,[],Student Fee,,Health and Dental Plan Fee2,,,,per_year,396.41,$396.41 per year,Active Members
vancouver,,Student Fees Established and Approved by a Student Society,https://vancouver.calendar.ubc.ca/fees/student-fees/student-fees-established-and-approved-student-society,General Student Fees Established and Approved by a Student Society,[],Student Fee,,Student Aid Bursary,,,,per_year,12,$12.00 per year,Active Members
vancouver,,Student Fees Established and Approved by a Student Society,https://vancouver.calendar.ubc.ca/fees/student-fees/student-fees-established-and-approved-student-society,General Student Fees Established and Approved by a Student Society,[],Student Fee,,Student Aid Bursary,,,,per_year,12,$12.00 per year,Online-only Active Members
vancouver,,Student Fees Established and Approved by a Student Society,https://vancouver.calendar.ubc.ca/fees/student-fees/student-fees-established-and-approved-student-society,General Student Fees Established and Approved by a Student Society,[],Student Fee,,Student Aid Bursary,,,,per_year,12,$12.00 per year,"Incoming Exchange, Visiting Graduate, or UBC Okanagan Campus Students1"
vancouver,,Student Fees Established and Approved by a Student Society,https://vancouver.calendar.ubc.ca/fees/student-fees/student-fees-established-and-approved-student-society,General Student Fees Established and Approved by a Student Society,[],Student Fee,,Student Services fee,,,,per_year,5,$5.00 per year,Active Members
vancouver,,Student Fees Established and Approved by a Student Society,https://vancouver.calendar.ubc.ca/fees/student-fees/student-fees-established-and-approved-student-society,General Student Fees Established and Approved by a Student Society,[],Student Fee,,Student Services fee,,,,per_year,5,$5.00 per year,Online-only Active Members
vancouver,,Student Fees Established and Approved by a Student Society,https://vancouver.calendar.ubc.ca/fees/student-fees/student-fees-established-and-approved-student-society,General Student Fees Established and Approved by a Student Society,[],Student Fee,,Athletics and Intramurals Fee,,,,per_year,21,$21.00 per year,Active Members
vancouver,,Student Fees Established and Approved by a Student Society,https://vancouver.calendar.ubc.ca/fees/student-fees/student-fees-established-and-approved-student-society,General Student Fees Established and Approved by a Student Society,[],Student Fee,,International Fee,,,,per_year,0.36,$0.36 per year,Active Members
vancouver,,Student Fees Established and Approved by a Student Society,https://vancouver.calendar.ubc.ca/fees/student-fees/student-fees-established-and-approved-student-society,General Student Fees Established and Approved by a Student Society,[],Student Fee,,Ombudsperson Fee,,,,per_year,1.37,$1.37 per year,Active Members
vancouver,,Student Fees Established and Approved by a Student Society,https://vancouver.calendar.ubc.ca/fees/student-fees/student-fees-established-and-approved-student-society,General Student Fees Established and Approved by a Student Society,[],Student Fee,,Sexual Assault Support Services Fee,,,,per_year,18.58,$18.58 per year,Active Members
vancouver,,Student Fees Established and Approved by a Student Society,https://vancouver.calendar.ubc.ca/fees/student-fees/student-fees-established-and-approved-student-society,General Student Fees Established and Approved by a Student Society,[],Student Fee,,Clubs Benefit Fee,,,,per_year,0.87,$0.87 per year,Active Members
vancouver,,Student Fees Established and Approved by a Student Society,https://vancouver.calendar.ubc.ca/fees/student-fees/student-fees-established-and-approved-student-society,General Student Fees Established and Approved by a Student Society,[],Student Fee,,Sustainable Food Access Fund Fee,,,,per_year,0.47,$0.47 per year,Active Members
vancouver,,Student Fees Established and Approved by a Student Society,https://vancouver.calendar.ubc.ca/fees/student-fees/student-fees-established-and-approved-student-society,General Student Fees Established and Approved by a Student Society,[],Student Fee,,Student Legal Fund Fee,,,,per_year,1,$1.00 per year,Active Members
vancouver,,Student Fees Established and Approved by a Student Society,https://vancouver.calendar.ubc.ca/fees/student-fees/student-fees-established-and-approved-student-society,General Student Fees Established and Approved by a Student Society,[],Student Fee,,Student Refugee (WUSC) Fee,,,,per_year,6.96,$6.96 per year,Active Members
vancouver,,Student Fees Established and Approved by a Student Society,https://vancouver.calendar.ubc.ca/fees/student-fees/student-fees-established-and-approved-student-society,General Student Fees Established and Approved by a Student Society,[],Student Fee,,Capital Projects Fund Fee,,,,per_year,13.16,$13.16 per year,Active Members
vancouver,,Student Fees Established and Approved by a Student Society,https://vancouver.calendar.ubc.ca/fees/student-fees/student-fees-established-and-approved-student-society,General Student Fees Established and Approved by a Student Society,[],Student Fee,,Capital Projects Fund Fee,,,,per_year,13.16,$13.16 per year,"Incoming Exchange, Visiting Graduate, or UBC Okanagan Campus Students1"
vancouver,,Student Fees Established and Approved by a Student Society,https://vancouver.calendar.ubc.ca/fees/student-fees/student-fees-established-and-approved-student-society,General Student Fees Established and Approved by a Student Society,[],Student Fee,,SUB Renewal Building Fee3,,,,per_year,100,$100.00 per year,Active Members
vancouver,,Student Fees Established and Approved by a Student Society,https://vancouver.calendar.ubc.ca/fees/student-fees/student-fees-established-and-approved-student-society,General Student Fees Established and Approved by a Student Society,[],Student Fee,,SUB Renewal Building Fee3,,,,per_year,100,$100.00 per year,"Incoming Exchange, Visiting Graduate, or UBC Okanagan Campus Students1"
vancouver,,Student Fees Established and Approved by a Student Society,https://vancouver.calendar.ubc.ca/fees/student-fees/student-fees-established-and-approved-student-society,General Student Fees Established and Approved by a Student Society,[],Student Fee,,Climate Action Fee,,,,per_year,1.74,$1.74 per year,Active Members
vancouver,,Student Fees Established and Approved by a Student Society,https://vancouver.calendar.ubc.ca/fees/student-fees/student-fees-established-and-approved-student-society,General Student Fees Established and Approved by a Student Society,[],Student Fee,,Climate Action Fee,,,,per_year,1.74,$1.74 per year,Online-only Active Members
vancouver,,Student Fees Established and Approved by a Student Society,https://vancouver.calendar.ubc.ca/fees/student-fees/student-fees-established-and-approved-student-society,General Student Fees Established and Approved by a Student Society,[],Student Fee,,U-Pass4,,,,per_term,191.4,$191.40 per term,Active Members
vancouver,,Student Fees Established and Approved by a Student Society,https://vancouver.calendar.ubc.ca/fees/student-fees/student-fees-established-and-approved-student-society,General Student Fees Established and Approved by a Student Society,[],Student Fee,,U-Pass4,,,,per_term,191.4,$191.40 per term,Online-only Active Members
vancouver,,Student Fees Established and Approved by a Student Society,https://vancouver.calendar.ubc.ca/fees/student-fees/student-fees-established-and-approved-student-society,General Student Fees Established and Approved by a Student Society,[],Student Fee,,U-Pass4,,,,per_term,191.4,$191.40 per term,"Incoming Exchange, Visiting Graduate, or UBC Okanagan Campus Students1"
vancouver,,Student Fees Established and Approved by a Student Society,https://vancouver.calendar.ubc.ca/fees/student-fees/student-fees-established-and-approved-student-society,General Student Fees Established and Approved by a Student Society,[],Student Fee,,Indigenous Student Fund Fee,,,,per_year,1.18,$1.18 per year,Active Members
vancouver,,Student Fees Established and Approved by a Student Society,https://vancouver.calendar.ubc.ca/fees/student-fees/student-fees-established-and-approved-student-society,General Student Fees Established and Approved by a Student Society,[],Student Fee,,New Recreation Centre Fee,,,,per_year,25,$25.00 per year,Active Members
vancouver,,Student Fees Established and Approved by a Student Society,https://vancouver.calendar.ubc.ca/fees/student-fees/student-fees-established-and-approved-student-society,General Student Fees Established and Approved by a Student Society,[],Student Fee,,Permanent Thrift Shop on Campus Fee,,,,per_year,1.18,$1.18 per year,Active Members
vancouver,,Student Fees Established and Approved by a Student Society,https://vancouver.calendar.ubc.ca/fees/student-fees/student-fees-established-and-approved-student-society,General Student Fees Established and Approved by a Student Society,[],Student Fee,,AMS Resource Groups,,,,per_year,2.14,$2.14 per year,Active Members
vancouver,,Student Fees Established and Approved by a Student Society,https://vancouver.calendar.ubc.ca/fees/student-fees/student-fees-established-and-approved-student-society,General Student Fees Established and Approved by a Student Society,[],Student Fee,,Bike Kitchen Fee,,,,per_year,4.52,$4.52 per year,Active Members
vancouver,,Student Fees Established and Approved by a Student Society,https://vancouver.calendar.ubc.ca/fees/student-fees/student-fees-established-and-approved-student-society,General Student Fees Established and Approved by a Student Society,[],Student Fee,,CiTR Fee,,,,per_year,7.12,$7.12 per year,Active Members
vancouver,,Student Fees Established and Approved by a Student Society,https://vancouver.calendar.ubc.ca/fees/student-fees/student-fees-established-and-approved-student-society,General Student Fees Established and Approved by a Student Society,[],Student Fee,,CiTR Fee,,,,per_year,7.12,$7.12 per year,Online-only Active Members
vancouver,,Student Fees Established and Approved by a Student Society,https://vancouver.calendar.ubc.ca/fees/student-fees/student-fees-established-and-approved-student-society,General Student Fees Established and Approved by a Student Society,[],Student Fee,,Campus Culture and Performance Fee,,,,per_year,4,$4.00 per year,Active Members
vancouver,,Student Fees Established and Approved by a Student Society,https://vancouver.calendar.ubc.ca/fees/student-fees/student-fees-established-and-approved-student-society,General Student Fees Established and Approved by a Student Society,[],Student Fee,,Ubyssey Publication Fee,,,,per_year,8.55,$8.55 per year,Active Members
vancouver,,Student Fees Established and Approved by a Student Society,https://vancouver.calendar.ubc.ca/fees/student-fees/student-fees-established-and-approved-student-society,General Student Fees Established and Approved by a Student Society,[],Student Fee,,Ubyssey Publication Fee,,,,per_year,8.55,$8.55 per year,Online-only Active Members
vancouver,,Student Fees Established and Approved by a Student Society,https://vancouver.calendar.ubc.ca/fees/student-fees/student-fees-established-and-approved-student-society,General Student Fees Established and Approved by a Student Society,[],Student Fee,,Graduating Class Fee5,,,,,3,$3.00 (in final year only for undergraduate students),Active Members
vancouver,,Student Fees Established and Approved by a Student Society,https://vancouver.calendar.ubc.ca/fees/student-fees/student-fees-established-and-approved-student-society,General Student Fees Established and Approved by a Student Society,[],Student Fee,,Graduating Class Fee5,,,,,3,$3.00 (in final year only for undergraduate students),Online-only Active Members
vancouver,,Student Fees Established and Approved by a Student Society,https://vancouver.calendar.ubc.ca/fees/student-fees/student-fees-established-and-approved-student-society,Undergraduate Student Fees Established and Approved by a Student Society,[],,,"Arts (B.A. (non-Econ)1, B.M.S., B.F.A., and diploma programs)",,,,per_year,22.94,$22.94,Student Fee per year
vancouver,,Student Fees Established and Approved by a Student Society,https://vancouver.calendar.ubc.ca/fees/student-fees/student-fees-established-and-approved-student-society,Undergraduate Student Fees Established and Approved by a Student Society,[],,,"Arts Student Centre Building Fee (B.A.1, B.M.S., and B.F.A.)",,,,,31.77,$31.77,Student Fee per year
vancouver,,Student Fees Established and Approved by a Student Society,https://vancouver.calendar.ubc.ca/fees/student-fees/student-fees-established-and-approved-student-society,Undergraduate Student Fees Established and Approved by a Student Society,[],,,Commerce (B.Com.),,,,per_year,297.64,$297.64,Student Fee per year
vancouver,,Student Fees Established and Approved by a Student Society,https://vancouver.calendar.ubc.ca/fees/student-fees/student-fees-established-and-approved-student-society,Undergraduate Student Fees Established and Approved by a Student Society,[],,,Commerce Renovation Fee,,,,,40,$40.00,Student Fee per year
vancouver,,Student Fees Established and Approved by a Student Society,https://vancouver.calendar.ubc.ca/fees/student-fees/student-fees-established-and-approved-student-society,Undergraduate Student Fees Established and Approved by a Student Society,[],,,Applied Science (B.A.Sc.)1,,,,per_year,55.29,$55.29,Student Fee per year
vancouver,,Student Fees Established and Approved by a Student Society,https://vancouver.calendar.ubc.ca/fees/student-fees/student-fees-established-and-approved-student-society,Undergraduate Student Fees Established and Approved by a Student Society,[],,,Dental Hygiene (B.D.Sc.),,,,,115,$115.00,Student Fee per year
vancouver,,Student Fees Established and Approved by a Student Society,https://vancouver.calendar.ubc.ca/fees/student-fees/student-fees-established-and-approved-student-society,Undergraduate Student Fees Established and Approved by a Student Society,[],,,"Economics (B.A. with Econ specialization, B.I.E.)",,,,per_year,40.84,$40.84,Student Fee per year
vancouver,,Student Fees Established and Approved by a Student Society,https://vancouver.calendar.ubc.ca/fees/student-fees/student-fees-established-and-approved-student-society,Undergraduate Student Fees Established and Approved by a Student Society,[],,,"Education (B.Ed., DEDU)",,,,,20,$20.00,Student Fee per year
vancouver,,Student Fees Established and Approved by a Student Society,https://vancouver.calendar.ubc.ca/fees/student-fees/student-fees-established-and-approved-student-society,Undergraduate Student Fees Established and Approved by a Student Society,[],,,"Architecture (B.End., B.Des.)",,,,per_year,350,$350.00,Student Fee per year
vancouver,,Student Fees Established and Approved by a Student Society,https://vancouver.calendar.ubc.ca/fees/student-fees/student-fees-established-and-approved-student-society,Undergraduate Student Fees Established and Approved by a Student Society,[],,,"Forestry (B.S.F., B.Sc. (Forest Sciences), B.Sc. (Natural Resource Conservation), B.Sc. (Global Resources), B.Sc. (Wood Products)",,,,,50,$50.00,Student Fee per year
vancouver,,Student Fees Established and Approved by a Student Society,https://vancouver.calendar.ubc.ca/fees/student-fees/student-fees-established-and-approved-student-society,Undergraduate Student Fees Established and Approved by a Student Society,[],,,Kinesiology (B.H.K. or B.Kin.),,,,per_year,41,$41.00,Student Fee per year
vancouver,,Student Fees Established and Approved by a Student Society,https://vancouver.calendar.ubc.ca/fees/student-fees/student-fees-established-and-approved-student-society,Undergraduate Student Fees Established and Approved by a Student Society,[],,,Kinesiology Gateway Building Fee (B.H.K. or B.Kin.),,,,,50,$50.00,Student Fee per year
vancouver,,Student Fees Established and Approved by a Student Society,https://vancouver.calendar.ubc.ca/fees/student-fees/student-fees-established-and-approved-student-society,Undergraduate Student Fees Established and Approved by a Student Society,[],,,Land and Food Systems (Agriculture) (B.Sc. degrees),,,,per_year,41,$41.00,Student Fee per year
vancouver,,Student Fees Established and Approved by a Student Society,https://vancouver.calendar.ubc.ca/fees/student-fees/student-fees-established-and-approved-student-society,Undergraduate Student Fees Established and Approved by a Student Society,[],,,"Law (J.D., LL.B., J.D.M.B.A.)",,,,,151.11,$151.11,Student Fee per year
vancouver,,Student Fees Established and Approved by a Student Society,https://vancouver.calendar.ubc.ca/fees/student-fees/student-fees-established-and-approved-student-society,Undergraduate Student Fees Established and Approved by a Student Society,[],,,Medicine Years 1 & 2 (M.D.),,,,per_year,58,$58.00,Student Fee per year
vancouver,,Student Fees Established and Approved by a Student Society,https://vancouver.calendar.ubc.ca/fees/student-fees/student-fees-established-and-approved-student-society,Undergraduate Student Fees Established and Approved by a Student Society,[],,,Medicine Years 3 & 4 (M.D.),,,,,68,$68.00,Student Fee per year
vancouver,,Student Fees Established and Approved by a Student Society,https://vancouver.calendar.ubc.ca/fees/student-fees/student-fees-established-and-approved-student-society,Undergraduate Student Fees Established and Approved by a Student Society,[],,,Music (B.Mus.),,,,per_year,25,$25.00,Student Fee per year
vancouver,,Student Fees Established and Approved by a Student Society,https://vancouver.calendar.ubc.ca/fees/student-fees/student-fees-established-and-approved-student-society,Undergraduate Student Fees Established and Approved by a Student Society,[],,,Nursing (B.S.N.),,,,,61.8,$61.80,Student Fee per year
vancouver,,Student Fees Established and Approved by a Student Society,https://vancouver.calendar.ubc.ca/fees/student-fees/student-fees-established-and-approved-student-society,Undergraduate Student Fees Established and Approved by a Student Society,[],,,Nursing Gateway Building Fee (B.S.N.),,,,per_year,60,$60.00,Student Fee per year
vancouver,,Student Fees Established and Approved by a Student Society,https://vancouver.calendar.ubc.ca/fees/student-fees/student-fees-established-and-approved-student-society,Undergraduate Student Fees Established and Approved by a Student Society,[],,,"Pharmacy (B.Sc. (Pharmacy), Entry-to-Practice Pharm.D.)",,,,,88.53,$88.53,Student Fee per year
vancouver,,Student Fees Established and Approved by a Student Society,https://vancouver.calendar.ubc.ca/fees/student-fees/student-fees-established-and-approved-student-society,Undergraduate Student Fees Established and Approved by a Student Society,[],,,Social Work (B.S.W.),,,,per_year,5,$5.00,Student Fee per year
vancouver,,Student Fees Established and Approved by a Student Society,https://vancouver.calendar.ubc.ca/fees/student-fees/student-fees-established-and-approved-student-society,Undergraduate Student Fees Established and Approved by a Student Society,[],,,"Science (B.Sc.)1, 2",,,,,32.87,$32.87,Student Fee per year
vancouver,,Student Fees Established and Approved by a Student Society,https://vancouver.calendar.ubc.ca/fees/student-fees/student-fees-established-and-approved-student-society,Graduate Student Fees Established and Approved by a Student Society,[],,,GSS Capital Improvement Fee,,,,per_year,7.97,$7.97 per year,Student Fee
vancouver,,Student Fees Established and Approved by a Student Society,https://vancouver.calendar.ubc.ca/fees/student-fees/student-fees-established-and-approved-student-society,Graduate Student Fees Established and Approved by a Student Society,[],,,Graduate Student Society,,,,per_year,70.46,$70.46 per year,Student Fee
vancouver,,Student Fees Established and Approved by a Student Society,https://vancouver.calendar.ubc.ca/fees/student-fees/student-fees-established-and-approved-student-society,Graduate Student Fees Established and Approved by a Student Society,[],,,Graduate Student Society Financial Aid Fee,,,,per_year,2.39,$2.39 per year,Student Fee
vancouver,,Student Fees Established and Approved by a Student Society,https://vancouver.calendar.ubc.ca/fees/student-fees/student-fees-established-and-approved-student-society,Graduate Student Fees Established and Approved by a Student Society,[],,,"Architecture and Landscape Architecture (M.Arch., M.L.A., Dual M.Arch./M.L.A.)",,,,per_year,350,$350.00 per year,Student Fee
vancouver,,Student Fees Established and Approved by a Student Society,https://vancouver.calendar.ubc.ca/fees/student-fees/student-fees-established-and-approved-student-society,Graduate Student Fees Established and Approved by a Student Society,[],,,"Library, Archival and Information Studies (M.A.S., M.A.S./M.L.I.S., M.L.I.S., Ph.D., M.A. in Children's Literature)1",,,,,20,$20.00,Student Fee
vancouver,,Student Fees Established and Approved by a Student Society,https://vancouver.calendar.ubc.ca/fees/student-fees/student-fees-established-and-approved-student-society,Graduate Student Fees Established and Approved by a Student Society,[],,,"Commerce and Business Administration (M.B.A., J.D.M.B.A, M.B.A.+M.B.A.N.)2, 3",,,,,538.76,$538.76,Student Fee
vancouver,,Student Fees Established and Approved by a Student Society,https://vancouver.calendar.ubc.ca/fees/student-fees/student-fees-established-and-approved-student-society,Graduate Student Fees Established and Approved by a Student Society,[],,,"M.B.A. Sauder Student Building Fee (M.B.A., J.D.M.B.A, M.B.A.+M.B.A.N.)2, 3",,,,,2061.01,"$2,061.01",Student Fee
vancouver,,Student Fees Established and Approved by a Student Society,https://vancouver.calendar.ubc.ca/fees/student-fees/student-fees-established-and-approved-student-society,Graduate Student Fees Established and Approved by a Student Society,[],,,Master of Business Analytics Society Fee (M.B.A.+M.B.A.N.)3,,,,per_year,316.68,$316.68 per year,Student Fee
vancouver,,Student Fees Established and Approved by a Student Society,https://vancouver.calendar.ubc.ca/fees/student-fees/student-fees-established-and-approved-student-society,Graduate Student Fees Established and Approved by a Student Society,[],,,Master of Management (M.M.) Sauder Student Building Fee4,,,,,1374,"$1,374.00",Student Fee
vancouver,,Student Fees Established and Approved by a Student Society,https://vancouver.calendar.ubc.ca/fees/student-fees/student-fees-established-and-approved-student-society,Graduate Student Fees Established and Approved by a Student Society,[],,,Master of Management (M.M.)4,,,,,250,$250.00,Student Fee
vancouver,,Student Fees Established and Approved by a Student Society,https://vancouver.calendar.ubc.ca/fees/student-fees/student-fees-established-and-approved-student-society,Graduate Student Fees Established and Approved by a Student Society,[],,,Pharmacy (M.Sc./Ph.D.)5,,,,per_year,45,$45.00 per year,Student Fee
vancouver,,Student Fees Established and Approved by a Student Society,https://vancouver.calendar.ubc.ca/fees/student-fees/student-fees-established-and-approved-student-society,Graduate Student Fees Established and Approved by a Student Society,[],,,Planning Students Association (M.C.R.P/M.A.P./M.Sc.P.),,,,per_year,20.42,$20.42 per year,Student Fee
vancouver,,Student Fees Established and Approved by a Student Society,https://vancouver.calendar.ubc.ca/fees/student-fees/student-fees-established-and-approved-student-society,Graduate Student Fees Established and Approved by a Student Society,[],,,Nursing (Ph.D./M.S.N./M.N./M.P.H.M.S.N.),,,,per_year,33.83,$33.83 per year,Student Fee
vancouver,,Student Fees Established and Approved by a Student Society,https://vancouver.calendar.ubc.ca/fees/student-fees/student-fees-established-and-approved-student-society,Graduate Student Fees Established and Approved by a Student Society,[],,,Nursing Gateway Building Fee (Ph.D./M.S.N./M.N./M.P.H.M.S.N.),,,,per_year,60,$60.00 per year,Student Fee
vancouver,,Student Fees Established and Approved by the UBC Board of Governors,https://vancouver.calendar.ubc.ca/fees/student-fees/student-fees-established-and-approved-ubc-board-governors,Student Fees Established and Approved by the UBC Board of Governors,[],,,Athletics and Recreation Fee1,,,,per_year,259.74,$259.74 per year,Undergraduate and Certificates Full-Time (18 credits or more)
vancouver,,Student Fees Established and Approved by the UBC Board of Governors,https://vancouver.calendar.ubc.ca/fees/student-fees/student-fees-established-and-approved-ubc-board-governors,Student Fees Established and Approved by the UBC Board of Governors,[],,,Athletics and Recreation Fee1,,,,per_credit,14.43,$14.43 per credit,Undergraduate and Certificates Part-Time (fewer than 18 credits)
vancouver,,Student Fees Established and Approved by the UBC Board of Governors,https://vancouver.calendar.ubc.ca/fees/student-fees/student-fees-established-and-approved-ubc-board-governors,Student Fees Established and Approved by the UBC Board of Governors,[],,,Athletics and Recreation Fee1,,,,per_year,259.74,$259.74 per year,Graduate Full-time (Schedule A)
vancouver,,Student Fees Established and Approved by the UBC Board of Governors,https://vancouver.calendar.ubc.ca/fees/student-fees/student-fees-established-and-approved-ubc-board-governors,Student Fees Established and Approved by the UBC Board of Governors,[],,,Athletics and Recreation Fee1,,,,per_year,129.87,$129.87 per year,Graduate Part-time (Schedule B and C)
vancouver,,Student Fees Established and Approved by the UBC Board of Governors,https://vancouver.calendar.ubc.ca/fees/student-fees/student-fees-established-and-approved-ubc-board-governors,Student Fees Established and Approved by the UBC Board of Governors,[],,,iMED for new incoming international students (90 days)2,,,,per_year,204.3,$204.30 per year,Undergraduate and Certificates Full-Time (18 credits or more)
vancouver,,Student Fees Established and Approved by the UBC Board of Governors,https://vancouver.calendar.ubc.ca/fees/student-fees/student-fees-established-and-approved-ubc-board-governors,Student Fees Established and Approved by the UBC Board of Governors,[],,,iMED for new incoming international students (90 days)2,,,,per_year,204.3,$204.30 per year,Undergraduate and Certificates Part-Time (fewer than 18 credits)
vancouver,,Student Fees Established and Approved by the UBC Board of Governors,https://vancouver.calendar.ubc.ca/fees/student-fees/student-fees-established-and-approved-ubc-board-governors,Student Fees Established and Approved by the UBC Board of Governors,[],,,iMED for new incoming international students (90 days)2,,,,per_year,204.3,$204.30 per year,Graduate Full-time (Schedule A)
vancouver,,Student Fees Established and Approved by the UBC Board of Governors,https://vancouver.calendar.ubc.ca/fees/student-fees/student-fees-established-and-approved-ubc-board-governors,Student Fees Established and Approved by the UBC Board of Governors,[],,,iMED for new incoming international students (90 days)2,,,,per_year,204.3,$204.30 per year,Graduate Part-time (Schedule B and C)
vancouver,,Student Fees Established and Approved by the UBC Board of Governors,https://vancouver.calendar.ubc.ca/fees/student-fees/student-fees-established-and-approved-ubc-board-governors,Student Fees Established and Approved by the UBC Board of Governors,[],,,iMED for one-term exchange (130 days)2,,,,per_term,295.1,$295.10 per term,Undergraduate and Certificates Full-Time (18 credits or more)
vancouver,,Student Fees Established and Approved by the UBC Board of Governors,https://vancouver.calendar.ubc.ca/fees/student-fees/student-fees-established-and-approved-ubc-board-governors,Student Fees Established and Approved by the UBC Board of Governors,[],,,iMED for one-term exchange (130 days)2,,,,per_term,295.1,$295.10 per term,Undergraduate and Certificates Part-Time (fewer than 18 credits)
vancouver,,Student Fees Established and Approved by the UBC Board of Governors,https://vancouver.calendar.ubc.ca/fees/student-fees/student-fees-established-and-approved-ubc-board-governors,Student Fees Established and Approved by the UBC Board of Governors,[],,,iMED for one-term exchange (130 days)2,,,,per_term,295.1,$295.10 per term,Graduate Full-time (Schedule A)
vancouver,,Student Fees Established and Approved by the UBC Board of Governors,https://vancouver.calendar.ubc.ca/fees/student-fees/student-fees-established-and-approved-ubc-board-governors,Student Fees Established and Approved by the UBC Board of Governors,[],,,iMED for one-term exchange (130 days)2,,,,per_term,295.1,$295.10 per term,Graduate Part-time (Schedule B and C)
vancouver,,Student Fees Established and Approved by the UBC Board of Governors,https://vancouver.calendar.ubc.ca/fees/student-fees/student-fees-established-and-approved-ubc-board-governors,Student Fees Established and Approved by the UBC Board of Governors,[],,,iMED Direct Billing3,,,,per_year,11.15,$11.15 per year or per term,Undergraduate and Certificates Full-Time (18 credits or more)
vancouver,,Student Fees Established and Approved by the UBC Board of Governors,https://vancouver.calendar.ubc.ca/fees/student-fees/student-fees-established-and-approved-ubc-board-governors,Student Fees Established and Approved by the UBC Board of Governors,[],,,iMED Direct Billing3,,,,per_year,11.15,$11.15 per year or per term,Undergraduate and Certificates Part-Time (fewer than 18 credits)
vancouver,,Student Fees Established and Approved by the UBC Board of Governors,https://vancouver.calendar.ubc.ca/fees/student-fees/student-fees-established-and-approved-ubc-board-governors,Student Fees Established and Approved by the UBC Board of Governors,[],,,iMED Direct Billing3,,,,per_year,11.15,$11.15 per year or per term,Graduate Full-time (Schedule A)
vancouver,,Student Fees Established and Approved by the UBC Board of Governors,https://vancouver.calendar.ubc.ca/fees/student-fees/student-fees-established-and-approved-ubc-board-governors,Student Fees Established and Approved by the UBC Board of Governors,[],,,iMED Direct Billing3,,,,per_year,11.15,$11.15 per year or per term,Graduate Part-time (Schedule B and C)
vancouver,,Summer Session Student Fees,https://vancouver.calendar.ubc.ca/fees/student-fees/summer-session-student-fees,Student Fees Established and Approved by a Student Society,[],,,AMS Membership Fee,,,,per_year,25.67,$25.67 per year,2026 Summer Session Fees
vancouver,,Summer Session Student Fees,https://vancouver.calendar.ubc.ca/fees/student-fees/summer-session-student-fees,Student Fees Established and Approved by a Student Society,[],,,AMS Membership Fee,,,,per_year,26.21,$26.21 per year,2027 Summer Session Active Members
vancouver,,Summer Session Student Fees,https://vancouver.calendar.ubc.ca/fees/student-fees/summer-session-student-fees,Student Fees Established and Approved by a Student Society,[],,,AMS Membership Fee,,,,per_year,26.21,$26.21 per year,2027 Summer Session Online-only Active Members
vancouver,,Summer Session Student Fees,https://vancouver.calendar.ubc.ca/fees/student-fees/summer-session-student-fees,Student Fees Established and Approved by a Student Society,[],,,AMS Membership Fee,,,,per_year,26.21,$26.21 per year,"2027 Summer Session Exchange, Visiting Graduate, or UBC Okanagan Campus Students1"
vancouver,,Summer Session Student Fees,https://vancouver.calendar.ubc.ca/fees/student-fees/summer-session-student-fees,Student Fees Established and Approved by a Student Society,[],,,Student Aid Bursary Fee,,,,per_year,6,$6.00 per year,2026 Summer Session Fees
vancouver,,Summer Session Student Fees,https://vancouver.calendar.ubc.ca/fees/student-fees/summer-session-student-fees,Student Fees Established and Approved by a Student Society,[],,,Student Aid Bursary Fee,,,,per_year,6,$6.00 per year,2027 Summer Session Active Members
vancouver,,Summer Session Student Fees,https://vancouver.calendar.ubc.ca/fees/student-fees/summer-session-student-fees,Student Fees Established and Approved by a Student Society,[],,,Student Aid Bursary Fee,,,,per_year,6,$6.00 per year,2027 Summer Session Online-only Active Members
vancouver,,Summer Session Student Fees,https://vancouver.calendar.ubc.ca/fees/student-fees/summer-session-student-fees,Student Fees Established and Approved by a Student Society,[],,,Student Aid Bursary Fee,,,,per_year,6,$6.00 per year,"2027 Summer Session Exchange, Visiting Graduate, or UBC Okanagan Campus Students1"
vancouver,,Summer Session Student Fees,https://vancouver.calendar.ubc.ca/fees/student-fees/summer-session-student-fees,Student Fees Established and Approved by a Student Society,[],,,Student Services Fee,,,,per_year,2.5,$2.50 per year,2027 Summer Session Active Members
vancouver,,Summer Session Student Fees,https://vancouver.calendar.ubc.ca/fees/student-fees/summer-session-student-fees,Student Fees Established and Approved by a Student Society,[],,,Student Services Fee,,,,per_year,2.5,$2.50 per year,2027 Summer Session Online-only Active Members
vancouver,,Summer Session Student Fees,https://vancouver.calendar.ubc.ca/fees/student-fees/summer-session-student-fees,Student Fees Established and Approved by a Student Society,[],,,Athletics and Intramurals Fee,,,,per_year,10.5,$10.50 per year,2026 Summer Session Fees
vancouver,,Summer Session Student Fees,https://vancouver.calendar.ubc.ca/fees/student-fees/summer-session-student-fees,Student Fees Established and Approved by a Student Society,[],,,Athletics and Intramurals Fee,,,,per_year,10.5,$10.50 per year,2027 Summer Session Active Members
vancouver,,Summer Session Student Fees,https://vancouver.calendar.ubc.ca/fees/student-fees/summer-session-student-fees,Student Fees Established and Approved by a Student Society,[],,,International Fee,,,,per_year,0.17,$0.17 per year,2026 Summer Session Fees
vancouver,,Summer Session Student Fees,https://vancouver.calendar.ubc.ca/fees/student-fees/summer-session-student-fees,Student Fees Established and Approved by a Student Society,[],,,International Fee,,,,per_year,0.18,$0.18 per year,2027 Summer Session Active Members
vancouver,,Summer Session Student Fees,https://vancouver.calendar.ubc.ca/fees/student-fees/summer-session-student-fees,Student Fees Established and Approved by a Student Society,[],,,Ombudsperson Fee,,,,per_year,0.67,$0.67 per year,2026 Summer Session Fees
vancouver,,Summer Session Student Fees,https://vancouver.calendar.ubc.ca/fees/student-fees/summer-session-student-fees,Student Fees Established and Approved by a Student Society,[],,,Ombudsperson Fee,,,,per_year,0.69,$0.69 per year,2027 Summer Session Active Members
vancouver,,Summer Session Student Fees,https://vancouver.calendar.ubc.ca/fees/student-fees/summer-session-student-fees,Student Fees Established and Approved by a Student Society,[],,,Sexual Assault Support Services Fee,,,,per_year,9.1,$9.10 per year,2026 Summer Session Fees
vancouver,,Summer Session Student Fees,https://vancouver.calendar.ubc.ca/fees/student-fees/summer-session-student-fees,Student Fees Established and Approved by a Student Society,[],,,Sexual Assault Support Services Fee,,,,per_year,9.29,$9.29 per year,2027 Summer Session Active Members
vancouver,,Summer Session Student Fees,https://vancouver.calendar.ubc.ca/fees/student-fees/summer-session-student-fees,Student Fees Established and Approved by a Student Society,[],,,Clubs Benefit Fee,,,,per_year,0.42,$0.42 per year,2026 Summer Session Fees
vancouver,,Summer Session Student Fees,https://vancouver.calendar.ubc.ca/fees/student-fees/summer-session-student-fees,Student Fees Established and Approved by a Student Society,[],,,Clubs Benefit Fee,,,,per_year,0.44,$0.44 per year,2027 Summer Session Active Members
vancouver,,Summer Session Student Fees,https://vancouver.calendar.ubc.ca/fees/student-fees/summer-session-student-fees,Student Fees Established and Approved by a Student Society,[],,,Sustainable Food Access Fund Fee,,,,per_year,0.23,$0.23 per year,2026 Summer Session Fees
vancouver,,Summer Session Student Fees,https://vancouver.calendar.ubc.ca/fees/student-fees/summer-session-student-fees,Student Fees Established and Approved by a Student Society,[],,,Sustainable Food Access Fund Fee,,,,per_year,0.24,$0.24 per year,2027 Summer Session Active Members
vancouver,,Summer Session Student Fees,https://vancouver.calendar.ubc.ca/fees/student-fees/summer-session-student-fees,Student Fees Established and Approved by a Student Society,[],,,Student Legal Fund Fee,,,,per_year,1,$1.00 per year,2026 Summer Session Fees
vancouver,,Summer Session Student Fees,https://vancouver.calendar.ubc.ca/fees/student-fees/summer-session-student-fees,Student Fees Established and Approved by a Student Society,[],,,Student Legal Fund Fee,,,,per_year,1,$1.00 per year,2027 Summer Session Active Members
vancouver,,Summer Session Student Fees,https://vancouver.calendar.ubc.ca/fees/student-fees/summer-session-student-fees,Student Fees Established and Approved by a Student Society,[],,,Student Refugee (WUSC) Fee,,,,per_year,3.41,$3.41 per year,2026 Summer Session Fees
vancouver,,Summer Session Student Fees,https://vancouver.calendar.ubc.ca/fees/student-fees/summer-session-student-fees,Student Fees Established and Approved by a Student Society,[],,,Student Refugee (WUSC) Fee,,,,per_year,3.48,$3.48 per year,2027 Summer Session Active Members
vancouver,,Summer Session Student Fees,https://vancouver.calendar.ubc.ca/fees/student-fees/summer-session-student-fees,Student Fees Established and Approved by a Student Society,[],,,Capital Projects Fund Fee,,,,per_year,4.97,$4.97 per year,2026 Summer Session Fees
vancouver,,Summer Session Student Fees,https://vancouver.calendar.ubc.ca/fees/student-fees/summer-session-student-fees,Student Fees Established and Approved by a Student Society,[],,,Capital Projects Fund Fee,,,,per_year,6.58,$6.58 per year,2027 Summer Session Active Members
vancouver,,Summer Session Student Fees,https://vancouver.calendar.ubc.ca/fees/student-fees/summer-session-student-fees,Student Fees Established and Approved by a Student Society,[],,,Capital Projects Fund Fee,,,,per_year,6.58,$6.58 per year,"2027 Summer Session Exchange, Visiting Graduate, or UBC Okanagan Campus Students1"
vancouver,,Summer Session Student Fees,https://vancouver.calendar.ubc.ca/fees/student-fees/summer-session-student-fees,Student Fees Established and Approved by a Student Society,[],,,SUB Renewal Building Fee2,,,,per_year,50,$50.00 per year,2026 Summer Session Fees
vancouver,,Summer Session Student Fees,https://vancouver.calendar.ubc.ca/fees/student-fees/summer-session-student-fees,Student Fees Established and Approved by a Student Society,[],,,SUB Renewal Building Fee2,,,,per_year,50,$50.00 per year,2027 Summer Session Active Members
vancouver,,Summer Session Student Fees,https://vancouver.calendar.ubc.ca/fees/student-fees/summer-session-student-fees,Student Fees Established and Approved by a Student Society,[],,,SUB Renewal Building Fee2,,,,per_year,50,$50.00 per year,"2027 Summer Session Exchange, Visiting Graduate, or UBC Okanagan Campus Students1"
vancouver,,Summer Session Student Fees,https://vancouver.calendar.ubc.ca/fees/student-fees/summer-session-student-fees,Student Fees Established and Approved by a Student Society,[],,,Climate Action Fee,,,,per_year,0.85,$0.85 per year,2026 Summer Session Fees
vancouver,,Summer Session Student Fees,https://vancouver.calendar.ubc.ca/fees/student-fees/summer-session-student-fees,Student Fees Established and Approved by a Student Society,[],,,Climate Action Fee,,,,per_year,0.87,$0.87 per year,2027 Summer Session Active Members
vancouver,,Summer Session Student Fees,https://vancouver.calendar.ubc.ca/fees/student-fees/summer-session-student-fees,Student Fees Established and Approved by a Student Society,[],,,Climate Action Fee,,,,per_year,0.87,$0.87 per year,2027 Summer Session Online-only Active Members
vancouver,,Summer Session Student Fees,https://vancouver.calendar.ubc.ca/fees/student-fees/summer-session-student-fees,Student Fees Established and Approved by a Student Society,[],,,U-Pass3,,,,per_month,46.9,$46.90 per month,2026 Summer Session Fees
vancouver,,Summer Session Student Fees,https://vancouver.calendar.ubc.ca/fees/student-fees/summer-session-student-fees,Student Fees Established and Approved by a Student Society,[],,,U-Pass3,,,,per_month,47.85,$47.85 per month,2027 Summer Session Active Members
vancouver,,Summer Session Student Fees,https://vancouver.calendar.ubc.ca/fees/student-fees/summer-session-student-fees,Student Fees Established and Approved by a Student Society,[],,,U-Pass3,,,,per_month,47.85,$47.85 per month,2027 Summer Session Online-only Active Members
vancouver,,Summer Session Student Fees,https://vancouver.calendar.ubc.ca/fees/student-fees/summer-session-student-fees,Student Fees Established and Approved by a Student Society,[],,,U-Pass3,,,,per_month,47.85,$47.85 per month,"2027 Summer Session Exchange, Visiting Graduate, or UBC Okanagan Campus Students1"
vancouver,,Summer Session Student Fees,https://vancouver.calendar.ubc.ca/fees/student-fees/summer-session-student-fees,Student Fees Established and Approved by a Student Society,[],,,Indigenous Student Fund Fee,,,,per_year,0.58,$0.58 per year,2026 Summer Session Fees
vancouver,,Summer Session Student Fees,https://vancouver.calendar.ubc.ca/fees/student-fees/summer-session-student-fees,Student Fees Established and Approved by a Student Society,[],,,Indigenous Student Fund Fee,,,,per_year,0.59,$0.59 per year,2027 Summer Session Active Members
vancouver,,Summer Session Student Fees,https://vancouver.calendar.ubc.ca/fees/student-fees/summer-session-student-fees,Student Fees Established and Approved by a Student Society,[],,,New Recreation Centre Fee,,,,per_year,20,$20.00 per year,2026 Summer Session Fees
vancouver,,Summer Session Student Fees,https://vancouver.calendar.ubc.ca/fees/student-fees/summer-session-student-fees,Student Fees Established and Approved by a Student Society,[],,,New Recreation Centre Fee,,,,per_year,25,$25.00 per year,2027 Summer Session Active Members
vancouver,,Summer Session Student Fees,https://vancouver.calendar.ubc.ca/fees/student-fees/summer-session-student-fees,Student Fees Established and Approved by a Student Society,[],,,Permanent Thrift Shop on Campus Fee,,,,per_year,1.16,$1.16 per year,2026 Summer Session Fees
vancouver,,Summer Session Student Fees,https://vancouver.calendar.ubc.ca/fees/student-fees/summer-session-student-fees,Student Fees Established and Approved by a Student Society,[],,,Permanent Thrift Shop on Campus Fee,,,,per_year,1.18,$1.18 per year,2027 Summer Session Active Members
vancouver,,Summer Session Student Fees,https://vancouver.calendar.ubc.ca/fees/student-fees/summer-session-student-fees,Student Fees Established and Approved by a Student Society,[],,,AMS Resource Groups,,,,per_year,2.1,$2.10 per year,2026 Summer Session Fees
vancouver,,Summer Session Student Fees,https://vancouver.calendar.ubc.ca/fees/student-fees/summer-session-student-fees,Student Fees Established and Approved by a Student Society,[],,,AMS Resource Groups,,,,per_year,2.14,$2.14 per year,2027 Summer Session Active Members
vancouver,,Summer Session Student Fees,https://vancouver.calendar.ubc.ca/fees/student-fees/summer-session-student-fees,Student Fees Established and Approved by a Student Society,[],,,Bike Kitchen Fee,,,,per_year,4.43,$4.43 per year,2026 Summer Session Fees
vancouver,,Summer Session Student Fees,https://vancouver.calendar.ubc.ca/fees/student-fees/summer-session-student-fees,Student Fees Established and Approved by a Student Society,[],,,Bike Kitchen Fee,,,,per_year,4.52,$4.52 per year,2027 Summer Session Active Members
vancouver,,Summer Session Student Fees,https://vancouver.calendar.ubc.ca/fees/student-fees/summer-session-student-fees,Student Fees Established and Approved by a Student Society,[],,,CiTR Fee,,,,per_year,6.97,$6.97 per year,2026 Summer Session Fees
vancouver,,Summer Session Student Fees,https://vancouver.calendar.ubc.ca/fees/student-fees/summer-session-student-fees,Student Fees Established and Approved by a Student Society,[],,,CiTR Fee,,,,per_year,7.12,$7.12 per year,2027 Summer Session Active Members
vancouver,,Summer Session Student Fees,https://vancouver.calendar.ubc.ca/fees/student-fees/summer-session-student-fees,Student Fees Established and Approved by a Student Society,[],,,CiTR Fee,,,,per_year,7.12,$7.12 per year,2027 Summer Session Online-only Active Members
vancouver,,Summer Session Student Fees,https://vancouver.calendar.ubc.ca/fees/student-fees/summer-session-student-fees,Student Fees Established and Approved by a Student Society,[],,,Campus Culture & Performance Fee,,,,per_year,3.71,$3.71 per year,2026 Summer Session Fees
vancouver,,Summer Session Student Fees,https://vancouver.calendar.ubc.ca/fees/student-fees/summer-session-student-fees,Student Fees Established and Approved by a Student Society,[],,,Campus Culture & Performance Fee,,,,per_year,4,$4.00 per year,2027 Summer Session Active Members
vancouver,,Summer Session Student Fees,https://vancouver.calendar.ubc.ca/fees/student-fees/summer-session-student-fees,Student Fees Established and Approved by a Student Society,[],,,Ubyssey Publication Fee,,,,per_year,8.37,$8.37 per year,2026 Summer Session Fees
vancouver,,Summer Session Student Fees,https://vancouver.calendar.ubc.ca/fees/student-fees/summer-session-student-fees,Student Fees Established and Approved by a Student Society,[],,,Ubyssey Publication Fee,,,,per_year,8.55,$8.55 per year,2027 Summer Session Active Members
vancouver,,Summer Session Student Fees,https://vancouver.calendar.ubc.ca/fees/student-fees/summer-session-student-fees,Student Fees Established and Approved by a Student Society,[],,,Ubyssey Publication Fee,,,,per_year,8.55,$8.55 per year,2027 Summer Session Online-only Active Members
