campus,level,page,url,section,context,table_label,divider,item,student_type,cohort_year,cohort_rule,unit,amount,amount_text,column,program,applies_to,annual_at_30_credits
vancouver,certificate_diploma,Certificate and Diploma Programs,https://vancouver.calendar.ubc.ca/fees/tuition-fees/certificate-and-diploma-programs,,[],,,Undergraduate Certificate Dechinta Community and Land-Based Research1,domestic,,,per_credit,206.69,$206.69,Domestic per-credit rate,Undergraduate Certificate Dechinta Community and Land-Based Research,,6200.7
vancouver,certificate_diploma,Certificate and Diploma Programs,https://vancouver.calendar.ubc.ca/fees/tuition-fees/certificate-and-diploma-programs,,[],,,Undergraduate Certificate Dechinta Community and Land-Based Research1,international,2026,or_later,per_credit,1717.68,"$1,717.68",International per-credit rate (commence in 2026S or later),Undergraduate Certificate Dechinta Community and Land-Based Research,,51530.4
vancouver,certificate_diploma,Certificate and Diploma Programs,https://vancouver.calendar.ubc.ca/fees/tuition-fees/certificate-and-diploma-programs,,[],,,Undergraduate Certificate Dechinta Community and Land-Based Research1,international,2025,exactly,per_credit,1701.16,"$1,701.16",International per-credit rate (commence in 2025S or 2025W),Undergraduate Certificate Dechinta Community and Land-Based Research,,51034.8
vancouver,certificate_diploma,Certificate and Diploma Programs,https://vancouver.calendar.ubc.ca/fees/tuition-fees/certificate-and-diploma-programs,,[],,,Undergraduate Certificate Dechinta Community and Land-Based Research1,international,2024,or_earlier,per_credit,1668.76,"$1,668.76",International per-credit rate (commence in 2024W or earlier),Undergraduate Certificate Dechinta Community and Land-Based Research,,50062.8
vancouver,certificate_diploma,Certificate and Diploma Programs,https://vancouver.calendar.ubc.ca/fees/tuition-fees/certificate-and-diploma-programs,,[],,,Undergraduate Certificate in Adult Learning and Education2,domestic,,,per_credit,206.69,$206.69,Domestic per-credit rate,Undergraduate Certificate in Adult Learning and Education,,6200.7
vancouver,certificate_diploma,Certificate and Diploma Programs,https://vancouver.calendar.ubc.ca/fees/tuition-fees/certificate-and-diploma-programs,,[],,,Undergraduate Certificate in Adult Learning and Education2,international,2026,or_later,per_credit,1769.4,"$1,769.40",International per-credit rate (commence in 2026S or later),Undergraduate Certificate in Adult Learning and Education,,53082.0
vancouver,certificate_diploma,Certificate and Diploma Programs,https://vancouver.calendar.ubc.ca/fees/tuition-fees/certificate-and-diploma-programs,,[],,,Undergraduate Certificate in Adult Learning and Education2,international,2025,exactly,per_credit,1752.39,"$1,752.39",International per-credit rate (commence in 2025S or 2025W),Undergraduate Certificate in Adult Learning and Education,,52571.7
vancouver,certificate_diploma,Certificate and Diploma Programs,https://vancouver.calendar.ubc.ca/fees/tuition-fees/certificate-and-diploma-programs,,[],,,Undergraduate Certificate in Adult Learning and Education2,international,2024,or_earlier,per_credit,1719.01,"$1,719.01",International per-credit rate (commence in 2024W or earlier),Undergraduate Certificate in Adult Learning and Education,,51570.3
vancouver,certificate_diploma,Certificate and Diploma Programs,https://vancouver.calendar.ubc.ca/fees/tuition-fees/certificate-and-diploma-programs,,[],,,Undergraduate Certificate in Data & Models in Political Science1,domestic,,,per_credit,206.69,$206.69,Domestic per-credit rate,Undergraduate Certificate in Data & Models in Political Science,,6200.7
vancouver,certificate_diploma,Certificate and Diploma Programs,https://vancouver.calendar.ubc.ca/fees/tuition-fees/certificate-and-diploma-programs,,[],,,Undergraduate Certificate in Data & Models in Political Science1,international,2026,or_later,per_credit,1717.68,"$1,717.68",International per-credit rate (commence in 2026S or later),Undergraduate Certificate in Data & Models in Political Science,,51530.4
vancouver,certificate_diploma,Certificate and Diploma Programs,https://vancouver.calendar.ubc.ca/fees/tuition-fees/certificate-and-diploma-programs,,[],,,Undergraduate Certificate in Data & Models in Political Science1,international,2025,exactly,per_credit,1701.16,"$1,701.16",International per-credit rate (commence in 2025S or 2025W),Undergraduate Certificate in Data & Models in Political Science,,51034.8
vancouver,certificate_diploma,Certificate and Diploma Programs,https://vancouver.calendar.ubc.ca/fees/tuition-fees/certificate-and-diploma-programs,,[],,,Undergraduate Certificate in Data & Models in Political Science1,international,2024,or_earlier,per_credit,1668.76,"$1,668.76",International per-credit rate (commence in 2024W or earlier),Undergraduate Certificate in Data & Models in Political Science,,50062.8
vancouver,certificate_diploma,Certificate and Diploma Programs,https://vancouver.calendar.ubc.ca/fees/tuition-fees/certificate-and-diploma-programs,,[],,,Undergraduate Certificate in Textiles Studies2,domestic,,,per_credit,230.16,$230.16,Domestic per-credit rate,Undergraduate Certificate in Textiles Studies,,6904.8
vancouver,certificate_diploma,Certificate and Diploma Programs,https://vancouver.calendar.ubc.ca/fees/tuition-fees/certificate-and-diploma-programs,,[],,,Undergraduate Certificate in Textiles Studies2,international,2026,or_later,per_credit,1149.18,"$1,149.18",International per-credit rate (commence in 2026S or later),Undergraduate Certificate in Textiles Studies,,34475.4
vancouver,certificate_diploma,Certificate and Diploma Programs,https://vancouver.calendar.ubc.ca/fees/tuition-fees/certificate-and-diploma-programs,,[],,,Undergraduate Certificate in Textiles Studies2,international,2025,exactly,per_credit,1138.13,"$1,138.13",International per-credit rate (commence in 2025S or 2025W),Undergraduate Certificate in Textiles Studies,,34143.9
vancouver,certificate_diploma,Certificate and Diploma Programs,https://vancouver.calendar.ubc.ca/fees/tuition-fees/certificate-and-diploma-programs,,[],,,Undergraduate Certificate in Textiles Studies2,international,2024,or_earlier,per_credit,1116.46,"$1,116.46",International per-credit rate (commence in 2024W or earlier),Undergraduate Certificate in Textiles Studies,,33493.8
vancouver,certificate_diploma,Certificate and Diploma Programs,https://vancouver.calendar.ubc.ca/fees/tuition-fees/certificate-and-diploma-programs,,[],,,Certificate in Climate Studies and Action1,domestic,,,per_credit,206.69,$206.69,Domestic per-credit rate,Certificate in Climate Studies and Action,,6200.7
vancouver,certificate_diploma,Certificate and Diploma Programs,https://vancouver.calendar.ubc.ca/fees/tuition-fees/certificate-and-diploma-programs,,[],,,Certificate in Climate Studies and Action1,international,2026,or_later,per_credit,1717.68,"$1,717.68",International per-credit rate (commence in 2026S or later),Certificate in Climate Studies and Action,,51530.4
vancouver,certificate_diploma,Certificate and Diploma Programs,https://vancouver.calendar.ubc.ca/fees/tuition-fees/certificate-and-diploma-programs,,[],,,Certificate in Climate Studies and Action1,international,2025,exactly,per_credit,1701.16,"$1,701.16",International per-credit rate (commence in 2025S or 2025W),Certificate in Climate Studies and Action,,51034.8
vancouver,certificate_diploma,Certificate and Diploma Programs,https://vancouver.calendar.ubc.ca/fees/tuition-fees/certificate-and-diploma-programs,,[],,,Certificate in Climate Studies and Action1,international,2024,or_earlier,per_credit,1668.76,"$1,668.76",International per-credit rate (commence in 2024W or earlier),Certificate in Climate Studies and Action,,50062.8
vancouver,certificate_diploma,Certificate and Diploma Programs,https://vancouver.calendar.ubc.ca/fees/tuition-fees/certificate-and-diploma-programs,,[],,,Certificate in Early Years Education2,domestic,,,per_credit,230.16,$230.16,Domestic per-credit rate,Certificate in Early Years Education,,6904.8
vancouver,certificate_diploma,Certificate and Diploma Programs,https://vancouver.calendar.ubc.ca/fees/tuition-fees/certificate-and-diploma-programs,,[],,,Certificate in Early Years Education2,international,2026,or_later,per_credit,1149.18,"$1,149.18",International per-credit rate (commence in 2026S or later),Certificate in Early Years Education,,34475.4
vancouver,certificate_diploma,Certificate and Diploma Programs,https://vancouver.calendar.ubc.ca/fees/tuition-fees/certificate-and-diploma-programs,,[],,,Certificate in Early Years Education2,international,2025,exactly,per_credit,1138.13,"$1,138.13",International per-credit rate (commence in 2025S or 2025W),Certificate in Early Years Education,,34143.9
vancouver,certificate_diploma,Certificate and Diploma Programs,https://vancouver.calendar.ubc.ca/fees/tuition-fees/certificate-and-diploma-programs,,[],,,Certificate in Early Years Education2,international,2024,or_earlier,per_credit,1116.46,"$1,116.46",International per-credit rate (commence in 2024W or earlier),Certificate in Early Years Education,,33493.8
vancouver,certificate_diploma,Certificate and Diploma Programs,https://vancouver.calendar.ubc.ca/fees/tuition-fees/certificate-and-diploma-programs,,[],,,Certificate in Health and Wellness2,domestic,,,per_credit,230.16,$230.16,Domestic per-credit rate,Certificate in Health and Wellness,,6904.8
vancouver,certificate_diploma,Certificate and Diploma Programs,https://vancouver.calendar.ubc.ca/fees/tuition-fees/certificate-and-diploma-programs,,[],,,Certificate in Health and Wellness2,international,2026,or_later,per_credit,1149.18,"$1,149.18",International per-credit rate (commence in 2026S or later),Certificate in Health and Wellness,,34475.4
vancouver,certificate_diploma,Certificate and Diploma Programs,https://vancouver.calendar.ubc.ca/fees/tuition-fees/certificate-and-diploma-programs,,[],,,Certificate in Health and Wellness2,international,2025,exactly,per_credit,1138.13,"$1,138.13",International per-credit rate (commence in 2025S or 2025W),Certificate in Health and Wellness,,34143.9
vancouver,certificate_diploma,Certificate and Diploma Programs,https://vancouver.calendar.ubc.ca/fees/tuition-fees/certificate-and-diploma-programs,,[],,,Certificate in Health and Wellness2,international,2024,or_earlier,per_credit,1116.46,"$1,116.46",International per-credit rate (commence in 2024W or earlier),Certificate in Health and Wellness,,33493.8
vancouver,certificate_diploma,Certificate and Diploma Programs,https://vancouver.calendar.ubc.ca/fees/tuition-fees/certificate-and-diploma-programs,,[],,,Certificate in Infant Development and Supported Childcare2,domestic,,,per_credit,230.16,$230.16,Domestic per-credit rate,Certificate in Infant Development and Supported Childcare,,6904.8
vancouver,certificate_diploma,Certificate and Diploma Programs,https://vancouver.calendar.ubc.ca/fees/tuition-fees/certificate-and-diploma-programs,,[],,,Certificate in Infant Development and Supported Childcare2,international,2026,or_later,per_credit,1149.18,"$1,149.18",International per-credit rate (commence in 2026S or later),Certificate in Infant Development and Supported Childcare,,34475.4
vancouver,certificate_diploma,Certificate and Diploma Programs,https://vancouver.calendar.ubc.ca/fees/tuition-fees/certificate-and-diploma-programs,,[],,,Certificate in Infant Development and Supported Childcare2,international,2025,exactly,per_credit,1138.13,"$1,138.13",International per-credit rate (commence in 2025S or 2025W),Certificate in Infant Development and Supported Childcare,,34143.9
vancouver,certificate_diploma,Certificate and Diploma Programs,https://vancouver.calendar.ubc.ca/fees/tuition-fees/certificate-and-diploma-programs,,[],,,Certificate in Infant Development and Supported Childcare2,international,2024,or_earlier,per_credit,1116.46,"$1,116.46",International per-credit rate (commence in 2024W or earlier),Certificate in Infant Development and Supported Childcare,,33493.8
vancouver,certificate_diploma,Certificate and Diploma Programs,https://vancouver.calendar.ubc.ca/fees/tuition-fees/certificate-and-diploma-programs,,[],,,Certificate in Teaching About Visual and Material Culture2,domestic,,,per_credit,230.16,$230.16,Domestic per-credit rate,Certificate in Teaching About Visual and Material Culture,,6904.8
vancouver,certificate_diploma,Certificate and Diploma Programs,https://vancouver.calendar.ubc.ca/fees/tuition-fees/certificate-and-diploma-programs,,[],,,Certificate in Teaching About Visual and Material Culture2,international,2026,or_later,per_credit,1149.18,"$1,149.18",International per-credit rate (commence in 2026S or later),Certificate in Teaching About Visual and Material Culture,,34475.4
vancouver,certificate_diploma,Certificate and Diploma Programs,https://vancouver.calendar.ubc.ca/fees/tuition-fees/certificate-and-diploma-programs,,[],,,Certificate in Teaching About Visual and Material Culture2,international,2025,exactly,per_credit,1138.13,"$1,138.13",International per-credit rate (commence in 2025S or 2025W),Certificate in Teaching About Visual and Material Culture,,34143.9
vancouver,certificate_diploma,Certificate and Diploma Programs,https://vancouver.calendar.ubc.ca/fees/tuition-fees/certificate-and-diploma-programs,,[],,,Certificate in Teaching About Visual and Material Culture2,international,2024,or_earlier,per_credit,1116.46,"$1,116.46",International per-credit rate (commence in 2024W or earlier),Certificate in Teaching About Visual and Material Culture,,33493.8
vancouver,certificate_diploma,Certificate and Diploma Programs,https://vancouver.calendar.ubc.ca/fees/tuition-fees/certificate-and-diploma-programs,,[],,,Certificate in Teacher Librarianship2,domestic,,,per_credit,230.16,$230.16,Domestic per-credit rate,Certificate in Teacher Librarianship,,6904.8
vancouver,certificate_diploma,Certificate and Diploma Programs,https://vancouver.calendar.ubc.ca/fees/tuition-fees/certificate-and-diploma-programs,,[],,,Certificate in Teacher Librarianship2,international,2026,or_later,per_credit,1149.18,"$1,149.18",International per-credit rate (commence in 2026S or later),Certificate in Teacher Librarianship,,34475.4
vancouver,certificate_diploma,Certificate and Diploma Programs,https://vancouver.calendar.ubc.ca/fees/tuition-fees/certificate-and-diploma-programs,,[],,,Certificate in Teacher Librarianship2,international,2025,exactly,per_credit,1138.13,"$1,138.13",International per-credit rate (commence in 2025S or 2025W),Certificate in Teacher Librarianship,,34143.9
vancouver,certificate_diploma,Certificate and Diploma Programs,https://vancouver.calendar.ubc.ca/fees/tuition-fees/certificate-and-diploma-programs,,[],,,Certificate in Teacher Librarianship2,international,2024,or_earlier,per_credit,1116.46,"$1,116.46",International per-credit rate (commence in 2024W or earlier),Certificate in Teacher Librarianship,,33493.8
vancouver,certificate_diploma,Certificate and Diploma Programs,https://vancouver.calendar.ubc.ca/fees/tuition-fees/certificate-and-diploma-programs,,[],,,Certificate in Teaching English as a Second Language2,domestic,,,per_credit,230.16,$230.16,Domestic per-credit rate,Certificate in Teaching English as a Second Language,,6904.8
vancouver,certificate_diploma,Certificate and Diploma Programs,https://vancouver.calendar.ubc.ca/fees/tuition-fees/certificate-and-diploma-programs,,[],,,Certificate in Teaching English as a Second Language2,international,2026,or_later,per_credit,1149.18,"$1,149.18",International per-credit rate (commence in 2026S or later),Certificate in Teaching English as a Second Language,,34475.4
vancouver,certificate_diploma,Certificate and Diploma Programs,https://vancouver.calendar.ubc.ca/fees/tuition-fees/certificate-and-diploma-programs,,[],,,Certificate in Teaching English as a Second Language2,international,2025,exactly,per_credit,1138.13,"$1,138.13",International per-credit rate (commence in 2025S or 2025W),Certificate in Teaching English as a Second Language,,34143.9
vancouver,certificate_diploma,Certificate and Diploma Programs,https://vancouver.calendar.ubc.ca/fees/tuition-fees/certificate-and-diploma-programs,,[],,,Certificate in Teaching English as a Second Language2,international,2024,or_earlier,per_credit,1116.46,"$1,116.46",International per-credit rate (commence in 2024W or earlier),Certificate in Teaching English as a Second Language,,33493.8
vancouver,certificate_diploma,Certificate and Diploma Programs,https://vancouver.calendar.ubc.ca/fees/tuition-fees/certificate-and-diploma-programs,,[],,,Veterans Transition Certificate in International Development and Human Security2,domestic,,,per_credit,230.16,$230.16,Domestic per-credit rate,Veterans Transition Certificate in International Development and Human Security,,6904.8
vancouver,certificate_diploma,Certificate and Diploma Programs,https://vancouver.calendar.ubc.ca/fees/tuition-fees/certificate-and-diploma-programs,,[],,,Veterans Transition Certificate in International Development and Human Security2,international,2026,or_later,per_credit,1149.18,"$1,149.18",International per-credit rate (commence in 2026S or later),Veterans Transition Certificate in International Development and Human Security,,34475.4
vancouver,certificate_diploma,Certificate and Diploma Programs,https://vancouver.calendar.ubc.ca/fees/tuition-fees/certificate-and-diploma-programs,,[],,,Veterans Transition Certificate in International Development and Human Security2,international,2025,exactly,per_credit,1138.13,"$1,138.13",International per-credit rate (commence in 2025S or 2025W),Veterans Transition Certificate in International Development and Human Security,,34143.9
vancouver,certificate_diploma,Certificate and Diploma Programs,https://vancouver.calendar.ubc.ca/fees/tuition-fees/certificate-and-diploma-programs,,[],,,Veterans Transition Certificate in International Development and Human Security2,international,2024,or_earlier,per_credit,1116.46,"$1,116.46",International per-credit rate (commence in 2024W or earlier),Veterans Transition Certificate in International Development and Human Security,,33493.8
vancouver,certificate_diploma,Certificate and Diploma Programs,https://vancouver.calendar.ubc.ca/fees/tuition-fees/certificate-and-diploma-programs,,[],,,Graduate Certificate in Adult Learning and Education2,domestic,,,per_credit,531.77,$531.77,Domestic per-credit rate,Graduate Certificate in Adult Learning and Education,,15953.1
vancouver,certificate_diploma,Certificate and Diploma Programs,https://vancouver.calendar.ubc.ca/fees/tuition-fees/certificate-and-diploma-programs,,[],,,Graduate Certificate in Adult Learning and Education2,international,2026,or_later,per_credit,801.37,$801.37,International per-credit rate (commence in 2026S or later),Graduate Certificate in Adult Learning and Education,,24041.1
vancouver,certificate_diploma,Certificate and Diploma Programs,https://vancouver.calendar.ubc.ca/fees/tuition-fees/certificate-and-diploma-programs,,[],,,Graduate Certificate in Adult Learning and Education2,international,2025,exactly,per_credit,793.66,$793.66,International per-credit rate (commence in 2025S or 2025W),Graduate Certificate in Adult Learning and Education,,23809.8
vancouver,certificate_diploma,Certificate and Diploma Programs,https://vancouver.calendar.ubc.ca/fees/tuition-fees/certificate-and-diploma-programs,,[],,,Graduate Certificate in Adult Learning and Education2,international,2024,or_earlier,per_credit,778.54,$778.54,International per-credit rate (commence in 2024W or earlier),Graduate Certificate in Adult Learning and Education,,23356.2
vancouver,certificate_diploma,Certificate and Diploma Programs,https://vancouver.calendar.ubc.ca/fees/tuition-fees/certificate-and-diploma-programs,,[],,,Graduate Certificate in Applied Geological Engineering3,domestic,,,per_credit,1167.32,"$1,167.32",Domestic per-credit rate,Graduate Certificate in Applied Geological Engineering,,35019.6
vancouver,certificate_diploma,Certificate and Diploma Programs,https://vancouver.calendar.ubc.ca/fees/tuition-fees/certificate-and-diploma-programs,,[],,,Graduate Certificate in Applied Geological Engineering3,international,2026,or_later,per_credit,1261.26,"$1,261.26",International per-credit rate (commence in 2026S or later),Graduate Certificate in Applied Geological Engineering,,37837.8
vancouver,certificate_diploma,Certificate and Diploma Programs,https://vancouver.calendar.ubc.ca/fees/tuition-fees/certificate-and-diploma-programs,,[],,,Graduate Certificate in Applied Geological Engineering3,international,2025,exactly,per_credit,1249.13,"$1,249.13",International per-credit rate (commence in 2025S or 2025W),Graduate Certificate in Applied Geological Engineering,,37473.9
vancouver,certificate_diploma,Certificate and Diploma Programs,https://vancouver.calendar.ubc.ca/fees/tuition-fees/certificate-and-diploma-programs,,[],,,Graduate Certificate in Applied Geological Engineering3,international,2024,or_earlier,per_credit,1225.33,"$1,225.33",International per-credit rate (commence in 2024W or earlier),Graduate Certificate in Applied Geological Engineering,,36759.9
vancouver,certificate_diploma,Certificate and Diploma Programs,https://vancouver.calendar.ubc.ca/fees/tuition-fees/certificate-and-diploma-programs,,[],,,Graduate Certificate in Aquaculture3,domestic,,,per_credit,633.44,$633.44,Domestic per-credit rate,Graduate Certificate in Aquaculture,,19003.2
vancouver,certificate_diploma,Certificate and Diploma Programs,https://vancouver.calendar.ubc.ca/fees/tuition-fees/certificate-and-diploma-programs,,[],,,Graduate Certificate in Aquaculture3,international,2026,or_later,per_credit,1220.77,"$1,220.77",International per-credit rate (commence in 2026S or later),Graduate Certificate in Aquaculture,,36623.1
vancouver,certificate_diploma,Certificate and Diploma Programs,https://vancouver.calendar.ubc.ca/fees/tuition-fees/certificate-and-diploma-programs,,[],,,Graduate Certificate in Aquaculture3,international,2025,exactly,per_credit,1209.03,"$1,209.03",International per-credit rate (commence in 2025S or 2025W),Graduate Certificate in Aquaculture,,36270.9
vancouver,certificate_diploma,Certificate and Diploma Programs,https://vancouver.calendar.ubc.ca/fees/tuition-fees/certificate-and-diploma-programs,,[],,,Graduate Certificate in Aquaculture3,international,2024,or_earlier,per_credit,1186.0,"$1,186.00",International per-credit rate (commence in 2024W or earlier),Graduate Certificate in Aquaculture,,35580.0
vancouver,certificate_diploma,Certificate and Diploma Programs,https://vancouver.calendar.ubc.ca/fees/tuition-fees/certificate-and-diploma-programs,,[],,,Graduate Certificate in Clinical Informatics6,domestic,,,per_credit,848.96,$848.96,Domestic per-credit rate,Graduate Certificate in Clinical Informatics,,25468.8
vancouver,certificate_diploma,Certificate and Diploma Programs,https://vancouver.calendar.ubc.ca/fees/tuition-fees/certificate-and-diploma-programs,,[],,,Graduate Certificate in Clinical Informatics6,international,2026,or_later,per_credit,917.28,$917.28,International per-credit rate (commence in 2026S or later),Graduate Certificate in Clinical Informatics,,27518.4
vancouver,certificate_diploma,Certificate and Diploma Programs,https://vancouver.calendar.ubc.ca/fees/tuition-fees/certificate-and-diploma-programs,,[],,,Graduate Certificate in Clinical Informatics6,international,2025,exactly,per_credit,908.46,$908.46,International per-credit rate (commence in 2025S or 2025W),Graduate Certificate in Clinical Informatics,,27253.8
vancouver,certificate_diploma,Certificate and Diploma Programs,https://vancouver.calendar.ubc.ca/fees/tuition-fees/certificate-and-diploma-programs,,[],,,Graduate Certificate in Clinical Informatics6,international,2024,or_earlier,per_credit,891.15,$891.15,International per-credit rate (commence in 2024W or earlier),Graduate Certificate in Clinical Informatics,,26734.5
vancouver,certificate_diploma,Certificate and Diploma Programs,https://vancouver.calendar.ubc.ca/fees/tuition-fees/certificate-and-diploma-programs,,[],,,Graduate Certificate in Educational Technology2,domestic,,,per_credit,631.48,$631.48,Domestic per-credit rate,Graduate Certificate in Educational Technology,,18944.4
vancouver,certificate_diploma,Certificate and Diploma Programs,https://vancouver.calendar.ubc.ca/fees/tuition-fees/certificate-and-diploma-programs,,[],,,Graduate Certificate in Educational Technology2,international,2026,or_later,per_credit,1087.92,"$1,087.92",International per-credit rate (commence in 2026S or later),Graduate Certificate in Educational Technology,,32637.6
vancouver,certificate_diploma,Certificate and Diploma Programs,https://vancouver.calendar.ubc.ca/fees/tuition-fees/certificate-and-diploma-programs,,[],,,Graduate Certificate in Educational Technology2,international,2025,exactly,per_credit,1077.46,"$1,077.46",International per-credit rate (commence in 2025S or 2025W),Graduate Certificate in Educational Technology,,32323.8
vancouver,certificate_diploma,Certificate and Diploma Programs,https://vancouver.calendar.ubc.ca/fees/tuition-fees/certificate-and-diploma-programs,,[],,,Graduate Certificate in Educational Technology2,international,2024,or_earlier,per_credit,1056.93,"$1,056.93",International per-credit rate (commence in 2024W or earlier),Graduate Certificate in Educational Technology,,31707.9
vancouver,certificate_diploma,Certificate and Diploma Programs,https://vancouver.calendar.ubc.ca/fees/tuition-fees/certificate-and-diploma-programs,,[],,,Graduate Certificate in Forest Management and Conservation4,domestic,,,per_credit,589.57,$589.57,Domestic per-credit rate,Graduate Certificate in Forest Management and Conservation,,17687.1
vancouver,certificate_diploma,Certificate and Diploma Programs,https://vancouver.calendar.ubc.ca/fees/tuition-fees/certificate-and-diploma-programs,,[],,,Graduate Certificate in Forest Management and Conservation4,international,2026,or_later,per_credit,1085.11,"$1,085.11",International per-credit rate (commence in 2026S or later),Graduate Certificate in Forest Management and Conservation,,32553.3
vancouver,certificate_diploma,Certificate and Diploma Programs,https://vancouver.calendar.ubc.ca/fees/tuition-fees/certificate-and-diploma-programs,,[],,,Graduate Certificate in Forest Management and Conservation4,international,2025,exactly,per_credit,1074.68,"$1,074.68",International per-credit rate (commence in 2025S or 2025W),Graduate Certificate in Forest Management and Conservation,,32240.4
vancouver,certificate_diploma,Certificate and Diploma Programs,https://vancouver.calendar.ubc.ca/fees/tuition-fees/certificate-and-diploma-programs,,[],,,Graduate Certificate in Forest Management and Conservation4,international,2024,or_earlier,per_credit,1054.21,"$1,054.21",International per-credit rate (commence in 2024W or earlier),Graduate Certificate in Forest Management and Conservation,,31626.3
vancouver,certificate_diploma,Certificate and Diploma Programs,https://vancouver.calendar.ubc.ca/fees/tuition-fees/certificate-and-diploma-programs,,[],,,Graduate Certificate in Genomic Counselling and Variant Interpretation5,domestic,,,per_credit,375.37,$375.37,Domestic per-credit rate,Graduate Certificate in Genomic Counselling and Variant Interpretation,,11261.1
vancouver,certificate_diploma,Certificate and Diploma Programs,https://vancouver.calendar.ubc.ca/fees/tuition-fees/certificate-and-diploma-programs,,[],,,Graduate Certificate in Genomic Counselling and Variant Interpretation5,international,2026,or_later,per_credit,434.03,$434.03,International per-credit rate (commence in 2026S or later),Graduate Certificate in Genomic Counselling and Variant Interpretation,,13020.9
vancouver,certificate_diploma,Certificate and Diploma Programs,https://vancouver.calendar.ubc.ca/fees/tuition-fees/certificate-and-diploma-programs,,[],,,Graduate Certificate in Genomic Counselling and Variant Interpretation5,international,2025,exactly,per_credit,429.86,$429.86,International per-credit rate (commence in 2025S or 2025W),Graduate Certificate in Genomic Counselling and Variant Interpretation,,12895.8
vancouver,certificate_diploma,Certificate and Diploma Programs,https://vancouver.calendar.ubc.ca/fees/tuition-fees/certificate-and-diploma-programs,,[],,,Graduate Certificate in Genomic Counselling and Variant Interpretation5,international,2024,or_earlier,per_credit,421.67,$421.67,International per-credit rate (commence in 2024W or earlier),Graduate Certificate in Genomic Counselling and Variant Interpretation,,12650.1
vancouver,certificate_diploma,Certificate and Diploma Programs,https://vancouver.calendar.ubc.ca/fees/tuition-fees/certificate-and-diploma-programs,,[],,,Graduate Certificate in Global Mine Waste Management6,domestic,,,per_credit,1918.27,"$1,918.27",Domestic per-credit rate,Graduate Certificate in Global Mine Waste Management,,57548.1
vancouver,certificate_diploma,Certificate and Diploma Programs,https://vancouver.calendar.ubc.ca/fees/tuition-fees/certificate-and-diploma-programs,,[],,,Graduate Certificate in Global Mine Waste Management6,international,2026,or_later,per_credit,2261.59,"$2,261.59",International per-credit rate (commence in 2026S or later),Graduate Certificate in Global Mine Waste Management,,67847.7
vancouver,certificate_diploma,Certificate and Diploma Programs,https://vancouver.calendar.ubc.ca/fees/tuition-fees/certificate-and-diploma-programs,,[],,,Graduate Certificate in Global Mine Waste Management6,international,2025,exactly,per_credit,2239.84,"$2,239.84",International per-credit rate (commence in 2025S or 2025W),Graduate Certificate in Global Mine Waste Management,,67195.2
vancouver,certificate_diploma,Certificate and Diploma Programs,https://vancouver.calendar.ubc.ca/fees/tuition-fees/certificate-and-diploma-programs,,[],,,Graduate Certificate in Global Mine Waste Management6,international,2024,or_earlier,per_credit,2197.18,"$2,197.18",International per-credit rate (commence in 2024W or earlier),Graduate Certificate in Global Mine Waste Management,,65915.4
vancouver,certificate_diploma,Certificate and Diploma Programs,https://vancouver.calendar.ubc.ca/fees/tuition-fees/certificate-and-diploma-programs,,[],,,Graduate Certificate in Global Surgical Care5,domestic,,,per_credit,518.04,$518.04,Domestic per-credit rate,Graduate Certificate in Global Surgical Care,,15541.2
vancouver,certificate_diploma,Certificate and Diploma Programs,https://vancouver.calendar.ubc.ca/fees/tuition-fees/certificate-and-diploma-programs,,[],,,Graduate Certificate in Global Surgical Care5,international,2026,or_later,per_credit,1272.27,"$1,272.27",International per-credit rate (commence in 2026S or later),Graduate Certificate in Global Surgical Care,,38168.1
vancouver,certificate_diploma,Certificate and Diploma Programs,https://vancouver.calendar.ubc.ca/fees/tuition-fees/certificate-and-diploma-programs,,[],,,Graduate Certificate in Global Surgical Care5,international,2025,exactly,per_credit,1260.04,"$1,260.04",International per-credit rate (commence in 2025S or 2025W),Graduate Certificate in Global Surgical Care,,37801.2
vancouver,certificate_diploma,Certificate and Diploma Programs,https://vancouver.calendar.ubc.ca/fees/tuition-fees/certificate-and-diploma-programs,,[],,,Graduate Certificate in Global Surgical Care5,international,2024,or_earlier,per_credit,1236.04,"$1,236.04",International per-credit rate (commence in 2024W or earlier),Graduate Certificate in Global Surgical Care,,37081.2
vancouver,certificate_diploma,Certificate and Diploma Programs,https://vancouver.calendar.ubc.ca/fees/tuition-fees/certificate-and-diploma-programs,,[],,,Graduate Certificate in High Performance Coaching and Technical Leadership2,domestic,,,per_credit,638.22,$638.22,Domestic per-credit rate,Graduate Certificate in High Performance Coaching and Technical Leadership,,19146.6
vancouver,certificate_diploma,Certificate and Diploma Programs,https://vancouver.calendar.ubc.ca/fees/tuition-fees/certificate-and-diploma-programs,,[],,,Graduate Certificate in High Performance Coaching and Technical Leadership2,international,2026,or_later,per_credit,1212.2,"$1,212.20",International per-credit rate (commence in 2026S or later),Graduate Certificate in High Performance Coaching and Technical Leadership,,36366.0
vancouver,certificate_diploma,Certificate and Diploma Programs,https://vancouver.calendar.ubc.ca/fees/tuition-fees/certificate-and-diploma-programs,,[],,,Graduate Certificate in High Performance Coaching and Technical Leadership2,international,2025,exactly,per_credit,1200.54,"$1,200.54",International per-credit rate (commence in 2025S or 2025W),Graduate Certificate in High Performance Coaching and Technical Leadership,,36016.2
vancouver,certificate_diploma,Certificate and Diploma Programs,https://vancouver.calendar.ubc.ca/fees/tuition-fees/certificate-and-diploma-programs,,[],,,Graduate Certificate in High Performance Coaching and Technical Leadership2,international,2024,or_earlier,per_credit,1177.68,"$1,177.68",International per-credit rate (commence in 2024W or earlier),Graduate Certificate in High Performance Coaching and Technical Leadership,,35330.4
vancouver,certificate_diploma,Certificate and Diploma Programs,https://vancouver.calendar.ubc.ca/fees/tuition-fees/certificate-and-diploma-programs,,[],,,Graduate Certificate in Higher Education2,domestic,,,per_credit,531.77,$531.77,Domestic per-credit rate,Graduate Certificate in Higher Education,,15953.1
vancouver,certificate_diploma,Certificate and Diploma Programs,https://vancouver.calendar.ubc.ca/fees/tuition-fees/certificate-and-diploma-programs,,[],,,Graduate Certificate in Higher Education2,international,2026,or_later,per_credit,801.37,$801.37,International per-credit rate (commence in 2026S or later),Graduate Certificate in Higher Education,,24041.1
vancouver,certificate_diploma,Certificate and Diploma Programs,https://vancouver.calendar.ubc.ca/fees/tuition-fees/certificate-and-diploma-programs,,[],,,Graduate Certificate in Higher Education2,international,2025,exactly,per_credit,793.66,$793.66,International per-credit rate (commence in 2025S or 2025W),Graduate Certificate in Higher Education,,23809.8
vancouver,certificate_diploma,Certificate and Diploma Programs,https://vancouver.calendar.ubc.ca/fees/tuition-fees/certificate-and-diploma-programs,,[],,,Graduate Certificate in Higher Education2,international,2024,or_earlier,per_credit,778.54,$778.54,International per-credit rate (commence in 2024W or earlier),Graduate Certificate in Higher Education,,23356.2
vancouver,certificate_diploma,Certificate and Diploma Programs,https://vancouver.calendar.ubc.ca/fees/tuition-fees/certificate-and-diploma-programs,,[],,,Graduate Certificate in Indigenous Public Health5,domestic,,,per_credit,585.81,$585.81,Domestic per-credit rate,Graduate Certificate in Indigenous Public Health,,17574.3
vancouver,certificate_diploma,Certificate and Diploma Programs,https://vancouver.calendar.ubc.ca/fees/tuition-fees/certificate-and-diploma-programs,,[],,,Graduate Certificate in Indigenous Public Health5,international,2026,or_later,per_credit,845.02,$845.02,International per-credit rate (commence in 2026S or later),Graduate Certificate in Indigenous Public Health,,25350.6
vancouver,certificate_diploma,Certificate and Diploma Programs,https://vancouver.calendar.ubc.ca/fees/tuition-fees/certificate-and-diploma-programs,,[],,,Graduate Certificate in Indigenous Public Health5,international,2025,exactly,per_credit,836.89,$836.89,International per-credit rate (commence in 2025S or 2025W),Graduate Certificate in Indigenous Public Health,,25106.7
vancouver,certificate_diploma,Certificate and Diploma Programs,https://vancouver.calendar.ubc.ca/fees/tuition-fees/certificate-and-diploma-programs,,[],,,Graduate Certificate in Indigenous Public Health5,international,2024,or_earlier,per_credit,820.95,$820.95,International per-credit rate (commence in 2024W or earlier),Graduate Certificate in Indigenous Public Health,,24628.5
vancouver,certificate_diploma,Certificate and Diploma Programs,https://vancouver.calendar.ubc.ca/fees/tuition-fees/certificate-and-diploma-programs,,[],,,Graduate Certificate in Marine Vessel Design6,domestic,,,per_credit,960.79,$960.79,Domestic per-credit rate,Graduate Certificate in Marine Vessel Design,,28823.7
vancouver,certificate_diploma,Certificate and Diploma Programs,https://vancouver.calendar.ubc.ca/fees/tuition-fees/certificate-and-diploma-programs,,[],,,Graduate Certificate in Marine Vessel Design6,international,2026,or_later,per_credit,1902.79,"$1,902.79",International per-credit rate (commence in 2026S or later),Graduate Certificate in Marine Vessel Design,,57083.7
vancouver,certificate_diploma,Certificate and Diploma Programs,https://vancouver.calendar.ubc.ca/fees/tuition-fees/certificate-and-diploma-programs,,[],,,Graduate Certificate in Mechanical Engineering6,domestic,,,per_credit,486.95,$486.95,Domestic per-credit rate,Graduate Certificate in Mechanical Engineering,,14608.5
vancouver,certificate_diploma,Certificate and Diploma Programs,https://vancouver.calendar.ubc.ca/fees/tuition-fees/certificate-and-diploma-programs,,[],,,Graduate Certificate in Mechanical Engineering6,international,2026,or_later,per_credit,1789.18,"$1,789.18",International per-credit rate (commence in 2026S or later),Graduate Certificate in Mechanical Engineering,,53675.4
vancouver,certificate_diploma,Certificate and Diploma Programs,https://vancouver.calendar.ubc.ca/fees/tuition-fees/certificate-and-diploma-programs,,[],,,Graduate Certificate in Nurse Practitioner Oncology6,domestic,,,per_credit,848.96,$848.96,Domestic per-credit rate,Graduate Certificate in Nurse Practitioner Oncology,,25468.8
vancouver,certificate_diploma,Certificate and Diploma Programs,https://vancouver.calendar.ubc.ca/fees/tuition-fees/certificate-and-diploma-programs,,[],,,Graduate Certificate in Nurse Practitioner Oncology6,international,2026,or_later,per_credit,917.28,$917.28,International per-credit rate (commence in 2026S or later),Graduate Certificate in Nurse Practitioner Oncology,,27518.4
vancouver,certificate_diploma,Certificate and Diploma Programs,https://vancouver.calendar.ubc.ca/fees/tuition-fees/certificate-and-diploma-programs,,[],,,Graduate Certificate in Orientation and Mobility2,domestic,,,per_credit,418.37,$418.37,Domestic per-credit rate,Graduate Certificate in Orientation and Mobility,,12551.1
vancouver,certificate_diploma,Certificate and Diploma Programs,https://vancouver.calendar.ubc.ca/fees/tuition-fees/certificate-and-diploma-programs,,[],,,Graduate Certificate in Orientation and Mobility2,international,2026,or_later,per_credit,996.71,$996.71,International per-credit rate (commence in 2026S or later),Graduate Certificate in Orientation and Mobility,,29901.3
vancouver,certificate_diploma,Certificate and Diploma Programs,https://vancouver.calendar.ubc.ca/fees/tuition-fees/certificate-and-diploma-programs,,[],,,Graduate Certificate in Orientation and Mobility2,international,2025,exactly,per_credit,987.13,$987.13,International per-credit rate (commence in 2025S or 2025W),Graduate Certificate in Orientation and Mobility,,29613.9
vancouver,certificate_diploma,Certificate and Diploma Programs,https://vancouver.calendar.ubc.ca/fees/tuition-fees/certificate-and-diploma-programs,,[],,,Graduate Certificate in Orientation and Mobility2,international,2024,or_earlier,per_credit,968.33,$968.33,International per-credit rate (commence in 2024W or earlier),Graduate Certificate in Orientation and Mobility,,29049.9
vancouver,certificate_diploma,Certificate and Diploma Programs,https://vancouver.calendar.ubc.ca/fees/tuition-fees/certificate-and-diploma-programs,,[],,,Graduate Certificate in Orthopaedic Musculoskeletal Physical Therapy5,domestic,,,per_credit,613.62,$613.62,Domestic per-credit rate,Graduate Certificate in Orthopaedic Musculoskeletal Physical Therapy,,18408.6
vancouver,certificate_diploma,Certificate and Diploma Programs,https://vancouver.calendar.ubc.ca/fees/tuition-fees/certificate-and-diploma-programs,,[],,,Graduate Certificate in Orthopaedic Musculoskeletal Physical Therapy5,international,2026,or_later,per_credit,737.63,$737.63,International per-credit rate (commence in 2026S or later),Graduate Certificate in Orthopaedic Musculoskeletal Physical Therapy,,22128.9
vancouver,certificate_diploma,Certificate and Diploma Programs,https://vancouver.calendar.ubc.ca/fees/tuition-fees/certificate-and-diploma-programs,,[],,,Graduate Certificate in Orthopaedic Musculoskeletal Physical Therapy5,international,2025,exactly,per_credit,730.53,$730.53,International per-credit rate (commence in 2025S or 2025W),Graduate Certificate in Orthopaedic Musculoskeletal Physical Therapy,,21915.9
vancouver,certificate_diploma,Certificate and Diploma Programs,https://vancouver.calendar.ubc.ca/fees/tuition-fees/certificate-and-diploma-programs,,[],,,Graduate Certificate in Orthopaedic Musculoskeletal Physical Therapy5,international,2024,or_earlier,per_credit,716.62,$716.62,International per-credit rate (commence in 2024W or earlier),Graduate Certificate in Orthopaedic Musculoskeletal Physical Therapy,,21498.6
vancouver,certificate_diploma,Certificate and Diploma Programs,https://vancouver.calendar.ubc.ca/fees/tuition-fees/certificate-and-diploma-programs,,[],,,Graduate Certificate in Primary Health Care5,domestic,,,per_credit,957.22,$957.22,Domestic per-credit rate,Graduate Certificate in Primary Health Care,,28716.6
vancouver,certificate_diploma,Certificate and Diploma Programs,https://vancouver.calendar.ubc.ca/fees/tuition-fees/certificate-and-diploma-programs,,[],,,Graduate Certificate in Rehabilitation Sciences5,domestic,,,per_credit,490.0,$490.00,Domestic per-credit rate,Graduate Certificate in Rehabilitation Sciences,,14700.0
vancouver,certificate_diploma,Certificate and Diploma Programs,https://vancouver.calendar.ubc.ca/fees/tuition-fees/certificate-and-diploma-programs,,[],,,Graduate Certificate in Rehabilitation Sciences5,international,2026,or_later,per_credit,589.03,$589.03,International per-credit rate (commence in 2026S or later),Graduate Certificate in Rehabilitation Sciences,,17670.9
vancouver,certificate_diploma,Certificate and Diploma Programs,https://vancouver.calendar.ubc.ca/fees/tuition-fees/certificate-and-diploma-programs,,[],,,Graduate Certificate in Rehabilitation Sciences5,international,2025,exactly,per_credit,583.37,$583.37,International per-credit rate (commence in 2025S or 2025W),Graduate Certificate in Rehabilitation Sciences,,17501.1
vancouver,certificate_diploma,Certificate and Diploma Programs,https://vancouver.calendar.ubc.ca/fees/tuition-fees/certificate-and-diploma-programs,,[],,,Graduate Certificate in Rehabilitation Sciences5,international,2024,or_earlier,per_credit,572.25,$572.25,International per-credit rate (commence in 2024W or earlier),Graduate Certificate in Rehabilitation Sciences,,17167.5
vancouver,certificate_diploma,Certificate and Diploma Programs,https://vancouver.calendar.ubc.ca/fees/tuition-fees/certificate-and-diploma-programs,,[],,,Post-Baccalaureate Certificate in Mechanical Engineering in the BC Context6,domestic,,,per_credit,220.63,$220.63,Domestic per-credit rate,Post-Baccalaureate Certificate in Mechanical Engineering in the BC Context,,6618.9
vancouver,certificate_diploma,Certificate and Diploma Programs,https://vancouver.calendar.ubc.ca/fees/tuition-fees/certificate-and-diploma-programs,,[],,,Post-Baccalaureate Certificate in Mechanical Engineering in the BC Context6,international,2026,or_later,per_credit,1789.18,"$1,789.18",International per-credit rate (commence in 2026S or later),Post-Baccalaureate Certificate in Mechanical Engineering in the BC Context,,53675.4
vancouver,certificate_diploma,Certificate and Diploma Programs,https://vancouver.calendar.ubc.ca/fees/tuition-fees/certificate-and-diploma-programs,,[],,,Post-Baccalaureate Certificate in Mechanical Engineering in the BC Context6,international,2025,exactly,per_credit,1771.98,"$1,771.98",International per-credit rate (commence in 2025S or 2025W),Post-Baccalaureate Certificate in Mechanical Engineering in the BC Context,,53159.4
vancouver,certificate_diploma,Certificate and Diploma Programs,https://vancouver.calendar.ubc.ca/fees/tuition-fees/certificate-and-diploma-programs,,[],,,Post-Baccalaureate Certificate in Mechanical Engineering in the BC Context6,international,2024,or_earlier,per_credit,1738.22,"$1,738.22",International per-credit rate (commence in 2024W or earlier),Post-Baccalaureate Certificate in Mechanical Engineering in the BC Context,,52146.6
vancouver,certificate_diploma,Certificate and Diploma Programs,https://vancouver.calendar.ubc.ca/fees/tuition-fees/certificate-and-diploma-programs,Graduate Diploma Programs,[],,,Graduate Diploma in Pharmacy Leadership1,domestic,,,per_credit,589.54,$589.54,Domestic per-credit rate,Graduate Diploma in Pharmacy Leadership,,17686.2
vancouver,certificate_diploma,Certificate and Diploma Programs,https://vancouver.calendar.ubc.ca/fees/tuition-fees/certificate-and-diploma-programs,Graduate Diploma Programs,[],,,Graduate Diploma in Pharmacy Leadership1,international,2026,or_later,per_credit,1063.76,"$1,063.76",International per-credit rate (commence in 2026S or later),Graduate Diploma in Pharmacy Leadership,,31912.8
vancouver,certificate_diploma,Certificate and Diploma Programs,https://vancouver.calendar.ubc.ca/fees/tuition-fees/certificate-and-diploma-programs,Graduate Diploma Programs,[],,,Graduate Diploma in Pharmacy Leadership1,international,2025,exactly,per_credit,1053.53,"$1,053.53",International per-credit rate (commence in 2025S or 2025W),Graduate Diploma in Pharmacy Leadership,,31605.9
vancouver,certificate_diploma,Certificate and Diploma Programs,https://vancouver.calendar.ubc.ca/fees/tuition-fees/certificate-and-diploma-programs,Graduate Diploma Programs,[],,,Graduate Diploma in Pharmacy Leadership1,international,2024,or_earlier,per_credit,1033.47,"$1,033.47",International per-credit rate (commence in 2024W or earlier),Graduate Diploma in Pharmacy Leadership,,31004.1
vancouver,doctoral,Doctoral,https://vancouver.calendar.ubc.ca/fees/tuition-fees/graduate/doctoral,Specialized Doctoral Degree Programs,"[""Doctor of Education in Educational Leadership"", ""Instalments per year: 3""]",Doctor of Education in Educational Leadership,2026S or 2026W,Instalment 1,domestic,2026,exactly,per_instalment,2187.82,"$2,187.82",Domestic fee,Doctor of Education in Educational Leadership,,
vancouver,doctoral,Doctoral,https://vancouver.calendar.ubc.ca/fees/tuition-fees/graduate/doctoral,Specialized Doctoral Degree Programs,"[""Doctor of Education in Educational Leadership"", ""Instalments per year: 3""]",Doctor of Education in Educational Leadership,2026S or 2026W,Instalment 1,international,2026,exactly,per_instalment,3769.12,"$3,769.12",International fee,Doctor of Education in Educational Leadership,,
vancouver,doctoral,Doctoral,https://vancouver.calendar.ubc.ca/fees/tuition-fees/graduate/doctoral,Specialized Doctoral Degree Programs,"[""Doctor of Education in Educational Leadership"", ""Instalments per year: 3""]",Doctor of Education in Educational Leadership,2026S or 2026W,Instalment 2 - 9,domestic,2026,exactly,per_instalment,4375.68,"$4,375.68",Domestic fee,Doctor of Education in Educational Leadership,,
vancouver,doctoral,Doctoral,https://vancouver.calendar.ubc.ca/fees/tuition-fees/graduate/doctoral,Specialized Doctoral Degree Programs,"[""Doctor of Education in Educational Leadership"", ""Instalments per year: 3""]",Doctor of Education in Educational Leadership,2026S or 2026W,Instalment 2 - 9,international,2026,exactly,per_instalment,7538.3,"$7,538.30",International fee,Doctor of Education in Educational Leadership,,
vancouver,doctoral,Doctoral,https://vancouver.calendar.ubc.ca/fees/tuition-fees/graduate/doctoral,Specialized Doctoral Degree Programs,"[""Doctor of Education in Educational Leadership"", ""Instalments per year: 3""]",Doctor of Education in Educational Leadership,2026S or 2026W,Instalment 10,domestic,2026,exactly,per_instalment,2187.82,"$2,187.82",Domestic fee,Doctor of Education in Educational Leadership,,
vancouver,doctoral,Doctoral,https://vancouver.calendar.ubc.ca/fees/tuition-fees/graduate/doctoral,Specialized Doctoral Degree Programs,"[""Doctor of Education in Educational Leadership"", ""Instalments per year: 3""]",Doctor of Education in Educational Leadership,2026S or 2026W,Instalment 10,international,2026,exactly,per_instalment,3769.12,"$3,769.12",International fee,Doctor of Education in Educational Leadership,,
vancouver,doctoral,Doctoral,https://vancouver.calendar.ubc.ca/fees/tuition-fees/graduate/doctoral,Specialized Doctoral Degree Programs,"[""Doctor of Education in Educational Leadership"", ""Instalments per year: 3""]",Doctor of Education in Educational Leadership,2026S or 2026W,After Instalment 10,domestic,2026,exactly,per_instalment,1343.21,"$1,343.21",Domestic fee,Doctor of Education in Educational Leadership,,
vancouver,doctoral,Doctoral,https://vancouver.calendar.ubc.ca/fees/tuition-fees/graduate/doctoral,Specialized Doctoral Degree Programs,"[""Doctor of Education in Educational Leadership"", ""Instalments per year: 3""]",Doctor of Education in Educational Leadership,2026S or 2026W,After Instalment 10,international,2026,exactly,per_instalment,1614.65,"$1,614.65",International fee,Doctor of Education in Educational Leadership,,
vancouver,doctoral,Doctoral,https://vancouver.calendar.ubc.ca/fees/tuition-fees/graduate/doctoral,Specialized Doctoral Degree Programs,"[""Doctor of Education in Educational Leadership"", ""Instalments per year: 3""]",Doctor of Education in Educational Leadership,2025S or 2025W,Instalment 1,domestic,2025,exactly,per_instalment,2187.82,"$2,187.82",Domestic fee,Doctor of Education in Educational Leadership,,
vancouver,doctoral,Doctoral,https://vancouver.calendar.ubc.ca/fees/tuition-fees/graduate/doctoral,Specialized Doctoral Degree Programs,"[""Doctor of Education in Educational Leadership"", ""Instalments per year: 3""]",Doctor of Education in Educational Leadership,2025S or 2025W,Instalment 1,international,2025,exactly,per_instalment,3732.88,"$3,732.88",International fee,Doctor of Education in Educational Leadership,,
vancouver,doctoral,Doctoral,https://vancouver.calendar.ubc.ca/fees/tuition-fees/graduate/doctoral,Specialized Doctoral Degree Programs,"[""Doctor of Education in Educational Leadership"", ""Instalments per year: 3""]",Doctor of Education in Educational Leadership,2025S or 2025W,Instalment 2 - 9,domestic,2025,exactly,per_instalment,4375.68,"$4,375.68",Domestic fee,Doctor of Education in Educational Leadership,,
vancouver,doctoral,Doctoral,https://vancouver.calendar.ubc.ca/fees/tuition-fees/graduate/doctoral,Specialized Doctoral Degree Programs,"[""Doctor of Education in Educational Leadership"", ""Instalments per year: 3""]",Doctor of Education in Educational Leadership,2025S or 2025W,Instalment 2 - 9,international,2025,exactly,per_instalment,7465.82,"$7,465.82",International fee,Doctor of Education in Educational Leadership,,
vancouver,doctoral,Doctoral,https://vancouver.calendar.ubc.ca/fees/tuition-fees/graduate/doctoral,Specialized Doctoral Degree Programs,"[""Doctor of Education in Educational Leadership"", ""Instalments per year: 3""]",Doctor of Education in Educational Leadership,2025S or 2025W,Instalment 10,domestic,2025,exactly,per_instalment,2187.82,"$2,187.82",Domestic fee,Doctor of Education in Educational Leadership,,
vancouver,doctoral,Doctoral,https://vancouver.calendar.ubc.ca/fees/tuition-fees/graduate/doctoral,Specialized Doctoral Degree Programs,"[""Doctor of Education in Educational Leadership"", ""Instalments per year: 3""]",Doctor of Education in Educational Leadership,2025S or 2025W,Instalment 10,international,2025,exactly,per_instalment,3732.88,"$3,732.88",International fee,Doctor of Education in Educational Leadership,,
vancouver,doctoral,Doctoral,https://vancouver.calendar.ubc.ca/fees/tuition-fees/graduate/doctoral,Specialized Doctoral Degree Programs,"[""Doctor of Education in Educational Leadership"", ""Instalments per year: 3""]",Doctor of Education in Educational Leadership,2025S or 2025W,After Instalment 10,domestic,2025,exactly,per_instalment,1343.21,"$1,343.21",Domestic fee,Doctor of Education in Educational Leadership,,
vancouver,doctoral,Doctoral,https://vancouver.calendar.ubc.ca/fees/tuition-fees/graduate/doctoral,Specialized Doctoral Degree Programs,"[""Doctor of Education in Educational Leadership"", ""Instalments per year: 3""]",Doctor of Education in Educational Leadership,2025S or 2025W,After Instalment 10,international,2025,exactly,per_instalment,1599.12,"$1,599.12",International fee,Doctor of Education in Educational Leadership,,
vancouver,doctoral,Doctoral,https://vancouver.calendar.ubc.ca/fees/tuition-fees/graduate/doctoral,Specialized Doctoral Degree Programs,"[""Doctor of Education in Educational Leadership"", ""Instalments per year: 3""]",Doctor of Education in Educational Leadership,2024S or 2024W,Instalment 1,domestic,2024,exactly,per_instalment,2187.82,"$2,187.82",Domestic fee,Doctor of Education in Educational Leadership,,
vancouver,doctoral,Doctoral,https://vancouver.calendar.ubc.ca/fees/tuition-fees/graduate/doctoral,Specialized Doctoral Degree Programs,"[""Doctor of Education in Educational Leadership"", ""Instalments per year: 3""]",Doctor of Education in Educational Leadership,2024S or 2024W,Instalment 1,international,2024,exactly,per_instalment,3661.78,"$3,661.78",International fee,Doctor of Education in Educational Leadership,,
vancouver,doctoral,Doctoral,https://vancouver.calendar.ubc.ca/fees/tuition-fees/graduate/doctoral,Specialized Doctoral Degree Programs,"[""Doctor of Education in Educational Leadership"", ""Instalments per year: 3""]",Doctor of Education in Educational Leadership,2024S or 2024W,Instalment 2 - 9,domestic,2024,exactly,per_instalment,4375.68,"$4,375.68",Domestic fee,Doctor of Education in Educational Leadership,,
vancouver,doctoral,Doctoral,https://vancouver.calendar.ubc.ca/fees/tuition-fees/graduate/doctoral,Specialized Doctoral Degree Programs,"[""Doctor of Education in Educational Leadership"", ""Instalments per year: 3""]",Doctor of Education in Educational Leadership,2024S or 2024W,Instalment 2 - 9,international,2024,exactly,per_instalment,7323.6,"$7,323.60",International fee,Doctor of Education in Educational Leadership,,
vancouver,doctoral,Doctoral,https://vancouver.calendar.ubc.ca/fees/tuition-fees/graduate/doctoral,Specialized Doctoral Degree Programs,"[""Doctor of Education in Educational Leadership"", ""Instalments per year: 3""]",Doctor of Education in Educational Leadership,2024S or 2024W,Instalment 10,domestic,2024,exactly,per_instalment,2187.82,"$2,187.82",Domestic fee,Doctor of Education in Educational Leadership,,
vancouver,doctoral,Doctoral,https://vancouver.calendar.ubc.ca/fees/tuition-fees/graduate/doctoral,Specialized Doctoral Degree Programs,"[""Doctor of Education in Educational Leadership"", ""Instalments per year: 3""]",Doctor of Education in Educational Leadership,2024S or 2024W,Instalment 10,international,2024,exactly,per_instalment,3661.78,"$3,661.78",International fee,Doctor of Education in Educational Leadership,,
vancouver,doctoral,Doctoral,https://vancouver.calendar.ubc.ca/fees/tuition-fees/graduate/doctoral,Specialized Doctoral Degree Programs,"[""Doctor of Education in Educational Leadership"", ""Instalments per year: 3""]",Doctor of Education in Educational Leadership,2024S or 2024W,After instalment 10,domestic,2024,exactly,per_instalment,1343.21,"$1,343.21",Domestic fee,Doctor of Education in Educational Leadership,,
vancouver,doctoral,Doctoral,https://vancouver.calendar.ubc.ca/fees/tuition-fees/graduate/doctoral,Specialized Doctoral Degree Programs,"[""Doctor of Education in Educational Leadership"", ""Instalments per year: 3""]",Doctor of Education in Educational Leadership,2024S or 2024W,After instalment 10,international,2024,exactly,per_instalment,1568.65,"$1,568.65",International fee,Doctor of Education in Educational Leadership,,
vancouver,doctoral,Doctoral,https://vancouver.calendar.ubc.ca/fees/tuition-fees/graduate/doctoral,Specialized Doctoral Degree Programs,"[""Doctor of Education in Educational Leadership"", ""Instalments per year: 3""]",Doctor of Education in Educational Leadership,2023S or 2023W,Instalment 1,domestic,2023,exactly,per_instalment,2187.82,"$2,187.82",Domestic fee,Doctor of Education in Educational Leadership,,
vancouver,doctoral,Doctoral,https://vancouver.calendar.ubc.ca/fees/tuition-fees/graduate/doctoral,Specialized Doctoral Degree Programs,"[""Doctor of Education in Educational Leadership"", ""Instalments per year: 3""]",Doctor of Education in Educational Leadership,2023S or 2023W,Instalment 1,international,2023,exactly,per_instalment,3592.03,"$3,592.03",International fee,Doctor of Education in Educational Leadership,,
vancouver,doctoral,Doctoral,https://vancouver.calendar.ubc.ca/fees/tuition-fees/graduate/doctoral,Specialized Doctoral Degree Programs,"[""Doctor of Education in Educational Leadership"", ""Instalments per year: 3""]",Doctor of Education in Educational Leadership,2023S or 2023W,Instalments 2 - 9,domestic,2023,exactly,per_instalment,4375.68,"$4,375.68",Domestic fee,Doctor of Education in Educational Leadership,,
vancouver,doctoral,Doctoral,https://vancouver.calendar.ubc.ca/fees/tuition-fees/graduate/doctoral,Specialized Doctoral Degree Programs,"[""Doctor of Education in Educational Leadership"", ""Instalments per year: 3""]",Doctor of Education in Educational Leadership,2023S or 2023W,Instalments 2 - 9,international,2023,exactly,per_instalment,7184.11,"$7,184.11",International fee,Doctor of Education in Educational Leadership,,
vancouver,doctoral,Doctoral,https://vancouver.calendar.ubc.ca/fees/tuition-fees/graduate/doctoral,Specialized Doctoral Degree Programs,"[""Doctor of Education in Educational Leadership"", ""Instalments per year: 3""]",Doctor of Education in Educational Leadership,2023S or 2023W,Instalment 10,domestic,2023,exactly,per_instalment,2187.82,"$2,187.82",Domestic fee,Doctor of Education in Educational Leadership,,
vancouver,doctoral,Doctoral,https://vancouver.calendar.ubc.ca/fees/tuition-fees/graduate/doctoral,Specialized Doctoral Degree Programs,"[""Doctor of Education in Educational Leadership"", ""Instalments per year: 3""]",Doctor of Education in Educational Leadership,2023S or 2023W,Instalment 10,international,2023,exactly,per_instalment,3592.03,"$3,592.03",International fee,Doctor of Education in Educational Leadership,,
vancouver,doctoral,Doctoral,https://vancouver.calendar.ubc.ca/fees/tuition-fees/graduate/doctoral,Specialized Doctoral Degree Programs,"[""Doctor of Education in Educational Leadership"", ""Instalments per year: 3""]",Doctor of Education in Educational Leadership,2023S or 2023W,After instalment 10,domestic,2023,exactly,per_instalment,1343.21,"$1,343.21",Domestic fee,Doctor of Education in Educational Leadership,,
vancouver,doctoral,Doctoral,https://vancouver.calendar.ubc.ca/fees/tuition-fees/graduate/doctoral,Specialized Doctoral Degree Programs,"[""Doctor of Education in Educational Leadership"", ""Instalments per year: 3""]",Doctor of Education in Educational Leadership,2023S or 2023W,After instalment 10,international,2023,exactly,per_instalment,1538.77,"$1,538.77",International fee,Doctor of Education in Educational Leadership,,
vancouver,doctoral,Doctoral,https://vancouver.calendar.ubc.ca/fees/tuition-fees/graduate/doctoral,Specialized Doctoral Degree Programs,"[""Doctor of Education in Educational Leadership"", ""Instalments per year: 3""]",Doctor of Education in Educational Leadership,2022S or 2022W,Instalment 1,domestic,2022,exactly,per_instalment,2187.82,"$2,187.82",Domestic fee,Doctor of Education in Educational Leadership,,
vancouver,doctoral,Doctoral,https://vancouver.calendar.ubc.ca/fees/tuition-fees/graduate/doctoral,Specialized Doctoral Degree Programs,"[""Doctor of Education in Educational Leadership"", ""Instalments per year: 3""]",Doctor of Education in Educational Leadership,2022S or 2022W,Instalment 1,international,2022,exactly,per_instalment,3523.61,"$3,523.61",International fee,Doctor of Education in Educational Leadership,,
vancouver,doctoral,Doctoral,https://vancouver.calendar.ubc.ca/fees/tuition-fees/graduate/doctoral,Specialized Doctoral Degree Programs,"[""Doctor of Education in Educational Leadership"", ""Instalments per year: 3""]",Doctor of Education in Educational Leadership,2022S or 2022W,Instalments 2 - 9,domestic,2022,exactly,per_instalment,4375.68,"$4,375.68",Domestic fee,Doctor of Education in Educational Leadership,,
vancouver,doctoral,Doctoral,https://vancouver.calendar.ubc.ca/fees/tuition-fees/graduate/doctoral,Specialized Doctoral Degree Programs,"[""Doctor of Education in Educational Leadership"", ""Instalments per year: 3""]",Doctor of Education in Educational Leadership,2022S or 2022W,Instalments 2 - 9,international,2022,exactly,per_instalment,7047.27,"$7,047.27",International fee,Doctor of Education in Educational Leadership,,
vancouver,doctoral,Doctoral,https://vancouver.calendar.ubc.ca/fees/tuition-fees/graduate/doctoral,Specialized Doctoral Degree Programs,"[""Doctor of Education in Educational Leadership"", ""Instalments per year: 3""]",Doctor of Education in Educational Leadership,2022S or 2022W,Instalment 10,domestic,2022,exactly,per_instalment,2187.82,"$2,187.82",Domestic fee,Doctor of Education in Educational Leadership,,
vancouver,doctoral,Doctoral,https://vancouver.calendar.ubc.ca/fees/tuition-fees/graduate/doctoral,Specialized Doctoral Degree Programs,"[""Doctor of Education in Educational Leadership"", ""Instalments per year: 3""]",Doctor of Education in Educational Leadership,2022S or 2022W,Instalment 10,international,2022,exactly,per_instalment,3523.61,"$3,523.61",International fee,Doctor of Education in Educational Leadership,,
vancouver,doctoral,Doctoral,https://vancouver.calendar.ubc.ca/fees/tuition-fees/graduate/doctoral,Specialized Doctoral Degree Programs,"[""Doctor of Education in Educational Leadership"", ""Instalments per year: 3""]",Doctor of Education in Educational Leadership,2022S or 2022W,After instalment 10,domestic,2022,exactly,per_instalment,1343.21,"$1,343.21",Domestic fee,Doctor of Education in Educational Leadership,,
vancouver,doctoral,Doctoral,https://vancouver.calendar.ubc.ca/fees/tuition-fees/graduate/doctoral,Specialized Doctoral Degree Programs,"[""Doctor of Education in Educational Leadership"", ""Instalments per year: 3""]",Doctor of Education in Educational Leadership,2022S or 2022W,After instalment 10,international,2022,exactly,per_instalment,1509.47,"$1,509.47",International fee,Doctor of Education in Educational Leadership,,
vancouver,doctoral,Doctoral,https://vancouver.calendar.ubc.ca/fees/tuition-fees/graduate/doctoral,Specialized Doctoral Degree Programs,"[""Doctor of Education in Educational Leadership"", ""Instalments per year: 3""]",Doctor of Education in Educational Leadership,2021S or 2021W,Instalment 1,domestic,2021,exactly,per_instalment,2187.82,"$2,187.82",Domestic fee,Doctor of Education in Educational Leadership,,
vancouver,doctoral,Doctoral,https://vancouver.calendar.ubc.ca/fees/tuition-fees/graduate/doctoral,Specialized Doctoral Degree Programs,"[""Doctor of Education in Educational Leadership"", ""Instalments per year: 3""]",Doctor of Education in Educational Leadership,2021S or 2021W,Instalment 1,international,2021,exactly,per_instalment,3455.84,"$3,455.84",International fee,Doctor of Education in Educational Leadership,,
vancouver,doctoral,Doctoral,https://vancouver.calendar.ubc.ca/fees/tuition-fees/graduate/doctoral,Specialized Doctoral Degree Programs,"[""Doctor of Education in Educational Leadership"", ""Instalments per year: 3""]",Doctor of Education in Educational Leadership,2021S or 2021W,Instalments 2 - 9,domestic,2021,exactly,per_instalment,4375.68,"$4,375.68",Domestic fee,Doctor of Education in Educational Leadership,,
vancouver,doctoral,Doctoral,https://vancouver.calendar.ubc.ca/fees/tuition-fees/graduate/doctoral,Specialized Doctoral Degree Programs,"[""Doctor of Education in Educational Leadership"", ""Instalments per year: 3""]",Doctor of Education in Educational Leadership,2021S or 2021W,Instalments 2 - 9,international,2021,exactly,per_instalment,6911.74,"$6,911.74",International fee,Doctor of Education in Educational Leadership,,
vancouver,doctoral,Doctoral,https://vancouver.calendar.ubc.ca/fees/tuition-fees/graduate/doctoral,Specialized Doctoral Degree Programs,"[""Doctor of Education in Educational Leadership"", ""Instalments per year: 3""]",Doctor of Education in Educational Leadership,2021S or 2021W,Instalment 10,domestic,2021,exactly,per_instalment,2187.82,"$2,187.82",Domestic fee,Doctor of Education in Educational Leadership,,
vancouver,doctoral,Doctoral,https://vancouver.calendar.ubc.ca/fees/tuition-fees/graduate/doctoral,Specialized Doctoral Degree Programs,"[""Doctor of Education in Educational Leadership"", ""Instalments per year: 3""]",Doctor of Education in Educational Leadership,2021S or 2021W,Instalment 10,international,2021,exactly,per_instalment,3455.84,"$3,455.84",International fee,Doctor of Education in Educational Leadership,,
vancouver,doctoral,Doctoral,https://vancouver.calendar.ubc.ca/fees/tuition-fees/graduate/doctoral,Specialized Doctoral Degree Programs,"[""Doctor of Education in Educational Leadership"", ""Instalments per year: 3""]",Doctor of Education in Educational Leadership,2021S or 2021W,After instalment 10,domestic,2021,exactly,per_instalment,1343.21,"$1,343.21",Domestic fee,Doctor of Education in Educational Leadership,,
vancouver,doctoral,Doctoral,https://vancouver.calendar.ubc.ca/fees/tuition-fees/graduate/doctoral,Specialized Doctoral Degree Programs,"[""Doctor of Education in Educational Leadership"", ""Instalments per year: 3""]",Doctor of Education in Educational Leadership,2021S or 2021W,After instalment 10,international,2021,exactly,per_instalment,1480.44,"$1,480.44",International fee,Doctor of Education in Educational Leadership,,
vancouver,doctoral,Doctoral,https://vancouver.calendar.ubc.ca/fees/tuition-fees/graduate/doctoral,Specialized Doctoral Degree Programs,"[""Doctor of Education in Educational Leadership"", ""Instalments per year: 3""]",Doctor of Education in Educational Leadership,2020W or earlier,Instalment 1,domestic,2020,or_earlier,per_instalment,2187.82,"$2,187.82",Domestic fee,Doctor of Education in Educational Leadership,,
vancouver,doctoral,Doctoral,https://vancouver.calendar.ubc.ca/fees/tuition-fees/graduate/doctoral,Specialized Doctoral Degree Programs,"[""Doctor of Education in Educational Leadership"", ""Instalments per year: 3""]",Doctor of Education in Educational Leadership,2020W or earlier,Instalment 1,international,2020,or_earlier,per_instalment,3389.39,"$3,389.39",International fee,Doctor of Education in Educational Leadership,,
vancouver,doctoral,Doctoral,https://vancouver.calendar.ubc.ca/fees/tuition-fees/graduate/doctoral,Specialized Doctoral Degree Programs,"[""Doctor of Education in Educational Leadership"", ""Instalments per year: 3""]",Doctor of Education in Educational Leadership,2020W or earlier,Instalments 2 - 9,domestic,2020,or_earlier,per_instalment,4375.68,"$4,375.68",Domestic fee,Doctor of Education in Educational Leadership,,
vancouver,doctoral,Doctoral,https://vancouver.calendar.ubc.ca/fees/tuition-fees/graduate/doctoral,Specialized Doctoral Degree Programs,"[""Doctor of Education in Educational Leadership"", ""Instalments per year: 3""]",Doctor of Education in Educational Leadership,2020W or earlier,Instalments 2 - 9,international,2020,or_earlier,per_instalment,6778.82,"$6,778.82",International fee,Doctor of Education in Educational Leadership,,
vancouver,doctoral,Doctoral,https://vancouver.calendar.ubc.ca/fees/tuition-fees/graduate/doctoral,Specialized Doctoral Degree Programs,"[""Doctor of Education in Educational Leadership"", ""Instalments per year: 3""]",Doctor of Education in Educational Leadership,2020W or earlier,Instalment 10,domestic,2020,or_earlier,per_instalment,2187.82,"$2,187.82",Domestic fee,Doctor of Education in Educational Leadership,,
vancouver,doctoral,Doctoral,https://vancouver.calendar.ubc.ca/fees/tuition-fees/graduate/doctoral,Specialized Doctoral Degree Programs,"[""Doctor of Education in Educational Leadership"", ""Instalments per year: 3""]",Doctor of Education in Educational Leadership,2020W or earlier,Instalment 10,international,2020,or_earlier,per_instalment,3389.39,"$3,389.39",International fee,Doctor of Education in Educational Leadership,,
vancouver,doctoral,Doctoral,https://vancouver.calendar.ubc.ca/fees/tuition-fees/graduate/doctoral,Specialized Doctoral Degree Programs,"[""Doctor of Education in Educational Leadership"", ""Instalments per year: 3""]",Doctor of Education in Educational Leadership,2020W or earlier,After instalment 10,domestic,2020,or_earlier,per_instalment,1343.21,"$1,343.21",Domestic fee,Doctor of Education in Educational Leadership,,
vancouver,doctoral,Doctoral,https://vancouver.calendar.ubc.ca/fees/tuition-fees/graduate/doctoral,Specialized Doctoral Degree Programs,"[""Doctor of Education in Educational Leadership"", ""Instalments per year: 3""]",Doctor of Education in Educational Leadership,2020W or earlier,After instalment 10,international,2020,or_earlier,per_instalment,1451.97,"$1,451.97",International fee,Doctor of Education in Educational Leadership,,
vancouver,doctoral,Doctoral,https://vancouver.calendar.ubc.ca/fees/tuition-fees/graduate/doctoral,Specialized Doctoral Degree Programs,"[""Combined Doctor of Philosophy and Doctor of Medicine"", ""Instalments per year: 3"", ""Minimum # of instalments for program: 18""]",Combined Doctor of Philosophy and Doctor of Medicine,,,domestic,,,per_instalment,1989.03,"$1,989.03",Domestic fee per instalment,Combined Doctor of Philosophy and Doctor of Medicine,,
vancouver,doctoral,Doctoral,https://vancouver.calendar.ubc.ca/fees/tuition-fees/graduate/doctoral,Specialized Doctoral Degree Programs,"[""Combined Doctor of Philosophy and Doctor of Medicine"", ""Instalments per year: 3"", ""Minimum # of instalments for program: 18""]",Combined Doctor of Philosophy and Doctor of Medicine,,,domestic,,,per_instalment,873.89,$873.89,Domestic Continuing fee per instalment,Combined Doctor of Philosophy and Doctor of Medicine,,
vancouver,doctoral,Doctoral,https://vancouver.calendar.ubc.ca/fees/tuition-fees/graduate/doctoral,Specialized Doctoral Degree Programs,"[""Combined Doctor of Philosophy in Craniofacial Science/Diploma in Endodontics"", ""Instalments per year: 3"", ""Minimum # of instalments for program: 9""]",Combined Doctor of Philosophy in Craniofacial Science/Diploma in Endodontics,,2026S or 2026W,domestic,2026,exactly,per_instalment,7073.47,"$7,073.47",Domestic fee per instalment,Combined Doctor of Philosophy in Craniofacial Science/Diploma in Endodontics,,
vancouver,doctoral,Doctoral,https://vancouver.calendar.ubc.ca/fees/tuition-fees/graduate/doctoral,Specialized Doctoral Degree Programs,"[""Combined Doctor of Philosophy in Craniofacial Science/Diploma in Endodontics"", ""Instalments per year: 3"", ""Minimum # of instalments for program: 9""]",Combined Doctor of Philosophy in Craniofacial Science/Diploma in Endodontics,,2026S or 2026W,domestic,2026,exactly,per_instalment,873.89,$873.89,Domestic Continuing fee per instalment,Combined Doctor of Philosophy in Craniofacial Science/Diploma in Endodontics,,
vancouver,doctoral,Doctoral,https://vancouver.calendar.ubc.ca/fees/tuition-fees/graduate/doctoral,Specialized Doctoral Degree Programs,"[""Combined Doctor of Philosophy in Craniofacial Science/Diploma in Endodontics"", ""Instalments per year: 3"", ""Minimum # of instalments for program: 9""]",Combined Doctor of Philosophy in Craniofacial Science/Diploma in Endodontics,,2026S or 2026W,international,2026,exactly,per_instalment,20218.18,"$20,218.18",International fee per instalment,Combined Doctor of Philosophy in Craniofacial Science/Diploma in Endodontics,,
vancouver,doctoral,Doctoral,https://vancouver.calendar.ubc.ca/fees/tuition-fees/graduate/doctoral,Specialized Doctoral Degree Programs,"[""Combined Doctor of Philosophy in Craniofacial Science/Diploma in Endodontics"", ""Instalments per year: 3"", ""Minimum # of instalments for program: 9""]",Combined Doctor of Philosophy in Craniofacial Science/Diploma in Endodontics,,2026S or 2026W,international,2026,exactly,per_instalment,3360.55,"$3,360.55",International Continuing fee per instalment,Combined Doctor of Philosophy in Craniofacial Science/Diploma in Endodontics,,
vancouver,doctoral,Doctoral,https://vancouver.calendar.ubc.ca/fees/tuition-fees/graduate/doctoral,Specialized Doctoral Degree Programs,"[""Combined Doctor of Philosophy in Craniofacial Science/Diploma in Endodontics"", ""Instalments per year: 3"", ""Minimum # of instalments for program: 9""]",Combined Doctor of Philosophy in Craniofacial Science/Diploma in Endodontics,,2025S or 2025W,domestic,2025,exactly,per_instalment,7073.47,"$7,073.47",Domestic fee per instalment,Combined Doctor of Philosophy in Craniofacial Science/Diploma in Endodontics,,
vancouver,doctoral,Doctoral,https://vancouver.calendar.ubc.ca/fees/tuition-fees/graduate/doctoral,Specialized Doctoral Degree Programs,"[""Combined Doctor of Philosophy in Craniofacial Science/Diploma in Endodontics"", ""Instalments per year: 3"", ""Minimum # of instalments for program: 9""]",Combined Doctor of Philosophy in Craniofacial Science/Diploma in Endodontics,,2025S or 2025W,domestic,2025,exactly,per_instalment,873.89,$873.89,Domestic Continuing fee per instalment,Combined Doctor of Philosophy in Craniofacial Science/Diploma in Endodontics,,
vancouver,doctoral,Doctoral,https://vancouver.calendar.ubc.ca/fees/tuition-fees/graduate/doctoral,Specialized Doctoral Degree Programs,"[""Combined Doctor of Philosophy in Craniofacial Science/Diploma in Endodontics"", ""Instalments per year: 3"", ""Minimum # of instalments for program: 9""]",Combined Doctor of Philosophy in Craniofacial Science/Diploma in Endodontics,,2025S or 2025W,international,2025,exactly,per_instalment,20023.77,"$20,023.77",International fee per instalment,Combined Doctor of Philosophy in Craniofacial Science/Diploma in Endodontics,,
vancouver,doctoral,Doctoral,https://vancouver.calendar.ubc.ca/fees/tuition-fees/graduate/doctoral,Specialized Doctoral Degree Programs,"[""Combined Doctor of Philosophy in Craniofacial Science/Diploma in Endodontics"", ""Instalments per year: 3"", ""Minimum # of instalments for program: 9""]",Combined Doctor of Philosophy in Craniofacial Science/Diploma in Endodontics,,2025S or 2025W,international,2025,exactly,per_instalment,3360.55,"$3,360.55",International Continuing fee per instalment,Combined Doctor of Philosophy in Craniofacial Science/Diploma in Endodontics,,
vancouver,doctoral,Doctoral,https://vancouver.calendar.ubc.ca/fees/tuition-fees/graduate/doctoral,Specialized Doctoral Degree Programs,"[""Combined Doctor of Philosophy in Craniofacial Science/Diploma in Endodontics"", ""Instalments per year: 3"", ""Minimum # of instalments for program: 9""]",Combined Doctor of Philosophy in Craniofacial Science/Diploma in Endodontics,,2024S or 2024W,domestic,2024,exactly,per_instalment,7073.47,"$7,073.47",Domestic fee per instalment,Combined Doctor of Philosophy in Craniofacial Science/Diploma in Endodontics,,
vancouver,doctoral,Doctoral,https://vancouver.calendar.ubc.ca/fees/tuition-fees/graduate/doctoral,Specialized Doctoral Degree Programs,"[""Combined Doctor of Philosophy in Craniofacial Science/Diploma in Endodontics"", ""Instalments per year: 3"", ""Minimum # of instalments for program: 9""]",Combined Doctor of Philosophy in Craniofacial Science/Diploma in Endodontics,,2024S or 2024W,domestic,2024,exactly,per_instalment,873.89,$873.89,Domestic Continuing fee per instalment,Combined Doctor of Philosophy in Craniofacial Science/Diploma in Endodontics,,
vancouver,doctoral,Doctoral,https://vancouver.calendar.ubc.ca/fees/tuition-fees/graduate/doctoral,Specialized Doctoral Degree Programs,"[""Combined Doctor of Philosophy in Craniofacial Science/Diploma in Endodontics"", ""Instalments per year: 3"", ""Minimum # of instalments for program: 9""]",Combined Doctor of Philosophy in Craniofacial Science/Diploma in Endodontics,,2024S or 2024W,international,2024,exactly,per_instalment,19642.36,"$19,642.36",International fee per instalment,Combined Doctor of Philosophy in Craniofacial Science/Diploma in Endodontics,,
vancouver,doctoral,Doctoral,https://vancouver.calendar.ubc.ca/fees/tuition-fees/graduate/doctoral,Specialized Doctoral Degree Programs,"[""Combined Doctor of Philosophy in Craniofacial Science/Diploma in Endodontics"", ""Instalments per year: 3"", ""Minimum # of instalments for program: 9""]",Combined Doctor of Philosophy in Craniofacial Science/Diploma in Endodontics,,2024S or 2024W,international,2024,exactly,per_instalment,3360.55,"$3,360.55",International Continuing fee per instalment,Combined Doctor of Philosophy in Craniofacial Science/Diploma in Endodontics,,
vancouver,doctoral,Doctoral,https://vancouver.calendar.ubc.ca/fees/tuition-fees/graduate/doctoral,Specialized Doctoral Degree Programs,"[""Combined Doctor of Philosophy in Craniofacial Science/Diploma in Endodontics"", ""Instalments per year: 3"", ""Minimum # of instalments for program: 9""]",Combined Doctor of Philosophy in Craniofacial Science/Diploma in Endodontics,,2023S or 2023W,domestic,2023,exactly,per_instalment,7073.47,"$7,073.47",Domestic fee per instalment,Combined Doctor of Philosophy in Craniofacial Science/Diploma in Endodontics,,
vancouver,doctoral,Doctoral,https://vancouver.calendar.ubc.ca/fees/tuition-fees/graduate/doctoral,Specialized Doctoral Degree Programs,"[""Combined Doctor of Philosophy in Craniofacial Science/Diploma in Endodontics"", ""Instalments per year: 3"", ""Minimum # of instalments for program: 9""]",Combined Doctor of Philosophy in Craniofacial Science/Diploma in Endodontics,,2023S or 2023W,domestic,2023,exactly,per_instalment,873.89,$873.89,Domestic Continuing fee per instalment,Combined Doctor of Philosophy in Craniofacial Science/Diploma in Endodontics,,
vancouver,doctoral,Doctoral,https://vancouver.calendar.ubc.ca/fees/tuition-fees/graduate/doctoral,Specialized Doctoral Degree Programs,"[""Combined Doctor of Philosophy in Craniofacial Science/Diploma in Endodontics"", ""Instalments per year: 3"", ""Minimum # of instalments for program: 9""]",Combined Doctor of Philosophy in Craniofacial Science/Diploma in Endodontics,,2023S or 2023W,international,2023,exactly,per_instalment,19268.23,"$19,268.23",International fee per instalment,Combined Doctor of Philosophy in Craniofacial Science/Diploma in Endodontics,,
vancouver,doctoral,Doctoral,https://vancouver.calendar.ubc.ca/fees/tuition-fees/graduate/doctoral,Specialized Doctoral Degree Programs,"[""Combined Doctor of Philosophy in Craniofacial Science/Diploma in Endodontics"", ""Instalments per year: 3"", ""Minimum # of instalments for program: 9""]",Combined Doctor of Philosophy in Craniofacial Science/Diploma in Endodontics,,2023S or 2023W,international,2023,exactly,per_instalment,3360.55,"$3,360.55",International Continuing fee per instalment,Combined Doctor of Philosophy in Craniofacial Science/Diploma in Endodontics,,
vancouver,doctoral,Doctoral,https://vancouver.calendar.ubc.ca/fees/tuition-fees/graduate/doctoral,Specialized Doctoral Degree Programs,"[""Combined Doctor of Philosophy in Craniofacial Science/Diploma in Endodontics"", ""Instalments per year: 3"", ""Minimum # of instalments for program: 9""]",Combined Doctor of Philosophy in Craniofacial Science/Diploma in Endodontics,,2022S or 2022W,domestic,2022,exactly,per_instalment,7073.47,"$7,073.47",Domestic fee per instalment,Combined Doctor of Philosophy in Craniofacial Science/Diploma in Endodontics,,
vancouver,doctoral,Doctoral,https://vancouver.calendar.ubc.ca/fees/tuition-fees/graduate/doctoral,Specialized Doctoral Degree Programs,"[""Combined Doctor of Philosophy in Craniofacial Science/Diploma in Endodontics"", ""Instalments per year: 3"", ""Minimum # of instalments for program: 9""]",Combined Doctor of Philosophy in Craniofacial Science/Diploma in Endodontics,,2022S or 2022W,domestic,2022,exactly,per_instalment,873.89,$873.89,Domestic Continuing fee per instalment,Combined Doctor of Philosophy in Craniofacial Science/Diploma in Endodontics,,
vancouver,doctoral,Doctoral,https://vancouver.calendar.ubc.ca/fees/tuition-fees/graduate/doctoral,Specialized Doctoral Degree Programs,"[""Combined Doctor of Philosophy in Craniofacial Science/Diploma in Endodontics"", ""Instalments per year: 3"", ""Minimum # of instalments for program: 9""]",Combined Doctor of Philosophy in Craniofacial Science/Diploma in Endodontics,,2022S or 2022W,international,2022,exactly,per_instalment,18901.21,"$18,901.21",International fee per instalment,Combined Doctor of Philosophy in Craniofacial Science/Diploma in Endodontics,,
vancouver,doctoral,Doctoral,https://vancouver.calendar.ubc.ca/fees/tuition-fees/graduate/doctoral,Specialized Doctoral Degree Programs,"[""Combined Doctor of Philosophy in Craniofacial Science/Diploma in Endodontics"", ""Instalments per year: 3"", ""Minimum # of instalments for program: 9""]",Combined Doctor of Philosophy in Craniofacial Science/Diploma in Endodontics,,2022S or 2022W,international,2022,exactly,per_instalment,3360.55,"$3,360.55",International Continuing fee per instalment,Combined Doctor of Philosophy in Craniofacial Science/Diploma in Endodontics,,
vancouver,doctoral,Doctoral,https://vancouver.calendar.ubc.ca/fees/tuition-fees/graduate/doctoral,Specialized Doctoral Degree Programs,"[""Combined Doctor of Philosophy in Craniofacial Science/Diploma in Endodontics"", ""Instalments per year: 3"", ""Minimum # of instalments for program: 9""]",Combined Doctor of Philosophy in Craniofacial Science/Diploma in Endodontics,,2021W or earlier,domestic,2021,or_earlier,per_instalment,7073.47,"$7,073.47",Domestic fee per instalment,Combined Doctor of Philosophy in Craniofacial Science/Diploma in Endodontics,,
vancouver,doctoral,Doctoral,https://vancouver.calendar.ubc.ca/fees/tuition-fees/graduate/doctoral,Specialized Doctoral Degree Programs,"[""Combined Doctor of Philosophy in Craniofacial Science/Diploma in Endodontics"", ""Instalments per year: 3"", ""Minimum # of instalments for program: 9""]",Combined Doctor of Philosophy in Craniofacial Science/Diploma in Endodontics,,2021W or earlier,domestic,2021,or_earlier,per_instalment,873.89,$873.89,Domestic Continuing fee per instalment,Combined Doctor of Philosophy in Craniofacial Science/Diploma in Endodontics,,
vancouver,doctoral,Doctoral,https://vancouver.calendar.ubc.ca/fees/tuition-fees/graduate/doctoral,Specialized Doctoral Degree Programs,"[""Combined Doctor of Philosophy in Craniofacial Science/Diploma in Endodontics"", ""Instalments per year: 3"", ""Minimum # of instalments for program: 9""]",Combined Doctor of Philosophy in Craniofacial Science/Diploma in Endodontics,,2021W or earlier,international,2021,or_earlier,per_instalment,18537.72,"$18,537.72",International fee per instalment,Combined Doctor of Philosophy in Craniofacial Science/Diploma in Endodontics,,
vancouver,doctoral,Doctoral,https://vancouver.calendar.ubc.ca/fees/tuition-fees/graduate/doctoral,Specialized Doctoral Degree Programs,"[""Combined Doctor of Philosophy in Craniofacial Science/Diploma in Endodontics"", ""Instalments per year: 3"", ""Minimum # of instalments for program: 9""]",Combined Doctor of Philosophy in Craniofacial Science/Diploma in Endodontics,,2021W or earlier,international,2021,or_earlier,per_instalment,3360.55,"$3,360.55",International Continuing fee per instalment,Combined Doctor of Philosophy in Craniofacial Science/Diploma in Endodontics,,
vancouver,doctoral,Doctoral,https://vancouver.calendar.ubc.ca/fees/tuition-fees/graduate/doctoral,Specialized Doctoral Degree Programs,"[""Combined Doctor of Philosophy in Craniofacial Science/Diploma in Orthodontics"", ""Instalments per year: 3"", ""Minimum # of instalments for program: 9""]",Combined Doctor of Philosophy in Craniofacial Science/Diploma in Orthodontics,,2026S or 2026W,domestic,2026,exactly,per_instalment,7073.47,"$7,073.47",Domestic fee per instalment,Combined Doctor of Philosophy in Craniofacial Science/Diploma in Orthodontics,,
vancouver,doctoral,Doctoral,https://vancouver.calendar.ubc.ca/fees/tuition-fees/graduate/doctoral,Specialized Doctoral Degree Programs,"[""Combined Doctor of Philosophy in Craniofacial Science/Diploma in Orthodontics"", ""Instalments per year: 3"", ""Minimum # of instalments for program: 9""]",Combined Doctor of Philosophy in Craniofacial Science/Diploma in Orthodontics,,2026S or 2026W,domestic,2026,exactly,per_instalment,873.89,$873.89,Domestic Continuing fee per instalment,Combined Doctor of Philosophy in Craniofacial Science/Diploma in Orthodontics,,
vancouver,doctoral,Doctoral,https://vancouver.calendar.ubc.ca/fees/tuition-fees/graduate/doctoral,Specialized Doctoral Degree Programs,"[""Combined Doctor of Philosophy in Craniofacial Science/Diploma in Orthodontics"", ""Instalments per year: 3"", ""Minimum # of instalments for program: 9""]",Combined Doctor of Philosophy in Craniofacial Science/Diploma in Orthodontics,,2026S or 2026W,international,2026,exactly,per_instalment,20218.18,"$20,218.18",International fee per instalment,Combined Doctor of Philosophy in Craniofacial Science/Diploma in Orthodontics,,
vancouver,doctoral,Doctoral,https://vancouver.calendar.ubc.ca/fees/tuition-fees/graduate/doctoral,Specialized Doctoral Degree Programs,"[""Combined Doctor of Philosophy in Craniofacial Science/Diploma in Orthodontics"", ""Instalments per year: 3"", ""Minimum # of instalments for program: 9""]",Combined Doctor of Philosophy in Craniofacial Science/Diploma in Orthodontics,,2026S or 2026W,international,2026,exactly,per_instalment,3360.55,"$3,360.55",International Continuing fee per instalment,Combined Doctor of Philosophy in Craniofacial Science/Diploma in Orthodontics,,
vancouver,doctoral,Doctoral,https://vancouver.calendar.ubc.ca/fees/tuition-fees/graduate/doctoral,Specialized Doctoral Degree Programs,"[""Combined Doctor of Philosophy in Craniofacial Science/Diploma in Orthodontics"", ""Instalments per year: 3"", ""Minimum # of instalments for program: 9""]",Combined Doctor of Philosophy in Craniofacial Science/Diploma in Orthodontics,,2025S or 2025W,domestic,2025,exactly,per_instalment,7073.47,"$7,073.47",Domestic fee per instalment,Combined Doctor of Philosophy in Craniofacial Science/Diploma in Orthodontics,,
vancouver,doctoral,Doctoral,https://vancouver.calendar.ubc.ca/fees/tuition-fees/graduate/doctoral,Specialized Doctoral Degree Programs,"[""Combined Doctor of Philosophy in Craniofacial Science/Diploma in Orthodontics"", ""Instalments per year: 3"", ""Minimum # of instalments for program: 9""]",Combined Doctor of Philosophy in Craniofacial Science/Diploma in Orthodontics,,2025S or 2025W,domestic,2025,exactly,per_instalment,873.89,$873.89,Domestic Continuing fee per instalment,Combined Doctor of Philosophy in Craniofacial Science/Diploma in Orthodontics,,
vancouver,doctoral,Doctoral,https://vancouver.calendar.ubc.ca/fees/tuition-fees/graduate/doctoral,Specialized Doctoral Degree Programs,"[""Combined Doctor of Philosophy in Craniofacial Science/Diploma in Orthodontics"", ""Instalments per year: 3"", ""Minimum # of instalments for program: 9""]",Combined Doctor of Philosophy in Craniofacial Science/Diploma in Orthodontics,,2025S or 2025W,international,2025,exactly,per_instalment,20023.77,"$20,023.77",International fee per instalment,Combined Doctor of Philosophy in Craniofacial Science/Diploma in Orthodontics,,
vancouver,doctoral,Doctoral,https://vancouver.calendar.ubc.ca/fees/tuition-fees/graduate/doctoral,Specialized Doctoral Degree Programs,"[""Combined Doctor of Philosophy in Craniofacial Science/Diploma in Orthodontics"", ""Instalments per year: 3"", ""Minimum # of instalments for program: 9""]",Combined Doctor of Philosophy in Craniofacial Science/Diploma in Orthodontics,,2025S or 2025W,international,2025,exactly,per_instalment,3360.55,"$3,360.55",International Continuing fee per instalment,Combined Doctor of Philosophy in Craniofacial Science/Diploma in Orthodontics,,
vancouver,doctoral,Doctoral,https://vancouver.calendar.ubc.ca/fees/tuition-fees/graduate/doctoral,Specialized Doctoral Degree Programs,"[""Combined Doctor of Philosophy in Craniofacial Science/Diploma in Orthodontics"", ""Instalments per year: 3"", ""Minimum # of instalments for program: 9""]",Combined Doctor of Philosophy in Craniofacial Science/Diploma in Orthodontics,,2024S or 2024W,domestic,2024,exactly,per_instalment,7073.47,"$7,073.47",Domestic fee per instalment,Combined Doctor of Philosophy in Craniofacial Science/Diploma in Orthodontics,,
vancouver,doctoral,Doctoral,https://vancouver.calendar.ubc.ca/fees/tuition-fees/graduate/doctoral,Specialized Doctoral Degree Programs,"[""Combined Doctor of Philosophy in Craniofacial Science/Diploma in Orthodontics"", ""Instalments per year: 3"", ""Minimum # of instalments for program: 9""]",Combined Doctor of Philosophy in Craniofacial Science/Diploma in Orthodontics,,2024S or 2024W,domestic,2024,exactly,per_instalment,873.89,$873.89,Domestic Continuing fee per instalment,Combined Doctor of Philosophy in Craniofacial Science/Diploma in Orthodontics,,
vancouver,doctoral,Doctoral,https://vancouver.calendar.ubc.ca/fees/tuition-fees/graduate/doctoral,Specialized Doctoral Degree Programs,"[""Combined Doctor of Philosophy in Craniofacial Science/Diploma in Orthodontics"", ""Instalments per year: 3"", ""Minimum # of instalments for program: 9""]",Combined Doctor of Philosophy in Craniofacial Science/Diploma in Orthodontics,,2024S or 2024W,international,2024,exactly,per_instalment,19642.36,"$19,642.36",International fee per instalment,Combined Doctor of Philosophy in Craniofacial Science/Diploma in Orthodontics,,
vancouver,doctoral,Doctoral,https://vancouver.calendar.ubc.ca/fees/tuition-fees/graduate/doctoral,Specialized Doctoral Degree Programs,"[""Combined Doctor of Philosophy in Craniofacial Science/Diploma in Orthodontics"", ""Instalments per year: 3"", ""Minimum # of instalments for program: 9""]",Combined Doctor of Philosophy in Craniofacial Science/Diploma in Orthodontics,,2024S or 2024W,international,2024,exactly,per_instalment,3360.55,"$3,360.55",International Continuing fee per instalment,Combined Doctor of Philosophy in Craniofacial Science/Diploma in Orthodontics,,
vancouver,doctoral,Doctoral,https://vancouver.calendar.ubc.ca/fees/tuition-fees/graduate/doctoral,Specialized Doctoral Degree Programs,"[""Combined Doctor of Philosophy in Craniofacial Science/Diploma in Orthodontics"", ""Instalments per year: 3"", ""Minimum # of instalments for program: 9""]",Combined Doctor of Philosophy in Craniofacial Science/Diploma in Orthodontics,,2023S or 2023W,domestic,2023,exactly,per_instalment,7073.47,"$7,073.47",Domestic fee per instalment,Combined Doctor of Philosophy in Craniofacial Science/Diploma in Orthodontics,,
vancouver,doctoral,Doctoral,https://vancouver.calendar.ubc.ca/fees/tuition-fees/graduate/doctoral,Specialized Doctoral Degree Programs,"[""Combined Doctor of Philosophy in Craniofacial Science/Diploma in Orthodontics"", ""Instalments per year: 3"", ""Minimum # of instalments for program: 9""]",Combined Doctor of Philosophy in Craniofacial Science/Diploma in Orthodontics,,2023S or 2023W,domestic,2023,exactly,per_instalment,873.89,$873.89,Domestic Continuing fee per instalment,Combined Doctor of Philosophy in Craniofacial Science/Diploma in Orthodontics,,
vancouver,doctoral,Doctoral,https://vancouver.calendar.ubc.ca/fees/tuition-fees/graduate/doctoral,Specialized Doctoral Degree Programs,"[""Combined Doctor of Philosophy in Craniofacial Science/Diploma in Orthodontics"", ""Instalments per year: 3"", ""Minimum # of instalments for program: 9""]",Combined Doctor of Philosophy in Craniofacial Science/Diploma in Orthodontics,,2023S or 2023W,international,2023,exactly,per_instalment,19268.23,"$19,268.23",International fee per instalment,Combined Doctor of Philosophy in Craniofacial Science/Diploma in Orthodontics,,
vancouver,doctoral,Doctoral,https://vancouver.calendar.ubc.ca/fees/tuition-fees/graduate/doctoral,Specialized Doctoral Degree Programs,"[""Combined Doctor of Philosophy in Craniofacial Science/Diploma in Orthodontics"", ""Instalments per year: 3"", ""Minimum # of instalments for program: 9""]",Combined Doctor of Philosophy in Craniofacial Science/Diploma in Orthodontics,,2023S or 2023W,international,2023,exactly,per_instalment,3360.55,"$3,360.55",International Continuing fee per instalment,Combined Doctor of Philosophy in Craniofacial Science/Diploma in Orthodontics,,
vancouver,doctoral,Doctoral,https://vancouver.calendar.ubc.ca/fees/tuition-fees/graduate/doctoral,Specialized Doctoral Degree Programs,"[""Combined Doctor of Philosophy in Craniofacial Science/Diploma in Orthodontics"", ""Instalments per year: 3"", ""Minimum # of instalments for program: 9""]",Combined Doctor of Philosophy in Craniofacial Science/Diploma in Orthodontics,,2022S or 2022W,domestic,2022,exactly,per_instalment,7073.47,"$7,073.47",Domestic fee per instalment,Combined Doctor of Philosophy in Craniofacial Science/Diploma in Orthodontics,,
vancouver,doctoral,Doctoral,https://vancouver.calendar.ubc.ca/fees/tuition-fees/graduate/doctoral,Specialized Doctoral Degree Programs,"[""Combined Doctor of Philosophy in Craniofacial Science/Diploma in Orthodontics"", ""Instalments per year: 3"", ""Minimum # of instalments for program: 9""]",Combined Doctor of Philosophy in Craniofacial Science/Diploma in Orthodontics,,2022S or 2022W,domestic,2022,exactly,per_instalment,873.89,$873.89,Domestic Continuing fee per instalment,Combined Doctor of Philosophy in Craniofacial Science/Diploma in Orthodontics,,
vancouver,doctoral,Doctoral,https://vancouver.calendar.ubc.ca/fees/tuition-fees/graduate/doctoral,Specialized Doctoral Degree Programs,"[""Combined Doctor of Philosophy in Craniofacial Science/Diploma in Orthodontics"", ""Instalments per year: 3"", ""Minimum # of instalments for program: 9""]",Combined Doctor of Philosophy in Craniofacial Science/Diploma in Orthodontics,,2022S or 2022W,international,2022,exactly,per_instalment,18901.21,"$18,901.21",International fee per instalment,Combined Doctor of Philosophy in Craniofacial Science/Diploma in Orthodontics,,
vancouver,doctoral,Doctoral,https://vancouver.calendar.ubc.ca/fees/tuition-fees/graduate/doctoral,Specialized Doctoral Degree Programs,"[""Combined Doctor of Philosophy in Craniofacial Science/Diploma in Orthodontics"", ""Instalments per year: 3"", ""Minimum # of instalments for program: 9""]",Combined Doctor of Philosophy in Craniofacial Science/Diploma in Orthodontics,,2022S or 2022W,international,2022,exactly,per_instalment,3360.55,"$3,360.55",International Continuing fee per instalment,Combined Doctor of Philosophy in Craniofacial Science/Diploma in Orthodontics,,
vancouver,doctoral,Doctoral,https://vancouver.calendar.ubc.ca/fees/tuition-fees/graduate/doctoral,Specialized Doctoral Degree Programs,"[""Combined Doctor of Philosophy in Craniofacial Science/Diploma in Orthodontics"", ""Instalments per year: 3"", ""Minimum # of instalments for program: 9""]",Combined Doctor of Philosophy in Craniofacial Science/Diploma in Orthodontics,,2021W or earlier,domestic,2021,or_earlier,per_instalment,7073.47,"$7,073.47",Domestic fee per instalment,Combined Doctor of Philosophy in Craniofacial Science/Diploma in Orthodontics,,
vancouver,doctoral,Doctoral,https://vancouver.calendar.ubc.ca/fees/tuition-fees/graduate/doctoral,Specialized Doctoral Degree Programs,"[""Combined Doctor of Philosophy in Craniofacial Science/Diploma in Orthodontics"", ""Instalments per year: 3"", ""Minimum # of instalments for program: 9""]",Combined Doctor of Philosophy in Craniofacial Science/Diploma in Orthodontics,,2021W or earlier,domestic,2021,or_earlier,per_instalment,873.89,$873.89,Domestic Continuing fee per instalment,Combined Doctor of Philosophy in Craniofacial Science/Diploma in Orthodontics,,
vancouver,doctoral,Doctoral,https://vancouver.calendar.ubc.ca/fees/tuition-fees/graduate/doctoral,Specialized Doctoral Degree Programs,"[""Combined Doctor of Philosophy in Craniofacial Science/Diploma in Orthodontics"", ""Instalments per year: 3"", ""Minimum # of instalments for program: 9""]",Combined Doctor of Philosophy in Craniofacial Science/Diploma in Orthodontics,,2021W or earlier,international,2021,or_earlier,per_instalment,18537.72,"$18,537.72",International fee per instalment,Combined Doctor of Philosophy in Craniofacial Science/Diploma in Orthodontics,,
vancouver,doctoral,Doctoral,https://vancouver.calendar.ubc.ca/fees/tuition-fees/graduate/doctoral,Specialized Doctoral Degree Programs,"[""Combined Doctor of Philosophy in Craniofacial Science/Diploma in Orthodontics"", ""Instalments per year: 3"", ""Minimum # of instalments for program: 9""]",Combined Doctor of Philosophy in Craniofacial Science/Diploma in Orthodontics,,2021W or earlier,international,2021,or_earlier,per_instalment,3360.55,"$3,360.55",International Continuing fee per instalment,Combined Doctor of Philosophy in Craniofacial Science/Diploma in Orthodontics,,
vancouver,doctoral,Doctoral,https://vancouver.calendar.ubc.ca/fees/tuition-fees/graduate/doctoral,Specialized Doctoral Degree Programs,"[""Combined Doctor of Philosophy in Craniofacial Science/Diploma in Pediatric Dentistry"", ""Instalments per year: 3"", ""Minimum # of instalments for program: 9""]",Combined Doctor of Philosophy in Craniofacial Science/Diploma in Pediatric Dentistry,,2026S or 2026W,domestic,2026,exactly,per_instalment,7073.47,"$7,073.47",Domestic fee per instalment,Combined Doctor of Philosophy in Craniofacial Science/Diploma in Pediatric Dentistry,,
vancouver,doctoral,Doctoral,https://vancouver.calendar.ubc.ca/fees/tuition-fees/graduate/doctoral,Specialized Doctoral Degree Programs,"[""Combined Doctor of Philosophy in Craniofacial Science/Diploma in Pediatric Dentistry"", ""Instalments per year: 3"", ""Minimum # of instalments for program: 9""]",Combined Doctor of Philosophy in Craniofacial Science/Diploma in Pediatric Dentistry,,2026S or 2026W,domestic,2026,exactly,per_instalment,873.89,$873.89,Domestic Continuing fee per instalment,Combined Doctor of Philosophy in Craniofacial Science/Diploma in Pediatric Dentistry,,
vancouver,doctoral,Doctoral,https://vancouver.calendar.ubc.ca/fees/tuition-fees/graduate/doctoral,Specialized Doctoral Degree Programs,"[""Combined Doctor of Philosophy in Craniofacial Science/Diploma in Pediatric Dentistry"", ""Instalments per year: 3"", ""Minimum # of instalments for program: 9""]",Combined Doctor of Philosophy in Craniofacial Science/Diploma in Pediatric Dentistry,,2026S or 2026W,international,2026,exactly,per_instalment,20218.18,"$20,218.18",International fee per instalment,Combined Doctor of Philosophy in Craniofacial Science/Diploma in Pediatric Dentistry,,
vancouver,doctoral,Doctoral,https://vancouver.calendar.ubc.ca/fees/tuition-fees/graduate/doctoral,Specialized Doctoral Degree Programs,"[""Combined Doctor of Philosophy in Craniofacial Science/Diploma in Pediatric Dentistry"", ""Instalments per year: 3"", ""Minimum # of instalments for program: 9""]",Combined Doctor of Philosophy in Craniofacial Science/Diploma in Pediatric Dentistry,,2026S or 2026W,international,2026,exactly,per_instalment,3360.55,"$3,360.55",International Continuing fee per instalment,Combined Doctor of Philosophy in Craniofacial Science/Diploma in Pediatric Dentistry,,
vancouver,doctoral,Doctoral,https://vancouver.calendar.ubc.ca/fees/tuition-fees/graduate/doctoral,Specialized Doctoral Degree Programs,"[""Combined Doctor of Philosophy in Craniofacial Science/Diploma in Pediatric Dentistry"", ""Instalments per year: 3"", ""Minimum # of instalments for program: 9""]",Combined Doctor of Philosophy in Craniofacial Science/Diploma in Pediatric Dentistry,,2025S or 2025W,domestic,2025,exactly,per_instalment,7073.47,"$7,073.47",Domestic fee per instalment,Combined Doctor of Philosophy in Craniofacial Science/Diploma in Pediatric Dentistry,,
vancouver,doctoral,Doctoral,https://vancouver.calendar.ubc.ca/fees/tuition-fees/graduate/doctoral,Specialized Doctoral Degree Programs,"[""Combined Doctor of Philosophy in Craniofacial Science/Diploma in Pediatric Dentistry"", ""Instalments per year: 3"", ""Minimum # of instalments for program: 9""]",Combined Doctor of Philosophy in Craniofacial Science/Diploma in Pediatric Dentistry,,2025S or 2025W,domestic,2025,exactly,per_instalment,873.89,$873.89,Domestic Continuing fee per instalment,Combined Doctor of Philosophy in Craniofacial Science/Diploma in Pediatric Dentistry,,
vancouver,doctoral,Doctoral,https://vancouver.calendar.ubc.ca/fees/tuition-fees/graduate/doctoral,Specialized Doctoral Degree Programs,"[""Combined Doctor of Philosophy in Craniofacial Science/Diploma in Pediatric Dentistry"", ""Instalments per year: 3"", ""Minimum # of instalments for program: 9""]",Combined Doctor of Philosophy in Craniofacial Science/Diploma in Pediatric Dentistry,,2025S or 2025W,international,2025,exactly,per_instalment,20023.77,"$20,023.77",International fee per instalment,Combined Doctor of Philosophy in Craniofacial Science/Diploma in Pediatric Dentistry,,
vancouver,doctoral,Doctoral,https://vancouver.calendar.ubc.ca/fees/tuition-fees/graduate/doctoral,Specialized Doctoral Degree Programs,"[""Combined Doctor of Philosophy in Craniofacial Science/Diploma in Pediatric Dentistry"", ""Instalments per year: 3"", ""Minimum # of instalments for program: 9""]",Combined Doctor of Philosophy in Craniofacial Science/Diploma in Pediatric Dentistry,,2025S or 2025W,international,2025,exactly,per_instalment,3360.55,"$3,360.55",International Continuing fee per instalment,Combined Doctor of Philosophy in Craniofacial Science/Diploma in Pediatric Dentistry,,
vancouver,doctoral,Doctoral,https://vancouver.calendar.ubc.ca/fees/tuition-fees/graduate/doctoral,Specialized Doctoral Degree Programs,"[""Combined Doctor of Philosophy in Craniofacial Science/Diploma in Pediatric Dentistry"", ""Instalments per year: 3"", ""Minimum # of instalments for program: 9""]",Combined Doctor of Philosophy in Craniofacial Science/Diploma in Pediatric Dentistry,,2024S or 2024W,domestic,2024,exactly,per_instalment,7073.47,"$7,073.47",Domestic fee per instalment,Combined Doctor of Philosophy in Craniofacial Science/Diploma in Pediatric Dentistry,,
vancouver,doctoral,Doctoral,https://vancouver.calendar.ubc.ca/fees/tuition-fees/graduate/doctoral,Specialized Doctoral Degree Programs,"[""Combined Doctor of Philosophy in Craniofacial Science/Diploma in Pediatric Dentistry"", ""Instalments per year: 3"", ""Minimum # of instalments for program: 9""]",Combined Doctor of Philosophy in Craniofacial Science/Diploma in Pediatric Dentistry,,2024S or 2024W,domestic,2024,exactly,per_instalment,873.89,$873.89,Domestic Continuing fee per instalment,Combined Doctor of Philosophy in Craniofacial Science/Diploma in Pediatric Dentistry,,
vancouver,doctoral,Doctoral,https://vancouver.calendar.ubc.ca/fees/tuition-fees/graduate/doctoral,Specialized Doctoral Degree Programs,"[""Combined Doctor of Philosophy in Craniofacial Science/Diploma in Pediatric Dentistry"", ""Instalments per year: 3"", ""Minimum # of instalments for program: 9""]",Combined Doctor of Philosophy in Craniofacial Science/Diploma in Pediatric Dentistry,,2024S or 2024W,international,2024,exactly,per_instalment,19642.36,"$19,642.36",International fee per instalment,Combined Doctor of Philosophy in Craniofacial Science/Diploma in Pediatric Dentistry,,
vancouver,doctoral,Doctoral,https://vancouver.calendar.ubc.ca/fees/tuition-fees/graduate/doctoral,Specialized Doctoral Degree Programs,"[""Combined Doctor of Philosophy in Craniofacial Science/Diploma in Pediatric Dentistry"", ""Instalments per year: 3"", ""Minimum # of instalments for program: 9""]",Combined Doctor of Philosophy in Craniofacial Science/Diploma in Pediatric Dentistry,,2024S or 2024W,international,2024,exactly,per_instalment,3360.55,"$3,360.55",International Continuing fee per instalment,Combined Doctor of Philosophy in Craniofacial Science/Diploma in Pediatric Dentistry,,
vancouver,doctoral,Doctoral,https://vancouver.calendar.ubc.ca/fees/tuition-fees/graduate/doctoral,Specialized Doctoral Degree Programs,"[""Combined Doctor of Philosophy in Craniofacial Science/Diploma in Pediatric Dentistry"", ""Instalments per year: 3"", ""Minimum # of instalments for program: 9""]",Combined Doctor of Philosophy in Craniofacial Science/Diploma in Pediatric Dentistry,,2023S or 2023W,domestic,2023,exactly,per_instalment,7073.47,"$7,073.47",Domestic fee per instalment,Combined Doctor of Philosophy in Craniofacial Science/Diploma in Pediatric Dentistry,,
vancouver,doctoral,Doctoral,https://vancouver.calendar.ubc.ca/fees/tuition-fees/graduate/doctoral,Specialized Doctoral Degree Programs,"[""Combined Doctor of Philosophy in Craniofacial Science/Diploma in Pediatric Dentistry"", ""Instalments per year: 3"", ""Minimum # of instalments for program: 9""]",Combined Doctor of Philosophy in Craniofacial Science/Diploma in Pediatric Dentistry,,2023S or 2023W,domestic,2023,exactly,per_instalment,873.89,$873.89,Domestic Continuing fee per instalment,Combined Doctor of Philosophy in Craniofacial Science/Diploma in Pediatric Dentistry,,
vancouver,doctoral,Doctoral,https://vancouver.calendar.ubc.ca/fees/tuition-fees/graduate/doctoral,Specialized Doctoral Degree Programs,"[""Combined Doctor of Philosophy in Craniofacial Science/Diploma in Pediatric Dentistry"", ""Instalments per year: 3"", ""Minimum # of instalments for program: 9""]",Combined Doctor of Philosophy in Craniofacial Science/Diploma in Pediatric Dentistry,,2023S or 2023W,international,2023,exactly,per_instalment,19268.23,"$19,268.23",International fee per instalment,Combined Doctor of Philosophy in Craniofacial Science/Diploma in Pediatric Dentistry,,
vancouver,doctoral,Doctoral,https://vancouver.calendar.ubc.ca/fees/tuition-fees/graduate/doctoral,Specialized Doctoral Degree Programs,"[""Combined Doctor of Philosophy in Craniofacial Science/Diploma in Pediatric Dentistry"", ""Instalments per year: 3"", ""Minimum # of instalments for program: 9""]",Combined Doctor of Philosophy in Craniofacial Science/Diploma in Pediatric Dentistry,,2023S or 2023W,international,2023,exactly,per_instalment,3360.55,"$3,360.55",International Continuing fee per instalment,Combined Doctor of Philosophy in Craniofacial Science/Diploma in Pediatric Dentistry,,
vancouver,doctoral,Doctoral,https://vancouver.calendar.ubc.ca/fees/tuition-fees/graduate/doctoral,Specialized Doctoral Degree Programs,"[""Combined Doctor of Philosophy in Craniofacial Science/Diploma in Pediatric Dentistry"", ""Instalments per year: 3"", ""Minimum # of instalments for program: 9""]",Combined Doctor of Philosophy in Craniofacial Science/Diploma in Pediatric Dentistry,,2022S or 2022W,domestic,2022,exactly,per_instalment,7073.47,"$7,073.47",Domestic fee per instalment,Combined Doctor of Philosophy in Craniofacial Science/Diploma in Pediatric Dentistry,,
vancouver,doctoral,Doctoral,https://vancouver.calendar.ubc.ca/fees/tuition-fees/graduate/doctoral,Specialized Doctoral Degree Programs,"[""Combined Doctor of Philosophy in Craniofacial Science/Diploma in Pediatric Dentistry"", ""Instalments per year: 3"", ""Minimum # of instalments for program: 9""]",Combined Doctor of Philosophy in Craniofacial Science/Diploma in Pediatric Dentistry,,2022S or 2022W,domestic,2022,exactly,per_instalment,873.89,$873.89,Domestic Continuing fee per instalment,Combined Doctor of Philosophy in Craniofacial Science/Diploma in Pediatric Dentistry,,
vancouver,doctoral,Doctoral,https://vancouver.calendar.ubc.ca/fees/tuition-fees/graduate/doctoral,Specialized Doctoral Degree Programs,"[""Combined Doctor of Philosophy in Craniofacial Science/Diploma in Pediatric Dentistry"", ""Instalments per year: 3"", ""Minimum # of instalments for program: 9""]",Combined Doctor of Philosophy in Craniofacial Science/Diploma in Pediatric Dentistry,,2022S or 2022W,international,2022,exactly,per_instalment,18901.21,"$18,901.21",International fee per instalment,Combined Doctor of Philosophy in Craniofacial Science/Diploma in Pediatric Dentistry,,
vancouver,doctoral,Doctoral,https://vancouver.calendar.ubc.ca/fees/tuition-fees/graduate/doctoral,Specialized Doctoral Degree Programs,"[""Combined Doctor of Philosophy in Craniofacial Science/Diploma in Pediatric Dentistry"", ""Instalments per year: 3"", ""Minimum # of instalments for program: 9""]",Combined Doctor of Philosophy in Craniofacial Science/Diploma in Pediatric Dentistry,,2022S or 2022W,international,2022,exactly,per_instalment,3360.55,"$3,360.55",International Continuing fee per instalment,Combined Doctor of Philosophy in Craniofacial Science/Diploma in Pediatric Dentistry,,
vancouver,doctoral,Doctoral,https://vancouver.calendar.ubc.ca/fees/tuition-fees/graduate/doctoral,Specialized Doctoral Degree Programs,"[""Combined Doctor of Philosophy in Craniofacial Science/Diploma in Pediatric Dentistry"", ""Instalments per year: 3"", ""Minimum # of instalments for program: 9""]",Combined Doctor of Philosophy in Craniofacial Science/Diploma in Pediatric Dentistry,,2021W or earlier,domestic,2021,or_earlier,per_instalment,7073.47,"$7,073.47",Domestic fee per instalment,Combined Doctor of Philosophy in Craniofacial Science/Diploma in Pediatric Dentistry,,
vancouver,doctoral,Doctoral,https://vancouver.calendar.ubc.ca/fees/tuition-fees/graduate/doctoral,Specialized Doctoral Degree Programs,"[""Combined Doctor of Philosophy in Craniofacial Science/Diploma in Pediatric Dentistry"", ""Instalments per year: 3"", ""Minimum # of instalments for program: 9""]",Combined Doctor of Philosophy in Craniofacial Science/Diploma in Pediatric Dentistry,,2021W or earlier,domestic,2021,or_earlier,per_instalment,873.89,$873.89,Domestic Continuing fee per instalment,Combined Doctor of Philosophy in Craniofacial Science/Diploma in Pediatric Dentistry,,
vancouver,doctoral,Doctoral,https://vancouver.calendar.ubc.ca/fees/tuition-fees/graduate/doctoral,Specialized Doctoral Degree Programs,"[""Combined Doctor of Philosophy in Craniofacial Science/Diploma in Pediatric Dentistry"", ""Instalments per year: 3"", ""Minimum # of instalments for program: 9""]",Combined Doctor of Philosophy in Craniofacial Science/Diploma in Pediatric Dentistry,,2021W or earlier,international,2021,or_earlier,per_instalment,18537.72,"$18,537.72",International fee per instalment,Combined Doctor of Philosophy in Craniofacial Science/Diploma in Pediatric Dentistry,,
vancouver,doctoral,Doctoral,https://vancouver.calendar.ubc.ca/fees/tuition-fees/graduate/doctoral,Specialized Doctoral Degree Programs,"[""Combined Doctor of Philosophy in Craniofacial Science/Diploma in Pediatric Dentistry"", ""Instalments per year: 3"", ""Minimum # of instalments for program: 9""]",Combined Doctor of Philosophy in Craniofacial Science/Diploma in Pediatric Dentistry,,2021W or earlier,international,2021,or_earlier,per_instalment,3360.55,"$3,360.55",International Continuing fee per instalment,Combined Doctor of Philosophy in Craniofacial Science/Diploma in Pediatric Dentistry,,
vancouver,doctoral,Doctoral,https://vancouver.calendar.ubc.ca/fees/tuition-fees/graduate/doctoral,Specialized Doctoral Degree Programs,"[""Combined Doctor of Philosophy in Craniofacial Science/Diploma in Periodontics"", ""Instalments per year: 3"", ""Minimum # of instalments for program: 9""]",Combined Doctor of Philosophy in Craniofacial Science/Diploma in Periodontics,,2026S or 2026W,domestic,2026,exactly,per_instalment,7073.47,"$7,073.47",Domestic fee per instalment,Combined Doctor of Philosophy in Craniofacial Science/Diploma in Periodontics,,
vancouver,doctoral,Doctoral,https://vancouver.calendar.ubc.ca/fees/tuition-fees/graduate/doctoral,Specialized Doctoral Degree Programs,"[""Combined Doctor of Philosophy in Craniofacial Science/Diploma in Periodontics"", ""Instalments per year: 3"", ""Minimum # of instalments for program: 9""]",Combined Doctor of Philosophy in Craniofacial Science/Diploma in Periodontics,,2026S or 2026W,domestic,2026,exactly,per_instalment,873.89,$873.89,Domestic Continuing fee per instalment,Combined Doctor of Philosophy in Craniofacial Science/Diploma in Periodontics,,
vancouver,doctoral,Doctoral,https://vancouver.calendar.ubc.ca/fees/tuition-fees/graduate/doctoral,Specialized Doctoral Degree Programs,"[""Combined Doctor of Philosophy in Craniofacial Science/Diploma in Periodontics"", ""Instalments per year: 3"", ""Minimum # of instalments for program: 9""]",Combined Doctor of Philosophy in Craniofacial Science/Diploma in Periodontics,,2026S or 2026W,international,2026,exactly,per_instalment,20218.18,"$20,218.18",International fee per instalment,Combined Doctor of Philosophy in Craniofacial Science/Diploma in Periodontics,,
vancouver,doctoral,Doctoral,https://vancouver.calendar.ubc.ca/fees/tuition-fees/graduate/doctoral,Specialized Doctoral Degree Programs,"[""Combined Doctor of Philosophy in Craniofacial Science/Diploma in Periodontics"", ""Instalments per year: 3"", ""Minimum # of instalments for program: 9""]",Combined Doctor of Philosophy in Craniofacial Science/Diploma in Periodontics,,2026S or 2026W,international,2026,exactly,per_instalment,3360.55,"$3,360.55",International Continuing fee per instalment,Combined Doctor of Philosophy in Craniofacial Science/Diploma in Periodontics,,
vancouver,doctoral,Doctoral,https://vancouver.calendar.ubc.ca/fees/tuition-fees/graduate/doctoral,Specialized Doctoral Degree Programs,"[""Combined Doctor of Philosophy in Craniofacial Science/Diploma in Periodontics"", ""Instalments per year: 3"", ""Minimum # of instalments for program: 9""]",Combined Doctor of Philosophy in Craniofacial Science/Diploma in Periodontics,,2025S or 2025W,domestic,2025,exactly,per_instalment,7073.47,"$7,073.47",Domestic fee per instalment,Combined Doctor of Philosophy in Craniofacial Science/Diploma in Periodontics,,
vancouver,doctoral,Doctoral,https://vancouver.calendar.ubc.ca/fees/tuition-fees/graduate/doctoral,Specialized Doctoral Degree Programs,"[""Combined Doctor of Philosophy in Craniofacial Science/Diploma in Periodontics"", ""Instalments per year: 3"", ""Minimum # of instalments for program: 9""]",Combined Doctor of Philosophy in Craniofacial Science/Diploma in Periodontics,,2025S or 2025W,domestic,2025,exactly,per_instalment,873.89,$873.89,Domestic Continuing fee per instalment,Combined Doctor of Philosophy in Craniofacial Science/Diploma in Periodontics,,
vancouver,doctoral,Doctoral,https://vancouver.calendar.ubc.ca/fees/tuition-fees/graduate/doctoral,Specialized Doctoral Degree Programs,"[""Combined Doctor of Philosophy in Craniofacial Science/Diploma in Periodontics"", ""Instalments per year: 3"", ""Minimum # of instalments for program: 9""]",Combined Doctor of Philosophy in Craniofacial Science/Diploma in Periodontics,,2025S or 2025W,international,2025,exactly,per_instalment,20023.77,"$20,023.77",International fee per instalment,Combined Doctor of Philosophy in Craniofacial Science/Diploma in Periodontics,,
vancouver,doctoral,Doctoral,https://vancouver.calendar.ubc.ca/fees/tuition-fees/graduate/doctoral,Specialized Doctoral Degree Programs,"[""Combined Doctor of Philosophy in Craniofacial Science/Diploma in Periodontics"", ""Instalments per year: 3"", ""Minimum # of instalments for program: 9""]",Combined Doctor of Philosophy in Craniofacial Science/Diploma in Periodontics,,2025S or 2025W,international,2025,exactly,per_instalment,3360.55,"$3,360.55",International Continuing fee per instalment,Combined Doctor of Philosophy in Craniofacial Science/Diploma in Periodontics,,
vancouver,doctoral,Doctoral,https://vancouver.calendar.ubc.ca/fees/tuition-fees/graduate/doctoral,Specialized Doctoral Degree Programs,"[""Combined Doctor of Philosophy in Craniofacial Science/Diploma in Periodontics"", ""Instalments per year: 3"", ""Minimum # of instalments for program: 9""]",Combined Doctor of Philosophy in Craniofacial Science/Diploma in Periodontics,,2024S or 2024W,domestic,2024,exactly,per_instalment,7073.47,"$7,073.47",Domestic fee per instalment,Combined Doctor of Philosophy in Craniofacial Science/Diploma in Periodontics,,
vancouver,doctoral,Doctoral,https://vancouver.calendar.ubc.ca/fees/tuition-fees/graduate/doctoral,Specialized Doctoral Degree Programs,"[""Combined Doctor of Philosophy in Craniofacial Science/Diploma in Periodontics"", ""Instalments per year: 3"", ""Minimum # of instalments for program: 9""]",Combined Doctor of Philosophy in Craniofacial Science/Diploma in Periodontics,,2024S or 2024W,domestic,2024,exactly,per_instalment,873.89,$873.89,Domestic Continuing fee per instalment,Combined Doctor of Philosophy in Craniofacial Science/Diploma in Periodontics,,
vancouver,doctoral,Doctoral,https://vancouver.calendar.ubc.ca/fees/tuition-fees/graduate/doctoral,Specialized Doctoral Degree Programs,"[""Combined Doctor of Philosophy in Craniofacial Science/Diploma in Periodontics"", ""Instalments per year: 3"", ""Minimum # of instalments for program: 9""]",Combined Doctor of Philosophy in Craniofacial Science/Diploma in Periodontics,,2024S or 2024W,international,2024,exactly,per_instalment,19642.36,"$19,642.36",International fee per instalment,Combined Doctor of Philosophy in Craniofacial Science/Diploma in Periodontics,,
vancouver,doctoral,Doctoral,https://vancouver.calendar.ubc.ca/fees/tuition-fees/graduate/doctoral,Specialized Doctoral Degree Programs,"[""Combined Doctor of Philosophy in Craniofacial Science/Diploma in Periodontics"", ""Instalments per year: 3"", ""Minimum # of instalments for program: 9""]",Combined Doctor of Philosophy in Craniofacial Science/Diploma in Periodontics,,2024S or 2024W,international,2024,exactly,per_instalment,3360.55,"$3,360.55",International Continuing fee per instalment,Combined Doctor of Philosophy in Craniofacial Science/Diploma in Periodontics,,
vancouver,doctoral,Doctoral,https://vancouver.calendar.ubc.ca/fees/tuition-fees/graduate/doctoral,Specialized Doctoral Degree Programs,"[""Combined Doctor of Philosophy in Craniofacial Science/Diploma in Periodontics"", ""Instalments per year: 3"", ""Minimum # of instalments for program: 9""]",Combined Doctor of Philosophy in Craniofacial Science/Diploma in Periodontics,,2023S or 2023W,domestic,2023,exactly,per_instalment,7073.47,"$7,073.47",Domestic fee per instalment,Combined Doctor of Philosophy in Craniofacial Science/Diploma in Periodontics,,
vancouver,doctoral,Doctoral,https://vancouver.calendar.ubc.ca/fees/tuition-fees/graduate/doctoral,Specialized Doctoral Degree Programs,"[""Combined Doctor of Philosophy in Craniofacial Science/Diploma in Periodontics"", ""Instalments per year: 3"", ""Minimum # of instalments for program: 9""]",Combined Doctor of Philosophy in Craniofacial Science/Diploma in Periodontics,,2023S or 2023W,domestic,2023,exactly,per_instalment,873.89,$873.89,Domestic Continuing fee per instalment,Combined Doctor of Philosophy in Craniofacial Science/Diploma in Periodontics,,
vancouver,doctoral,Doctoral,https://vancouver.calendar.ubc.ca/fees/tuition-fees/graduate/doctoral,Specialized Doctoral Degree Programs,"[""Combined Doctor of Philosophy in Craniofacial Science/Diploma in Periodontics"", ""Instalments per year: 3"", ""Minimum # of instalments for program: 9""]",Combined Doctor of Philosophy in Craniofacial Science/Diploma in Periodontics,,2023S or 2023W,international,2023,exactly,per_instalment,19268.23,"$19,268.23",International fee per instalment,Combined Doctor of Philosophy in Craniofacial Science/Diploma in Periodontics,,
vancouver,doctoral,Doctoral,https://vancouver.calendar.ubc.ca/fees/tuition-fees/graduate/doctoral,Specialized Doctoral Degree Programs,"[""Combined Doctor of Philosophy in Craniofacial Science/Diploma in Periodontics"", ""Instalments per year: 3"", ""Minimum # of instalments for program: 9""]",Combined Doctor of Philosophy in Craniofacial Science/Diploma in Periodontics,,2023S or 2023W,international,2023,exactly,per_instalment,3360.55,"$3,360.55",International Continuing fee per instalment,Combined Doctor of Philosophy in Craniofacial Science/Diploma in Periodontics,,
vancouver,doctoral,Doctoral,https://vancouver.calendar.ubc.ca/fees/tuition-fees/graduate/doctoral,Specialized Doctoral Degree Programs,"[""Combined Doctor of Philosophy in Craniofacial Science/Diploma in Periodontics"", ""Instalments per year: 3"", ""Minimum # of instalments for program: 9""]",Combined Doctor of Philosophy in Craniofacial Science/Diploma in Periodontics,,2022S or 2022W,domestic,2022,exactly,per_instalment,7073.47,"$7,073.47",Domestic fee per instalment,Combined Doctor of Philosophy in Craniofacial Science/Diploma in Periodontics,,
vancouver,doctoral,Doctoral,https://vancouver.calendar.ubc.ca/fees/tuition-fees/graduate/doctoral,Specialized Doctoral Degree Programs,"[""Combined Doctor of Philosophy in Craniofacial Science/Diploma in Periodontics"", ""Instalments per year: 3"", ""Minimum # of instalments for program: 9""]",Combined Doctor of Philosophy in Craniofacial Science/Diploma in Periodontics,,2022S or 2022W,domestic,2022,exactly,per_instalment,873.89,$873.89,Domestic Continuing fee per instalment,Combined Doctor of Philosophy in Craniofacial Science/Diploma in Periodontics,,
vancouver,doctoral,Doctoral,https://vancouver.calendar.ubc.ca/fees/tuition-fees/graduate/doctoral,Specialized Doctoral Degree Programs,"[""Combined Doctor of Philosophy in Craniofacial Science/Diploma in Periodontics"", ""Instalments per year: 3"", ""Minimum # of instalments for program: 9""]",Combined Doctor of Philosophy in Craniofacial Science/Diploma in Periodontics,,2022S or 2022W,international,2022,exactly,per_instalment,18901.21,"$18,901.21",International fee per instalment,Combined Doctor of Philosophy in Craniofacial Science/Diploma in Periodontics,,
vancouver,doctoral,Doctoral,https://vancouver.calendar.ubc.ca/fees/tuition-fees/graduate/doctoral,Specialized Doctoral Degree Programs,"[""Combined Doctor of Philosophy in Craniofacial Science/Diploma in Periodontics"", ""Instalments per year: 3"", ""Minimum # of instalments for program: 9""]",Combined Doctor of Philosophy in Craniofacial Science/Diploma in Periodontics,,2022S or 2022W,international,2022,exactly,per_instalment,3360.55,"$3,360.55",International Continuing fee per instalment,Combined Doctor of Philosophy in Craniofacial Science/Diploma in Periodontics,,
vancouver,doctoral,Doctoral,https://vancouver.calendar.ubc.ca/fees/tuition-fees/graduate/doctoral,Specialized Doctoral Degree Programs,"[""Combined Doctor of Philosophy in Craniofacial Science/Diploma in Periodontics"", ""Instalments per year: 3"", ""Minimum # of instalments for program: 9""]",Combined Doctor of Philosophy in Craniofacial Science/Diploma in Periodontics,,2021W or earlier,domestic,2021,or_earlier,per_instalment,7073.47,"$7,073.47",Domestic fee per instalment,Combined Doctor of Philosophy in Craniofacial Science/Diploma in Periodontics,,
vancouver,doctoral,Doctoral,https://vancouver.calendar.ubc.ca/fees/tuition-fees/graduate/doctoral,Specialized Doctoral Degree Programs,"[""Combined Doctor of Philosophy in Craniofacial Science/Diploma in Periodontics"", ""Instalments per year: 3"", ""Minimum # of instalments for program: 9""]",Combined Doctor of Philosophy in Craniofacial Science/Diploma in Periodontics,,2021W or earlier,domestic,2021,or_earlier,per_instalment,873.89,$873.89,Domestic Continuing fee per instalment,Combined Doctor of Philosophy in Craniofacial Science/Diploma in Periodontics,,
vancouver,doctoral,Doctoral,https://vancouver.calendar.ubc.ca/fees/tuition-fees/graduate/doctoral,Specialized Doctoral Degree Programs,"[""Combined Doctor of Philosophy in Craniofacial Science/Diploma in Periodontics"", ""Instalments per year: 3"", ""Minimum # of instalments for program: 9""]",Combined Doctor of Philosophy in Craniofacial Science/Diploma in Periodontics,,2021W or earlier,international,2021,or_earlier,per_instalment,18537.72,"$18,537.72",International fee per instalment,Combined Doctor of Philosophy in Craniofacial Science/Diploma in Periodontics,,
vancouver,doctoral,Doctoral,https://vancouver.calendar.ubc.ca/fees/tuition-fees/graduate/doctoral,Specialized Doctoral Degree Programs,"[""Combined Doctor of Philosophy in Craniofacial Science/Diploma in Periodontics"", ""Instalments per year: 3"", ""Minimum # of instalments for program: 9""]",Combined Doctor of Philosophy in Craniofacial Science/Diploma in Periodontics,,2021W or earlier,international,2021,or_earlier,per_instalment,3360.55,"$3,360.55",International Continuing fee per instalment,Combined Doctor of Philosophy in Craniofacial Science/Diploma in Periodontics,,
vancouver,doctoral,Doctoral,https://vancouver.calendar.ubc.ca/fees/tuition-fees/graduate/doctoral,Specialized Doctoral Degree Programs,"[""Combined Doctor of Philosophy in Craniofacial Science/Diploma in Prosthodontics"", ""Instalments per year: 3"", ""Minimum # of instalments for program: 9""]",Combined Doctor of Philosophy in Craniofacial Science/Diploma in Prosthodontics,,2026S or 2026W,domestic,2026,exactly,per_instalment,7073.47,"$7,073.47",Domestic fee per instalment,Combined Doctor of Philosophy in Craniofacial Science/Diploma in Prosthodontics,,
vancouver,doctoral,Doctoral,https://vancouver.calendar.ubc.ca/fees/tuition-fees/graduate/doctoral,Specialized Doctoral Degree Programs,"[""Combined Doctor of Philosophy in Craniofacial Science/Diploma in Prosthodontics"", ""Instalments per year: 3"", ""Minimum # of instalments for program: 9""]",Combined Doctor of Philosophy in Craniofacial Science/Diploma in Prosthodontics,,2026S or 2026W,domestic,2026,exactly,per_instalment,873.89,$873.89,Domestic Continuing fee per instalment,Combined Doctor of Philosophy in Craniofacial Science/Diploma in Prosthodontics,,
vancouver,doctoral,Doctoral,https://vancouver.calendar.ubc.ca/fees/tuition-fees/graduate/doctoral,Specialized Doctoral Degree Programs,"[""Combined Doctor of Philosophy in Craniofacial Science/Diploma in Prosthodontics"", ""Instalments per year: 3"", ""Minimum # of instalments for program: 9""]",Combined Doctor of Philosophy in Craniofacial Science/Diploma in Prosthodontics,,2026S or 2026W,international,2026,exactly,per_instalment,20218.18,"$20,218.18",International fee per instalment,Combined Doctor of Philosophy in Craniofacial Science/Diploma in Prosthodontics,,
vancouver,doctoral,Doctoral,https://vancouver.calendar.ubc.ca/fees/tuition-fees/graduate/doctoral,Specialized Doctoral Degree Programs,"[""Combined Doctor of Philosophy in Craniofacial Science/Diploma in Prosthodontics"", ""Instalments per year: 3"", ""Minimum # of instalments for program: 9""]",Combined Doctor of Philosophy in Craniofacial Science/Diploma in Prosthodontics,,2026S or 2026W,international,2026,exactly,per_instalment,3360.55,"$3,360.55",International Continuing fee per instalment,Combined Doctor of Philosophy in Craniofacial Science/Diploma in Prosthodontics,,
vancouver,doctoral,Doctoral,https://vancouver.calendar.ubc.ca/fees/tuition-fees/graduate/doctoral,Specialized Doctoral Degree Programs,"[""Combined Doctor of Philosophy in Craniofacial Science/Diploma in Prosthodontics"", ""Instalments per year: 3"", ""Minimum # of instalments for program: 9""]",Combined Doctor of Philosophy in Craniofacial Science/Diploma in Prosthodontics,,2025S or 2025W,domestic,2025,exactly,per_instalment,7073.47,"$7,073.47",Domestic fee per instalment,Combined Doctor of Philosophy in Craniofacial Science/Diploma in Prosthodontics,,
vancouver,doctoral,Doctoral,https://vancouver.calendar.ubc.ca/fees/tuition-fees/graduate/doctoral,Specialized Doctoral Degree Programs,"[""Combined Doctor of Philosophy in Craniofacial Science/Diploma in Prosthodontics"", ""Instalments per year: 3"", ""Minimum # of instalments for program: 9""]",Combined Doctor of Philosophy in Craniofacial Science/Diploma in Prosthodontics,,2025S or 2025W,domestic,2025,exactly,per_instalment,873.89,$873.89,Domestic Continuing fee per instalment,Combined Doctor of Philosophy in Craniofacial Science/Diploma in Prosthodontics,,
vancouver,doctoral,Doctoral,https://vancouver.calendar.ubc.ca/fees/tuition-fees/graduate/doctoral,Specialized Doctoral Degree Programs,"[""Combined Doctor of Philosophy in Craniofacial Science/Diploma in Prosthodontics"", ""Instalments per year: 3"", ""Minimum # of instalments for program: 9""]",Combined Doctor of Philosophy in Craniofacial Science/Diploma in Prosthodontics,,2025S or 2025W,international,2025,exactly,per_instalment,20023.77,"$20,023.77",International fee per instalment,Combined Doctor of Philosophy in Craniofacial Science/Diploma in Prosthodontics,,
vancouver,doctoral,Doctoral,https://vancouver.calendar.ubc.ca/fees/tuition-fees/graduate/doctoral,Specialized Doctoral Degree Programs,"[""Combined Doctor of Philosophy in Craniofacial Science/Diploma in Prosthodontics"", ""Instalments per year: 3"", ""Minimum # of instalments for program: 9""]",Combined Doctor of Philosophy in Craniofacial Science/Diploma in Prosthodontics,,2025S or 2025W,international,2025,exactly,per_instalment,3360.55,"$3,360.55",International Continuing fee per instalment,Combined Doctor of Philosophy in Craniofacial Science/Diploma in Prosthodontics,,
vancouver,doctoral,Doctoral,https://vancouver.calendar.ubc.ca/fees/tuition-fees/graduate/doctoral,Specialized Doctoral Degree Programs,"[""Combined Doctor of Philosophy in Craniofacial Science/Diploma in Prosthodontics"", ""Instalments per year: 3"", ""Minimum # of instalments for program: 9""]",Combined Doctor of Philosophy in Craniofacial Science/Diploma in Prosthodontics,,2024S or 2024W,domestic,2024,exactly,per_instalment,7073.47,"$7,073.47",Domestic fee per instalment,Combined Doctor of Philosophy in Craniofacial Science/Diploma in Prosthodontics,,
vancouver,doctoral,Doctoral,https://vancouver.calendar.ubc.ca/fees/tuition-fees/graduate/doctoral,Specialized Doctoral Degree Programs,"[""Combined Doctor of Philosophy in Craniofacial Science/Diploma in Prosthodontics"", ""Instalments per year: 3"", ""Minimum # of instalments for program: 9""]",Combined Doctor of Philosophy in Craniofacial Science/Diploma in Prosthodontics,,2024S or 2024W,domestic,2024,exactly,per_instalment,873.89,$873.89,Domestic Continuing fee per instalment,Combined Doctor of Philosophy in Craniofacial Science/Diploma in Prosthodontics,,
vancouver,doctoral,Doctoral,https://vancouver.calendar.ubc.ca/fees/tuition-fees/graduate/doctoral,Specialized Doctoral Degree Programs,"[""Combined Doctor of Philosophy in Craniofacial Science/Diploma in Prosthodontics"", ""Instalments per year: 3"", ""Minimum # of instalments for program: 9""]",Combined Doctor of Philosophy in Craniofacial Science/Diploma in Prosthodontics,,2024S or 2024W,international,2024,exactly,per_instalment,19642.36,"$19,642.36",International fee per instalment,Combined Doctor of Philosophy in Craniofacial Science/Diploma in Prosthodontics,,
vancouver,doctoral,Doctoral,https://vancouver.calendar.ubc.ca/fees/tuition-fees/graduate/doctoral,Specialized Doctoral Degree Programs,"[""Combined Doctor of Philosophy in Craniofacial Science/Diploma in Prosthodontics"", ""Instalments per year: 3"", ""Minimum # of instalments for program: 9""]",Combined Doctor of Philosophy in Craniofacial Science/Diploma in Prosthodontics,,2024S or 2024W,international,2024,exactly,per_instalment,3360.55,"$3,360.55",International Continuing fee per instalment,Combined Doctor of Philosophy in Craniofacial Science/Diploma in Prosthodontics,,
vancouver,doctoral,Doctoral,https://vancouver.calendar.ubc.ca/fees/tuition-fees/graduate/doctoral,Specialized Doctoral Degree Programs,"[""Combined Doctor of Philosophy in Craniofacial Science/Diploma in Prosthodontics"", ""Instalments per year: 3"", ""Minimum # of instalments for program: 9""]",Combined Doctor of Philosophy in Craniofacial Science/Diploma in Prosthodontics,,2023S or 2023W,domestic,2023,exactly,per_instalment,7073.47,"$7,073.47",Domestic fee per instalment,Combined Doctor of Philosophy in Craniofacial Science/Diploma in Prosthodontics,,
vancouver,doctoral,Doctoral,https://vancouver.calendar.ubc.ca/fees/tuition-fees/graduate/doctoral,Specialized Doctoral Degree Programs,"[""Combined Doctor of Philosophy in Craniofacial Science/Diploma in Prosthodontics"", ""Instalments per year: 3"", ""Minimum # of instalments for program: 9""]",Combined Doctor of Philosophy in Craniofacial Science/Diploma in Prosthodontics,,2023S or 2023W,domestic,2023,exactly,per_instalment,873.89,$873.89,Domestic Continuing fee per instalment,Combined Doctor of Philosophy in Craniofacial Science/Diploma in Prosthodontics,,
vancouver,doctoral,Doctoral,https://vancouver.calendar.ubc.ca/fees/tuition-fees/graduate/doctoral,Specialized Doctoral Degree Programs,"[""Combined Doctor of Philosophy in Craniofacial Science/Diploma in Prosthodontics"", ""Instalments per year: 3"", ""Minimum # of instalments for program: 9""]",Combined Doctor of Philosophy in Craniofacial Science/Diploma in Prosthodontics,,2023S or 2023W,international,2023,exactly,per_instalment,19268.23,"$19,268.23",International fee per instalment,Combined Doctor of Philosophy in Craniofacial Science/Diploma in Prosthodontics,,
vancouver,doctoral,Doctoral,https://vancouver.calendar.ubc.ca/fees/tuition-fees/graduate/doctoral,Specialized Doctoral Degree Programs,"[""Combined Doctor of Philosophy in Craniofacial Science/Diploma in Prosthodontics"", ""Instalments per year: 3"", ""Minimum # of instalments for program: 9""]",Combined Doctor of Philosophy in Craniofacial Science/Diploma in Prosthodontics,,2023S or 2023W,international,2023,exactly,per_instalment,3360.55,"$3,360.55",International Continuing fee per instalment,Combined Doctor of Philosophy in Craniofacial Science/Diploma in Prosthodontics,,
vancouver,doctoral,Doctoral,https://vancouver.calendar.ubc.ca/fees/tuition-fees/graduate/doctoral,Specialized Doctoral Degree Programs,"[""Combined Doctor of Philosophy in Craniofacial Science/Diploma in Prosthodontics"", ""Instalments per year: 3"", ""Minimum # of instalments for program: 9""]",Combined Doctor of Philosophy in Craniofacial Science/Diploma in Prosthodontics,,2022S or 2022W,domestic,2022,exactly,per_instalment,7073.47,"$7,073.47",Domestic fee per instalment,Combined Doctor of Philosophy in Craniofacial Science/Diploma in Prosthodontics,,
vancouver,doctoral,Doctoral,https://vancouver.calendar.ubc.ca/fees/tuition-fees/graduate/doctoral,Specialized Doctoral Degree Programs,"[""Combined Doctor of Philosophy in Craniofacial Science/Diploma in Prosthodontics"", ""Instalments per year: 3"", ""Minimum # of instalments for program: 9""]",Combined Doctor of Philosophy in Craniofacial Science/Diploma in Prosthodontics,,2022S or 2022W,domestic,2022,exactly,per_instalment,873.89,$873.89,Domestic Continuing fee per instalment,Combined Doctor of Philosophy in Craniofacial Science/Diploma in Prosthodontics,,
vancouver,doctoral,Doctoral,https://vancouver.calendar.ubc.ca/fees/tuition-fees/graduate/doctoral,Specialized Doctoral Degree Programs,"[""Combined Doctor of Philosophy in Craniofacial Science/Diploma in Prosthodontics"", ""Instalments per year: 3"", ""Minimum # of instalments for program: 9""]",Combined Doctor of Philosophy in Craniofacial Science/Diploma in Prosthodontics,,2022S or 2022W,international,2022,exactly,per_instalment,18901.21,"$18,901.21",International fee per instalment,Combined Doctor of Philosophy in Craniofacial Science/Diploma in Prosthodontics,,
vancouver,doctoral,Doctoral,https://vancouver.calendar.ubc.ca/fees/tuition-fees/graduate/doctoral,Specialized Doctoral Degree Programs,"[""Combined Doctor of Philosophy in Craniofacial Science/Diploma in Prosthodontics"", ""Instalments per year: 3"", ""Minimum # of instalments for program: 9""]",Combined Doctor of Philosophy in Craniofacial Science/Diploma in Prosthodontics,,2022S or 2022W,international,2022,exactly,per_instalment,3360.55,"$3,360.55",International Continuing fee per instalment,Combined Doctor of Philosophy in Craniofacial Science/Diploma in Prosthodontics,,
vancouver,doctoral,Doctoral,https://vancouver.calendar.ubc.ca/fees/tuition-fees/graduate/doctoral,Specialized Doctoral Degree Programs,"[""Combined Doctor of Philosophy in Craniofacial Science/Diploma in Prosthodontics"", ""Instalments per year: 3"", ""Minimum # of instalments for program: 9""]",Combined Doctor of Philosophy in Craniofacial Science/Diploma in Prosthodontics,,2021W or earlier,domestic,2021,or_earlier,per_instalment,7073.47,"$7,073.47",Domestic fee per instalment,Combined Doctor of Philosophy in Craniofacial Science/Diploma in Prosthodontics,,
vancouver,doctoral,Doctoral,https://vancouver.calendar.ubc.ca/fees/tuition-fees/graduate/doctoral,Specialized Doctoral Degree Programs,"[""Combined Doctor of Philosophy in Craniofacial Science/Diploma in Prosthodontics"", ""Instalments per year: 3"", ""Minimum # of instalments for program: 9""]",Combined Doctor of Philosophy in Craniofacial Science/Diploma in Prosthodontics,,2021W or earlier,domestic,2021,or_earlier,per_instalment,873.89,$873.89,Domestic Continuing fee per instalment,Combined Doctor of Philosophy in Craniofacial Science/Diploma in Prosthodontics,,
vancouver,doctoral,Doctoral,https://vancouver.calendar.ubc.ca/fees/tuition-fees/graduate/doctoral,Specialized Doctoral Degree Programs,"[""Combined Doctor of Philosophy in Craniofacial Science/Diploma in Prosthodontics"", ""Instalments per year: 3"", ""Minimum # of instalments for program: 9""]",Combined Doctor of Philosophy in Craniofacial Science/Diploma in Prosthodontics,,2021W or earlier,international,2021,or_earlier,per_instalment,18537.72,"$18,537.72",International fee per instalment,Combined Doctor of Philosophy in Craniofacial Science/Diploma in Prosthodontics,,
vancouver,doctoral,Doctoral,https://vancouver.calendar.ubc.ca/fees/tuition-fees/graduate/doctoral,Specialized Doctoral Degree Programs,"[""Combined Doctor of Philosophy in Craniofacial Science/Diploma in Prosthodontics"", ""Instalments per year: 3"", ""Minimum # of instalments for program: 9""]",Combined Doctor of Philosophy in Craniofacial Science/Diploma in Prosthodontics,,2021W or earlier,international,2021,or_earlier,per_instalment,3360.55,"$3,360.55",International Continuing fee per instalment,Combined Doctor of Philosophy in Craniofacial Science/Diploma in Prosthodontics,,
vancouver,doctoral,Doctoral,https://vancouver.calendar.ubc.ca/fees/tuition-fees/graduate/doctoral,Specialized Doctoral Degree Programs,"[""Combined Master of Physical Therapy and Doctor of Philosophy in Rehabilitation Sciences"", ""Instalments per year: 3"", ""Minimum # of instalments for program: 15""]",Combined Master of Physical Therapy and Doctor of Philosophy in Rehabilitation Sciences,2026S or 2026W,Instalment 1-7,domestic,2026,exactly,per_instalment,2429.35,"$2,429.35",Domestic fee per instalment,Combined Master of Physical Therapy and Doctor of Philosophy in Rehabilitation Sciences,,
vancouver,doctoral,Doctoral,https://vancouver.calendar.ubc.ca/fees/tuition-fees/graduate/doctoral,Specialized Doctoral Degree Programs,"[""Combined Master of Physical Therapy and Doctor of Philosophy in Rehabilitation Sciences"", ""Instalments per year: 3"", ""Minimum # of instalments for program: 15""]",Combined Master of Physical Therapy and Doctor of Philosophy in Rehabilitation Sciences,2026S or 2026W,Instalment 1-7,international,2026,exactly,per_instalment,17076.55,"$17,076.55",International fee per instalment,Combined Master of Physical Therapy and Doctor of Philosophy in Rehabilitation Sciences,,
vancouver,doctoral,Doctoral,https://vancouver.calendar.ubc.ca/fees/tuition-fees/graduate/doctoral,Specialized Doctoral Degree Programs,"[""Combined Master of Physical Therapy and Doctor of Philosophy in Rehabilitation Sciences"", ""Instalments per year: 3"", ""Minimum # of instalments for program: 15""]",Combined Master of Physical Therapy and Doctor of Philosophy in Rehabilitation Sciences,2026S or 2026W,Instalment 8-15,domestic,2026,exactly,per_instalment,1912.84,"$1,912.84",Domestic fee per instalment,Combined Master of Physical Therapy and Doctor of Philosophy in Rehabilitation Sciences,,
vancouver,doctoral,Doctoral,https://vancouver.calendar.ubc.ca/fees/tuition-fees/graduate/doctoral,Specialized Doctoral Degree Programs,"[""Combined Master of Physical Therapy and Doctor of Philosophy in Rehabilitation Sciences"", ""Instalments per year: 3"", ""Minimum # of instalments for program: 15""]",Combined Master of Physical Therapy and Doctor of Philosophy in Rehabilitation Sciences,2026S or 2026W,Instalment 8-15,domestic,2026,exactly,per_instalment,873.89,$873.89,Domestic Continuing fee per instalment,Combined Master of Physical Therapy and Doctor of Philosophy in Rehabilitation Sciences,,
vancouver,doctoral,Doctoral,https://vancouver.calendar.ubc.ca/fees/tuition-fees/graduate/doctoral,Specialized Doctoral Degree Programs,"[""Combined Master of Physical Therapy and Doctor of Philosophy in Rehabilitation Sciences"", ""Instalments per year: 3"", ""Minimum # of instalments for program: 15""]",Combined Master of Physical Therapy and Doctor of Philosophy in Rehabilitation Sciences,2026S or 2026W,Instalment 8-15,international,2026,exactly,per_instalment,3360.55,"$3,360.55",International fee per instalment,Combined Master of Physical Therapy and Doctor of Philosophy in Rehabilitation Sciences,,
vancouver,doctoral,Doctoral,https://vancouver.calendar.ubc.ca/fees/tuition-fees/graduate/doctoral,Specialized Doctoral Degree Programs,"[""Combined Master of Physical Therapy and Doctor of Philosophy in Rehabilitation Sciences"", ""Instalments per year: 3"", ""Minimum # of instalments for program: 15""]",Combined Master of Physical Therapy and Doctor of Philosophy in Rehabilitation Sciences,2026S or 2026W,Instalment 8-15,international,2026,exactly,per_instalment,3360.55,"$3,360.55",International Continuing fee per instalment,Combined Master of Physical Therapy and Doctor of Philosophy in Rehabilitation Sciences,,
vancouver,doctoral,Doctoral,https://vancouver.calendar.ubc.ca/fees/tuition-fees/graduate/doctoral,Specialized Doctoral Degree Programs,"[""Combined Master of Physical Therapy and Doctor of Philosophy in Rehabilitation Sciences"", ""Instalments per year: 3"", ""Minimum # of instalments for program: 15""]",Combined Master of Physical Therapy and Doctor of Philosophy in Rehabilitation Sciences,2025S or 2025W,Instalment 1-7,domestic,2025,exactly,per_instalment,2429.35,"$2,429.35",Domestic fee per instalment,Combined Master of Physical Therapy and Doctor of Philosophy in Rehabilitation Sciences,,
vancouver,doctoral,Doctoral,https://vancouver.calendar.ubc.ca/fees/tuition-fees/graduate/doctoral,Specialized Doctoral Degree Programs,"[""Combined Master of Physical Therapy and Doctor of Philosophy in Rehabilitation Sciences"", ""Instalments per year: 3"", ""Minimum # of instalments for program: 15""]",Combined Master of Physical Therapy and Doctor of Philosophy in Rehabilitation Sciences,2025S or 2025W,Instalment 1-7,international,2025,exactly,per_instalment,16912.35,"$16,912.35",International fee per instalment,Combined Master of Physical Therapy and Doctor of Philosophy in Rehabilitation Sciences,,
vancouver,doctoral,Doctoral,https://vancouver.calendar.ubc.ca/fees/tuition-fees/graduate/doctoral,Specialized Doctoral Degree Programs,"[""Combined Master of Physical Therapy and Doctor of Philosophy in Rehabilitation Sciences"", ""Instalments per year: 3"", ""Minimum # of instalments for program: 15""]",Combined Master of Physical Therapy and Doctor of Philosophy in Rehabilitation Sciences,2025S or 2025W,Instalment 8-15,domestic,2025,exactly,per_instalment,1912.84,"$1,912.84",Domestic fee per instalment,Combined Master of Physical Therapy and Doctor of Philosophy in Rehabilitation Sciences,,
vancouver,doctoral,Doctoral,https://vancouver.calendar.ubc.ca/fees/tuition-fees/graduate/doctoral,Specialized Doctoral Degree Programs,"[""Combined Master of Physical Therapy and Doctor of Philosophy in Rehabilitation Sciences"", ""Instalments per year: 3"", ""Minimum # of instalments for program: 15""]",Combined Master of Physical Therapy and Doctor of Philosophy in Rehabilitation Sciences,2025S or 2025W,Instalment 8-15,domestic,2025,exactly,per_instalment,873.89,$873.89,Domestic Continuing fee per instalment,Combined Master of Physical Therapy and Doctor of Philosophy in Rehabilitation Sciences,,
vancouver,doctoral,Doctoral,https://vancouver.calendar.ubc.ca/fees/tuition-fees/graduate/doctoral,Specialized Doctoral Degree Programs,"[""Combined Master of Physical Therapy and Doctor of Philosophy in Rehabilitation Sciences"", ""Instalments per year: 3"", ""Minimum # of instalments for program: 15""]",Combined Master of Physical Therapy and Doctor of Philosophy in Rehabilitation Sciences,2025S or 2025W,Instalment 8-15,international,2025,exactly,per_instalment,3360.55,"$3,360.55",International fee per instalment,Combined Master of Physical Therapy and Doctor of Philosophy in Rehabilitation Sciences,,
vancouver,doctoral,Doctoral,https://vancouver.calendar.ubc.ca/fees/tuition-fees/graduate/doctoral,Specialized Doctoral Degree Programs,"[""Combined Master of Physical Therapy and Doctor of Philosophy in Rehabilitation Sciences"", ""Instalments per year: 3"", ""Minimum # of instalments for program: 15""]",Combined Master of Physical Therapy and Doctor of Philosophy in Rehabilitation Sciences,2025S or 2025W,Instalment 8-15,international,2025,exactly,per_instalment,3360.55,"$3,360.55",International Continuing fee per instalment,Combined Master of Physical Therapy and Doctor of Philosophy in Rehabilitation Sciences,,
vancouver,doctoral,Doctoral,https://vancouver.calendar.ubc.ca/fees/tuition-fees/graduate/doctoral,Specialized Doctoral Degree Programs,"[""Combined Master of Physical Therapy and Doctor of Philosophy in Rehabilitation Sciences"", ""Instalments per year: 3"", ""Minimum # of instalments for program: 15""]",Combined Master of Physical Therapy and Doctor of Philosophy in Rehabilitation Sciences,2024S or 2024W,Instalment 1-7,domestic,2024,exactly,per_instalment,2429.35,"$2,429.35",Domestic fee per instalment,Combined Master of Physical Therapy and Doctor of Philosophy in Rehabilitation Sciences,,
vancouver,doctoral,Doctoral,https://vancouver.calendar.ubc.ca/fees/tuition-fees/graduate/doctoral,Specialized Doctoral Degree Programs,"[""Combined Master of Physical Therapy and Doctor of Philosophy in Rehabilitation Sciences"", ""Instalments per year: 3"", ""Minimum # of instalments for program: 15""]",Combined Master of Physical Therapy and Doctor of Philosophy in Rehabilitation Sciences,2024S or 2024W,Instalment 1-7,international,2024,exactly,per_instalment,16590.21,"$16,590.21",International fee per instalment,Combined Master of Physical Therapy and Doctor of Philosophy in Rehabilitation Sciences,,
vancouver,doctoral,Doctoral,https://vancouver.calendar.ubc.ca/fees/tuition-fees/graduate/doctoral,Specialized Doctoral Degree Programs,"[""Combined Master of Physical Therapy and Doctor of Philosophy in Rehabilitation Sciences"", ""Instalments per year: 3"", ""Minimum # of instalments for program: 15""]",Combined Master of Physical Therapy and Doctor of Philosophy in Rehabilitation Sciences,2024S or 2024W,Instalment 8-15,domestic,2024,exactly,per_instalment,1912.84,"$1,912.84",Domestic fee per instalment,Combined Master of Physical Therapy and Doctor of Philosophy in Rehabilitation Sciences,,
vancouver,doctoral,Doctoral,https://vancouver.calendar.ubc.ca/fees/tuition-fees/graduate/doctoral,Specialized Doctoral Degree Programs,"[""Combined Master of Physical Therapy and Doctor of Philosophy in Rehabilitation Sciences"", ""Instalments per year: 3"", ""Minimum # of instalments for program: 15""]",Combined Master of Physical Therapy and Doctor of Philosophy in Rehabilitation Sciences,2024S or 2024W,Instalment 8-15,domestic,2024,exactly,per_instalment,873.89,$873.89,Domestic Continuing fee per instalment,Combined Master of Physical Therapy and Doctor of Philosophy in Rehabilitation Sciences,,
vancouver,doctoral,Doctoral,https://vancouver.calendar.ubc.ca/fees/tuition-fees/graduate/doctoral,Specialized Doctoral Degree Programs,"[""Combined Master of Physical Therapy and Doctor of Philosophy in Rehabilitation Sciences"", ""Instalments per year: 3"", ""Minimum # of instalments for program: 15""]",Combined Master of Physical Therapy and Doctor of Philosophy in Rehabilitation Sciences,2024S or 2024W,Instalment 8-15,international,2024,exactly,per_instalment,3360.55,"$3,360.55",International fee per instalment,Combined Master of Physical Therapy and Doctor of Philosophy in Rehabilitation Sciences,,
vancouver,doctoral,Doctoral,https://vancouver.calendar.ubc.ca/fees/tuition-fees/graduate/doctoral,Specialized Doctoral Degree Programs,"[""Combined Master of Physical Therapy and Doctor of Philosophy in Rehabilitation Sciences"", ""Instalments per year: 3"", ""Minimum # of instalments for program: 15""]",Combined Master of Physical Therapy and Doctor of Philosophy in Rehabilitation Sciences,2024S or 2024W,Instalment 8-15,international,2024,exactly,per_instalment,3360.55,"$3,360.55",International Continuing fee per instalment,Combined Master of Physical Therapy and Doctor of Philosophy in Rehabilitation Sciences,,
vancouver,doctoral,Doctoral,https://vancouver.calendar.ubc.ca/fees/tuition-fees/graduate/doctoral,Specialized Doctoral Degree Programs,"[""Combined Master of Physical Therapy and Doctor of Philosophy in Rehabilitation Sciences"", ""Instalments per year: 3"", ""Minimum # of instalments for program: 15""]",Combined Master of Physical Therapy and Doctor of Philosophy in Rehabilitation Sciences,2023S or 2023W,Instalment 1-7,domestic,2023,exactly,per_instalment,2429.35,"$2,429.35",Domestic fee per instalment,Combined Master of Physical Therapy and Doctor of Philosophy in Rehabilitation Sciences,,
vancouver,doctoral,Doctoral,https://vancouver.calendar.ubc.ca/fees/tuition-fees/graduate/doctoral,Specialized Doctoral Degree Programs,"[""Combined Master of Physical Therapy and Doctor of Philosophy in Rehabilitation Sciences"", ""Instalments per year: 3"", ""Minimum # of instalments for program: 15""]",Combined Master of Physical Therapy and Doctor of Philosophy in Rehabilitation Sciences,2023S or 2023W,Instalment 1-7,international,2023,exactly,per_instalment,16274.2,"$16,274.20",International fee per instalment,Combined Master of Physical Therapy and Doctor of Philosophy in Rehabilitation Sciences,,
vancouver,doctoral,Doctoral,https://vancouver.calendar.ubc.ca/fees/tuition-fees/graduate/doctoral,Specialized Doctoral Degree Programs,"[""Combined Master of Physical Therapy and Doctor of Philosophy in Rehabilitation Sciences"", ""Instalments per year: 3"", ""Minimum # of instalments for program: 15""]",Combined Master of Physical Therapy and Doctor of Philosophy in Rehabilitation Sciences,2023S or 2023W,Instalment 8-15,domestic,2023,exactly,per_instalment,1912.84,"$1,912.84",Domestic fee per instalment,Combined Master of Physical Therapy and Doctor of Philosophy in Rehabilitation Sciences,,
vancouver,doctoral,Doctoral,https://vancouver.calendar.ubc.ca/fees/tuition-fees/graduate/doctoral,Specialized Doctoral Degree Programs,"[""Combined Master of Physical Therapy and Doctor of Philosophy in Rehabilitation Sciences"", ""Instalments per year: 3"", ""Minimum # of instalments for program: 15""]",Combined Master of Physical Therapy and Doctor of Philosophy in Rehabilitation Sciences,2023S or 2023W,Instalment 8-15,domestic,2023,exactly,per_instalment,873.89,$873.89,Domestic Continuing fee per instalment,Combined Master of Physical Therapy and Doctor of Philosophy in Rehabilitation Sciences,,
vancouver,doctoral,Doctoral,https://vancouver.calendar.ubc.ca/fees/tuition-fees/graduate/doctoral,Specialized Doctoral Degree Programs,"[""Combined Master of Physical Therapy and Doctor of Philosophy in Rehabilitation Sciences"", ""Instalments per year: 3"", ""Minimum # of instalments for program: 15""]",Combined Master of Physical Therapy and Doctor of Philosophy in Rehabilitation Sciences,2023S or 2023W,Instalment 8-15,international,2023,exactly,per_instalment,3360.55,"$3,360.55",International fee per instalment,Combined Master of Physical Therapy and Doctor of Philosophy in Rehabilitation Sciences,,
vancouver,doctoral,Doctoral,https://vancouver.calendar.ubc.ca/fees/tuition-fees/graduate/doctoral,Specialized Doctoral Degree Programs,"[""Combined Master of Physical Therapy and Doctor of Philosophy in Rehabilitation Sciences"", ""Instalments per year: 3"", ""Minimum # of instalments for program: 15""]",Combined Master of Physical Therapy and Doctor of Philosophy in Rehabilitation Sciences,2023S or 2023W,Instalment 8-15,international,2023,exactly,per_instalment,3360.55,"$3,360.55",International Continuing fee per instalment,Combined Master of Physical Therapy and Doctor of Philosophy in Rehabilitation Sciences,,
vancouver,doctoral,Doctoral,https://vancouver.calendar.ubc.ca/fees/tuition-fees/graduate/doctoral,Specialized Doctoral Degree Programs,"[""Combined Master of Physical Therapy and Doctor of Philosophy in Rehabilitation Sciences"", ""Instalments per year: 3"", ""Minimum # of instalments for program: 15""]",Combined Master of Physical Therapy and Doctor of Philosophy in Rehabilitation Sciences,2022W or earlier,Instalment 1-7,domestic,2022,or_earlier,per_instalment,2429.35,"$2,429.35",Domestic fee per instalment,Combined Master of Physical Therapy and Doctor of Philosophy in Rehabilitation Sciences,,
vancouver,doctoral,Doctoral,https://vancouver.calendar.ubc.ca/fees/tuition-fees/graduate/doctoral,Specialized Doctoral Degree Programs,"[""Combined Master of Physical Therapy and Doctor of Philosophy in Rehabilitation Sciences"", ""Instalments per year: 3"", ""Minimum # of instalments for program: 15""]",Combined Master of Physical Therapy and Doctor of Philosophy in Rehabilitation Sciences,2022W or earlier,Instalment 1-7,international,2022,or_earlier,per_instalment,15964.21,"$15,964.21",International fee per instalment,Combined Master of Physical Therapy and Doctor of Philosophy in Rehabilitation Sciences,,
vancouver,doctoral,Doctoral,https://vancouver.calendar.ubc.ca/fees/tuition-fees/graduate/doctoral,Specialized Doctoral Degree Programs,"[""Combined Master of Physical Therapy and Doctor of Philosophy in Rehabilitation Sciences"", ""Instalments per year: 3"", ""Minimum # of instalments for program: 15""]",Combined Master of Physical Therapy and Doctor of Philosophy in Rehabilitation Sciences,2022W or earlier,Instalment 8-15,domestic,2022,or_earlier,per_instalment,1912.84,"$1,912.84",Domestic fee per instalment,Combined Master of Physical Therapy and Doctor of Philosophy in Rehabilitation Sciences,,
vancouver,doctoral,Doctoral,https://vancouver.calendar.ubc.ca/fees/tuition-fees/graduate/doctoral,Specialized Doctoral Degree Programs,"[""Combined Master of Physical Therapy and Doctor of Philosophy in Rehabilitation Sciences"", ""Instalments per year: 3"", ""Minimum # of instalments for program: 15""]",Combined Master of Physical Therapy and Doctor of Philosophy in Rehabilitation Sciences,2022W or earlier,Instalment 8-15,domestic,2022,or_earlier,per_instalment,873.89,$873.89,Domestic Continuing fee per instalment,Combined Master of Physical Therapy and Doctor of Philosophy in Rehabilitation Sciences,,
vancouver,doctoral,Doctoral,https://vancouver.calendar.ubc.ca/fees/tuition-fees/graduate/doctoral,Specialized Doctoral Degree Programs,"[""Combined Master of Physical Therapy and Doctor of Philosophy in Rehabilitation Sciences"", ""Instalments per year: 3"", ""Minimum # of instalments for program: 15""]",Combined Master of Physical Therapy and Doctor of Philosophy in Rehabilitation Sciences,2022W or earlier,Instalment 8-15,international,2022,or_earlier,per_instalment,3360.55,"$3,360.55",International fee per instalment,Combined Master of Physical Therapy and Doctor of Philosophy in Rehabilitation Sciences,,
vancouver,doctoral,Doctoral,https://vancouver.calendar.ubc.ca/fees/tuition-fees/graduate/doctoral,Specialized Doctoral Degree Programs,"[""Combined Master of Physical Therapy and Doctor of Philosophy in Rehabilitation Sciences"", ""Instalments per year: 3"", ""Minimum # of instalments for program: 15""]",Combined Master of Physical Therapy and Doctor of Philosophy in Rehabilitation Sciences,2022W or earlier,Instalment 8-15,international,2022,or_earlier,per_instalment,3360.55,"$3,360.55",International Continuing fee per instalment,Combined Master of Physical Therapy and Doctor of Philosophy in Rehabilitation Sciences,,
vancouver,doctoral,Doctoral,https://vancouver.calendar.ubc.ca/fees/tuition-fees/graduate/doctoral,Standard Doctoral Degree Program 15545-Standard-Doctoral-Degree,[],,,Full-time (Schedule A),domestic,,,per_instalment,1912.84,"$1,912.84",Domestic fee (per instalment),Full-time (Schedule A),,
vancouver,doctoral,Doctoral,https://vancouver.calendar.ubc.ca/fees/tuition-fees/graduate/doctoral,Standard Doctoral Degree Program 15545-Standard-Doctoral-Degree,[],,,Full-time (Schedule A),international,,,per_instalment,3360.55,"$3,360.55",International fee (per instalment)3,Full-time (Schedule A),,
vancouver,doctoral,Doctoral,https://vancouver.calendar.ubc.ca/fees/tuition-fees/graduate/doctoral,Standard Doctoral Degree Program 15545-Standard-Doctoral-Degree,[],,,Part-time (Schedule C),domestic,,,per_instalment,1407.31,"$1,407.31",Domestic fee (per instalment),Part-time (Schedule C),,
vancouver,doctoral,Doctoral,https://vancouver.calendar.ubc.ca/fees/tuition-fees/graduate/doctoral,Standard Doctoral Degree Program 15545-Standard-Doctoral-Degree,[],,,Part-time (Schedule C),international,,,per_instalment,2822.95,"$2,822.95",International fee (per instalment)3,Part-time (Schedule C),,
vancouver,doctoral,Doctoral,https://vancouver.calendar.ubc.ca/fees/tuition-fees/graduate/doctoral,Standard Doctoral Degree Program 15545-Standard-Doctoral-Degree,[],,,Continuing Fee1,domestic,,,per_instalment,873.89,$873.89,Domestic fee (per instalment),Continuing Fee,,
vancouver,doctoral,Doctoral,https://vancouver.calendar.ubc.ca/fees/tuition-fees/graduate/doctoral,Standard Doctoral Degree Program 15545-Standard-Doctoral-Degree,[],,,Extension Fee2,domestic,,,per_instalment,1227.4,"$1,227.40",Domestic fee (per instalment),Extension Fee,,
vancouver,masters,Master's,https://vancouver.calendar.ubc.ca/fees/tuition-fees/graduate/masters,Specialized Master's Degree Program,[],Master of Architecture,Program entry year,2026S or 2026W,domestic,2026,exactly,per_instalment,2145.61,"$2,145.61",Domestic fee per instalment,Master of Architecture,,
vancouver,masters,Master's,https://vancouver.calendar.ubc.ca/fees/tuition-fees/graduate/masters,Specialized Master's Degree Program,[],Master of Architecture,Program entry year,2026S or 2026W,domestic,2026,exactly,per_instalment,873.89,$873.89,Domestic continuing fee per instalment,Master of Architecture,,
vancouver,masters,Master's,https://vancouver.calendar.ubc.ca/fees/tuition-fees/graduate/masters,Specialized Master's Degree Program,[],Master of Architecture,Program entry year,2026S or 2026W,international,2026,exactly,per_instalment,18926.57,"$18,926.57",International fee per instalment,Master of Architecture,,
vancouver,masters,Master's,https://vancouver.calendar.ubc.ca/fees/tuition-fees/graduate/masters,Specialized Master's Degree Program,[],Master of Architecture,Program entry year,2026S or 2026W,international,2026,exactly,per_instalment,18926.57,"$18,926.57",International continuing fee per instalment,Master of Architecture,,
vancouver,masters,Master's,https://vancouver.calendar.ubc.ca/fees/tuition-fees/graduate/masters,Specialized Master's Degree Program,[],Master of Architecture,Program entry year,2025S or 2025W,domestic,2025,exactly,per_instalment,2145.61,"$2,145.61",Domestic fee per instalment,Master of Architecture,,
vancouver,masters,Master's,https://vancouver.calendar.ubc.ca/fees/tuition-fees/graduate/masters,Specialized Master's Degree Program,[],Master of Architecture,Program entry year,2025S or 2025W,domestic,2025,exactly,per_instalment,873.89,$873.89,Domestic continuing fee per instalment,Master of Architecture,,
vancouver,masters,Master's,https://vancouver.calendar.ubc.ca/fees/tuition-fees/graduate/masters,Specialized Master's Degree Program,[],Master of Architecture,Program entry year,2025S or 2025W,international,2025,exactly,per_instalment,18744.58,"$18,744.58",International fee per instalment,Master of Architecture,,
vancouver,masters,Master's,https://vancouver.calendar.ubc.ca/fees/tuition-fees/graduate/masters,Specialized Master's Degree Program,[],Master of Architecture,Program entry year,2025S or 2025W,international,2025,exactly,per_instalment,18744.58,"$18,744.58",International continuing fee per instalment,Master of Architecture,,
vancouver,masters,Master's,https://vancouver.calendar.ubc.ca/fees/tuition-fees/graduate/masters,Specialized Master's Degree Program,[],Master of Architecture,Program entry year,2024S or 2024W,domestic,2024,exactly,per_instalment,2145.61,"$2,145.61",Domestic fee per instalment,Master of Architecture,,
vancouver,masters,Master's,https://vancouver.calendar.ubc.ca/fees/tuition-fees/graduate/masters,Specialized Master's Degree Program,[],Master of Architecture,Program entry year,2024S or 2024W,domestic,2024,exactly,per_instalment,873.89,$873.89,Domestic continuing fee per instalment,Master of Architecture,,
vancouver,masters,Master's,https://vancouver.calendar.ubc.ca/fees/tuition-fees/graduate/masters,Specialized Master's Degree Program,[],Master of Architecture,Program entry year,2024S or 2024W,international,2024,exactly,per_instalment,18387.54,"$18,387.54",International fee per instalment,Master of Architecture,,
vancouver,masters,Master's,https://vancouver.calendar.ubc.ca/fees/tuition-fees/graduate/masters,Specialized Master's Degree Program,[],Master of Architecture,Program entry year,2024S or 2024W,international,2024,exactly,per_instalment,18387.54,"$18,387.54",International continuing fee per instalment,Master of Architecture,,
vancouver,masters,Master's,https://vancouver.calendar.ubc.ca/fees/tuition-fees/graduate/masters,Specialized Master's Degree Program,[],Master of Architecture,Program entry year,2023W or earlier,domestic,2023,or_earlier,per_instalment,2145.61,"$2,145.61",Domestic fee per instalment,Master of Architecture,,
vancouver,masters,Master's,https://vancouver.calendar.ubc.ca/fees/tuition-fees/graduate/masters,Specialized Master's Degree Program,[],Master of Architecture,Program entry year,2023W or earlier,domestic,2023,or_earlier,per_instalment,873.89,$873.89,Domestic continuing fee per instalment,Master of Architecture,,
vancouver,masters,Master's,https://vancouver.calendar.ubc.ca/fees/tuition-fees/graduate/masters,Specialized Master's Degree Program,[],Master of Architecture,Program entry year,2023W or earlier,international,2023,or_earlier,per_instalment,18037.3,"$18,037.30",International fee per instalment,Master of Architecture,,
vancouver,masters,Master's,https://vancouver.calendar.ubc.ca/fees/tuition-fees/graduate/masters,Specialized Master's Degree Program,[],Master of Architecture,Program entry year,2023W or earlier,international,2023,or_earlier,per_instalment,18037.3,"$18,037.30",International continuing fee per instalment,Master of Architecture,,
vancouver,masters,Master's,https://vancouver.calendar.ubc.ca/fees/tuition-fees/graduate/masters,Specialized Master's Degree Program,[],"Master of Archival Studies, Master of Library and Information Studies, and Dual M.A.S./M.L.I.S. (full-time)",Program entry year,2026S or 2026W,domestic,2026,exactly,per_instalment,1956.18,"$1,956.18",Domestic fee per instalment,"Master of Archival Studies, Master of Library and Information Studies, and Dual M.A.S./M.L.I.S. (full-time)",,
vancouver,masters,Master's,https://vancouver.calendar.ubc.ca/fees/tuition-fees/graduate/masters,Specialized Master's Degree Program,[],"Master of Archival Studies, Master of Library and Information Studies, and Dual M.A.S./M.L.I.S. (full-time)",Program entry year,2026S or 2026W,domestic,2026,exactly,per_instalment,873.89,$873.89,Domestic continuing fee per instalment,"Master of Archival Studies, Master of Library and Information Studies, and Dual M.A.S./M.L.I.S. (full-time)",,
vancouver,masters,Master's,https://vancouver.calendar.ubc.ca/fees/tuition-fees/graduate/masters,Specialized Master's Degree Program,[],"Master of Archival Studies, Master of Library and Information Studies, and Dual M.A.S./M.L.I.S. (full-time)",Program entry year,2026S or 2026W,international,2026,exactly,per_instalment,4242.8,"$4,242.80",International fee per instalment,"Master of Archival Studies, Master of Library and Information Studies, and Dual M.A.S./M.L.I.S. (full-time)",,
vancouver,masters,Master's,https://vancouver.calendar.ubc.ca/fees/tuition-fees/graduate/masters,Specialized Master's Degree Program,[],"Master of Archival Studies, Master of Library and Information Studies, and Dual M.A.S./M.L.I.S. (full-time)",Program entry year,2026S or 2026W,international,2026,exactly,per_instalment,4242.8,"$4,242.80",International continuing fee per instalment,"Master of Archival Studies, Master of Library and Information Studies, and Dual M.A.S./M.L.I.S. (full-time)",,
vancouver,masters,Master's,https://vancouver.calendar.ubc.ca/fees/tuition-fees/graduate/masters,Specialized Master's Degree Program,[],"Master of Archival Studies, Master of Library and Information Studies, and Dual M.A.S./M.L.I.S. (full-time)",Program entry year,2025S or 2025W,domestic,2025,exactly,per_instalment,1956.18,"$1,956.18",Domestic fee per instalment,"Master of Archival Studies, Master of Library and Information Studies, and Dual M.A.S./M.L.I.S. (full-time)",,
vancouver,masters,Master's,https://vancouver.calendar.ubc.ca/fees/tuition-fees/graduate/masters,Specialized Master's Degree Program,[],"Master of Archival Studies, Master of Library and Information Studies, and Dual M.A.S./M.L.I.S. (full-time)",Program entry year,2025S or 2025W,domestic,2025,exactly,per_instalment,873.89,$873.89,Domestic continuing fee per instalment,"Master of Archival Studies, Master of Library and Information Studies, and Dual M.A.S./M.L.I.S. (full-time)",,
vancouver,masters,Master's,https://vancouver.calendar.ubc.ca/fees/tuition-fees/graduate/masters,Specialized Master's Degree Program,[],"Master of Archival Studies, Master of Library and Information Studies, and Dual M.A.S./M.L.I.S. (full-time)",Program entry year,2025S or 2025W,international,2025,exactly,per_instalment,4202.0,"$4,202.00",International fee per instalment,"Master of Archival Studies, Master of Library and Information Studies, and Dual M.A.S./M.L.I.S. (full-time)",,
vancouver,masters,Master's,https://vancouver.calendar.ubc.ca/fees/tuition-fees/graduate/masters,Specialized Master's Degree Program,[],"Master of Archival Studies, Master of Library and Information Studies, and Dual M.A.S./M.L.I.S. (full-time)",Program entry year,2025S or 2025W,international,2025,exactly,per_instalment,4202.0,"$4,202.00",International continuing fee per instalment,"Master of Archival Studies, Master of Library and Information Studies, and Dual M.A.S./M.L.I.S. (full-time)",,
vancouver,masters,Master's,https://vancouver.calendar.ubc.ca/fees/tuition-fees/graduate/masters,Specialized Master's Degree Program,[],"Master of Archival Studies, Master of Library and Information Studies, and Dual M.A.S./M.L.I.S. (full-time)",Program entry year,2024S or 2024W,domestic,2024,exactly,per_instalment,1956.18,"$1,956.18",Domestic fee per instalment,"Master of Archival Studies, Master of Library and Information Studies, and Dual M.A.S./M.L.I.S. (full-time)",,
vancouver,masters,Master's,https://vancouver.calendar.ubc.ca/fees/tuition-fees/graduate/masters,Specialized Master's Degree Program,[],"Master of Archival Studies, Master of Library and Information Studies, and Dual M.A.S./M.L.I.S. (full-time)",Program entry year,2024S or 2024W,domestic,2024,exactly,per_instalment,873.89,$873.89,Domestic continuing fee per instalment,"Master of Archival Studies, Master of Library and Information Studies, and Dual M.A.S./M.L.I.S. (full-time)",,
vancouver,masters,Master's,https://vancouver.calendar.ubc.ca/fees/tuition-fees/graduate/masters,Specialized Master's Degree Program,[],"Master of Archival Studies, Master of Library and Information Studies, and Dual M.A.S./M.L.I.S. (full-time)",Program entry year,2024S or 2024W,international,2024,exactly,per_instalment,4121.97,"$4,121.97",International fee per instalment,"Master of Archival Studies, Master of Library and Information Studies, and Dual M.A.S./M.L.I.S. (full-time)",,
vancouver,masters,Master's,https://vancouver.calendar.ubc.ca/fees/tuition-fees/graduate/masters,Specialized Master's Degree Program,[],"Master of Archival Studies, Master of Library and Information Studies, and Dual M.A.S./M.L.I.S. (full-time)",Program entry year,2024S or 2024W,international,2024,exactly,per_instalment,4121.97,"$4,121.97",International continuing fee per instalment,"Master of Archival Studies, Master of Library and Information Studies, and Dual M.A.S./M.L.I.S. (full-time)",,
vancouver,masters,Master's,https://vancouver.calendar.ubc.ca/fees/tuition-fees/graduate/masters,Specialized Master's Degree Program,[],"Master of Archival Studies, Master of Library and Information Studies, and Dual M.A.S./M.L.I.S. (full-time)",Program entry year,2023W or earlier,domestic,2023,or_earlier,per_instalment,1956.18,"$1,956.18",Domestic fee per instalment,"Master of Archival Studies, Master of Library and Information Studies, and Dual M.A.S./M.L.I.S. (full-time)",,
vancouver,masters,Master's,https://vancouver.calendar.ubc.ca/fees/tuition-fees/graduate/masters,Specialized Master's Degree Program,[],"Master of Archival Studies, Master of Library and Information Studies, and Dual M.A.S./M.L.I.S. (full-time)",Program entry year,2023W or earlier,domestic,2023,or_earlier,per_instalment,873.89,$873.89,Domestic continuing fee per instalment,"Master of Archival Studies, Master of Library and Information Studies, and Dual M.A.S./M.L.I.S. (full-time)",,
vancouver,masters,Master's,https://vancouver.calendar.ubc.ca/fees/tuition-fees/graduate/masters,Specialized Master's Degree Program,[],"Master of Archival Studies, Master of Library and Information Studies, and Dual M.A.S./M.L.I.S. (full-time)",Program entry year,2023W or earlier,international,2023,or_earlier,per_instalment,4043.47,"$4,043.47",International fee per instalment,"Master of Archival Studies, Master of Library and Information Studies, and Dual M.A.S./M.L.I.S. (full-time)",,
vancouver,masters,Master's,https://vancouver.calendar.ubc.ca/fees/tuition-fees/graduate/masters,Specialized Master's Degree Program,[],"Master of Archival Studies, Master of Library and Information Studies, and Dual M.A.S./M.L.I.S. (full-time)",Program entry year,2023W or earlier,international,2023,or_earlier,per_instalment,4043.47,"$4,043.47",International continuing fee per instalment,"Master of Archival Studies, Master of Library and Information Studies, and Dual M.A.S./M.L.I.S. (full-time)",,
vancouver,masters,Master's,https://vancouver.calendar.ubc.ca/fees/tuition-fees/graduate/masters,Specialized Master's Degree Program,[],"Master of Archival Studies, Master of Library and Information Studies, and Dual M.A.S./M.L.I.S. (part-time)",,,domestic,,,per_instalment,1126.09,"$1,126.09",Domestic fee per instalment,"Master of Archival Studies, Master of Library and Information Studies, and Dual M.A.S./M.L.I.S. (part-time)",,
vancouver,masters,Master's,https://vancouver.calendar.ubc.ca/fees/tuition-fees/graduate/masters,Specialized Master's Degree Program,[],"Master of Archival Studies, Master of Library and Information Studies, and Dual M.A.S./M.L.I.S. (part-time)",,,domestic,,,per_instalment,873.89,$873.89,Domestic continuing fee per instalment,"Master of Archival Studies, Master of Library and Information Studies, and Dual M.A.S./M.L.I.S. (part-time)",,
vancouver,masters,Master's,https://vancouver.calendar.ubc.ca/fees/tuition-fees/graduate/masters,Specialized Master's Degree Program,[],Master of Arts in Economics,Program entry year,2026S or 2026W,domestic,2026,exactly,per_instalment,1912.84,"$1,912.84",Domestic fee per instalment,Master of Arts in Economics,,
vancouver,masters,Master's,https://vancouver.calendar.ubc.ca/fees/tuition-fees/graduate/masters,Specialized Master's Degree Program,[],Master of Arts in Economics,Program entry year,2026S or 2026W,domestic,2026,exactly,per_instalment,873.89,$873.89,Domestic continuing fee per instalment,Master of Arts in Economics,,
vancouver,masters,Master's,https://vancouver.calendar.ubc.ca/fees/tuition-fees/graduate/masters,Specialized Master's Degree Program,[],Master of Arts in Economics,Program entry year,2026S or 2026W,international,2026,exactly,per_instalment,10797.91,"$10,797.91",International fee per instalment,Master of Arts in Economics,,
vancouver,masters,Master's,https://vancouver.calendar.ubc.ca/fees/tuition-fees/graduate/masters,Specialized Master's Degree Program,[],Master of Arts in Economics,Program entry year,2026S or 2026W,international,2026,exactly,per_instalment,873.89,$873.89,International continuing fee per instalment,Master of Arts in Economics,,
vancouver,masters,Master's,https://vancouver.calendar.ubc.ca/fees/tuition-fees/graduate/masters,Specialized Master's Degree Program,[],Master of Arts in Economics,Program entry year,2025S or 2025W,domestic,2025,exactly,per_instalment,1912.84,"$1,912.84",Domestic fee per instalment,Master of Arts in Economics,,
vancouver,masters,Master's,https://vancouver.calendar.ubc.ca/fees/tuition-fees/graduate/masters,Specialized Master's Degree Program,[],Master of Arts in Economics,Program entry year,2025S or 2025W,domestic,2025,exactly,per_instalment,873.89,$873.89,Domestic continuing fee per instalment,Master of Arts in Economics,,
vancouver,masters,Master's,https://vancouver.calendar.ubc.ca/fees/tuition-fees/graduate/masters,Specialized Master's Degree Program,[],Master of Arts in Economics,Program entry year,2025S or 2025W,international,2025,exactly,per_instalment,10694.08,"$10,694.08",International fee per instalment,Master of Arts in Economics,,
vancouver,masters,Master's,https://vancouver.calendar.ubc.ca/fees/tuition-fees/graduate/masters,Specialized Master's Degree Program,[],Master of Arts in Economics,Program entry year,2025S or 2025W,international,2025,exactly,per_instalment,873.89,$873.89,International continuing fee per instalment,Master of Arts in Economics,,
vancouver,masters,Master's,https://vancouver.calendar.ubc.ca/fees/tuition-fees/graduate/masters,Specialized Master's Degree Program,[],Master of Arts in Economics,Program entry year,2024S or 2024W,domestic,2024,exactly,per_instalment,1912.84,"$1,912.84",Domestic fee per instalment,Master of Arts in Economics,,
vancouver,masters,Master's,https://vancouver.calendar.ubc.ca/fees/tuition-fees/graduate/masters,Specialized Master's Degree Program,[],Master of Arts in Economics,Program entry year,2024S or 2024W,domestic,2024,exactly,per_instalment,873.89,$873.89,Domestic continuing fee per instalment,Master of Arts in Economics,,
vancouver,masters,Master's,https://vancouver.calendar.ubc.ca/fees/tuition-fees/graduate/masters,Specialized Master's Degree Program,[],Master of Arts in Economics,Program entry year,2024S or 2024W,international,2024,exactly,per_instalment,10490.38,"$10,490.38",International fee per instalment,Master of Arts in Economics,,
vancouver,masters,Master's,https://vancouver.calendar.ubc.ca/fees/tuition-fees/graduate/masters,Specialized Master's Degree Program,[],Master of Arts in Economics,Program entry year,2024S or 2024W,international,2024,exactly,per_instalment,873.89,$873.89,International continuing fee per instalment,Master of Arts in Economics,,
vancouver,masters,Master's,https://vancouver.calendar.ubc.ca/fees/tuition-fees/graduate/masters,Specialized Master's Degree Program,[],Master of Arts in Economics,Program entry year,2023W or earlier,domestic,2023,or_earlier,per_instalment,1912.84,"$1,912.84",Domestic fee per instalment,Master of Arts in Economics,,
vancouver,masters,Master's,https://vancouver.calendar.ubc.ca/fees/tuition-fees/graduate/masters,Specialized Master's Degree Program,[],Master of Arts in Economics,Program entry year,2023W or earlier,domestic,2023,or_earlier,per_instalment,873.89,$873.89,Domestic continuing fee per instalment,Master of Arts in Economics,,
vancouver,masters,Master's,https://vancouver.calendar.ubc.ca/fees/tuition-fees/graduate/masters,Specialized Master's Degree Program,[],Master of Arts in Economics,Program entry year,2023W or earlier,international,2023,or_earlier,per_instalment,10290.57,"$10,290.57",International fee per instalment,Master of Arts in Economics,,
vancouver,masters,Master's,https://vancouver.calendar.ubc.ca/fees/tuition-fees/graduate/masters,Specialized Master's Degree Program,[],Master of Arts in Economics,Program entry year,2023W or earlier,international,2023,or_earlier,per_instalment,873.89,$873.89,International continuing fee per instalment,Master of Arts in Economics,,
vancouver,masters,Master's,https://vancouver.calendar.ubc.ca/fees/tuition-fees/graduate/masters,Specialized Master's Degree Program,[],Master of Business Administration (16 months),Program entry year,2026S or 2026W,domestic,2026,exactly,per_instalment,13913.12,"$13,913.12",Domestic fee per instalment,Master of Business Administration (16 months),,
vancouver,masters,Master's,https://vancouver.calendar.ubc.ca/fees/tuition-fees/graduate/masters,Specialized Master's Degree Program,[],Master of Business Administration (16 months),Program entry year,2026S or 2026W,domestic,2026,exactly,per_instalment,873.89,$873.89,Domestic continuing fee per instalment,Master of Business Administration (16 months),,
vancouver,masters,Master's,https://vancouver.calendar.ubc.ca/fees/tuition-fees/graduate/masters,Specialized Master's Degree Program,[],Master of Business Administration (16 months),Program entry year,2026S or 2026W,international,2026,exactly,per_instalment,27105.19,"$27,105.19",International fee per instalment,Master of Business Administration (16 months),,
vancouver,masters,Master's,https://vancouver.calendar.ubc.ca/fees/tuition-fees/graduate/masters,Specialized Master's Degree Program,[],Master of Business Administration (16 months),Program entry year,2026S or 2026W,international,2026,exactly,per_instalment,873.89,$873.89,International continuing fee per instalment,Master of Business Administration (16 months),,
vancouver,masters,Master's,https://vancouver.calendar.ubc.ca/fees/tuition-fees/graduate/masters,Specialized Master's Degree Program,[],Master of Business Administration (16 months),Program entry year,2025S or 2025W,domestic,2025,exactly,per_instalment,13640.32,"$13,640.32",Domestic fee per instalment,Master of Business Administration (16 months),,
vancouver,masters,Master's,https://vancouver.calendar.ubc.ca/fees/tuition-fees/graduate/masters,Specialized Master's Degree Program,[],Master of Business Administration (16 months),Program entry year,2025S or 2025W,domestic,2025,exactly,per_instalment,873.89,$873.89,Domestic continuing fee per instalment,Master of Business Administration (16 months),,
vancouver,masters,Master's,https://vancouver.calendar.ubc.ca/fees/tuition-fees/graduate/masters,Specialized Master's Degree Program,[],Master of Business Administration (16 months),Program entry year,2025S or 2025W,international,2025,exactly,per_instalment,26062.69,"$26,062.69",International fee per instalment,Master of Business Administration (16 months),,
vancouver,masters,Master's,https://vancouver.calendar.ubc.ca/fees/tuition-fees/graduate/masters,Specialized Master's Degree Program,[],Master of Business Administration (16 months),Program entry year,2025S or 2025W,international,2025,exactly,per_instalment,873.89,$873.89,International continuing fee per instalment,Master of Business Administration (16 months),,
vancouver,masters,Master's,https://vancouver.calendar.ubc.ca/fees/tuition-fees/graduate/masters,Specialized Master's Degree Program,[],Master of Business Administration (16 months),Program entry year,2024S or 2024W,domestic,2024,exactly,per_instalment,13372.87,"$13,372.87",Domestic fee per instalment,Master of Business Administration (16 months),,
vancouver,masters,Master's,https://vancouver.calendar.ubc.ca/fees/tuition-fees/graduate/masters,Specialized Master's Degree Program,[],Master of Business Administration (16 months),Program entry year,2024S or 2024W,domestic,2024,exactly,per_instalment,873.89,$873.89,Domestic continuing fee per instalment,Master of Business Administration (16 months),,
vancouver,masters,Master's,https://vancouver.calendar.ubc.ca/fees/tuition-fees/graduate/masters,Specialized Master's Degree Program,[],Master of Business Administration (16 months),Program entry year,2024S or 2024W,international,2024,exactly,per_instalment,24821.61,"$24,821.61",International fee per instalment,Master of Business Administration (16 months),,
vancouver,masters,Master's,https://vancouver.calendar.ubc.ca/fees/tuition-fees/graduate/masters,Specialized Master's Degree Program,[],Master of Business Administration (16 months),Program entry year,2024S or 2024W,international,2024,exactly,per_instalment,873.89,$873.89,International continuing fee per instalment,Master of Business Administration (16 months),,
vancouver,masters,Master's,https://vancouver.calendar.ubc.ca/fees/tuition-fees/graduate/masters,Specialized Master's Degree Program,[],Master of Business Administration (16 months),Program entry year,2023W or earlier,domestic,2023,or_earlier,per_instalment,13110.66,"$13,110.66",Domestic fee per instalment,Master of Business Administration (16 months),,
vancouver,masters,Master's,https://vancouver.calendar.ubc.ca/fees/tuition-fees/graduate/masters,Specialized Master's Degree Program,[],Master of Business Administration (16 months),Program entry year,2023W or earlier,domestic,2023,or_earlier,per_instalment,873.89,$873.89,Domestic continuing fee per instalment,Master of Business Administration (16 months),,
vancouver,masters,Master's,https://vancouver.calendar.ubc.ca/fees/tuition-fees/graduate/masters,Specialized Master's Degree Program,[],Master of Business Administration (16 months),Program entry year,2023W or earlier,international,2023,or_earlier,per_instalment,23639.63,"$23,639.63",International fee per instalment,Master of Business Administration (16 months),,
vancouver,masters,Master's,https://vancouver.calendar.ubc.ca/fees/tuition-fees/graduate/masters,Specialized Master's Degree Program,[],Master of Business Administration (16 months),Program entry year,2023W or earlier,international,2023,or_earlier,per_instalment,873.89,$873.89,International continuing fee per instalment,Master of Business Administration (16 months),,
vancouver,masters,Master's,https://vancouver.calendar.ubc.ca/fees/tuition-fees/graduate/masters,Specialized Master's Degree Program,[],Professional Master of Business Administration,Program entry year,2026S or 2026W,domestic,2026,exactly,per_instalment,9275.41,"$9,275.41",Domestic fee per instalment,Professional Master of Business Administration,,
vancouver,masters,Master's,https://vancouver.calendar.ubc.ca/fees/tuition-fees/graduate/masters,Specialized Master's Degree Program,[],Professional Master of Business Administration,Program entry year,2026S or 2026W,domestic,2026,exactly,per_instalment,873.89,$873.89,Domestic continuing fee per instalment,Professional Master of Business Administration,,
vancouver,masters,Master's,https://vancouver.calendar.ubc.ca/fees/tuition-fees/graduate/masters,Specialized Master's Degree Program,[],Professional Master of Business Administration,Program entry year,2026S or 2026W,international,2026,exactly,per_instalment,18070.1,"$18,070.10",International fee per instalment,Professional Master of Business Administration,,
vancouver,masters,Master's,https://vancouver.calendar.ubc.ca/fees/tuition-fees/graduate/masters,Specialized Master's Degree Program,[],Professional Master of Business Administration,Program entry year,2026S or 2026W,international,2026,exactly,per_instalment,873.89,$873.89,International continuing fee per instalment,Professional Master of Business Administration,,
vancouver,masters,Master's,https://vancouver.calendar.ubc.ca/fees/tuition-fees/graduate/masters,Specialized Master's Degree Program,[],Professional Master of Business Administration,Program entry year,2025S or 2025W,domestic,2025,exactly,per_instalment,9093.54,"$9,093.54",Domestic fee per instalment,Professional Master of Business Administration,,
vancouver,masters,Master's,https://vancouver.calendar.ubc.ca/fees/tuition-fees/graduate/masters,Specialized Master's Degree Program,[],Professional Master of Business Administration,Program entry year,2025S or 2025W,domestic,2025,exactly,per_instalment,873.89,$873.89,Domestic continuing fee per instalment,Professional Master of Business Administration,,
vancouver,masters,Master's,https://vancouver.calendar.ubc.ca/fees/tuition-fees/graduate/masters,Specialized Master's Degree Program,[],Professional Master of Business Administration,Program entry year,2025S or 2025W,international,2025,exactly,per_instalment,17375.1,"$17,375.10",International fee per instalment,Professional Master of Business Administration,,
vancouver,masters,Master's,https://vancouver.calendar.ubc.ca/fees/tuition-fees/graduate/masters,Specialized Master's Degree Program,[],Professional Master of Business Administration,Program entry year,2025S or 2025W,international,2025,exactly,per_instalment,873.89,$873.89,International continuing fee per instalment,Professional Master of Business Administration,,
vancouver,masters,Master's,https://vancouver.calendar.ubc.ca/fees/tuition-fees/graduate/masters,Specialized Master's Degree Program,[],Professional Master of Business Administration,Program entry year,2024S or 2024W,domestic,2024,exactly,per_instalment,8915.24,"$8,915.24",Domestic fee per instalment,Professional Master of Business Administration,,
vancouver,masters,Master's,https://vancouver.calendar.ubc.ca/fees/tuition-fees/graduate/masters,Specialized Master's Degree Program,[],Professional Master of Business Administration,Program entry year,2024S or 2024W,domestic,2024,exactly,per_instalment,873.89,$873.89,Domestic continuing fee per instalment,Professional Master of Business Administration,,
vancouver,masters,Master's,https://vancouver.calendar.ubc.ca/fees/tuition-fees/graduate/masters,Specialized Master's Degree Program,[],Professional Master of Business Administration,Program entry year,2024S or 2024W,international,2024,exactly,per_instalment,16547.72,"$16,547.72",International fee per instalment,Professional Master of Business Administration,,
vancouver,masters,Master's,https://vancouver.calendar.ubc.ca/fees/tuition-fees/graduate/masters,Specialized Master's Degree Program,[],Professional Master of Business Administration,Program entry year,2024S or 2024W,international,2024,exactly,per_instalment,873.89,$873.89,International continuing fee per instalment,Professional Master of Business Administration,,
vancouver,masters,Master's,https://vancouver.calendar.ubc.ca/fees/tuition-fees/graduate/masters,Specialized Master's Degree Program,[],Professional Master of Business Administration,Program entry year,2023S or 2023W,domestic,2023,exactly,per_instalment,8740.44,"$8,740.44",Domestic fee per instalment,Professional Master of Business Administration,,
vancouver,masters,Master's,https://vancouver.calendar.ubc.ca/fees/tuition-fees/graduate/masters,Specialized Master's Degree Program,[],Professional Master of Business Administration,Program entry year,2023S or 2023W,domestic,2023,exactly,per_instalment,873.89,$873.89,Domestic continuing fee per instalment,Professional Master of Business Administration,,
vancouver,masters,Master's,https://vancouver.calendar.ubc.ca/fees/tuition-fees/graduate/masters,Specialized Master's Degree Program,[],Professional Master of Business Administration,Program entry year,2023S or 2023W,international,2023,exactly,per_instalment,15759.74,"$15,759.74",International fee per instalment,Professional Master of Business Administration,,
vancouver,masters,Master's,https://vancouver.calendar.ubc.ca/fees/tuition-fees/graduate/masters,Specialized Master's Degree Program,[],Professional Master of Business Administration,Program entry year,2023S or 2023W,international,2023,exactly,per_instalment,873.89,$873.89,International continuing fee per instalment,Professional Master of Business Administration,,
vancouver,masters,Master's,https://vancouver.calendar.ubc.ca/fees/tuition-fees/graduate/masters,Specialized Master's Degree Program,[],Professional Master of Business Administration,Program entry year,2022W or earlier,domestic,2022,or_earlier,per_instalment,8569.06,"$8,569.06",Domestic fee per instalment,Professional Master of Business Administration,,
vancouver,masters,Master's,https://vancouver.calendar.ubc.ca/fees/tuition-fees/graduate/masters,Specialized Master's Degree Program,[],Professional Master of Business Administration,Program entry year,2022W or earlier,domestic,2022,or_earlier,per_instalment,873.89,$873.89,Domestic continuing fee per instalment,Professional Master of Business Administration,,
vancouver,masters,Master's,https://vancouver.calendar.ubc.ca/fees/tuition-fees/graduate/masters,Specialized Master's Degree Program,[],Professional Master of Business Administration,Program entry year,2022W or earlier,international,2022,or_earlier,per_instalment,15009.28,"$15,009.28",International fee per instalment,Professional Master of Business Administration,,
vancouver,masters,Master's,https://vancouver.calendar.ubc.ca/fees/tuition-fees/graduate/masters,Specialized Master's Degree Program,[],Professional Master of Business Administration,Program entry year,2022W or earlier,international,2022,or_earlier,per_instalment,873.89,$873.89,International continuing fee per instalment,Professional Master of Business Administration,,
vancouver,masters,Master's,https://vancouver.calendar.ubc.ca/fees/tuition-fees/graduate/masters,Specialized Master's Degree Program,[],Master of Business Administration and Master of Business Analytics Dual Degree Program Option,Program entry year,2026S or 2026W,domestic,2026,exactly,per_instalment,16844.3,"$16,844.30",Domestic fee per instalment,Master of Business Administration and Master of Business Analytics Dual Degree Program Option,,
vancouver,masters,Master's,https://vancouver.calendar.ubc.ca/fees/tuition-fees/graduate/masters,Specialized Master's Degree Program,[],Master of Business Administration and Master of Business Analytics Dual Degree Program Option,Program entry year,2026S or 2026W,domestic,2026,exactly,per_instalment,873.89,$873.89,Domestic continuing fee per instalment,Master of Business Administration and Master of Business Analytics Dual Degree Program Option,,
vancouver,masters,Master's,https://vancouver.calendar.ubc.ca/fees/tuition-fees/graduate/masters,Specialized Master's Degree Program,[],Master of Business Administration and Master of Business Analytics Dual Degree Program Option,Program entry year,2026S or 2026W,international,2026,exactly,per_instalment,30159.11,"$30,159.11",International fee per instalment,Master of Business Administration and Master of Business Analytics Dual Degree Program Option,,
vancouver,masters,Master's,https://vancouver.calendar.ubc.ca/fees/tuition-fees/graduate/masters,Specialized Master's Degree Program,[],Master of Business Administration and Master of Business Analytics Dual Degree Program Option,Program entry year,2026S or 2026W,international,2026,exactly,per_instalment,873.89,$873.89,International continuing fee per instalment,Master of Business Administration and Master of Business Analytics Dual Degree Program Option,,
vancouver,masters,Master's,https://vancouver.calendar.ubc.ca/fees/tuition-fees/graduate/masters,Specialized Master's Degree Program,[],Master of Business Administration and Master of Business Analytics Dual Degree Program Option,Program entry year,2025S or 2025W,domestic,2025,exactly,per_instalment,16514.03,"$16,514.03",Domestic fee per instalment,Master of Business Administration and Master of Business Analytics Dual Degree Program Option,,
vancouver,masters,Master's,https://vancouver.calendar.ubc.ca/fees/tuition-fees/graduate/masters,Specialized Master's Degree Program,[],Master of Business Administration and Master of Business Analytics Dual Degree Program Option,Program entry year,2025S or 2025W,domestic,2025,exactly,per_instalment,873.89,$873.89,Domestic continuing fee per instalment,Master of Business Administration and Master of Business Analytics Dual Degree Program Option,,
vancouver,masters,Master's,https://vancouver.calendar.ubc.ca/fees/tuition-fees/graduate/masters,Specialized Master's Degree Program,[],Master of Business Administration and Master of Business Analytics Dual Degree Program Option,Program entry year,2025S or 2025W,international,2025,exactly,per_instalment,28999.15,"$28,999.15",International fee per instalment,Master of Business Administration and Master of Business Analytics Dual Degree Program Option,,
vancouver,masters,Master's,https://vancouver.calendar.ubc.ca/fees/tuition-fees/graduate/masters,Specialized Master's Degree Program,[],Master of Business Administration and Master of Business Analytics Dual Degree Program Option,Program entry year,2025S or 2025W,international,2025,exactly,per_instalment,873.89,$873.89,International continuing fee per instalment,Master of Business Administration and Master of Business Analytics Dual Degree Program Option,,
vancouver,masters,Master's,https://vancouver.calendar.ubc.ca/fees/tuition-fees/graduate/masters,Specialized Master's Degree Program,[],Master of Business Administration and Master of Business Analytics Dual Degree Program Option,Program entry year,2024S or 2024W,domestic,2024,exactly,per_instalment,16190.24,"$16,190.24",Domestic fee per instalment,Master of Business Administration and Master of Business Analytics Dual Degree Program Option,,
vancouver,masters,Master's,https://vancouver.calendar.ubc.ca/fees/tuition-fees/graduate/masters,Specialized Master's Degree Program,[],Master of Business Administration and Master of Business Analytics Dual Degree Program Option,Program entry year,2024S or 2024W,domestic,2024,exactly,per_instalment,873.89,$873.89,Domestic continuing fee per instalment,Master of Business Administration and Master of Business Analytics Dual Degree Program Option,,
vancouver,masters,Master's,https://vancouver.calendar.ubc.ca/fees/tuition-fees/graduate/masters,Specialized Master's Degree Program,[],Master of Business Administration and Master of Business Analytics Dual Degree Program Option,Program entry year,2024S or 2024W,international,2024,exactly,per_instalment,27618.24,"$27,618.24",International fee per instalment,Master of Business Administration and Master of Business Analytics Dual Degree Program Option,,
vancouver,masters,Master's,https://vancouver.calendar.ubc.ca/fees/tuition-fees/graduate/masters,Specialized Master's Degree Program,[],Master of Business Administration and Master of Business Analytics Dual Degree Program Option,Program entry year,2024S or 2024W,international,2024,exactly,per_instalment,873.89,$873.89,International continuing fee per instalment,Master of Business Administration and Master of Business Analytics Dual Degree Program Option,,
vancouver,masters,Master's,https://vancouver.calendar.ubc.ca/fees/tuition-fees/graduate/masters,Specialized Master's Degree Program,[],Master of Business Administration and Master of Business Analytics Dual Degree Program Option,Program entry year,2023W or earlier,domestic,2023,or_earlier,per_instalment,15872.79,"$15,872.79",Domestic fee per instalment,Master of Business Administration and Master of Business Analytics Dual Degree Program Option,,
vancouver,masters,Master's,https://vancouver.calendar.ubc.ca/fees/tuition-fees/graduate/masters,Specialized Master's Degree Program,[],Master of Business Administration and Master of Business Analytics Dual Degree Program Option,Program entry year,2023W or earlier,domestic,2023,or_earlier,per_instalment,873.89,$873.89,Domestic continuing fee per instalment,Master of Business Administration and Master of Business Analytics Dual Degree Program Option,,
vancouver,masters,Master's,https://vancouver.calendar.ubc.ca/fees/tuition-fees/graduate/masters,Specialized Master's Degree Program,[],Master of Business Administration and Master of Business Analytics Dual Degree Program Option,Program entry year,2023W or earlier,international,2023,or_earlier,per_instalment,26303.08,"$26,303.08",International fee per instalment,Master of Business Administration and Master of Business Analytics Dual Degree Program Option,,
vancouver,masters,Master's,https://vancouver.calendar.ubc.ca/fees/tuition-fees/graduate/masters,Specialized Master's Degree Program,[],Master of Business Administration and Master of Business Analytics Dual Degree Program Option,Program entry year,2023W or earlier,international,2023,or_earlier,per_instalment,873.89,$873.89,International continuing fee per instalment,Master of Business Administration and Master of Business Analytics Dual Degree Program Option,,
vancouver,masters,Master's,https://vancouver.calendar.ubc.ca/fees/tuition-fees/graduate/masters,Specialized Master's Degree Program,[],Master of Business Analytics,Program entry year,2026S or 2026W,domestic,2026,exactly,per_instalment,15137.79,"$15,137.79",Domestic fee per instalment,Master of Business Analytics,,
vancouver,masters,Master's,https://vancouver.calendar.ubc.ca/fees/tuition-fees/graduate/masters,Specialized Master's Degree Program,[],Master of Business Analytics,Program entry year,2026S or 2026W,domestic,2026,exactly,per_instalment,873.89,$873.89,Domestic continuing fee per instalment,Master of Business Analytics,,
vancouver,masters,Master's,https://vancouver.calendar.ubc.ca/fees/tuition-fees/graduate/masters,Specialized Master's Degree Program,[],Master of Business Analytics,Program entry year,2026S or 2026W,international,2026,exactly,per_instalment,24177.97,"$24,177.97",International fee per instalment,Master of Business Analytics,,
vancouver,masters,Master's,https://vancouver.calendar.ubc.ca/fees/tuition-fees/graduate/masters,Specialized Master's Degree Program,[],Master of Business Analytics,Program entry year,2026S or 2026W,international,2026,exactly,per_instalment,873.89,$873.89,International continuing fee per instalment,Master of Business Analytics,,
vancouver,masters,Master's,https://vancouver.calendar.ubc.ca/fees/tuition-fees/graduate/masters,Specialized Master's Degree Program,[],Master of Business Analytics,Program entry year,2025S or 2025W,domestic,2025,exactly,per_instalment,14840.98,"$14,840.98",Domestic fee per instalment,Master of Business Analytics,,
vancouver,masters,Master's,https://vancouver.calendar.ubc.ca/fees/tuition-fees/graduate/masters,Specialized Master's Degree Program,[],Master of Business Analytics,Program entry year,2025S or 2025W,domestic,2025,exactly,per_instalment,873.89,$873.89,Domestic continuing fee per instalment,Master of Business Analytics,,
vancouver,masters,Master's,https://vancouver.calendar.ubc.ca/fees/tuition-fees/graduate/masters,Specialized Master's Degree Program,[],Master of Business Analytics,Program entry year,2025S or 2025W,international,2025,exactly,per_instalment,23248.05,"$23,248.05",International fee per instalment,Master of Business Analytics,,
vancouver,masters,Master's,https://vancouver.calendar.ubc.ca/fees/tuition-fees/graduate/masters,Specialized Master's Degree Program,[],Master of Business Analytics,Program entry year,2025S or 2025W,international,2025,exactly,per_instalment,873.89,$873.89,International continuing fee per instalment,Master of Business Analytics,,
vancouver,masters,Master's,https://vancouver.calendar.ubc.ca/fees/tuition-fees/graduate/masters,Specialized Master's Degree Program,[],Master of Business Analytics,Program entry year,2024S or 2024W,domestic,2024,exactly,per_instalment,14549.99,"$14,549.99",Domestic fee per instalment,Master of Business Analytics,,
vancouver,masters,Master's,https://vancouver.calendar.ubc.ca/fees/tuition-fees/graduate/masters,Specialized Master's Degree Program,[],Master of Business Analytics,Program entry year,2024S or 2024W,domestic,2024,exactly,per_instalment,873.89,$873.89,Domestic continuing fee per instalment,Master of Business Analytics,,
vancouver,masters,Master's,https://vancouver.calendar.ubc.ca/fees/tuition-fees/graduate/masters,Specialized Master's Degree Program,[],Master of Business Analytics,Program entry year,2024S or 2024W,international,2024,exactly,per_instalment,22141.0,"$22,141.00",International fee per instalment,Master of Business Analytics,,
vancouver,masters,Master's,https://vancouver.calendar.ubc.ca/fees/tuition-fees/graduate/masters,Specialized Master's Degree Program,[],Master of Business Analytics,Program entry year,2024S or 2024W,international,2024,exactly,per_instalment,873.89,$873.89,International continuing fee per instalment,Master of Business Analytics,,
vancouver,masters,Master's,https://vancouver.calendar.ubc.ca/fees/tuition-fees/graduate/masters,Specialized Master's Degree Program,[],Master of Business Analytics,Program entry year,2023W or earlier,domestic,2023,or_earlier,per_instalment,14264.7,"$14,264.70",Domestic fee per instalment,Master of Business Analytics,,
vancouver,masters,Master's,https://vancouver.calendar.ubc.ca/fees/tuition-fees/graduate/masters,Specialized Master's Degree Program,[],Master of Business Analytics,Program entry year,2023W or earlier,domestic,2023,or_earlier,per_instalment,873.89,$873.89,Domestic continuing fee per instalment,Master of Business Analytics,,
vancouver,masters,Master's,https://vancouver.calendar.ubc.ca/fees/tuition-fees/graduate/masters,Specialized Master's Degree Program,[],Master of Business Analytics,Program entry year,2023W or earlier,international,2023,or_earlier,per_instalment,21086.67,"$21,086.67",International fee per instalment,Master of Business Analytics,,
vancouver,masters,Master's,https://vancouver.calendar.ubc.ca/fees/tuition-fees/graduate/masters,Specialized Master's Degree Program,[],Master of Business Analytics,Program entry year,2023W or earlier,international,2023,or_earlier,per_instalment,873.89,$873.89,International continuing fee per instalment,Master of Business Analytics,,
vancouver,masters,Master's,https://vancouver.calendar.ubc.ca/fees/tuition-fees/graduate/masters,Specialized Master's Degree Program,[],Master of Community and Regional Planning,Program entry year,2026S or 2026W,domestic,2026,exactly,per_instalment,3966.81,"$3,966.81",Domestic fee per instalment,Master of Community and Regional Planning,,
vancouver,masters,Master's,https://vancouver.calendar.ubc.ca/fees/tuition-fees/graduate/masters,Specialized Master's Degree Program,[],Master of Community and Regional Planning,Program entry year,2026S or 2026W,domestic,2026,exactly,per_instalment,873.89,$873.89,Domestic continuing fee per instalment,Master of Community and Regional Planning,,
vancouver,masters,Master's,https://vancouver.calendar.ubc.ca/fees/tuition-fees/graduate/masters,Specialized Master's Degree Program,[],Master of Community and Regional Planning,Program entry year,2026S or 2026W,international,2026,exactly,per_instalment,9515.25,"$9,515.25",International fee per instalment,Master of Community and Regional Planning,,
vancouver,masters,Master's,https://vancouver.calendar.ubc.ca/fees/tuition-fees/graduate/masters,Specialized Master's Degree Program,[],Master of Community and Regional Planning,Program entry year,2026S or 2026W,international,2026,exactly,per_instalment,9515.25,"$9,515.25",International continuing fee per instalment,Master of Community and Regional Planning,,
vancouver,masters,Master's,https://vancouver.calendar.ubc.ca/fees/tuition-fees/graduate/masters,Specialized Master's Degree Program,[],Master of Community and Regional Planning,Program entry year,2025S or 2025W,domestic,2025,exactly,per_instalment,3966.81,"$3,966.81",Domestic fee per instalment,Master of Community and Regional Planning,,
vancouver,masters,Master's,https://vancouver.calendar.ubc.ca/fees/tuition-fees/graduate/masters,Specialized Master's Degree Program,[],Master of Community and Regional Planning,Program entry year,2025S or 2025W,domestic,2025,exactly,per_instalment,873.89,$873.89,Domestic continuing fee per instalment,Master of Community and Regional Planning,,
vancouver,masters,Master's,https://vancouver.calendar.ubc.ca/fees/tuition-fees/graduate/masters,Specialized Master's Degree Program,[],Master of Community and Regional Planning,Program entry year,2025S or 2025W,international,2025,exactly,per_instalment,9423.75,"$9,423.75",International fee per instalment,Master of Community and Regional Planning,,
vancouver,masters,Master's,https://vancouver.calendar.ubc.ca/fees/tuition-fees/graduate/masters,Specialized Master's Degree Program,[],Master of Community and Regional Planning,Program entry year,2025S or 2025W,international,2025,exactly,per_instalment,9423.75,"$9,423.75",International continuing fee per instalment,Master of Community and Regional Planning,,
vancouver,masters,Master's,https://vancouver.calendar.ubc.ca/fees/tuition-fees/graduate/masters,Specialized Master's Degree Program,[],Master of Community and Regional Planning,Program entry year,2024S or 2024W,domestic,2024,exactly,per_instalment,3966.81,"$3,966.81",Domestic fee per instalment,Master of Community and Regional Planning,,
vancouver,masters,Master's,https://vancouver.calendar.ubc.ca/fees/tuition-fees/graduate/masters,Specialized Master's Degree Program,[],Master of Community and Regional Planning,Program entry year,2024S or 2024W,domestic,2024,exactly,per_instalment,873.89,$873.89,Domestic continuing fee per instalment,Master of Community and Regional Planning,,
vancouver,masters,Master's,https://vancouver.calendar.ubc.ca/fees/tuition-fees/graduate/masters,Specialized Master's Degree Program,[],Master of Community and Regional Planning,Program entry year,2024S or 2024W,international,2024,exactly,per_instalment,9244.25,"$9,244.25",International fee per instalment,Master of Community and Regional Planning,,
vancouver,masters,Master's,https://vancouver.calendar.ubc.ca/fees/tuition-fees/graduate/masters,Specialized Master's Degree Program,[],Master of Community and Regional Planning,Program entry year,2024S or 2024W,international,2024,exactly,per_instalment,9244.25,"$9,244.25",International continuing fee per instalment,Master of Community and Regional Planning,,
vancouver,masters,Master's,https://vancouver.calendar.ubc.ca/fees/tuition-fees/graduate/masters,Specialized Master's Degree Program,[],Master of Community and Regional Planning,Program entry year,2023S or 2023W,domestic,2023,exactly,per_instalment,3966.81,"$3,966.81",Domestic fee per instalment,Master of Community and Regional Planning,,
vancouver,masters,Master's,https://vancouver.calendar.ubc.ca/fees/tuition-fees/graduate/masters,Specialized Master's Degree Program,[],Master of Community and Regional Planning,Program entry year,2023S or 2023W,domestic,2023,exactly,per_instalment,873.89,$873.89,Domestic continuing fee per instalment,Master of Community and Regional Planning,,
vancouver,masters,Master's,https://vancouver.calendar.ubc.ca/fees/tuition-fees/graduate/masters,Specialized Master's Degree Program,[],Master of Community and Regional Planning,Program entry year,2023S or 2023W,international,2023,exactly,per_instalment,9068.17,"$9,068.17",International fee per instalment,Master of Community and Regional Planning,,
vancouver,masters,Master's,https://vancouver.calendar.ubc.ca/fees/tuition-fees/graduate/masters,Specialized Master's Degree Program,[],Master of Community and Regional Planning,Program entry year,2023S or 2023W,international,2023,exactly,per_instalment,9068.17,"$9,068.17",International continuing fee per instalment,Master of Community and Regional Planning,,
vancouver,masters,Master's,https://vancouver.calendar.ubc.ca/fees/tuition-fees/graduate/masters,Specialized Master's Degree Program,[],Master of Community and Regional Planning,Program entry year,2022W or earlier,domestic,2022,or_earlier,per_instalment,3966.81,"$3,966.81",Domestic fee per instalment,Master of Community and Regional Planning,,
vancouver,masters,Master's,https://vancouver.calendar.ubc.ca/fees/tuition-fees/graduate/masters,Specialized Master's Degree Program,[],Master of Community and Regional Planning,Program entry year,2022W or earlier,domestic,2022,or_earlier,per_instalment,873.89,$873.89,Domestic continuing fee per instalment,Master of Community and Regional Planning,,
vancouver,masters,Master's,https://vancouver.calendar.ubc.ca/fees/tuition-fees/graduate/masters,Specialized Master's Degree Program,[],Master of Community and Regional Planning,Program entry year,2022W or earlier,international,2022,or_earlier,per_instalment,8895.44,"$8,895.44",International fee per instalment,Master of Community and Regional Planning,,
vancouver,masters,Master's,https://vancouver.calendar.ubc.ca/fees/tuition-fees/graduate/masters,Specialized Master's Degree Program,[],Master of Community and Regional Planning,Program entry year,2022W or earlier,international,2022,or_earlier,per_instalment,8895.44,"$8,895.44",International continuing fee per instalment,Master of Community and Regional Planning,,
vancouver,masters,Master's,https://vancouver.calendar.ubc.ca/fees/tuition-fees/graduate/masters,Specialized Master's Degree Program,[],Master of Data Science,Program entry year,2026S or 2026W,domestic,2026,exactly,per_instalment,12189.91,"$12,189.91",Domestic fee per instalment,Master of Data Science,,
vancouver,masters,Master's,https://vancouver.calendar.ubc.ca/fees/tuition-fees/graduate/masters,Specialized Master's Degree Program,[],Master of Data Science,Program entry year,2026S or 2026W,domestic,2026,exactly,per_instalment,873.89,$873.89,Domestic continuing fee per instalment,Master of Data Science,,
vancouver,masters,Master's,https://vancouver.calendar.ubc.ca/fees/tuition-fees/graduate/masters,Specialized Master's Degree Program,[],Master of Data Science,Program entry year,2026S or 2026W,international,2026,exactly,per_instalment,19922.64,"$19,922.64",International fee per instalment,Master of Data Science,,
vancouver,masters,Master's,https://vancouver.calendar.ubc.ca/fees/tuition-fees/graduate/masters,Specialized Master's Degree Program,[],Master of Data Science,Program entry year,2026S or 2026W,international,2026,exactly,per_instalment,3360.55,"$3,360.55",International continuing fee per instalment,Master of Data Science,,
vancouver,masters,Master's,https://vancouver.calendar.ubc.ca/fees/tuition-fees/graduate/masters,Specialized Master's Degree Program,[],Master of Data Science,Program entry year,2025S or 2025W,domestic,2025,exactly,per_instalment,11950.9,"$11,950.90",Domestic fee per instalment,Master of Data Science,,
vancouver,masters,Master's,https://vancouver.calendar.ubc.ca/fees/tuition-fees/graduate/masters,Specialized Master's Degree Program,[],Master of Data Science,Program entry year,2025S or 2025W,domestic,2025,exactly,per_instalment,873.89,$873.89,Domestic continuing fee per instalment,Master of Data Science,,
vancouver,masters,Master's,https://vancouver.calendar.ubc.ca/fees/tuition-fees/graduate/masters,Specialized Master's Degree Program,[],Master of Data Science,Program entry year,2025S or 2025W,international,2025,exactly,per_instalment,19156.39,"$19,156.39",International fee per instalment,Master of Data Science,,
vancouver,masters,Master's,https://vancouver.calendar.ubc.ca/fees/tuition-fees/graduate/masters,Specialized Master's Degree Program,[],Master of Data Science,Program entry year,2025S or 2025W,international,2025,exactly,per_instalment,3360.55,"$3,360.55",International continuing fee per instalment,Master of Data Science,,
vancouver,masters,Master's,https://vancouver.calendar.ubc.ca/fees/tuition-fees/graduate/masters,Specialized Master's Degree Program,[],Master of Data Science,Program entry year,2024S or 2024W,domestic,2024,exactly,per_instalment,11716.57,"$11,716.57",Domestic fee per instalment,Master of Data Science,,
vancouver,masters,Master's,https://vancouver.calendar.ubc.ca/fees/tuition-fees/graduate/masters,Specialized Master's Degree Program,[],Master of Data Science,Program entry year,2024S or 2024W,domestic,2024,exactly,per_instalment,873.89,$873.89,Domestic continuing fee per instalment,Master of Data Science,,
vancouver,masters,Master's,https://vancouver.calendar.ubc.ca/fees/tuition-fees/graduate/masters,Specialized Master's Degree Program,[],Master of Data Science,Program entry year,2024S or 2024W,international,2024,exactly,per_instalment,18244.19,"$18,244.19",International fee per instalment,Master of Data Science,,
vancouver,masters,Master's,https://vancouver.calendar.ubc.ca/fees/tuition-fees/graduate/masters,Specialized Master's Degree Program,[],Master of Data Science,Program entry year,2024S or 2024W,international,2024,exactly,per_instalment,3360.55,"$3,360.55",International continuing fee per instalment,Master of Data Science,,
vancouver,masters,Master's,https://vancouver.calendar.ubc.ca/fees/tuition-fees/graduate/masters,Specialized Master's Degree Program,[],Master of Data Science,Program entry year,2023W or earlier,domestic,2023,or_earlier,per_instalment,11486.84,"$11,486.84",Domestic fee per instalment,Master of Data Science,,
vancouver,masters,Master's,https://vancouver.calendar.ubc.ca/fees/tuition-fees/graduate/masters,Specialized Master's Degree Program,[],Master of Data Science,Program entry year,2023W or earlier,domestic,2023,or_earlier,per_instalment,873.89,$873.89,Domestic continuing fee per instalment,Master of Data Science,,
vancouver,masters,Master's,https://vancouver.calendar.ubc.ca/fees/tuition-fees/graduate/masters,Specialized Master's Degree Program,[],Master of Data Science,Program entry year,2023W or earlier,international,2023,or_earlier,per_instalment,17375.42,"$17,375.42",International fee per instalment,Master of Data Science,,
vancouver,masters,Master's,https://vancouver.calendar.ubc.ca/fees/tuition-fees/graduate/masters,Specialized Master's Degree Program,[],Master of Data Science,Program entry year,2023W or earlier,international,2023,or_earlier,per_instalment,3360.55,"$3,360.55",International continuing fee per instalment,Master of Data Science,,
vancouver,masters,Master's,https://vancouver.calendar.ubc.ca/fees/tuition-fees/graduate/masters,Specialized Master's Degree Program,[],Master of Data Science in Computational Linguistics,Program entry year,2026S or 2026W,domestic,2026,exactly,per_instalment,12189.91,"$12,189.91",Domestic fee per instalment,Master of Data Science in Computational Linguistics,,
vancouver,masters,Master's,https://vancouver.calendar.ubc.ca/fees/tuition-fees/graduate/masters,Specialized Master's Degree Program,[],Master of Data Science in Computational Linguistics,Program entry year,2026S or 2026W,domestic,2026,exactly,per_instalment,873.89,$873.89,Domestic continuing fee per instalment,Master of Data Science in Computational Linguistics,,
vancouver,masters,Master's,https://vancouver.calendar.ubc.ca/fees/tuition-fees/graduate/masters,Specialized Master's Degree Program,[],Master of Data Science in Computational Linguistics,Program entry year,2026S or 2026W,international,2026,exactly,per_instalment,19922.64,"$19,922.64",International fee per instalment,Master of Data Science in Computational Linguistics,,
vancouver,masters,Master's,https://vancouver.calendar.ubc.ca/fees/tuition-fees/graduate/masters,Specialized Master's Degree Program,[],Master of Data Science in Computational Linguistics,Program entry year,2026S or 2026W,international,2026,exactly,per_instalment,3360.55,"$3,360.55",International continuing fee per instalment,Master of Data Science in Computational Linguistics,,
vancouver,masters,Master's,https://vancouver.calendar.ubc.ca/fees/tuition-fees/graduate/masters,Specialized Master's Degree Program,[],Master of Data Science in Computational Linguistics,Program entry year,2025S or 2025W,domestic,2025,exactly,per_instalment,11950.9,"$11,950.90",Domestic fee per instalment,Master of Data Science in Computational Linguistics,,
vancouver,masters,Master's,https://vancouver.calendar.ubc.ca/fees/tuition-fees/graduate/masters,Specialized Master's Degree Program,[],Master of Data Science in Computational Linguistics,Program entry year,2025S or 2025W,domestic,2025,exactly,per_instalment,873.89,$873.89,Domestic continuing fee per instalment,Master of Data Science in Computational Linguistics,,
vancouver,masters,Master's,https://vancouver.calendar.ubc.ca/fees/tuition-fees/graduate/masters,Specialized Master's Degree Program,[],Master of Data Science in Computational Linguistics,Program entry year,2025S or 2025W,international,2025,exactly,per_instalment,19156.39,"$19,156.39",International fee per instalment,Master of Data Science in Computational Linguistics,,
vancouver,masters,Master's,https://vancouver.calendar.ubc.ca/fees/tuition-fees/graduate/masters,Specialized Master's Degree Program,[],Master of Data Science in Computational Linguistics,Program entry year,2025S or 2025W,international,2025,exactly,per_instalment,3360.55,"$3,360.55",International continuing fee per instalment,Master of Data Science in Computational Linguistics,,
vancouver,masters,Master's,https://vancouver.calendar.ubc.ca/fees/tuition-fees/graduate/masters,Specialized Master's Degree Program,[],Master of Data Science in Computational Linguistics,Program entry year,2024S or 2024W,domestic,2024,exactly,per_instalment,11716.57,"$11,716.57",Domestic fee per instalment,Master of Data Science in Computational Linguistics,,
vancouver,masters,Master's,https://vancouver.calendar.ubc.ca/fees/tuition-fees/graduate/masters,Specialized Master's Degree Program,[],Master of Data Science in Computational Linguistics,Program entry year,2024S or 2024W,domestic,2024,exactly,per_instalment,873.89,$873.89,Domestic continuing fee per instalment,Master of Data Science in Computational Linguistics,,
vancouver,masters,Master's,https://vancouver.calendar.ubc.ca/fees/tuition-fees/graduate/masters,Specialized Master's Degree Program,[],Master of Data Science in Computational Linguistics,Program entry year,2024S or 2024W,international,2024,exactly,per_instalment,18244.19,"$18,244.19",International fee per instalment,Master of Data Science in Computational Linguistics,,
vancouver,masters,Master's,https://vancouver.calendar.ubc.ca/fees/tuition-fees/graduate/masters,Specialized Master's Degree Program,[],Master of Data Science in Computational Linguistics,Program entry year,2024S or 2024W,international,2024,exactly,per_instalment,3360.55,"$3,360.55",International continuing fee per instalment,Master of Data Science in Computational Linguistics,,
vancouver,masters,Master's,https://vancouver.calendar.ubc.ca/fees/tuition-fees/graduate/masters,Specialized Master's Degree Program,[],Master of Data Science in Computational Linguistics,Program entry year,2023W or earlier,domestic,2023,or_earlier,per_instalment,11486.84,"$11,486.84",Domestic fee per instalment,Master of Data Science in Computational Linguistics,,
vancouver,masters,Master's,https://vancouver.calendar.ubc.ca/fees/tuition-fees/graduate/masters,Specialized Master's Degree Program,[],Master of Data Science in Computational Linguistics,Program entry year,2023W or earlier,domestic,2023,or_earlier,per_instalment,873.89,$873.89,Domestic continuing fee per instalment,Master of Data Science in Computational Linguistics,,
vancouver,masters,Master's,https://vancouver.calendar.ubc.ca/fees/tuition-fees/graduate/masters,Specialized Master's Degree Program,[],Master of Data Science in Computational Linguistics,Program entry year,2023W or earlier,international,2023,or_earlier,per_instalment,17375.42,"$17,375.42",International fee per instalment,Master of Data Science in Computational Linguistics,,
vancouver,masters,Master's,https://vancouver.calendar.ubc.ca/fees/tuition-fees/graduate/masters,Specialized Master's Degree Program,[],Master of Data Science in Computational Linguistics,Program entry year,2023W or earlier,international,2023,or_earlier,per_instalment,3360.55,"$3,360.55",International continuing fee per instalment,Master of Data Science in Computational Linguistics,,
vancouver,masters,Master's,https://vancouver.calendar.ubc.ca/fees/tuition-fees/graduate/masters,Specialized Master's Degree Program,[],Master of Digital Media,,,,,,per_term,38338.14,"Total domestic tuition for Master of Digital Media: $38,338.14 ($12,567.29 per term for 3 terms plus $636.27 internship fees)",Master of Digital Media,Master of Digital Media,,
vancouver,masters,Master's,https://vancouver.calendar.ubc.ca/fees/tuition-fees/graduate/masters,Specialized Master's Degree Program,[],Master of Digital Media,,,,,,per_term,69709.8,"Total international tuition for Master of Digital Media: $69,709.80 ($23,024.51 per term for 3 terms plus $636.27 internship fees)",Master of Digital Media,Master of Digital Media,,
vancouver,masters,Master's,https://vancouver.calendar.ubc.ca/fees/tuition-fees/graduate/masters,Specialized Master's Degree Program,[],Master of Digital Media,,,domestic,,,per_instalment,12567.29,"$12,567.29",Domestic fee per instalment,Master of Digital Media,,
vancouver,masters,Master's,https://vancouver.calendar.ubc.ca/fees/tuition-fees/graduate/masters,Specialized Master's Degree Program,[],Master of Digital Media,,,domestic,,,,636.27,$636.27,Domestic internship fee,Master of Digital Media,,
vancouver,masters,Master's,https://vancouver.calendar.ubc.ca/fees/tuition-fees/graduate/masters,Specialized Master's Degree Program,[],Master of Digital Media,,,international,,,per_instalment,23024.51,"$23,024.51",International fee per instalment,Master of Digital Media,,
vancouver,masters,Master's,https://vancouver.calendar.ubc.ca/fees/tuition-fees/graduate/masters,Specialized Master's Degree Program,[],Master of Digital Media,,,international,,,,636.27,$636.27,International internship fee,Master of Digital Media,,
vancouver,masters,Master's,https://vancouver.calendar.ubc.ca/fees/tuition-fees/graduate/masters,Specialized Master's Degree Program,[],Master of Arts and Master of Education (full-time) in the Faculty of Education (except Kinesiology),Program entry year,2026S or 2026W,domestic,2026,exactly,per_instalment,2734.71,"$2,734.71",Domestic fee per instalment,Master of Arts and Master of Education (full-time) in the Faculty of Education (except Kinesiology),,
vancouver,masters,Master's,https://vancouver.calendar.ubc.ca/fees/tuition-fees/graduate/masters,Specialized Master's Degree Program,[],Master of Arts and Master of Education (full-time) in the Faculty of Education (except Kinesiology),Program entry year,2026S or 2026W,domestic,2026,exactly,per_instalment,873.89,$873.89,Domestic continuing fee per instalment,Master of Arts and Master of Education (full-time) in the Faculty of Education (except Kinesiology),,
vancouver,masters,Master's,https://vancouver.calendar.ubc.ca/fees/tuition-fees/graduate/masters,Specialized Master's Degree Program,[],Master of Arts and Master of Education (full-time) in the Faculty of Education (except Kinesiology),Program entry year,2026S or 2026W,international,2026,exactly,per_instalment,5905.24,"$5,905.24",International fee per instalment,Master of Arts and Master of Education (full-time) in the Faculty of Education (except Kinesiology),,
vancouver,masters,Master's,https://vancouver.calendar.ubc.ca/fees/tuition-fees/graduate/masters,Specialized Master's Degree Program,[],Master of Arts and Master of Education (full-time) in the Faculty of Education (except Kinesiology),Program entry year,2026S or 2026W,international,2026,exactly,per_instalment,5905.24,"$5,905.24",International continuing fee per instalment,Master of Arts and Master of Education (full-time) in the Faculty of Education (except Kinesiology),,
vancouver,masters,Master's,https://vancouver.calendar.ubc.ca/fees/tuition-fees/graduate/masters,Specialized Master's Degree Program,[],Master of Arts and Master of Education (full-time) in the Faculty of Education (except Kinesiology),Program entry year,2025S or 2025W,domestic,2025,exactly,per_instalment,2734.71,"$2,734.71",Domestic fee per instalment,Master of Arts and Master of Education (full-time) in the Faculty of Education (except Kinesiology),,
vancouver,masters,Master's,https://vancouver.calendar.ubc.ca/fees/tuition-fees/graduate/masters,Specialized Master's Degree Program,[],Master of Arts and Master of Education (full-time) in the Faculty of Education (except Kinesiology),Program entry year,2025S or 2025W,domestic,2025,exactly,per_instalment,873.89,$873.89,Domestic continuing fee per instalment,Master of Arts and Master of Education (full-time) in the Faculty of Education (except Kinesiology),,
vancouver,masters,Master's,https://vancouver.calendar.ubc.ca/fees/tuition-fees/graduate/masters,Specialized Master's Degree Program,[],Master of Arts and Master of Education (full-time) in the Faculty of Education (except Kinesiology),Program entry year,2025S or 2025W,international,2025,exactly,per_instalment,5848.46,"$5,848.46",International fee per instalment,Master of Arts and Master of Education (full-time) in the Faculty of Education (except Kinesiology),,
vancouver,masters,Master's,https://vancouver.calendar.ubc.ca/fees/tuition-fees/graduate/masters,Specialized Master's Degree Program,[],Master of Arts and Master of Education (full-time) in the Faculty of Education (except Kinesiology),Program entry year,2025S or 2025W,international,2025,exactly,per_instalment,5848.46,"$5,848.46",International continuing fee per instalment,Master of Arts and Master of Education (full-time) in the Faculty of Education (except Kinesiology),,
vancouver,masters,Master's,https://vancouver.calendar.ubc.ca/fees/tuition-fees/graduate/masters,Specialized Master's Degree Program,[],Master of Arts and Master of Education (full-time) in the Faculty of Education (except Kinesiology),Program entry year,2024S or 2024W,domestic,2024,exactly,per_instalment,2734.71,"$2,734.71",Domestic fee per instalment,Master of Arts and Master of Education (full-time) in the Faculty of Education (except Kinesiology),,
vancouver,masters,Master's,https://vancouver.calendar.ubc.ca/fees/tuition-fees/graduate/masters,Specialized Master's Degree Program,[],Master of Arts and Master of Education (full-time) in the Faculty of Education (except Kinesiology),Program entry year,2024S or 2024W,domestic,2024,exactly,per_instalment,873.89,$873.89,Domestic continuing fee per instalment,Master of Arts and Master of Education (full-time) in the Faculty of Education (except Kinesiology),,
vancouver,masters,Master's,https://vancouver.calendar.ubc.ca/fees/tuition-fees/graduate/masters,Specialized Master's Degree Program,[],Master of Arts and Master of Education (full-time) in the Faculty of Education (except Kinesiology),Program entry year,2024S or 2024W,international,2024,exactly,per_instalment,5737.06,"$5,737.06",International fee per instalment,Master of Arts and Master of Education (full-time) in the Faculty of Education (except Kinesiology),,
vancouver,masters,Master's,https://vancouver.calendar.ubc.ca/fees/tuition-fees/graduate/masters,Specialized Master's Degree Program,[],Master of Arts and Master of Education (full-time) in the Faculty of Education (except Kinesiology),Program entry year,2024S or 2024W,international,2024,exactly,per_instalment,5737.06,"$5,737.06",International continuing fee per instalment,Master of Arts and Master of Education (full-time) in the Faculty of Education (except Kinesiology),,
vancouver,masters,Master's,https://vancouver.calendar.ubc.ca/fees/tuition-fees/graduate/masters,Specialized Master's Degree Program,[],Master of Arts and Master of Education (full-time) in the Faculty of Education (except Kinesiology),Program entry year,2023W or earlier,domestic,2023,or_earlier,per_instalment,2734.71,"$2,734.71",Domestic fee per instalment,Master of Arts and Master of Education (full-time) in the Faculty of Education (except Kinesiology),,
vancouver,masters,Master's,https://vancouver.calendar.ubc.ca/fees/tuition-fees/graduate/masters,Specialized Master's Degree Program,[],Master of Arts and Master of Education (full-time) in the Faculty of Education (except Kinesiology),Program entry year,2023W or earlier,domestic,2023,or_earlier,per_instalment,873.89,$873.89,Domestic continuing fee per instalment,Master of Arts and Master of Education (full-time) in the Faculty of Education (except Kinesiology),,
vancouver,masters,Master's,https://vancouver.calendar.ubc.ca/fees/tuition-fees/graduate/masters,Specialized Master's Degree Program,[],Master of Arts and Master of Education (full-time) in the Faculty of Education (except Kinesiology),Program entry year,2023W or earlier,international,2023,or_earlier,per_instalment,5627.78,"$5,627.78",International fee per instalment,Master of Arts and Master of Education (full-time) in the Faculty of Education (except Kinesiology),,
vancouver,masters,Master's,https://vancouver.calendar.ubc.ca/fees/tuition-fees/graduate/masters,Specialized Master's Degree Program,[],Master of Arts and Master of Education (full-time) in the Faculty of Education (except Kinesiology),Program entry year,2023W or earlier,international,2023,or_earlier,per_instalment,5627.78,"$5,627.78",International continuing fee per instalment,Master of Arts and Master of Education (full-time) in the Faculty of Education (except Kinesiology),,
vancouver,masters,Master's,https://vancouver.calendar.ubc.ca/fees/tuition-fees/graduate/masters,Specialized Master's Degree Program,[],Master of Arts and Master of Education (part-time) in the Faculty of Education (except Kinesiology),,,domestic,,,per_instalment,1643.96,"$1,643.96",Domestic fee per instalment,Master of Arts and Master of Education (part-time) in the Faculty of Education (except Kinesiology),,
vancouver,masters,Master's,https://vancouver.calendar.ubc.ca/fees/tuition-fees/graduate/masters,Specialized Master's Degree Program,[],Master of Arts and Master of Education (part-time) in the Faculty of Education (except Kinesiology),,,domestic,,,per_instalment,873.89,$873.89,Domestic continuing fee per instalment,Master of Arts and Master of Education (part-time) in the Faculty of Education (except Kinesiology),,
vancouver,masters,Master's,https://vancouver.calendar.ubc.ca/fees/tuition-fees/graduate/masters,Specialized Master's Degree Program,[],Master of Education (Adult Learning and Global Change),Program entry year,2026S or 2026W,domestic,2026,exactly,per_instalment,3220.74,"$3,220.74",Domestic fee per instalment,Master of Education (Adult Learning and Global Change),,
vancouver,masters,Master's,https://vancouver.calendar.ubc.ca/fees/tuition-fees/graduate/masters,Specialized Master's Degree Program,[],Master of Education (Adult Learning and Global Change),Program entry year,2026S or 2026W,domestic,2026,exactly,per_instalment,873.89,$873.89,Domestic continuing fee per instalment,Master of Education (Adult Learning and Global Change),,
vancouver,masters,Master's,https://vancouver.calendar.ubc.ca/fees/tuition-fees/graduate/masters,Specialized Master's Degree Program,[],Master of Education (Adult Learning and Global Change),Program entry year,2026S or 2026W,international,2026,exactly,per_instalment,5548.63,"$5,548.63",International fee per instalment,Master of Education (Adult Learning and Global Change),,
vancouver,masters,Master's,https://vancouver.calendar.ubc.ca/fees/tuition-fees/graduate/masters,Specialized Master's Degree Program,[],Master of Education (Adult Learning and Global Change),Program entry year,2026S or 2026W,international,2026,exactly,per_instalment,5548.63,"$5,548.63",International continuing fee per instalment,Master of Education (Adult Learning and Global Change),,
vancouver,masters,Master's,https://vancouver.calendar.ubc.ca/fees/tuition-fees/graduate/masters,Specialized Master's Degree Program,[],Master of Education (Adult Learning and Global Change),Program entry year,2025S or 2025W,domestic,2025,exactly,per_instalment,3220.74,"$3,220.74",Domestic fee per instalment,Master of Education (Adult Learning and Global Change),,
vancouver,masters,Master's,https://vancouver.calendar.ubc.ca/fees/tuition-fees/graduate/masters,Specialized Master's Degree Program,[],Master of Education (Adult Learning and Global Change),Program entry year,2025S or 2025W,domestic,2025,exactly,per_instalment,873.89,$873.89,Domestic continuing fee per instalment,Master of Education (Adult Learning and Global Change),,
vancouver,masters,Master's,https://vancouver.calendar.ubc.ca/fees/tuition-fees/graduate/masters,Specialized Master's Degree Program,[],Master of Education (Adult Learning and Global Change),Program entry year,2025S or 2025W,international,2025,exactly,per_instalment,5495.28,"$5,495.28",International fee per instalment,Master of Education (Adult Learning and Global Change),,
vancouver,masters,Master's,https://vancouver.calendar.ubc.ca/fees/tuition-fees/graduate/masters,Specialized Master's Degree Program,[],Master of Education (Adult Learning and Global Change),Program entry year,2025S or 2025W,international,2025,exactly,per_instalment,5495.28,"$5,495.28",International continuing fee per instalment,Master of Education (Adult Learning and Global Change),,
vancouver,masters,Master's,https://vancouver.calendar.ubc.ca/fees/tuition-fees/graduate/masters,Specialized Master's Degree Program,[],Master of Education (Adult Learning and Global Change),Program entry year,2024S or 2024W,domestic,2024,exactly,per_instalment,3220.74,"$3,220.74",Domestic fee per instalment,Master of Education (Adult Learning and Global Change),,
vancouver,masters,Master's,https://vancouver.calendar.ubc.ca/fees/tuition-fees/graduate/masters,Specialized Master's Degree Program,[],Master of Education (Adult Learning and Global Change),Program entry year,2024S or 2024W,domestic,2024,exactly,per_instalment,873.89,$873.89,Domestic continuing fee per instalment,Master of Education (Adult Learning and Global Change),,
vancouver,masters,Master's,https://vancouver.calendar.ubc.ca/fees/tuition-fees/graduate/masters,Specialized Master's Degree Program,[],Master of Education (Adult Learning and Global Change),Program entry year,2024S or 2024W,international,2024,exactly,per_instalment,5390.61,"$5,390.61",International fee per instalment,Master of Education (Adult Learning and Global Change),,
vancouver,masters,Master's,https://vancouver.calendar.ubc.ca/fees/tuition-fees/graduate/masters,Specialized Master's Degree Program,[],Master of Education (Adult Learning and Global Change),Program entry year,2024S or 2024W,international,2024,exactly,per_instalment,5390.61,"$5,390.61",International continuing fee per instalment,Master of Education (Adult Learning and Global Change),,
vancouver,masters,Master's,https://vancouver.calendar.ubc.ca/fees/tuition-fees/graduate/masters,Specialized Master's Degree Program,[],Master of Education (Adult Learning and Global Change),Program entry year,2023S or 2023W,domestic,2023,exactly,per_instalment,3220.74,"$3,220.74",Domestic fee per instalment,Master of Education (Adult Learning and Global Change),,
vancouver,masters,Master's,https://vancouver.calendar.ubc.ca/fees/tuition-fees/graduate/masters,Specialized Master's Degree Program,[],Master of Education (Adult Learning and Global Change),Program entry year,2023S or 2023W,domestic,2023,exactly,per_instalment,873.89,$873.89,Domestic continuing fee per instalment,Master of Education (Adult Learning and Global Change),,
vancouver,masters,Master's,https://vancouver.calendar.ubc.ca/fees/tuition-fees/graduate/masters,Specialized Master's Degree Program,[],Master of Education (Adult Learning and Global Change),Program entry year,2023S or 2023W,international,2023,exactly,per_instalment,5287.93,"$5,287.93",International fee per instalment,Master of Education (Adult Learning and Global Change),,
vancouver,masters,Master's,https://vancouver.calendar.ubc.ca/fees/tuition-fees/graduate/masters,Specialized Master's Degree Program,[],Master of Education (Adult Learning and Global Change),Program entry year,2023S or 2023W,international,2023,exactly,per_instalment,5287.93,"$5,287.93",International continuing fee per instalment,Master of Education (Adult Learning and Global Change),,
vancouver,masters,Master's,https://vancouver.calendar.ubc.ca/fees/tuition-fees/graduate/masters,Specialized Master's Degree Program,[],Master of Education (Adult Learning and Global Change),Program entry year,2022W or earlier,domestic,2022,or_earlier,per_instalment,3220.74,"$3,220.74",Domestic fee per instalment,Master of Education (Adult Learning and Global Change),,
vancouver,masters,Master's,https://vancouver.calendar.ubc.ca/fees/tuition-fees/graduate/masters,Specialized Master's Degree Program,[],Master of Education (Adult Learning and Global Change),Program entry year,2022W or earlier,domestic,2022,or_earlier,per_instalment,873.89,$873.89,Domestic continuing fee per instalment,Master of Education (Adult Learning and Global Change),,
vancouver,masters,Master's,https://vancouver.calendar.ubc.ca/fees/tuition-fees/graduate/masters,Specialized Master's Degree Program,[],Master of Education (Adult Learning and Global Change),Program entry year,2022W or earlier,international,2022,or_earlier,per_instalment,5187.22,"$5,187.22",International fee per instalment,Master of Education (Adult Learning and Global Change),,
vancouver,masters,Master's,https://vancouver.calendar.ubc.ca/fees/tuition-fees/graduate/masters,Specialized Master's Degree Program,[],Master of Education (Adult Learning and Global Change),Program entry year,2022W or earlier,international,2022,or_earlier,per_instalment,5187.22,"$5,187.22",International continuing fee per instalment,Master of Education (Adult Learning and Global Change),,
vancouver,masters,Master's,https://vancouver.calendar.ubc.ca/fees/tuition-fees/graduate/masters,Specialized Master's Degree Program,[],Master of Education (Counselling Psychology) (program on-campus),Program entry year,2026S or 2026W,domestic,2026,exactly,per_instalment,2734.71,"$2,734.71",Domestic fee per instalment,Master of Education (Counselling Psychology) (program on-campus),,
vancouver,masters,Master's,https://vancouver.calendar.ubc.ca/fees/tuition-fees/graduate/masters,Specialized Master's Degree Program,[],Master of Education (Counselling Psychology) (program on-campus),Program entry year,2026S or 2026W,domestic,2026,exactly,per_instalment,873.89,$873.89,Domestic continuing fee per instalment,Master of Education (Counselling Psychology) (program on-campus),,
vancouver,masters,Master's,https://vancouver.calendar.ubc.ca/fees/tuition-fees/graduate/masters,Specialized Master's Degree Program,[],Master of Education (Counselling Psychology) (program on-campus),Program entry year,2026S or 2026W,international,2026,exactly,per_instalment,5905.24,"$5,905.24",International fee per instalment,Master of Education (Counselling Psychology) (program on-campus),,
vancouver,masters,Master's,https://vancouver.calendar.ubc.ca/fees/tuition-fees/graduate/masters,Specialized Master's Degree Program,[],Master of Education (Counselling Psychology) (program on-campus),Program entry year,2026S or 2026W,international,2026,exactly,per_instalment,5905.24,"$5,905.24",International continuing fee per instalment,Master of Education (Counselling Psychology) (program on-campus),,
vancouver,masters,Master's,https://vancouver.calendar.ubc.ca/fees/tuition-fees/graduate/masters,Specialized Master's Degree Program,[],Master of Education (Counselling Psychology) (program on-campus),Program entry year,2025S or 2025W,domestic,2025,exactly,per_instalment,2734.71,"$2,734.71",Domestic fee per instalment,Master of Education (Counselling Psychology) (program on-campus),,
vancouver,masters,Master's,https://vancouver.calendar.ubc.ca/fees/tuition-fees/graduate/masters,Specialized Master's Degree Program,[],Master of Education (Counselling Psychology) (program on-campus),Program entry year,2025S or 2025W,domestic,2025,exactly,per_instalment,873.89,$873.89,Domestic continuing fee per instalment,Master of Education (Counselling Psychology) (program on-campus),,
vancouver,masters,Master's,https://vancouver.calendar.ubc.ca/fees/tuition-fees/graduate/masters,Specialized Master's Degree Program,[],Master of Education (Counselling Psychology) (program on-campus),Program entry year,2025S or 2025W,international,2025,exactly,per_instalment,5848.46,"$5,848.46",International fee per instalment,Master of Education (Counselling Psychology) (program on-campus),,
vancouver,masters,Master's,https://vancouver.calendar.ubc.ca/fees/tuition-fees/graduate/masters,Specialized Master's Degree Program,[],Master of Education (Counselling Psychology) (program on-campus),Program entry year,2025S or 2025W,international,2025,exactly,per_instalment,5848.46,"$5,848.46",International continuing fee per instalment,Master of Education (Counselling Psychology) (program on-campus),,
vancouver,masters,Master's,https://vancouver.calendar.ubc.ca/fees/tuition-fees/graduate/masters,Specialized Master's Degree Program,[],Master of Education (Counselling Psychology) (program on-campus),Program entry year,2024S or 2024W,domestic,2024,exactly,per_instalment,2734.71,"$2,734.71",Domestic fee per instalment,Master of Education (Counselling Psychology) (program on-campus),,
vancouver,masters,Master's,https://vancouver.calendar.ubc.ca/fees/tuition-fees/graduate/masters,Specialized Master's Degree Program,[],Master of Education (Counselling Psychology) (program on-campus),Program entry year,2024S or 2024W,domestic,2024,exactly,per_instalment,873.89,$873.89,Domestic continuing fee per instalment,Master of Education (Counselling Psychology) (program on-campus),,
vancouver,masters,Master's,https://vancouver.calendar.ubc.ca/fees/tuition-fees/graduate/masters,Specialized Master's Degree Program,[],Master of Education (Counselling Psychology) (program on-campus),Program entry year,2024S or 2024W,international,2024,exactly,per_instalment,5737.06,"$5,737.06",International fee per instalment,Master of Education (Counselling Psychology) (program on-campus),,
vancouver,masters,Master's,https://vancouver.calendar.ubc.ca/fees/tuition-fees/graduate/masters,Specialized Master's Degree Program,[],Master of Education (Counselling Psychology) (program on-campus),Program entry year,2024S or 2024W,international,2024,exactly,per_instalment,5737.06,"$5,737.06",International continuing fee per instalment,Master of Education (Counselling Psychology) (program on-campus),,
vancouver,masters,Master's,https://vancouver.calendar.ubc.ca/fees/tuition-fees/graduate/masters,Specialized Master's Degree Program,[],Master of Education (Counselling Psychology) (program on-campus),Program entry year,2023W or earlier,domestic,2023,or_earlier,per_instalment,2734.71,"$2,734.71",Domestic fee per instalment,Master of Education (Counselling Psychology) (program on-campus),,
vancouver,masters,Master's,https://vancouver.calendar.ubc.ca/fees/tuition-fees/graduate/masters,Specialized Master's Degree Program,[],Master of Education (Counselling Psychology) (program on-campus),Program entry year,2023W or earlier,domestic,2023,or_earlier,per_instalment,873.89,$873.89,Domestic continuing fee per instalment,Master of Education (Counselling Psychology) (program on-campus),,
vancouver,masters,Master's,https://vancouver.calendar.ubc.ca/fees/tuition-fees/graduate/masters,Specialized Master's Degree Program,[],Master of Education (Counselling Psychology) (program on-campus),Program entry year,2023W or earlier,international,2023,or_earlier,per_instalment,5627.78,"$5,627.78",International fee per instalment,Master of Education (Counselling Psychology) (program on-campus),,
vancouver,masters,Master's,https://vancouver.calendar.ubc.ca/fees/tuition-fees/graduate/masters,Specialized Master's Degree Program,[],Master of Education (Counselling Psychology) (program on-campus),Program entry year,2023W or earlier,international,2023,or_earlier,per_instalment,5627.78,"$5,627.78",International continuing fee per instalment,Master of Education (Counselling Psychology) (program on-campus),,
vancouver,masters,Master's,https://vancouver.calendar.ubc.ca/fees/tuition-fees/graduate/masters,Specialized Master's Degree Program,[],Master of Education (program off-campus),Program entry year,2026S or 2026W,domestic,2026,exactly,per_instalment,5797.38,"$5,797.38",Domestic fee per instalment,Master of Education (program off-campus),,
vancouver,masters,Master's,https://vancouver.calendar.ubc.ca/fees/tuition-fees/graduate/masters,Specialized Master's Degree Program,[],Master of Education (program off-campus),Program entry year,2026S or 2026W,domestic,2026,exactly,per_instalment,873.89,$873.89,Domestic continuing fee per instalment,Master of Education (program off-campus),,
vancouver,masters,Master's,https://vancouver.calendar.ubc.ca/fees/tuition-fees/graduate/masters,Specialized Master's Degree Program,[],Master of Education (program off-campus),Program entry year,2026S or 2026W,international,2026,exactly,per_instalment,6968.92,"$6,968.92",International fee per instalment,Master of Education (program off-campus),,
vancouver,masters,Master's,https://vancouver.calendar.ubc.ca/fees/tuition-fees/graduate/masters,Specialized Master's Degree Program,[],Master of Education (program off-campus),Program entry year,2026S or 2026W,international,2026,exactly,per_instalment,6968.92,"$6,968.92",International continuing fee per instalment,Master of Education (program off-campus),,
vancouver,masters,Master's,https://vancouver.calendar.ubc.ca/fees/tuition-fees/graduate/masters,Specialized Master's Degree Program,[],Master of Education (program off-campus),Program entry year,2025S or 2025W,domestic,2025,exactly,per_instalment,5797.38,"$5,797.38",Domestic fee per instalment,Master of Education (program off-campus),,
vancouver,masters,Master's,https://vancouver.calendar.ubc.ca/fees/tuition-fees/graduate/masters,Specialized Master's Degree Program,[],Master of Education (program off-campus),Program entry year,2025S or 2025W,domestic,2025,exactly,per_instalment,873.89,$873.89,Domestic continuing fee per instalment,Master of Education (program off-campus),,
vancouver,masters,Master's,https://vancouver.calendar.ubc.ca/fees/tuition-fees/graduate/masters,Specialized Master's Degree Program,[],Master of Education (program off-campus),Program entry year,2025S or 2025W,international,2025,exactly,per_instalment,6901.91,"$6,901.91",International fee per instalment,Master of Education (program off-campus),,
vancouver,masters,Master's,https://vancouver.calendar.ubc.ca/fees/tuition-fees/graduate/masters,Specialized Master's Degree Program,[],Master of Education (program off-campus),Program entry year,2025S or 2025W,international,2025,exactly,per_instalment,6901.91,"$6,901.91",International continuing fee per instalment,Master of Education (program off-campus),,
vancouver,masters,Master's,https://vancouver.calendar.ubc.ca/fees/tuition-fees/graduate/masters,Specialized Master's Degree Program,[],Master of Education (program off-campus),Program entry year,2024S or 2024W,domestic,2024,exactly,per_instalment,5797.38,"$5,797.38",Domestic fee per instalment,Master of Education (program off-campus),,
vancouver,masters,Master's,https://vancouver.calendar.ubc.ca/fees/tuition-fees/graduate/masters,Specialized Master's Degree Program,[],Master of Education (program off-campus),Program entry year,2024S or 2024W,domestic,2024,exactly,per_instalment,873.89,$873.89,Domestic continuing fee per instalment,Master of Education (program off-campus),,
vancouver,masters,Master's,https://vancouver.calendar.ubc.ca/fees/tuition-fees/graduate/masters,Specialized Master's Degree Program,[],Master of Education (program off-campus),Program entry year,2024S or 2024W,international,2024,exactly,per_instalment,6770.44,"$6,770.44",International fee per instalment,Master of Education (program off-campus),,
vancouver,masters,Master's,https://vancouver.calendar.ubc.ca/fees/tuition-fees/graduate/masters,Specialized Master's Degree Program,[],Master of Education (program off-campus),Program entry year,2024S or 2024W,international,2024,exactly,per_instalment,6770.44,"$6,770.44",International continuing fee per instalment,Master of Education (program off-campus),,
vancouver,masters,Master's,https://vancouver.calendar.ubc.ca/fees/tuition-fees/graduate/masters,Specialized Master's Degree Program,[],Master of Education (program off-campus),Program entry year,2023W or earlier,domestic,2023,or_earlier,per_instalment,5797.38,"$5,797.38",Domestic fee per instalment,Master of Education (program off-campus),,
vancouver,masters,Master's,https://vancouver.calendar.ubc.ca/fees/tuition-fees/graduate/masters,Specialized Master's Degree Program,[],Master of Education (program off-campus),Program entry year,2023W or earlier,domestic,2023,or_earlier,per_instalment,873.89,$873.89,Domestic continuing fee per instalment,Master of Education (program off-campus),,
vancouver,masters,Master's,https://vancouver.calendar.ubc.ca/fees/tuition-fees/graduate/masters,Specialized Master's Degree Program,[],Master of Education (program off-campus),Program entry year,2023W or earlier,international,2023,or_earlier,per_instalment,6641.48,"$6,641.48",International fee per instalment,Master of Education (program off-campus),,
vancouver,masters,Master's,https://vancouver.calendar.ubc.ca/fees/tuition-fees/graduate/masters,Specialized Master's Degree Program,[],Master of Education (program off-campus),Program entry year,2023W or earlier,international,2023,or_earlier,per_instalment,6641.48,"$6,641.48",International continuing fee per instalment,Master of Education (program off-campus),,
vancouver,masters,Master's,https://vancouver.calendar.ubc.ca/fees/tuition-fees/graduate/masters,Specialized Master's Degree Program,[],Master of Education (program off-campus),Program entry year,2026S or 2026W,domestic,2026,exactly,per_instalment,2898.66,"$2,898.66",Domestic fee per instalment,Master of Education (program off-campus),,
vancouver,masters,Master's,https://vancouver.calendar.ubc.ca/fees/tuition-fees/graduate/masters,Specialized Master's Degree Program,[],Master of Education (program off-campus),Program entry year,2026S or 2026W,domestic,2026,exactly,per_instalment,873.89,$873.89,Domestic continuing fee per instalment,Master of Education (program off-campus),,
vancouver,masters,Master's,https://vancouver.calendar.ubc.ca/fees/tuition-fees/graduate/masters,Specialized Master's Degree Program,[],Master of Education (program off-campus),Program entry year,2026S or 2026W,international,2026,exactly,per_instalment,3484.43,"$3,484.43",International fee per instalment,Master of Education (program off-campus),,
vancouver,masters,Master's,https://vancouver.calendar.ubc.ca/fees/tuition-fees/graduate/masters,Specialized Master's Degree Program,[],Master of Education (program off-campus),Program entry year,2026S or 2026W,international,2026,exactly,per_instalment,3484.43,"$3,484.43",International continuing fee per instalment,Master of Education (program off-campus),,
vancouver,masters,Master's,https://vancouver.calendar.ubc.ca/fees/tuition-fees/graduate/masters,Specialized Master's Degree Program,[],Master of Education (program off-campus),Program entry year,2025S or 2025W,domestic,2025,exactly,per_instalment,2898.66,"$2,898.66",Domestic fee per instalment,Master of Education (program off-campus),,
vancouver,masters,Master's,https://vancouver.calendar.ubc.ca/fees/tuition-fees/graduate/masters,Specialized Master's Degree Program,[],Master of Education (program off-campus),Program entry year,2025S or 2025W,domestic,2025,exactly,per_instalment,873.89,$873.89,Domestic continuing fee per instalment,Master of Education (program off-campus),,
vancouver,masters,Master's,https://vancouver.calendar.ubc.ca/fees/tuition-fees/graduate/masters,Specialized Master's Degree Program,[],Master of Education (program off-campus),Program entry year,2025S or 2025W,international,2025,exactly,per_instalment,3450.93,"$3,450.93",International fee per instalment,Master of Education (program off-campus),,
vancouver,masters,Master's,https://vancouver.calendar.ubc.ca/fees/tuition-fees/graduate/masters,Specialized Master's Degree Program,[],Master of Education (program off-campus),Program entry year,2025S or 2025W,international,2025,exactly,per_instalment,3450.93,"$3,450.93",International continuing fee per instalment,Master of Education (program off-campus),,
vancouver,masters,Master's,https://vancouver.calendar.ubc.ca/fees/tuition-fees/graduate/masters,Specialized Master's Degree Program,[],Master of Education (program off-campus),Program entry year,2024S or 2024W,domestic,2024,exactly,per_instalment,2898.66,"$2,898.66",Domestic fee per instalment,Master of Education (program off-campus),,
vancouver,masters,Master's,https://vancouver.calendar.ubc.ca/fees/tuition-fees/graduate/masters,Specialized Master's Degree Program,[],Master of Education (program off-campus),Program entry year,2024S or 2024W,domestic,2024,exactly,per_instalment,873.89,$873.89,Domestic continuing fee per instalment,Master of Education (program off-campus),,
vancouver,masters,Master's,https://vancouver.calendar.ubc.ca/fees/tuition-fees/graduate/masters,Specialized Master's Degree Program,[],Master of Education (program off-campus),Program entry year,2024S or 2024W,international,2024,exactly,per_instalment,3385.19,"$3,385.19",International fee per instalment,Master of Education (program off-campus),,
vancouver,masters,Master's,https://vancouver.calendar.ubc.ca/fees/tuition-fees/graduate/masters,Specialized Master's Degree Program,[],Master of Education (program off-campus),Program entry year,2024S or 2024W,international,2024,exactly,per_instalment,3385.19,"$3,385.19",International continuing fee per instalment,Master of Education (program off-campus),,
vancouver,masters,Master's,https://vancouver.calendar.ubc.ca/fees/tuition-fees/graduate/masters,Specialized Master's Degree Program,[],Master of Education (program off-campus),Program entry year,2023S or 2023W,domestic,2023,exactly,per_instalment,2898.66,"$2,898.66",Domestic fee per instalment,Master of Education (program off-campus),,
vancouver,masters,Master's,https://vancouver.calendar.ubc.ca/fees/tuition-fees/graduate/masters,Specialized Master's Degree Program,[],Master of Education (program off-campus),Program entry year,2023S or 2023W,domestic,2023,exactly,per_instalment,873.89,$873.89,Domestic continuing fee per instalment,Master of Education (program off-campus),,
vancouver,masters,Master's,https://vancouver.calendar.ubc.ca/fees/tuition-fees/graduate/masters,Specialized Master's Degree Program,[],Master of Education (program off-campus),Program entry year,2023S or 2023W,international,2023,exactly,per_instalment,3320.72,"$3,320.72",International fee per instalment,Master of Education (program off-campus),,
vancouver,masters,Master's,https://vancouver.calendar.ubc.ca/fees/tuition-fees/graduate/masters,Specialized Master's Degree Program,[],Master of Education (program off-campus),Program entry year,2023S or 2023W,international,2023,exactly,per_instalment,3320.72,"$3,320.72",International continuing fee per instalment,Master of Education (program off-campus),,
vancouver,masters,Master's,https://vancouver.calendar.ubc.ca/fees/tuition-fees/graduate/masters,Specialized Master's Degree Program,[],Master of Education (program off-campus),Program entry year,2022W or earlier,domestic,2022,or_earlier,per_instalment,2898.66,"$2,898.66",Domestic fee per instalment,Master of Education (program off-campus),,
vancouver,masters,Master's,https://vancouver.calendar.ubc.ca/fees/tuition-fees/graduate/masters,Specialized Master's Degree Program,[],Master of Education (program off-campus),Program entry year,2022W or earlier,domestic,2022,or_earlier,per_instalment,873.89,$873.89,Domestic continuing fee per instalment,Master of Education (program off-campus),,
vancouver,masters,Master's,https://vancouver.calendar.ubc.ca/fees/tuition-fees/graduate/masters,Specialized Master's Degree Program,[],Master of Education (program off-campus),Program entry year,2022W or earlier,international,2022,or_earlier,per_instalment,3257.46,"$3,257.46",International fee per instalment,Master of Education (program off-campus),,
vancouver,masters,Master's,https://vancouver.calendar.ubc.ca/fees/tuition-fees/graduate/masters,Specialized Master's Degree Program,[],Master of Education (program off-campus),Program entry year,2022W or earlier,international,2022,or_earlier,per_instalment,3257.46,"$3,257.46",International continuing fee per instalment,Master of Education (program off-campus),,
vancouver,masters,Master's,https://vancouver.calendar.ubc.ca/fees/tuition-fees/graduate/masters,Specialized Master's Degree Program,[],Master of Education (program off-campus),Program entry year,2026S or 2026W,domestic,2026,exactly,per_instalment,2484.57,"$2,484.57",Domestic fee per instalment,Master of Education (program off-campus),,
vancouver,masters,Master's,https://vancouver.calendar.ubc.ca/fees/tuition-fees/graduate/masters,Specialized Master's Degree Program,[],Master of Education (program off-campus),Program entry year,2026S or 2026W,domestic,2026,exactly,per_instalment,873.89,$873.89,Domestic continuing fee per instalment,Master of Education (program off-campus),,
vancouver,masters,Master's,https://vancouver.calendar.ubc.ca/fees/tuition-fees/graduate/masters,Specialized Master's Degree Program,[],Master of Education (program off-campus),Program entry year,2026S or 2026W,international,2026,exactly,per_instalment,2986.66,"$2,986.66",International fee per instalment,Master of Education (program off-campus),,
vancouver,masters,Master's,https://vancouver.calendar.ubc.ca/fees/tuition-fees/graduate/masters,Specialized Master's Degree Program,[],Master of Education (program off-campus),Program entry year,2026S or 2026W,international,2026,exactly,per_instalment,2986.66,"$2,986.66",International continuing fee per instalment,Master of Education (program off-campus),,
vancouver,masters,Master's,https://vancouver.calendar.ubc.ca/fees/tuition-fees/graduate/masters,Specialized Master's Degree Program,[],Master of Education (program off-campus),Program entry year,2025S or 2025W,domestic,2025,exactly,per_instalment,2484.57,"$2,484.57",Domestic fee per instalment,Master of Education (program off-campus),,
vancouver,masters,Master's,https://vancouver.calendar.ubc.ca/fees/tuition-fees/graduate/masters,Specialized Master's Degree Program,[],Master of Education (program off-campus),Program entry year,2025S or 2025W,domestic,2025,exactly,per_instalment,873.89,$873.89,Domestic continuing fee per instalment,Master of Education (program off-campus),,
vancouver,masters,Master's,https://vancouver.calendar.ubc.ca/fees/tuition-fees/graduate/masters,Specialized Master's Degree Program,[],Master of Education (program off-campus),Program entry year,2025S or 2025W,international,2025,exactly,per_instalment,2957.94,"$2,957.94",International fee per instalment,Master of Education (program off-campus),,
vancouver,masters,Master's,https://vancouver.calendar.ubc.ca/fees/tuition-fees/graduate/masters,Specialized Master's Degree Program,[],Master of Education (program off-campus),Program entry year,2025S or 2025W,international,2025,exactly,per_instalment,2957.94,"$2,957.94",International continuing fee per instalment,Master of Education (program off-campus),,
vancouver,masters,Master's,https://vancouver.calendar.ubc.ca/fees/tuition-fees/graduate/masters,Specialized Master's Degree Program,[],Master of Education (program off-campus),Program entry year,2024S or 2024W,domestic,2024,exactly,per_instalment,2484.57,"$2,484.57",Domestic fee per instalment,Master of Education (program off-campus),,
vancouver,masters,Master's,https://vancouver.calendar.ubc.ca/fees/tuition-fees/graduate/masters,Specialized Master's Degree Program,[],Master of Education (program off-campus),Program entry year,2024S or 2024W,domestic,2024,exactly,per_instalment,873.89,$873.89,Domestic continuing fee per instalment,Master of Education (program off-campus),,
vancouver,masters,Master's,https://vancouver.calendar.ubc.ca/fees/tuition-fees/graduate/masters,Specialized Master's Degree Program,[],Master of Education (program off-campus),Program entry year,2024S or 2024W,international,2024,exactly,per_instalment,2901.6,"$2,901.60",International fee per instalment,Master of Education (program off-campus),,
vancouver,masters,Master's,https://vancouver.calendar.ubc.ca/fees/tuition-fees/graduate/masters,Specialized Master's Degree Program,[],Master of Education (program off-campus),Program entry year,2024S or 2024W,international,2024,exactly,per_instalment,2901.6,"$2,901.60",International continuing fee per instalment,Master of Education (program off-campus),,
vancouver,masters,Master's,https://vancouver.calendar.ubc.ca/fees/tuition-fees/graduate/masters,Specialized Master's Degree Program,[],Master of Education (program off-campus),Program entry year,2023S or 2023W,domestic,2023,exactly,per_instalment,2484.57,"$2,484.57",Domestic fee per instalment,Master of Education (program off-campus),,
vancouver,masters,Master's,https://vancouver.calendar.ubc.ca/fees/tuition-fees/graduate/masters,Specialized Master's Degree Program,[],Master of Education (program off-campus),Program entry year,2023S or 2023W,domestic,2023,exactly,per_instalment,873.89,$873.89,Domestic continuing fee per instalment,Master of Education (program off-campus),,
vancouver,masters,Master's,https://vancouver.calendar.ubc.ca/fees/tuition-fees/graduate/masters,Specialized Master's Degree Program,[],Master of Education (program off-campus),Program entry year,2023S or 2023W,international,2023,exactly,per_instalment,2846.32,"$2,846.32",International fee per instalment,Master of Education (program off-campus),,
vancouver,masters,Master's,https://vancouver.calendar.ubc.ca/fees/tuition-fees/graduate/masters,Specialized Master's Degree Program,[],Master of Education (program off-campus),Program entry year,2023S or 2023W,international,2023,exactly,per_instalment,2846.32,"$2,846.32",International continuing fee per instalment,Master of Education (program off-campus),,
vancouver,masters,Master's,https://vancouver.calendar.ubc.ca/fees/tuition-fees/graduate/masters,Specialized Master's Degree Program,[],Master of Education (program off-campus),Program entry year,2022W or earlier,domestic,2022,or_earlier,per_instalment,2484.57,"$2,484.57",Domestic fee per instalment,Master of Education (program off-campus),,
vancouver,masters,Master's,https://vancouver.calendar.ubc.ca/fees/tuition-fees/graduate/masters,Specialized Master's Degree Program,[],Master of Education (program off-campus),Program entry year,2022W or earlier,domestic,2022,or_earlier,per_instalment,873.89,$873.89,Domestic continuing fee per instalment,Master of Education (program off-campus),,
vancouver,masters,Master's,https://vancouver.calendar.ubc.ca/fees/tuition-fees/graduate/masters,Specialized Master's Degree Program,[],Master of Education (program off-campus),Program entry year,2022W or earlier,international,2022,or_earlier,per_instalment,2792.11,"$2,792.11",International fee per instalment,Master of Education (program off-campus),,
vancouver,masters,Master's,https://vancouver.calendar.ubc.ca/fees/tuition-fees/graduate/masters,Specialized Master's Degree Program,[],Master of Education (program off-campus),Program entry year,2022W or earlier,international,2022,or_earlier,per_instalment,2792.11,"$2,792.11",International continuing fee per instalment,Master of Education (program off-campus),,
vancouver,masters,Master's,https://vancouver.calendar.ubc.ca/fees/tuition-fees/graduate/masters,Specialized Master's Degree Program,[],Master of Education (program off-campus),Program entry year,2026S or 2026W,domestic,2026,exactly,per_instalment,2173.99,"$2,173.99",Domestic fee per instalment,Master of Education (program off-campus),,
vancouver,masters,Master's,https://vancouver.calendar.ubc.ca/fees/tuition-fees/graduate/masters,Specialized Master's Degree Program,[],Master of Education (program off-campus),Program entry year,2026S or 2026W,domestic,2026,exactly,per_instalment,873.89,$873.89,Domestic continuing fee per instalment,Master of Education (program off-campus),,
vancouver,masters,Master's,https://vancouver.calendar.ubc.ca/fees/tuition-fees/graduate/masters,Specialized Master's Degree Program,[],Master of Education (program off-campus),Program entry year,2026S or 2026W,international,2026,exactly,per_instalment,2613.3,"$2,613.30",International fee per instalment,Master of Education (program off-campus),,
vancouver,masters,Master's,https://vancouver.calendar.ubc.ca/fees/tuition-fees/graduate/masters,Specialized Master's Degree Program,[],Master of Education (program off-campus),Program entry year,2026S or 2026W,international,2026,exactly,per_instalment,2613.3,"$2,613.30",International continuing fee per instalment,Master of Education (program off-campus),,
vancouver,masters,Master's,https://vancouver.calendar.ubc.ca/fees/tuition-fees/graduate/masters,Specialized Master's Degree Program,[],Master of Education (program off-campus),Program entry year,2025S or 2025W,domestic,2025,exactly,per_instalment,2173.99,"$2,173.99",Domestic fee per instalment,Master of Education (program off-campus),,
vancouver,masters,Master's,https://vancouver.calendar.ubc.ca/fees/tuition-fees/graduate/masters,Specialized Master's Degree Program,[],Master of Education (program off-campus),Program entry year,2025S or 2025W,domestic,2025,exactly,per_instalment,873.89,$873.89,Domestic continuing fee per instalment,Master of Education (program off-campus),,
vancouver,masters,Master's,https://vancouver.calendar.ubc.ca/fees/tuition-fees/graduate/masters,Specialized Master's Degree Program,[],Master of Education (program off-campus),Program entry year,2025S or 2025W,international,2025,exactly,per_instalment,2588.17,"$2,588.17",International fee per instalment,Master of Education (program off-campus),,
vancouver,masters,Master's,https://vancouver.calendar.ubc.ca/fees/tuition-fees/graduate/masters,Specialized Master's Degree Program,[],Master of Education (program off-campus),Program entry year,2025S or 2025W,international,2025,exactly,per_instalment,2588.17,"$2,588.17",International continuing fee per instalment,Master of Education (program off-campus),,
vancouver,masters,Master's,https://vancouver.calendar.ubc.ca/fees/tuition-fees/graduate/masters,Specialized Master's Degree Program,[],Master of Education (program off-campus),Program entry year,2024S or 2024W,domestic,2024,exactly,per_instalment,2173.99,"$2,173.99",Domestic fee per instalment,Master of Education (program off-campus),,
vancouver,masters,Master's,https://vancouver.calendar.ubc.ca/fees/tuition-fees/graduate/masters,Specialized Master's Degree Program,[],Master of Education (program off-campus),Program entry year,2024S or 2024W,domestic,2024,exactly,per_instalment,873.89,$873.89,Domestic continuing fee per instalment,Master of Education (program off-campus),,
vancouver,masters,Master's,https://vancouver.calendar.ubc.ca/fees/tuition-fees/graduate/masters,Specialized Master's Degree Program,[],Master of Education (program off-campus),Program entry year,2024S or 2024W,international,2024,exactly,per_instalment,2538.87,"$2,538.87",International fee per instalment,Master of Education (program off-campus),,
vancouver,masters,Master's,https://vancouver.calendar.ubc.ca/fees/tuition-fees/graduate/masters,Specialized Master's Degree Program,[],Master of Education (program off-campus),Program entry year,2024S or 2024W,international,2024,exactly,per_instalment,2538.87,"$2,538.87",International continuing fee per instalment,Master of Education (program off-campus),,
vancouver,masters,Master's,https://vancouver.calendar.ubc.ca/fees/tuition-fees/graduate/masters,Specialized Master's Degree Program,[],Master of Education (program off-campus),Program entry year,2023S or 2023W,domestic,2023,exactly,per_instalment,2173.99,"$2,173.99",Domestic fee per instalment,Master of Education (program off-campus),,
vancouver,masters,Master's,https://vancouver.calendar.ubc.ca/fees/tuition-fees/graduate/masters,Specialized Master's Degree Program,[],Master of Education (program off-campus),Program entry year,2023S or 2023W,domestic,2023,exactly,per_instalment,873.89,$873.89,Domestic continuing fee per instalment,Master of Education (program off-campus),,
vancouver,masters,Master's,https://vancouver.calendar.ubc.ca/fees/tuition-fees/graduate/masters,Specialized Master's Degree Program,[],Master of Education (program off-campus),Program entry year,2023S or 2023W,international,2023,exactly,per_instalment,2490.51,"$2,490.51",International fee per instalment,Master of Education (program off-campus),,
vancouver,masters,Master's,https://vancouver.calendar.ubc.ca/fees/tuition-fees/graduate/masters,Specialized Master's Degree Program,[],Master of Education (program off-campus),Program entry year,2023S or 2023W,international,2023,exactly,per_instalment,2490.51,"$2,490.51",International continuing fee per instalment,Master of Education (program off-campus),,
vancouver,masters,Master's,https://vancouver.calendar.ubc.ca/fees/tuition-fees/graduate/masters,Specialized Master's Degree Program,[],Master of Education (program off-campus),Program entry year,2022W or earlier,domestic,2022,or_earlier,per_instalment,2173.99,"$2,173.99",Domestic fee per instalment,Master of Education (program off-campus),,
vancouver,masters,Master's,https://vancouver.calendar.ubc.ca/fees/tuition-fees/graduate/masters,Specialized Master's Degree Program,[],Master of Education (program off-campus),Program entry year,2022W or earlier,domestic,2022,or_earlier,per_instalment,873.89,$873.89,Domestic continuing fee per instalment,Master of Education (program off-campus),,
vancouver,masters,Master's,https://vancouver.calendar.ubc.ca/fees/tuition-fees/graduate/masters,Specialized Master's Degree Program,[],Master of Education (program off-campus),Program entry year,2022W or earlier,international,2022,or_earlier,per_instalment,2443.07,"$2,443.07",International fee per instalment,Master of Education (program off-campus),,
vancouver,masters,Master's,https://vancouver.calendar.ubc.ca/fees/tuition-fees/graduate/masters,Specialized Master's Degree Program,[],Master of Education (program off-campus),Program entry year,2022W or earlier,international,2022,or_earlier,per_instalment,2443.07,"$2,443.07",International continuing fee per instalment,Master of Education (program off-campus),,
vancouver,masters,Master's,https://vancouver.calendar.ubc.ca/fees/tuition-fees/graduate/masters,Specialized Master's Degree Program,[],Master of Education (program off-campus),Program entry year,2026S or 2026W,domestic,2026,exactly,per_instalment,1932.42,"$1,932.42",Domestic fee per instalment,Master of Education (program off-campus),,
vancouver,masters,Master's,https://vancouver.calendar.ubc.ca/fees/tuition-fees/graduate/masters,Specialized Master's Degree Program,[],Master of Education (program off-campus),Program entry year,2026S or 2026W,domestic,2026,exactly,per_instalment,873.89,$873.89,Domestic continuing fee per instalment,Master of Education (program off-campus),,
vancouver,masters,Master's,https://vancouver.calendar.ubc.ca/fees/tuition-fees/graduate/masters,Specialized Master's Degree Program,[],Master of Education (program off-campus),Program entry year,2026S or 2026W,international,2026,exactly,per_instalment,2322.95,"$2,322.95",International fee per instalment,Master of Education (program off-campus),,
vancouver,masters,Master's,https://vancouver.calendar.ubc.ca/fees/tuition-fees/graduate/masters,Specialized Master's Degree Program,[],Master of Education (program off-campus),Program entry year,2026S or 2026W,international,2026,exactly,per_instalment,2322.95,"$2,322.95",International continuing fee per instalment,Master of Education (program off-campus),,
vancouver,masters,Master's,https://vancouver.calendar.ubc.ca/fees/tuition-fees/graduate/masters,Specialized Master's Degree Program,[],Master of Education (program off-campus),Program entry year,2025S or 2025W,domestic,2025,exactly,per_instalment,1932.42,"$1,932.42",Domestic fee per instalment,Master of Education (program off-campus),,
vancouver,masters,Master's,https://vancouver.calendar.ubc.ca/fees/tuition-fees/graduate/masters,Specialized Master's Degree Program,[],Master of Education (program off-campus),Program entry year,2025S or 2025W,domestic,2025,exactly,per_instalment,873.89,$873.89,Domestic continuing fee per instalment,Master of Education (program off-campus),,
vancouver,masters,Master's,https://vancouver.calendar.ubc.ca/fees/tuition-fees/graduate/masters,Specialized Master's Degree Program,[],Master of Education (program off-campus),Program entry year,2025S or 2025W,international,2025,exactly,per_instalment,2300.61,"$2,300.61",International fee per instalment,Master of Education (program off-campus),,
vancouver,masters,Master's,https://vancouver.calendar.ubc.ca/fees/tuition-fees/graduate/masters,Specialized Master's Degree Program,[],Master of Education (program off-campus),Program entry year,2025S or 2025W,international,2025,exactly,per_instalment,2300.61,"$2,300.61",International continuing fee per instalment,Master of Education (program off-campus),,
vancouver,masters,Master's,https://vancouver.calendar.ubc.ca/fees/tuition-fees/graduate/masters,Specialized Master's Degree Program,[],Master of Education (program off-campus),Program entry year,2024S or 2024W,domestic,2024,exactly,per_instalment,1932.42,"$1,932.42",Domestic fee per instalment,Master of Education (program off-campus),,
vancouver,masters,Master's,https://vancouver.calendar.ubc.ca/fees/tuition-fees/graduate/masters,Specialized Master's Degree Program,[],Master of Education (program off-campus),Program entry year,2024S or 2024W,domestic,2024,exactly,per_instalment,873.89,$873.89,Domestic continuing fee per instalment,Master of Education (program off-campus),,
vancouver,masters,Master's,https://vancouver.calendar.ubc.ca/fees/tuition-fees/graduate/masters,Specialized Master's Degree Program,[],Master of Education (program off-campus),Program entry year,2024S or 2024W,international,2024,exactly,per_instalment,2256.79,"$2,256.79",International fee per instalment,Master of Education (program off-campus),,
vancouver,masters,Master's,https://vancouver.calendar.ubc.ca/fees/tuition-fees/graduate/masters,Specialized Master's Degree Program,[],Master of Education (program off-campus),Program entry year,2024S or 2024W,international,2024,exactly,per_instalment,2256.79,"$2,256.79",International continuing fee per instalment,Master of Education (program off-campus),,
vancouver,masters,Master's,https://vancouver.calendar.ubc.ca/fees/tuition-fees/graduate/masters,Specialized Master's Degree Program,[],Master of Education (program off-campus),Program entry year,2023S or 2023W,domestic,2023,exactly,per_instalment,1932.42,"$1,932.42",Domestic fee per instalment,Master of Education (program off-campus),,
vancouver,masters,Master's,https://vancouver.calendar.ubc.ca/fees/tuition-fees/graduate/masters,Specialized Master's Degree Program,[],Master of Education (program off-campus),Program entry year,2023S or 2023W,domestic,2023,exactly,per_instalment,873.89,$873.89,Domestic continuing fee per instalment,Master of Education (program off-campus),,
vancouver,masters,Master's,https://vancouver.calendar.ubc.ca/fees/tuition-fees/graduate/masters,Specialized Master's Degree Program,[],Master of Education (program off-campus),Program entry year,2023S or 2023W,international,2023,exactly,per_instalment,2213.8,"$2,213.80",International fee per instalment,Master of Education (program off-campus),,
vancouver,masters,Master's,https://vancouver.calendar.ubc.ca/fees/tuition-fees/graduate/masters,Specialized Master's Degree Program,[],Master of Education (program off-campus),Program entry year,2023S or 2023W,international,2023,exactly,per_instalment,2213.8,"$2,213.80",International continuing fee per instalment,Master of Education (program off-campus),,
vancouver,masters,Master's,https://vancouver.calendar.ubc.ca/fees/tuition-fees/graduate/masters,Specialized Master's Degree Program,[],Master of Education (program off-campus),Program entry year,2022S or 2022W,domestic,2022,exactly,per_instalment,1932.42,"$1,932.42",Domestic fee per instalment,Master of Education (program off-campus),,
vancouver,masters,Master's,https://vancouver.calendar.ubc.ca/fees/tuition-fees/graduate/masters,Specialized Master's Degree Program,[],Master of Education (program off-campus),Program entry year,2022S or 2022W,domestic,2022,exactly,per_instalment,873.89,$873.89,Domestic continuing fee per instalment,Master of Education (program off-campus),,
vancouver,masters,Master's,https://vancouver.calendar.ubc.ca/fees/tuition-fees/graduate/masters,Specialized Master's Degree Program,[],Master of Education (program off-campus),Program entry year,2022S or 2022W,international,2022,exactly,per_instalment,2171.64,"$2,171.64",International fee per instalment,Master of Education (program off-campus),,
vancouver,masters,Master's,https://vancouver.calendar.ubc.ca/fees/tuition-fees/graduate/masters,Specialized Master's Degree Program,[],Master of Education (program off-campus),Program entry year,2022S or 2022W,international,2022,exactly,per_instalment,2171.64,"$2,171.64",International continuing fee per instalment,Master of Education (program off-campus),,
vancouver,masters,Master's,https://vancouver.calendar.ubc.ca/fees/tuition-fees/graduate/masters,Specialized Master's Degree Program,[],Master of Education (program off-campus),Program entry year,2021W or earlier,domestic,2021,or_earlier,per_instalment,1932.42,"$1,932.42",Domestic fee per instalment,Master of Education (program off-campus),,
vancouver,masters,Master's,https://vancouver.calendar.ubc.ca/fees/tuition-fees/graduate/masters,Specialized Master's Degree Program,[],Master of Education (program off-campus),Program entry year,2021W or earlier,domestic,2021,or_earlier,per_instalment,873.89,$873.89,Domestic continuing fee per instalment,Master of Education (program off-campus),,
vancouver,masters,Master's,https://vancouver.calendar.ubc.ca/fees/tuition-fees/graduate/masters,Specialized Master's Degree Program,[],Master of Education (program off-campus),Program entry year,2021W or earlier,international,2021,or_earlier,per_instalment,2129.87,"$2,129.87",International fee per instalment,Master of Education (program off-campus),,
vancouver,masters,Master's,https://vancouver.calendar.ubc.ca/fees/tuition-fees/graduate/masters,Specialized Master's Degree Program,[],Master of Education (program off-campus),Program entry year,2021W or earlier,international,2021,or_earlier,per_instalment,2129.87,"$2,129.87",International continuing fee per instalment,Master of Education (program off-campus),,
vancouver,masters,Master's,https://vancouver.calendar.ubc.ca/fees/tuition-fees/graduate/masters,Specialized Master's Degree Program,[],Master of Educational Technology,Program entry year,2026S or 2026W,domestic,2026,exactly,per_credit,631.48,$631.48,Domestic tuition per credit,Master of Educational Technology,,18944.4
vancouver,masters,Master's,https://vancouver.calendar.ubc.ca/fees/tuition-fees/graduate/masters,Specialized Master's Degree Program,[],Master of Educational Technology,Program entry year,2026S or 2026W,international,2026,exactly,per_credit,1087.92,"$1,087.92",International tuition per credit,Master of Educational Technology,,32637.6
vancouver,masters,Master's,https://vancouver.calendar.ubc.ca/fees/tuition-fees/graduate/masters,Specialized Master's Degree Program,[],Master of Educational Technology,Program entry year,2025S or 2025W,domestic,2025,exactly,per_credit,631.48,$631.48,Domestic tuition per credit,Master of Educational Technology,,18944.4
vancouver,masters,Master's,https://vancouver.calendar.ubc.ca/fees/tuition-fees/graduate/masters,Specialized Master's Degree Program,[],Master of Educational Technology,Program entry year,2025S or 2025W,international,2025,exactly,per_credit,1077.46,"$1,077.46",International tuition per credit,Master of Educational Technology,,32323.8
vancouver,masters,Master's,https://vancouver.calendar.ubc.ca/fees/tuition-fees/graduate/masters,Specialized Master's Degree Program,[],Master of Educational Technology,Program entry year,2024S or 2024W,domestic,2024,exactly,per_credit,631.48,$631.48,Domestic tuition per credit,Master of Educational Technology,,18944.4
vancouver,masters,Master's,https://vancouver.calendar.ubc.ca/fees/tuition-fees/graduate/masters,Specialized Master's Degree Program,[],Master of Educational Technology,Program entry year,2024S or 2024W,international,2024,exactly,per_credit,1056.93,"$1,056.93",International tuition per credit,Master of Educational Technology,,31707.9
vancouver,masters,Master's,https://vancouver.calendar.ubc.ca/fees/tuition-fees/graduate/masters,Specialized Master's Degree Program,[],Master of Educational Technology,Program entry year,2023S or 2023W,domestic,2023,exactly,per_credit,631.48,$631.48,Domestic tuition per credit,Master of Educational Technology,,18944.4
vancouver,masters,Master's,https://vancouver.calendar.ubc.ca/fees/tuition-fees/graduate/masters,Specialized Master's Degree Program,[],Master of Educational Technology,Program entry year,2023S or 2023W,international,2023,exactly,per_credit,1036.79,"$1,036.79",International tuition per credit,Master of Educational Technology,,31103.7
vancouver,masters,Master's,https://vancouver.calendar.ubc.ca/fees/tuition-fees/graduate/masters,Specialized Master's Degree Program,[],Master of Educational Technology,Program entry year,2022S or 2022W,domestic,2022,exactly,per_credit,631.48,$631.48,Domestic tuition per credit,Master of Educational Technology,,18944.4
vancouver,masters,Master's,https://vancouver.calendar.ubc.ca/fees/tuition-fees/graduate/masters,Specialized Master's Degree Program,[],Master of Educational Technology,Program entry year,2022S or 2022W,international,2022,exactly,per_credit,1017.05,"$1,017.05",International tuition per credit,Master of Educational Technology,,30511.5
vancouver,masters,Master's,https://vancouver.calendar.ubc.ca/fees/tuition-fees/graduate/masters,Specialized Master's Degree Program,[],Master of Educational Technology,Program entry year,2021W or earlier,domestic,2021,or_earlier,per_credit,631.48,$631.48,Domestic tuition per credit,Master of Educational Technology,,18944.4
vancouver,masters,Master's,https://vancouver.calendar.ubc.ca/fees/tuition-fees/graduate/masters,Specialized Master's Degree Program,[],Master of Educational Technology,Program entry year,2021W or earlier,international,2021,or_earlier,per_credit,997.48,$997.48,International tuition per credit,Master of Educational Technology,,29924.4
vancouver,masters,Master's,https://vancouver.calendar.ubc.ca/fees/tuition-fees/graduate/masters,Specialized Master's Degree Program,[],Master of Engineering (full-time),Program entry year,2026S or 2026W,domestic,2026,exactly,per_instalment,2324.98,"$2,324.98",Domestic fee per instalment,Master of Engineering (full-time),,
vancouver,masters,Master's,https://vancouver.calendar.ubc.ca/fees/tuition-fees/graduate/masters,Specialized Master's Degree Program,[],Master of Engineering (full-time),Program entry year,2026S or 2026W,domestic,2026,exactly,per_instalment,873.89,$873.89,Domestic continuing fee per instalment,Master of Engineering (full-time),,
vancouver,masters,Master's,https://vancouver.calendar.ubc.ca/fees/tuition-fees/graduate/masters,Specialized Master's Degree Program,[],Master of Engineering (full-time),Program entry year,2026S or 2026W,international,2026,exactly,per_instalment,9139.78,"$9,139.78",International fee per instalment,Master of Engineering (full-time),,
vancouver,masters,Master's,https://vancouver.calendar.ubc.ca/fees/tuition-fees/graduate/masters,Specialized Master's Degree Program,[],Master of Engineering (full-time),Program entry year,2026S or 2026W,international,2026,exactly,per_instalment,9139.78,"$9,139.78",International continuing fee per instalment,Master of Engineering (full-time),,
vancouver,masters,Master's,https://vancouver.calendar.ubc.ca/fees/tuition-fees/graduate/masters,Specialized Master's Degree Program,[],Master of Engineering (full-time),Program entry year,2025S or 2025W,domestic,2025,exactly,per_instalment,2324.98,"$2,324.98",Domestic fee per instalment,Master of Engineering (full-time),,
vancouver,masters,Master's,https://vancouver.calendar.ubc.ca/fees/tuition-fees/graduate/masters,Specialized Master's Degree Program,[],Master of Engineering (full-time),Program entry year,2025S or 2025W,domestic,2025,exactly,per_instalment,873.89,$873.89,Domestic continuing fee per instalment,Master of Engineering (full-time),,
vancouver,masters,Master's,https://vancouver.calendar.ubc.ca/fees/tuition-fees/graduate/masters,Specialized Master's Degree Program,[],Master of Engineering (full-time),Program entry year,2025S or 2025W,international,2025,exactly,per_instalment,9051.89,"$9,051.89",International fee per instalment,Master of Engineering (full-time),,
vancouver,masters,Master's,https://vancouver.calendar.ubc.ca/fees/tuition-fees/graduate/masters,Specialized Master's Degree Program,[],Master of Engineering (full-time),Program entry year,2025S or 2025W,international,2025,exactly,per_instalment,9051.89,"$9,051.89",International continuing fee per instalment,Master of Engineering (full-time),,
vancouver,masters,Master's,https://vancouver.calendar.ubc.ca/fees/tuition-fees/graduate/masters,Specialized Master's Degree Program,[],Master of Engineering (full-time),Program entry year,2024S or 2024W,domestic,2024,exactly,per_instalment,2324.98,"$2,324.98",Domestic fee per instalment,Master of Engineering (full-time),,
vancouver,masters,Master's,https://vancouver.calendar.ubc.ca/fees/tuition-fees/graduate/masters,Specialized Master's Degree Program,[],Master of Engineering (full-time),Program entry year,2024S or 2024W,domestic,2024,exactly,per_instalment,873.89,$873.89,Domestic continuing fee per instalment,Master of Engineering (full-time),,
vancouver,masters,Master's,https://vancouver.calendar.ubc.ca/fees/tuition-fees/graduate/masters,Specialized Master's Degree Program,[],Master of Engineering (full-time),Program entry year,2024S or 2024W,international,2024,exactly,per_instalment,8879.48,"$8,879.48",International fee per instalment,Master of Engineering (full-time),,
vancouver,masters,Master's,https://vancouver.calendar.ubc.ca/fees/tuition-fees/graduate/masters,Specialized Master's Degree Program,[],Master of Engineering (full-time),Program entry year,2024S or 2024W,international,2024,exactly,per_instalment,8879.48,"$8,879.48",International continuing fee per instalment,Master of Engineering (full-time),,
vancouver,masters,Master's,https://vancouver.calendar.ubc.ca/fees/tuition-fees/graduate/masters,Specialized Master's Degree Program,[],Master of Engineering (full-time),Program entry year,2023W or earlier,domestic,2023,or_earlier,per_instalment,2324.98,"$2,324.98",Domestic fee per instalment,Master of Engineering (full-time),,
vancouver,masters,Master's,https://vancouver.calendar.ubc.ca/fees/tuition-fees/graduate/masters,Specialized Master's Degree Program,[],Master of Engineering (full-time),Program entry year,2023W or earlier,domestic,2023,or_earlier,per_instalment,873.89,$873.89,Domestic continuing fee per instalment,Master of Engineering (full-time),,
vancouver,masters,Master's,https://vancouver.calendar.ubc.ca/fees/tuition-fees/graduate/masters,Specialized Master's Degree Program,[],Master of Engineering (full-time),Program entry year,2023W or earlier,international,2023,or_earlier,per_instalment,8710.34,"$8,710.34",International fee per instalment,Master of Engineering (full-time),,
vancouver,masters,Master's,https://vancouver.calendar.ubc.ca/fees/tuition-fees/graduate/masters,Specialized Master's Degree Program,[],Master of Engineering (full-time),Program entry year,2023W or earlier,international,2023,or_earlier,per_instalment,8710.34,"$8,710.34",International continuing fee per instalment,Master of Engineering (full-time),,
vancouver,masters,Master's,https://vancouver.calendar.ubc.ca/fees/tuition-fees/graduate/masters,Specialized Master's Degree Program,[],Master of Engineering (part-time),,,domestic,,,per_instalment,1370.11,"$1,370.11",Domestic fee per instalment,Master of Engineering (part-time),,
vancouver,masters,Master's,https://vancouver.calendar.ubc.ca/fees/tuition-fees/graduate/masters,Specialized Master's Degree Program,[],Master of Engineering (part-time),,,domestic,,,per_instalment,873.89,$873.89,Domestic continuing fee per instalment,Master of Engineering (part-time),,
vancouver,masters,Master's,https://vancouver.calendar.ubc.ca/fees/tuition-fees/graduate/masters,Specialized Master's Degree Program,[],Master of Engineering in Clean Energy Engineering (full-time),Program entry year,2026S or 2026W,domestic,2026,exactly,per_instalment,6973.16,"$6,973.16",Domestic fee per instalment,Master of Engineering in Clean Energy Engineering (full-time),,
vancouver,masters,Master's,https://vancouver.calendar.ubc.ca/fees/tuition-fees/graduate/masters,Specialized Master's Degree Program,[],Master of Engineering in Clean Energy Engineering (full-time),Program entry year,2026S or 2026W,domestic,2026,exactly,per_instalment,873.89,$873.89,Domestic continuing fee per instalment,Master of Engineering in Clean Energy Engineering (full-time),,
vancouver,masters,Master's,https://vancouver.calendar.ubc.ca/fees/tuition-fees/graduate/masters,Specialized Master's Degree Program,[],Master of Engineering in Clean Energy Engineering (full-time),Program entry year,2026S or 2026W,international,2026,exactly,per_instalment,14402.78,"$14,402.78",International fee per instalment,Master of Engineering in Clean Energy Engineering (full-time),,
vancouver,masters,Master's,https://vancouver.calendar.ubc.ca/fees/tuition-fees/graduate/masters,Specialized Master's Degree Program,[],Master of Engineering in Clean Energy Engineering (full-time),Program entry year,2026S or 2026W,international,2026,exactly,per_instalment,14402.78,"$14,402.78",International continuing fee per instalment,Master of Engineering in Clean Energy Engineering (full-time),,
vancouver,masters,Master's,https://vancouver.calendar.ubc.ca/fees/tuition-fees/graduate/masters,Specialized Master's Degree Program,[],Master of Engineering in Clean Energy Engineering (full-time),Program entry year,2025S or 2025W,domestic,2025,exactly,per_instalment,6973.16,"$6,973.16",Domestic fee per instalment,Master of Engineering in Clean Energy Engineering (full-time),,
vancouver,masters,Master's,https://vancouver.calendar.ubc.ca/fees/tuition-fees/graduate/masters,Specialized Master's Degree Program,[],Master of Engineering in Clean Energy Engineering (full-time),Program entry year,2025S or 2025W,domestic,2025,exactly,per_instalment,873.89,$873.89,Domestic continuing fee per instalment,Master of Engineering in Clean Energy Engineering (full-time),,
vancouver,masters,Master's,https://vancouver.calendar.ubc.ca/fees/tuition-fees/graduate/masters,Specialized Master's Degree Program,[],Master of Engineering in Clean Energy Engineering (full-time),Program entry year,2025S or 2025W,international,2025,exactly,per_instalment,14264.29,"$14,264.29",International fee per instalment,Master of Engineering in Clean Energy Engineering (full-time),,
vancouver,masters,Master's,https://vancouver.calendar.ubc.ca/fees/tuition-fees/graduate/masters,Specialized Master's Degree Program,[],Master of Engineering in Clean Energy Engineering (full-time),Program entry year,2025S or 2025W,international,2025,exactly,per_instalment,14264.29,"$14,264.29",International continuing fee per instalment,Master of Engineering in Clean Energy Engineering (full-time),,
vancouver,masters,Master's,https://vancouver.calendar.ubc.ca/fees/tuition-fees/graduate/masters,Specialized Master's Degree Program,[],Master of Engineering in Clean Energy Engineering (full-time),Program entry year,2024S or 2024W,domestic,2024,exactly,per_instalment,6973.16,"$6,973.16",Domestic fee per instalment,Master of Engineering in Clean Energy Engineering (full-time),,
vancouver,masters,Master's,https://vancouver.calendar.ubc.ca/fees/tuition-fees/graduate/masters,Specialized Master's Degree Program,[],Master of Engineering in Clean Energy Engineering (full-time),Program entry year,2024S or 2024W,domestic,2024,exactly,per_instalment,873.89,$873.89,Domestic continuing fee per instalment,Master of Engineering in Clean Energy Engineering (full-time),,
vancouver,masters,Master's,https://vancouver.calendar.ubc.ca/fees/tuition-fees/graduate/masters,Specialized Master's Degree Program,[],Master of Engineering in Clean Energy Engineering (full-time),Program entry year,2024S or 2024W,international,2024,exactly,per_instalment,13992.6,"$13,992.60",International fee per instalment,Master of Engineering in Clean Energy Engineering (full-time),,
vancouver,masters,Master's,https://vancouver.calendar.ubc.ca/fees/tuition-fees/graduate/masters,Specialized Master's Degree Program,[],Master of Engineering in Clean Energy Engineering (full-time),Program entry year,2024S or 2024W,international,2024,exactly,per_instalment,13992.6,"$13,992.60",International continuing fee per instalment,Master of Engineering in Clean Energy Engineering (full-time),,
vancouver,masters,Master's,https://vancouver.calendar.ubc.ca/fees/tuition-fees/graduate/masters,Specialized Master's Degree Program,[],Master of Engineering in Clean Energy Engineering (full-time),Program entry year,2023W or earlier,domestic,2023,or_earlier,per_instalment,6973.16,"$6,973.16",Domestic fee per instalment,Master of Engineering in Clean Energy Engineering (full-time),,
vancouver,masters,Master's,https://vancouver.calendar.ubc.ca/fees/tuition-fees/graduate/masters,Specialized Master's Degree Program,[],Master of Engineering in Clean Energy Engineering (full-time),Program entry year,2023W or earlier,domestic,2023,or_earlier,per_instalment,873.89,$873.89,Domestic continuing fee per instalment,Master of Engineering in Clean Energy Engineering (full-time),,
vancouver,masters,Master's,https://vancouver.calendar.ubc.ca/fees/tuition-fees/graduate/masters,Specialized Master's Degree Program,[],Master of Engineering in Clean Energy Engineering (full-time),Program entry year,2023W or earlier,international,2023,or_earlier,per_instalment,13726.06,"$13,726.06",International fee per instalment,Master of Engineering in Clean Energy Engineering (full-time),,
vancouver,masters,Master's,https://vancouver.calendar.ubc.ca/fees/tuition-fees/graduate/masters,Specialized Master's Degree Program,[],Master of Engineering in Clean Energy Engineering (full-time),Program entry year,2023W or earlier,international,2023,or_earlier,per_instalment,13726.06,"$13,726.06",International continuing fee per instalment,Master of Engineering in Clean Energy Engineering (full-time),,
vancouver,masters,Master's,https://vancouver.calendar.ubc.ca/fees/tuition-fees/graduate/masters,Specialized Master's Degree Program,[],Master of Engineering in Naval Architecture and Marine Engineering (full-time),Program entry year,2026S or 2026W,domestic,2026,exactly,per_instalment,10568.64,"$10,568.64",Domestic fee per instalment,Master of Engineering in Naval Architecture and Marine Engineering (full-time),,
vancouver,masters,Master's,https://vancouver.calendar.ubc.ca/fees/tuition-fees/graduate/masters,Specialized Master's Degree Program,[],Master of Engineering in Naval Architecture and Marine Engineering (full-time),Program entry year,2026S or 2026W,domestic,2026,exactly,per_instalment,873.89,$873.89,Domestic continuing fee per instalment,Master of Engineering in Naval Architecture and Marine Engineering (full-time),,
vancouver,masters,Master's,https://vancouver.calendar.ubc.ca/fees/tuition-fees/graduate/masters,Specialized Master's Degree Program,[],Master of Engineering in Naval Architecture and Marine Engineering (full-time),Program entry year,2026S or 2026W,international,2026,exactly,per_instalment,20930.73,"$20,930.73",International fee per instalment,Master of Engineering in Naval Architecture and Marine Engineering (full-time),,
vancouver,masters,Master's,https://vancouver.calendar.ubc.ca/fees/tuition-fees/graduate/masters,Specialized Master's Degree Program,[],Master of Engineering in Naval Architecture and Marine Engineering (full-time),Program entry year,2026S or 2026W,international,2026,exactly,per_instalment,20930.73,"$20,930.73",International continuing fee per instalment,Master of Engineering in Naval Architecture and Marine Engineering (full-time),,
vancouver,masters,Master's,https://vancouver.calendar.ubc.ca/fees/tuition-fees/graduate/masters,Specialized Master's Degree Program,[],Master of Engineering in Naval Architecture and Marine Engineering (full-time),Program entry year,2025S or 2025W,domestic,2025,exactly,per_instalment,10568.64,"$10,568.64",Domestic fee per instalment,Master of Engineering in Naval Architecture and Marine Engineering (full-time),,
vancouver,masters,Master's,https://vancouver.calendar.ubc.ca/fees/tuition-fees/graduate/masters,Specialized Master's Degree Program,[],Master of Engineering in Naval Architecture and Marine Engineering (full-time),Program entry year,2025S or 2025W,domestic,2025,exactly,per_instalment,873.89,$873.89,Domestic continuing fee per instalment,Master of Engineering in Naval Architecture and Marine Engineering (full-time),,
vancouver,masters,Master's,https://vancouver.calendar.ubc.ca/fees/tuition-fees/graduate/masters,Specialized Master's Degree Program,[],Master of Engineering in Naval Architecture and Marine Engineering (full-time),Program entry year,2025S or 2025W,international,2025,exactly,per_instalment,20729.48,"$20,729.48",International fee per instalment,Master of Engineering in Naval Architecture and Marine Engineering (full-time),,
vancouver,masters,Master's,https://vancouver.calendar.ubc.ca/fees/tuition-fees/graduate/masters,Specialized Master's Degree Program,[],Master of Engineering in Naval Architecture and Marine Engineering (full-time),Program entry year,2025S or 2025W,international,2025,exactly,per_instalment,20729.48,"$20,729.48",International continuing fee per instalment,Master of Engineering in Naval Architecture and Marine Engineering (full-time),,
vancouver,masters,Master's,https://vancouver.calendar.ubc.ca/fees/tuition-fees/graduate/masters,Specialized Master's Degree Program,[],Master of Engineering in Naval Architecture and Marine Engineering (full-time),Program entry year,2024S or 2024W,domestic,2024,exactly,per_instalment,10568.64,"$10,568.64",Domestic fee per instalment,Master of Engineering in Naval Architecture and Marine Engineering (full-time),,
vancouver,masters,Master's,https://vancouver.calendar.ubc.ca/fees/tuition-fees/graduate/masters,Specialized Master's Degree Program,[],Master of Engineering in Naval Architecture and Marine Engineering (full-time),Program entry year,2024S or 2024W,domestic,2024,exactly,per_instalment,873.89,$873.89,Domestic continuing fee per instalment,Master of Engineering in Naval Architecture and Marine Engineering (full-time),,
vancouver,masters,Master's,https://vancouver.calendar.ubc.ca/fees/tuition-fees/graduate/masters,Specialized Master's Degree Program,[],Master of Engineering in Naval Architecture and Marine Engineering (full-time),Program entry year,2024S or 2024W,international,2024,exactly,per_instalment,20334.64,"$20,334.64",International fee per instalment,Master of Engineering in Naval Architecture and Marine Engineering (full-time),,
vancouver,masters,Master's,https://vancouver.calendar.ubc.ca/fees/tuition-fees/graduate/masters,Specialized Master's Degree Program,[],Master of Engineering in Naval Architecture and Marine Engineering (full-time),Program entry year,2024S or 2024W,international,2024,exactly,per_instalment,20334.64,"$20,334.64",International continuing fee per instalment,Master of Engineering in Naval Architecture and Marine Engineering (full-time),,
vancouver,masters,Master's,https://vancouver.calendar.ubc.ca/fees/tuition-fees/graduate/masters,Specialized Master's Degree Program,[],Master of Engineering in Naval Architecture and Marine Engineering (full-time),Program entry year,2023W or earlier,domestic,2023,or_earlier,per_instalment,10568.64,"$10,568.64",Domestic fee per instalment,Master of Engineering in Naval Architecture and Marine Engineering (full-time),,
vancouver,masters,Master's,https://vancouver.calendar.ubc.ca/fees/tuition-fees/graduate/masters,Specialized Master's Degree Program,[],Master of Engineering in Naval Architecture and Marine Engineering (full-time),Program entry year,2023W or earlier,domestic,2023,or_earlier,per_instalment,873.89,$873.89,Domestic continuing fee per instalment,Master of Engineering in Naval Architecture and Marine Engineering (full-time),,
vancouver,masters,Master's,https://vancouver.calendar.ubc.ca/fees/tuition-fees/graduate/masters,Specialized Master's Degree Program,[],Master of Engineering in Naval Architecture and Marine Engineering (full-time),Program entry year,2023W or earlier,international,2023,or_earlier,per_instalment,19947.29,"$19,947.29",International fee per instalment,Master of Engineering in Naval Architecture and Marine Engineering (full-time),,
vancouver,masters,Master's,https://vancouver.calendar.ubc.ca/fees/tuition-fees/graduate/masters,Specialized Master's Degree Program,[],Master of Engineering in Naval Architecture and Marine Engineering (full-time),Program entry year,2023W or earlier,international,2023,or_earlier,per_instalment,19947.29,"$19,947.29",International continuing fee per instalment,Master of Engineering in Naval Architecture and Marine Engineering (full-time),,
vancouver,masters,Master's,https://vancouver.calendar.ubc.ca/fees/tuition-fees/graduate/masters,Specialized Master's Degree Program,[],Master of Engineering Leadership (full-time),Program entry year,2026S or 2026W,domestic,2026,exactly,per_instalment,11190.32,"$11,190.32",Domestic fee per instalment,Master of Engineering Leadership (full-time),,
vancouver,masters,Master's,https://vancouver.calendar.ubc.ca/fees/tuition-fees/graduate/masters,Specialized Master's Degree Program,[],Master of Engineering Leadership (full-time),Program entry year,2026S or 2026W,domestic,2026,exactly,per_instalment,873.89,$873.89,Domestic continuing fee per instalment,Master of Engineering Leadership (full-time),,
vancouver,masters,Master's,https://vancouver.calendar.ubc.ca/fees/tuition-fees/graduate/masters,Specialized Master's Degree Program,[],Master of Engineering Leadership (full-time),Program entry year,2026S or 2026W,international,2026,exactly,per_instalment,23598.38,"$23,598.38",International fee per instalment,Master of Engineering Leadership (full-time),,
vancouver,masters,Master's,https://vancouver.calendar.ubc.ca/fees/tuition-fees/graduate/masters,Specialized Master's Degree Program,[],Master of Engineering Leadership (full-time),Program entry year,2026S or 2026W,international,2026,exactly,per_instalment,23598.38,"$23,598.38",International continuing fee per instalment,Master of Engineering Leadership (full-time),,
vancouver,masters,Master's,https://vancouver.calendar.ubc.ca/fees/tuition-fees/graduate/masters,Specialized Master's Degree Program,[],Master of Engineering Leadership (full-time),Program entry year,2025S or 2025W,domestic,2025,exactly,per_instalment,10970.91,"$10,970.91",Domestic fee per instalment,Master of Engineering Leadership (full-time),,
vancouver,masters,Master's,https://vancouver.calendar.ubc.ca/fees/tuition-fees/graduate/masters,Specialized Master's Degree Program,[],Master of Engineering Leadership (full-time),Program entry year,2025S or 2025W,domestic,2025,exactly,per_instalment,873.89,$873.89,Domestic continuing fee per instalment,Master of Engineering Leadership (full-time),,
vancouver,masters,Master's,https://vancouver.calendar.ubc.ca/fees/tuition-fees/graduate/masters,Specialized Master's Degree Program,[],Master of Engineering Leadership (full-time),Program entry year,2025S or 2025W,international,2025,exactly,per_instalment,22690.75,"$22,690.75",International fee per instalment,Master of Engineering Leadership (full-time),,
vancouver,masters,Master's,https://vancouver.calendar.ubc.ca/fees/tuition-fees/graduate/masters,Specialized Master's Degree Program,[],Master of Engineering Leadership (full-time),Program entry year,2025S or 2025W,international,2025,exactly,per_instalment,22690.75,"$22,690.75",International continuing fee per instalment,Master of Engineering Leadership (full-time),,
vancouver,masters,Master's,https://vancouver.calendar.ubc.ca/fees/tuition-fees/graduate/masters,Specialized Master's Degree Program,[],Master of Engineering Leadership (full-time),Program entry year,2024S or 2024W,domestic,2024,exactly,per_instalment,10755.8,"$10,755.80",Domestic fee per instalment,Master of Engineering Leadership (full-time),,
vancouver,masters,Master's,https://vancouver.calendar.ubc.ca/fees/tuition-fees/graduate/masters,Specialized Master's Degree Program,[],Master of Engineering Leadership (full-time),Program entry year,2024S or 2024W,domestic,2024,exactly,per_instalment,873.89,$873.89,Domestic continuing fee per instalment,Master of Engineering Leadership (full-time),,
vancouver,masters,Master's,https://vancouver.calendar.ubc.ca/fees/tuition-fees/graduate/masters,Specialized Master's Degree Program,[],Master of Engineering Leadership (full-time),Program entry year,2024S or 2024W,international,2024,exactly,per_instalment,21610.24,"$21,610.24",International fee per instalment,Master of Engineering Leadership (full-time),,
vancouver,masters,Master's,https://vancouver.calendar.ubc.ca/fees/tuition-fees/graduate/masters,Specialized Master's Degree Program,[],Master of Engineering Leadership (full-time),Program entry year,2024S or 2024W,international,2024,exactly,per_instalment,21610.24,"$21,610.24",International continuing fee per instalment,Master of Engineering Leadership (full-time),,
vancouver,masters,Master's,https://vancouver.calendar.ubc.ca/fees/tuition-fees/graduate/masters,Specialized Master's Degree Program,[],Master of Engineering Leadership (full-time),Program entry year,2023W or earlier,domestic,2023,or_earlier,per_instalment,10544.91,"$10,544.91",Domestic fee per instalment,Master of Engineering Leadership (full-time),,
vancouver,masters,Master's,https://vancouver.calendar.ubc.ca/fees/tuition-fees/graduate/masters,Specialized Master's Degree Program,[],Master of Engineering Leadership (full-time),Program entry year,2023W or earlier,domestic,2023,or_earlier,per_instalment,873.89,$873.89,Domestic continuing fee per instalment,Master of Engineering Leadership (full-time),,
vancouver,masters,Master's,https://vancouver.calendar.ubc.ca/fees/tuition-fees/graduate/masters,Specialized Master's Degree Program,[],Master of Engineering Leadership (full-time),Program entry year,2023W or earlier,international,2023,or_earlier,per_instalment,20581.19,"$20,581.19",International fee per instalment,Master of Engineering Leadership (full-time),,
vancouver,masters,Master's,https://vancouver.calendar.ubc.ca/fees/tuition-fees/graduate/masters,Specialized Master's Degree Program,[],Master of Engineering Leadership (full-time),Program entry year,2023W or earlier,international,2023,or_earlier,per_instalment,20581.19,"$20,581.19",International continuing fee per instalment,Master of Engineering Leadership (full-time),,
vancouver,masters,Master's,https://vancouver.calendar.ubc.ca/fees/tuition-fees/graduate/masters,Specialized Master's Degree Program,[],Master of Engineering Leadership (part-time),Program entry year,2026S or 2026W,domestic,2026,exactly,per_instalment,5595.14,"$5,595.14",Domestic fee per instalment,Master of Engineering Leadership (part-time),,
vancouver,masters,Master's,https://vancouver.calendar.ubc.ca/fees/tuition-fees/graduate/masters,Specialized Master's Degree Program,[],Master of Engineering Leadership (part-time),Program entry year,2026S or 2026W,domestic,2026,exactly,per_instalment,873.89,$873.89,Domestic continuing fee per instalment,Master of Engineering Leadership (part-time),,
vancouver,masters,Master's,https://vancouver.calendar.ubc.ca/fees/tuition-fees/graduate/masters,Specialized Master's Degree Program,[],Master of Engineering Leadership (part-time),Program entry year,2026S or 2026W,international,2026,exactly,per_instalment,11799.16,"$11,799.16",International fee per instalment,Master of Engineering Leadership (part-time),,
vancouver,masters,Master's,https://vancouver.calendar.ubc.ca/fees/tuition-fees/graduate/masters,Specialized Master's Degree Program,[],Master of Engineering Leadership (part-time),Program entry year,2026S or 2026W,international,2026,exactly,per_instalment,11799.16,"$11,799.16",International continuing fee per instalment,Master of Engineering Leadership (part-time),,
vancouver,masters,Master's,https://vancouver.calendar.ubc.ca/fees/tuition-fees/graduate/masters,Specialized Master's Degree Program,[],Master of Engineering Leadership (part-time),Program entry year,2025S or 2025W,domestic,2025,exactly,per_instalment,5485.44,"$5,485.44",Domestic fee per instalment,Master of Engineering Leadership (part-time),,
vancouver,masters,Master's,https://vancouver.calendar.ubc.ca/fees/tuition-fees/graduate/masters,Specialized Master's Degree Program,[],Master of Engineering Leadership (part-time),Program entry year,2025S or 2025W,domestic,2025,exactly,per_instalment,873.89,$873.89,Domestic continuing fee per instalment,Master of Engineering Leadership (part-time),,
vancouver,masters,Master's,https://vancouver.calendar.ubc.ca/fees/tuition-fees/graduate/masters,Specialized Master's Degree Program,[],Master of Engineering Leadership (part-time),Program entry year,2025S or 2025W,international,2025,exactly,per_instalment,11345.35,"$11,345.35",International fee per instalment,Master of Engineering Leadership (part-time),,
vancouver,masters,Master's,https://vancouver.calendar.ubc.ca/fees/tuition-fees/graduate/masters,Specialized Master's Degree Program,[],Master of Engineering Leadership (part-time),Program entry year,2025S or 2025W,international,2025,exactly,per_instalment,11345.35,"$11,345.35",International continuing fee per instalment,Master of Engineering Leadership (part-time),,
vancouver,masters,Master's,https://vancouver.calendar.ubc.ca/fees/tuition-fees/graduate/masters,Specialized Master's Degree Program,[],Master of Engineering Leadership (part-time),Program entry year,2024S or 2024W,domestic,2024,exactly,per_instalment,5377.89,"$5,377.89",Domestic fee per instalment,Master of Engineering Leadership (part-time),,
vancouver,masters,Master's,https://vancouver.calendar.ubc.ca/fees/tuition-fees/graduate/masters,Specialized Master's Degree Program,[],Master of Engineering Leadership (part-time),Program entry year,2024S or 2024W,domestic,2024,exactly,per_instalment,873.89,$873.89,Domestic continuing fee per instalment,Master of Engineering Leadership (part-time),,
vancouver,masters,Master's,https://vancouver.calendar.ubc.ca/fees/tuition-fees/graduate/masters,Specialized Master's Degree Program,[],Master of Engineering Leadership (part-time),Program entry year,2024S or 2024W,international,2024,exactly,per_instalment,10805.1,"$10,805.10",International fee per instalment,Master of Engineering Leadership (part-time),,
vancouver,masters,Master's,https://vancouver.calendar.ubc.ca/fees/tuition-fees/graduate/masters,Specialized Master's Degree Program,[],Master of Engineering Leadership (part-time),Program entry year,2024S or 2024W,international,2024,exactly,per_instalment,10805.1,"$10,805.10",International continuing fee per instalment,Master of Engineering Leadership (part-time),,
vancouver,masters,Master's,https://vancouver.calendar.ubc.ca/fees/tuition-fees/graduate/masters,Specialized Master's Degree Program,[],Master of Engineering Leadership (part-time),Program entry year,2023S or 2023W,domestic,2023,exactly,per_instalment,5272.45,"$5,272.45",Domestic fee per instalment,Master of Engineering Leadership (part-time),,
vancouver,masters,Master's,https://vancouver.calendar.ubc.ca/fees/tuition-fees/graduate/masters,Specialized Master's Degree Program,[],Master of Engineering Leadership (part-time),Program entry year,2023S or 2023W,domestic,2023,exactly,per_instalment,873.89,$873.89,Domestic continuing fee per instalment,Master of Engineering Leadership (part-time),,
vancouver,masters,Master's,https://vancouver.calendar.ubc.ca/fees/tuition-fees/graduate/masters,Specialized Master's Degree Program,[],Master of Engineering Leadership (part-time),Program entry year,2023S or 2023W,international,2023,exactly,per_instalment,10290.58,"$10,290.58",International fee per instalment,Master of Engineering Leadership (part-time),,
vancouver,masters,Master's,https://vancouver.calendar.ubc.ca/fees/tuition-fees/graduate/masters,Specialized Master's Degree Program,[],Master of Engineering Leadership (part-time),Program entry year,2023S or 2023W,international,2023,exactly,per_instalment,10290.58,"$10,290.58",International continuing fee per instalment,Master of Engineering Leadership (part-time),,
vancouver,masters,Master's,https://vancouver.calendar.ubc.ca/fees/tuition-fees/graduate/masters,Specialized Master's Degree Program,[],Master of Engineering Leadership (part-time),Program entry year,2022W or earlier,domestic,2022,or_earlier,per_instalment,5169.07,"$5,169.07",Domestic fee per instalment,Master of Engineering Leadership (part-time),,
vancouver,masters,Master's,https://vancouver.calendar.ubc.ca/fees/tuition-fees/graduate/masters,Specialized Master's Degree Program,[],Master of Engineering Leadership (part-time),Program entry year,2022W or earlier,domestic,2022,or_earlier,per_instalment,873.89,$873.89,Domestic continuing fee per instalment,Master of Engineering Leadership (part-time),,
vancouver,masters,Master's,https://vancouver.calendar.ubc.ca/fees/tuition-fees/graduate/masters,Specialized Master's Degree Program,[],Master of Engineering Leadership (part-time),Program entry year,2022W or earlier,international,2022,or_earlier,per_instalment,9800.56,"$9,800.56",International fee per instalment,Master of Engineering Leadership (part-time),,
vancouver,masters,Master's,https://vancouver.calendar.ubc.ca/fees/tuition-fees/graduate/masters,Specialized Master's Degree Program,[],Master of Engineering Leadership (part-time),Program entry year,2022W or earlier,international,2022,or_earlier,per_instalment,9800.56,"$9,800.56",International continuing fee per instalment,Master of Engineering Leadership (part-time),,
vancouver,masters,Master's,https://vancouver.calendar.ubc.ca/fees/tuition-fees/graduate/masters,Specialized Master's Degree Program,[],Master of Fine Arts in Creative Writing (Distance Education),Program entry year,2026S or 2026W,domestic,2026,exactly,per_credit,707.24,$707.24,Domestic tuition per credit,Master of Fine Arts in Creative Writing (Distance Education),,21217.2
vancouver,masters,Master's,https://vancouver.calendar.ubc.ca/fees/tuition-fees/graduate/masters,Specialized Master's Degree Program,[],Master of Fine Arts in Creative Writing (Distance Education),Program entry year,2026S or 2026W,international,2026,exactly,per_credit,1444.13,"$1,444.13",International tuition per credit,Master of Fine Arts in Creative Writing (Distance Education),,43323.9
vancouver,masters,Master's,https://vancouver.calendar.ubc.ca/fees/tuition-fees/graduate/masters,Specialized Master's Degree Program,[],Master of Fine Arts in Creative Writing (Distance Education),Program entry year,2025S or 2025W,domestic,2025,exactly,per_credit,707.24,$707.24,Domestic tuition per credit,Master of Fine Arts in Creative Writing (Distance Education),,21217.2
vancouver,masters,Master's,https://vancouver.calendar.ubc.ca/fees/tuition-fees/graduate/masters,Specialized Master's Degree Program,[],Master of Fine Arts in Creative Writing (Distance Education),Program entry year,2025S or 2025W,international,2025,exactly,per_credit,1430.24,"$1,430.24",International tuition per credit,Master of Fine Arts in Creative Writing (Distance Education),,42907.2
vancouver,masters,Master's,https://vancouver.calendar.ubc.ca/fees/tuition-fees/graduate/masters,Specialized Master's Degree Program,[],Master of Fine Arts in Creative Writing (Distance Education),Program entry year,2024S or 2024W,domestic,2024,exactly,per_credit,707.24,$707.24,Domestic tuition per credit,Master of Fine Arts in Creative Writing (Distance Education),,21217.2
vancouver,masters,Master's,https://vancouver.calendar.ubc.ca/fees/tuition-fees/graduate/masters,Specialized Master's Degree Program,[],Master of Fine Arts in Creative Writing (Distance Education),Program entry year,2024S or 2024W,international,2024,exactly,per_credit,1403.0,"$1,403.00",International tuition per credit,Master of Fine Arts in Creative Writing (Distance Education),,42090.0
vancouver,masters,Master's,https://vancouver.calendar.ubc.ca/fees/tuition-fees/graduate/masters,Specialized Master's Degree Program,[],Master of Fine Arts in Creative Writing (Distance Education),Program entry year,2023S or 2023W,domestic,2023,exactly,per_credit,707.24,$707.24,Domestic tuition per credit,Master of Fine Arts in Creative Writing (Distance Education),,21217.2
vancouver,masters,Master's,https://vancouver.calendar.ubc.ca/fees/tuition-fees/graduate/masters,Specialized Master's Degree Program,[],Master of Fine Arts in Creative Writing (Distance Education),Program entry year,2023S or 2023W,international,2023,exactly,per_credit,1376.27,"$1,376.27",International tuition per credit,Master of Fine Arts in Creative Writing (Distance Education),,41288.1
vancouver,masters,Master's,https://vancouver.calendar.ubc.ca/fees/tuition-fees/graduate/masters,Specialized Master's Degree Program,[],Master of Fine Arts in Creative Writing (Distance Education),Program entry year,2022S or 2022W,domestic,2022,exactly,per_credit,707.24,$707.24,Domestic tuition per credit,Master of Fine Arts in Creative Writing (Distance Education),,21217.2
vancouver,masters,Master's,https://vancouver.calendar.ubc.ca/fees/tuition-fees/graduate/masters,Specialized Master's Degree Program,[],Master of Fine Arts in Creative Writing (Distance Education),Program entry year,2022S or 2022W,international,2022,exactly,per_credit,1350.06,"$1,350.06",International tuition per credit,Master of Fine Arts in Creative Writing (Distance Education),,40501.8
vancouver,masters,Master's,https://vancouver.calendar.ubc.ca/fees/tuition-fees/graduate/masters,Specialized Master's Degree Program,[],Master of Fine Arts in Creative Writing (Distance Education),Program entry year,2021W or earlier,domestic,2021,or_earlier,per_credit,707.24,$707.24,Domestic tuition per credit,Master of Fine Arts in Creative Writing (Distance Education),,21217.2
vancouver,masters,Master's,https://vancouver.calendar.ubc.ca/fees/tuition-fees/graduate/masters,Specialized Master's Degree Program,[],Master of Fine Arts in Creative Writing (Distance Education),Program entry year,2021W or earlier,international,2021,or_earlier,per_credit,1324.1,"$1,324.10",International tuition per credit,Master of Fine Arts in Creative Writing (Distance Education),,39723.0
vancouver,masters,Master's,https://vancouver.calendar.ubc.ca/fees/tuition-fees/graduate/masters,Specialized Master's Degree Program,[],Master of Food and Resource Economics,Program entry year,2026S or 2026W,domestic,2026,exactly,per_instalment,8343.98,"$8,343.98",Domestic fee per instalment,Master of Food and Resource Economics,,
vancouver,masters,Master's,https://vancouver.calendar.ubc.ca/fees/tuition-fees/graduate/masters,Specialized Master's Degree Program,[],Master of Food and Resource Economics,Program entry year,2026S or 2026W,domestic,2026,exactly,per_instalment,8343.98,"$8,343.98",Domestic continuing fee per instalment,Master of Food and Resource Economics,,
vancouver,masters,Master's,https://vancouver.calendar.ubc.ca/fees/tuition-fees/graduate/masters,Specialized Master's Degree Program,[],Master of Food and Resource Economics,Program entry year,2026S or 2026W,international,2026,exactly,per_instalment,19421.91,"$19,421.91",International fee per instalment,Master of Food and Resource Economics,,
vancouver,masters,Master's,https://vancouver.calendar.ubc.ca/fees/tuition-fees/graduate/masters,Specialized Master's Degree Program,[],Master of Food and Resource Economics,Program entry year,2026S or 2026W,international,2026,exactly,per_instalment,19421.91,"$19,421.91",International continuing fee per instalment,Master of Food and Resource Economics,,
vancouver,masters,Master's,https://vancouver.calendar.ubc.ca/fees/tuition-fees/graduate/masters,Specialized Master's Degree Program,[],Master of Food and Resource Economics,Program entry year,2025S or 2025W,domestic,2025,exactly,per_instalment,8343.98,"$8,343.98",Domestic fee per instalment,Master of Food and Resource Economics,,
vancouver,masters,Master's,https://vancouver.calendar.ubc.ca/fees/tuition-fees/graduate/masters,Specialized Master's Degree Program,[],Master of Food and Resource Economics,Program entry year,2025S or 2025W,domestic,2025,exactly,per_instalment,8343.98,"$8,343.98",Domestic continuing fee per instalment,Master of Food and Resource Economics,,
vancouver,masters,Master's,https://vancouver.calendar.ubc.ca/fees/tuition-fees/graduate/masters,Specialized Master's Degree Program,[],Master of Food and Resource Economics,Program entry year,2025S or 2025W,international,2025,exactly,per_instalment,19235.16,"$19,235.16",International fee per instalment,Master of Food and Resource Economics,,
vancouver,masters,Master's,https://vancouver.calendar.ubc.ca/fees/tuition-fees/graduate/masters,Specialized Master's Degree Program,[],Master of Food and Resource Economics,Program entry year,2025S or 2025W,international,2025,exactly,per_instalment,19235.16,"$19,235.16",International continuing fee per instalment,Master of Food and Resource Economics,,
vancouver,masters,Master's,https://vancouver.calendar.ubc.ca/fees/tuition-fees/graduate/masters,Specialized Master's Degree Program,[],Master of Food and Resource Economics,Program entry year,2024S or 2024W,domestic,2024,exactly,per_instalment,8343.98,"$8,343.98",Domestic fee per instalment,Master of Food and Resource Economics,,
vancouver,masters,Master's,https://vancouver.calendar.ubc.ca/fees/tuition-fees/graduate/masters,Specialized Master's Degree Program,[],Master of Food and Resource Economics,Program entry year,2024S or 2024W,domestic,2024,exactly,per_instalment,8343.98,"$8,343.98",Domestic continuing fee per instalment,Master of Food and Resource Economics,,
vancouver,masters,Master's,https://vancouver.calendar.ubc.ca/fees/tuition-fees/graduate/masters,Specialized Master's Degree Program,[],Master of Food and Resource Economics,Program entry year,2024S or 2024W,international,2024,exactly,per_instalment,18868.77,"$18,868.77",International fee per instalment,Master of Food and Resource Economics,,
vancouver,masters,Master's,https://vancouver.calendar.ubc.ca/fees/tuition-fees/graduate/masters,Specialized Master's Degree Program,[],Master of Food and Resource Economics,Program entry year,2024S or 2024W,international,2024,exactly,per_instalment,18868.77,"$18,868.77",International continuing fee per instalment,Master of Food and Resource Economics,,
vancouver,masters,Master's,https://vancouver.calendar.ubc.ca/fees/tuition-fees/graduate/masters,Specialized Master's Degree Program,[],Master of Food and Resource Economics,Program entry year,2023W or earlier,domestic,2023,or_earlier,per_instalment,8343.98,"$8,343.98",Domestic fee per instalment,Master of Food and Resource Economics,,
vancouver,masters,Master's,https://vancouver.calendar.ubc.ca/fees/tuition-fees/graduate/masters,Specialized Master's Degree Program,[],Master of Food and Resource Economics,Program entry year,2023W or earlier,domestic,2023,or_earlier,per_instalment,8343.98,"$8,343.98",Domestic continuing fee per instalment,Master of Food and Resource Economics,,
vancouver,masters,Master's,https://vancouver.calendar.ubc.ca/fees/tuition-fees/graduate/masters,Specialized Master's Degree Program,[],Master of Food and Resource Economics,Program entry year,2023W or earlier,international,2023,or_earlier,per_instalment,18509.37,"$18,509.37",International fee per instalment,Master of Food and Resource Economics,,
vancouver,masters,Master's,https://vancouver.calendar.ubc.ca/fees/tuition-fees/graduate/masters,Specialized Master's Degree Program,[],Master of Food and Resource Economics,Program entry year,2023W or earlier,international,2023,or_earlier,per_instalment,18509.37,"$18,509.37",International continuing fee per instalment,Master of Food and Resource Economics,,
vancouver,masters,Master's,https://vancouver.calendar.ubc.ca/fees/tuition-fees/graduate/masters,Specialized Master's Degree Program,[],Master of Food Science,Program entry year,2026S or 2026W,domestic,2026,exactly,per_instalment,4855.99,"$4,855.99",Domestic fee per instalment,Master of Food Science,,
vancouver,masters,Master's,https://vancouver.calendar.ubc.ca/fees/tuition-fees/graduate/masters,Specialized Master's Degree Program,[],Master of Food Science,Program entry year,2026S or 2026W,domestic,2026,exactly,per_instalment,4855.99,"$4,855.99",Domestic continuing fee per instalment,Master of Food Science,,
vancouver,masters,Master's,https://vancouver.calendar.ubc.ca/fees/tuition-fees/graduate/masters,Specialized Master's Degree Program,[],Master of Food Science,Program entry year,2026S or 2026W,international,2026,exactly,per_instalment,17060.98,"$17,060.98",International fee per instalment,Master of Food Science,,
vancouver,masters,Master's,https://vancouver.calendar.ubc.ca/fees/tuition-fees/graduate/masters,Specialized Master's Degree Program,[],Master of Food Science,Program entry year,2026S or 2026W,international,2026,exactly,per_instalment,17060.98,"$17,060.98",International continuing fee per instalment,Master of Food Science,,
vancouver,masters,Master's,https://vancouver.calendar.ubc.ca/fees/tuition-fees/graduate/masters,Specialized Master's Degree Program,[],Master of Food Science,Program entry year,2025S or 2025W,domestic,2025,exactly,per_instalment,4855.99,"$4,855.99",Domestic fee per instalment,Master of Food Science,,
vancouver,masters,Master's,https://vancouver.calendar.ubc.ca/fees/tuition-fees/graduate/masters,Specialized Master's Degree Program,[],Master of Food Science,Program entry year,2025S or 2025W,domestic,2025,exactly,per_instalment,4855.99,"$4,855.99",Domestic continuing fee per instalment,Master of Food Science,,
vancouver,masters,Master's,https://vancouver.calendar.ubc.ca/fees/tuition-fees/graduate/masters,Specialized Master's Degree Program,[],Master of Food Science,Program entry year,2025S or 2025W,international,2025,exactly,per_instalment,16896.93,"$16,896.93",International fee per instalment,Master of Food Science,,
vancouver,masters,Master's,https://vancouver.calendar.ubc.ca/fees/tuition-fees/graduate/masters,Specialized Master's Degree Program,[],Master of Food Science,Program entry year,2025S or 2025W,international,2025,exactly,per_instalment,16896.93,"$16,896.93",International continuing fee per instalment,Master of Food Science,,
vancouver,masters,Master's,https://vancouver.calendar.ubc.ca/fees/tuition-fees/graduate/masters,Specialized Master's Degree Program,[],Master of Food Science,Program entry year,2024S or 2024W,domestic,2024,exactly,per_instalment,4855.99,"$4,855.99",Domestic fee per instalment,Master of Food Science,,
vancouver,masters,Master's,https://vancouver.calendar.ubc.ca/fees/tuition-fees/graduate/masters,Specialized Master's Degree Program,[],Master of Food Science,Program entry year,2024S or 2024W,domestic,2024,exactly,per_instalment,4855.99,"$4,855.99",Domestic continuing fee per instalment,Master of Food Science,,
vancouver,masters,Master's,https://vancouver.calendar.ubc.ca/fees/tuition-fees/graduate/masters,Specialized Master's Degree Program,[],Master of Food Science,Program entry year,2024S or 2024W,international,2024,exactly,per_instalment,16575.07,"$16,575.07",International fee per instalment,Master of Food Science,,
vancouver,masters,Master's,https://vancouver.calendar.ubc.ca/fees/tuition-fees/graduate/masters,Specialized Master's Degree Program,[],Master of Food Science,Program entry year,2024S or 2024W,international,2024,exactly,per_instalment,16575.07,"$16,575.07",International continuing fee per instalment,Master of Food Science,,
vancouver,masters,Master's,https://vancouver.calendar.ubc.ca/fees/tuition-fees/graduate/masters,Specialized Master's Degree Program,[],Master of Food Science,Program entry year,2023W or earlier,domestic,2023,or_earlier,per_instalment,4855.99,"$4,855.99",Domestic fee per instalment,Master of Food Science,,
vancouver,masters,Master's,https://vancouver.calendar.ubc.ca/fees/tuition-fees/graduate/masters,Specialized Master's Degree Program,[],Master of Food Science,Program entry year,2023W or earlier,domestic,2023,or_earlier,per_instalment,4855.99,"$4,855.99",Domestic continuing fee per instalment,Master of Food Science,,
vancouver,masters,Master's,https://vancouver.calendar.ubc.ca/fees/tuition-fees/graduate/masters,Specialized Master's Degree Program,[],Master of Food Science,Program entry year,2023W or earlier,international,2023,or_earlier,per_instalment,16259.36,"$16,259.36",International fee per instalment,Master of Food Science,,
vancouver,masters,Master's,https://vancouver.calendar.ubc.ca/fees/tuition-fees/graduate/masters,Specialized Master's Degree Program,[],Master of Food Science,Program entry year,2023W or earlier,international,2023,or_earlier,per_instalment,16259.36,"$16,259.36",International continuing fee per instalment,Master of Food Science,,
vancouver,masters,Master's,https://vancouver.calendar.ubc.ca/fees/tuition-fees/graduate/masters,Specialized Master's Degree Program,[],Master of Geomatics for Environmental Management,Program entry year,2026S or 2026W,domestic,2026,exactly,per_instalment,6772.16,"$6,772.16",Domestic fee per instalment,Master of Geomatics for Environmental Management,,
vancouver,masters,Master's,https://vancouver.calendar.ubc.ca/fees/tuition-fees/graduate/masters,Specialized Master's Degree Program,[],Master of Geomatics for Environmental Management,Program entry year,2026S or 2026W,domestic,2026,exactly,per_instalment,873.89,$873.89,Domestic continuing fee per instalment,Master of Geomatics for Environmental Management,,
vancouver,masters,Master's,https://vancouver.calendar.ubc.ca/fees/tuition-fees/graduate/masters,Specialized Master's Degree Program,[],Master of Geomatics for Environmental Management,Program entry year,2026S or 2026W,international,2026,exactly,per_instalment,15473.88,"$15,473.88",International fee per instalment,Master of Geomatics for Environmental Management,,
vancouver,masters,Master's,https://vancouver.calendar.ubc.ca/fees/tuition-fees/graduate/masters,Specialized Master's Degree Program,[],Master of Geomatics for Environmental Management,Program entry year,2026S or 2026W,international,2026,exactly,per_instalment,3360.55,"$3,360.55",International continuing fee per instalment,Master of Geomatics for Environmental Management,,
vancouver,masters,Master's,https://vancouver.calendar.ubc.ca/fees/tuition-fees/graduate/masters,Specialized Master's Degree Program,[],Master of Geomatics for Environmental Management,Program entry year,2025S or 2025W,domestic,2025,exactly,per_instalment,6772.16,"$6,772.16",Domestic fee per instalment,Master of Geomatics for Environmental Management,,
vancouver,masters,Master's,https://vancouver.calendar.ubc.ca/fees/tuition-fees/graduate/masters,Specialized Master's Degree Program,[],Master of Geomatics for Environmental Management,Program entry year,2025S or 2025W,domestic,2025,exactly,per_instalment,873.89,$873.89,Domestic continuing fee per instalment,Master of Geomatics for Environmental Management,,
vancouver,masters,Master's,https://vancouver.calendar.ubc.ca/fees/tuition-fees/graduate/masters,Specialized Master's Degree Program,[],Master of Geomatics for Environmental Management,Program entry year,2025S or 2025W,international,2025,exactly,per_instalment,15325.1,"$15,325.10",International fee per instalment,Master of Geomatics for Environmental Management,,
vancouver,masters,Master's,https://vancouver.calendar.ubc.ca/fees/tuition-fees/graduate/masters,Specialized Master's Degree Program,[],Master of Geomatics for Environmental Management,Program entry year,2025S or 2025W,international,2025,exactly,per_instalment,3360.55,"$3,360.55",International continuing fee per instalment,Master of Geomatics for Environmental Management,,
vancouver,masters,Master's,https://vancouver.calendar.ubc.ca/fees/tuition-fees/graduate/masters,Specialized Master's Degree Program,[],Master of Geomatics for Environmental Management,Program entry year,2024S or 2024W,domestic,2024,exactly,per_instalment,6772.16,"$6,772.16",Domestic fee per instalment,Master of Geomatics for Environmental Management,,
vancouver,masters,Master's,https://vancouver.calendar.ubc.ca/fees/tuition-fees/graduate/masters,Specialized Master's Degree Program,[],Master of Geomatics for Environmental Management,Program entry year,2024S or 2024W,domestic,2024,exactly,per_instalment,873.89,$873.89,Domestic continuing fee per instalment,Master of Geomatics for Environmental Management,,
vancouver,masters,Master's,https://vancouver.calendar.ubc.ca/fees/tuition-fees/graduate/masters,Specialized Master's Degree Program,[],Master of Geomatics for Environmental Management,Program entry year,2024S or 2024W,international,2024,exactly,per_instalment,15033.18,"$15,033.18",International fee per instalment,Master of Geomatics for Environmental Management,,
vancouver,masters,Master's,https://vancouver.calendar.ubc.ca/fees/tuition-fees/graduate/masters,Specialized Master's Degree Program,[],Master of Geomatics for Environmental Management,Program entry year,2024S or 2024W,international,2024,exactly,per_instalment,3360.55,"$3,360.55",International continuing fee per instalment,Master of Geomatics for Environmental Management,,
vancouver,masters,Master's,https://vancouver.calendar.ubc.ca/fees/tuition-fees/graduate/masters,Specialized Master's Degree Program,[],Master of Geomatics for Environmental Management,Program entry year,2023W or earlier,domestic,2023,or_earlier,per_instalment,6772.16,"$6,772.16",Domestic fee per instalment,Master of Geomatics for Environmental Management,,
vancouver,masters,Master's,https://vancouver.calendar.ubc.ca/fees/tuition-fees/graduate/masters,Specialized Master's Degree Program,[],Master of Geomatics for Environmental Management,Program entry year,2023W or earlier,domestic,2023,or_earlier,per_instalment,873.89,$873.89,Domestic continuing fee per instalment,Master of Geomatics for Environmental Management,,
vancouver,masters,Master's,https://vancouver.calendar.ubc.ca/fees/tuition-fees/graduate/masters,Specialized Master's Degree Program,[],Master of Geomatics for Environmental Management,Program entry year,2023W or earlier,international,2023,or_earlier,per_instalment,14746.83,"$14,746.83",International fee per instalment,Master of Geomatics for Environmental Management,,
vancouver,masters,Master's,https://vancouver.calendar.ubc.ca/fees/tuition-fees/graduate/masters,Specialized Master's Degree Program,[],Master of Geomatics for Environmental Management,Program entry year,2023W or earlier,international,2023,or_earlier,per_instalment,3360.55,"$3,360.55",International continuing fee per instalment,Master of Geomatics for Environmental Management,,
vancouver,masters,Master's,https://vancouver.calendar.ubc.ca/fees/tuition-fees/graduate/masters,Specialized Master's Degree Program,[],Master of Global Health,Program entry year,2026S or 2026W,domestic,2026,exactly,per_instalment,5618.16,"$5,618.16",Domestic fee per instalment,Master of Global Health,,
vancouver,masters,Master's,https://vancouver.calendar.ubc.ca/fees/tuition-fees/graduate/masters,Specialized Master's Degree Program,[],Master of Global Health,Program entry year,2026S or 2026W,domestic,2026,exactly,per_instalment,873.89,$873.89,Domestic continuing fee per instalment,Master of Global Health,,
vancouver,masters,Master's,https://vancouver.calendar.ubc.ca/fees/tuition-fees/graduate/masters,Specialized Master's Degree Program,[],Master of Global Health,Program entry year,2026S or 2026W,international,2026,exactly,per_instalment,6552.0,"$6,552.00",International fee per instalment,Master of Global Health,,
vancouver,masters,Master's,https://vancouver.calendar.ubc.ca/fees/tuition-fees/graduate/masters,Specialized Master's Degree Program,[],Master of Global Health,Program entry year,2026S or 2026W,international,2026,exactly,per_instalment,873.89,$873.89,International continuing fee per instalment,Master of Global Health,,
vancouver,masters,Master's,https://vancouver.calendar.ubc.ca/fees/tuition-fees/graduate/masters,Specialized Master's Degree Program,[],Master of Global Health,Program entry year,2025S or 2025W,domestic,2025,exactly,per_instalment,5618.16,"$5,618.16",Domestic fee per instalment,Master of Global Health,,
vancouver,masters,Master's,https://vancouver.calendar.ubc.ca/fees/tuition-fees/graduate/masters,Specialized Master's Degree Program,[],Master of Global Health,Program entry year,2025S or 2025W,domestic,2025,exactly,per_instalment,873.89,$873.89,Domestic continuing fee per instalment,Master of Global Health,,
vancouver,masters,Master's,https://vancouver.calendar.ubc.ca/fees/tuition-fees/graduate/masters,Specialized Master's Degree Program,[],Master of Global Health,Program entry year,2025S or 2025W,international,2025,exactly,per_instalment,6489.0,"$6,489.00",International fee per instalment,Master of Global Health,,
vancouver,masters,Master's,https://vancouver.calendar.ubc.ca/fees/tuition-fees/graduate/masters,Specialized Master's Degree Program,[],Master of Global Health,Program entry year,2025S or 2025W,international,2025,exactly,per_instalment,873.89,$873.89,International continuing fee per instalment,Master of Global Health,,
vancouver,masters,Master's,https://vancouver.calendar.ubc.ca/fees/tuition-fees/graduate/masters,Specialized Master's Degree Program,[],Master of Global Health,Program entry year,2024W or earlier,domestic,2024,or_earlier,per_instalment,5618.16,"$5,618.16",Domestic fee per instalment,Master of Global Health,,
vancouver,masters,Master's,https://vancouver.calendar.ubc.ca/fees/tuition-fees/graduate/masters,Specialized Master's Degree Program,[],Master of Global Health,Program entry year,2024W or earlier,domestic,2024,or_earlier,per_instalment,873.89,$873.89,Domestic continuing fee per instalment,Master of Global Health,,
vancouver,masters,Master's,https://vancouver.calendar.ubc.ca/fees/tuition-fees/graduate/masters,Specialized Master's Degree Program,[],Master of Global Health,Program entry year,2024W or earlier,international,2024,or_earlier,per_instalment,6365.4,"$6,365.40",International fee per instalment,Master of Global Health,,
vancouver,masters,Master's,https://vancouver.calendar.ubc.ca/fees/tuition-fees/graduate/masters,Specialized Master's Degree Program,[],Master of Global Health,Program entry year,2024W or earlier,international,2024,or_earlier,per_instalment,873.89,$873.89,International continuing fee per instalment,Master of Global Health,,
vancouver,masters,Master's,https://vancouver.calendar.ubc.ca/fees/tuition-fees/graduate/masters,Specialized Master's Degree Program,[],Master of Global Health (part time),Program entry year,2026S or 2026W,domestic,2026,exactly,per_instalment,2809.08,"$2,809.08",Domestic fee per instalment,Master of Global Health (part time),,
vancouver,masters,Master's,https://vancouver.calendar.ubc.ca/fees/tuition-fees/graduate/masters,Specialized Master's Degree Program,[],Master of Global Health (part time),Program entry year,2026S or 2026W,domestic,2026,exactly,per_instalment,873.89,$873.89,Domestic continuing fee per instalment,Master of Global Health (part time),,
vancouver,masters,Master's,https://vancouver.calendar.ubc.ca/fees/tuition-fees/graduate/masters,Specialized Master's Degree Program,[],Master of Global Health (part time),Program entry year,2026S or 2026W,international,2026,exactly,per_instalment,3276.0,"$3,276.00",International fee per instalment,Master of Global Health (part time),,
vancouver,masters,Master's,https://vancouver.calendar.ubc.ca/fees/tuition-fees/graduate/masters,Specialized Master's Degree Program,[],Master of Global Health (part time),Program entry year,2026S or 2026W,international,2026,exactly,per_instalment,873.89,$873.89,International continuing fee per instalment,Master of Global Health (part time),,
vancouver,masters,Master's,https://vancouver.calendar.ubc.ca/fees/tuition-fees/graduate/masters,Specialized Master's Degree Program,[],Master of Global Health (part time),Program entry year,2025S or 2025W,domestic,2025,exactly,per_instalment,2809.08,"$2,809.08",Domestic fee per instalment,Master of Global Health (part time),,
vancouver,masters,Master's,https://vancouver.calendar.ubc.ca/fees/tuition-fees/graduate/masters,Specialized Master's Degree Program,[],Master of Global Health (part time),Program entry year,2025S or 2025W,domestic,2025,exactly,per_instalment,873.89,$873.89,Domestic continuing fee per instalment,Master of Global Health (part time),,
vancouver,masters,Master's,https://vancouver.calendar.ubc.ca/fees/tuition-fees/graduate/masters,Specialized Master's Degree Program,[],Master of Global Health (part time),Program entry year,2025S or 2025W,international,2025,exactly,per_instalment,3244.5,"$3,244.50",International fee per instalment,Master of Global Health (part time),,
vancouver,masters,Master's,https://vancouver.calendar.ubc.ca/fees/tuition-fees/graduate/masters,Specialized Master's Degree Program,[],Master of Global Health (part time),Program entry year,2025S or 2025W,international,2025,exactly,per_instalment,873.89,$873.89,International continuing fee per instalment,Master of Global Health (part time),,
vancouver,masters,Master's,https://vancouver.calendar.ubc.ca/fees/tuition-fees/graduate/masters,Specialized Master's Degree Program,[],Master of Global Health (part time),Program entry year,2024W or earlier,domestic,2024,or_earlier,per_instalment,2809.08,"$2,809.08",Domestic fee per instalment,Master of Global Health (part time),,
vancouver,masters,Master's,https://vancouver.calendar.ubc.ca/fees/tuition-fees/graduate/masters,Specialized Master's Degree Program,[],Master of Global Health (part time),Program entry year,2024W or earlier,domestic,2024,or_earlier,per_instalment,873.89,$873.89,Domestic continuing fee per instalment,Master of Global Health (part time),,
vancouver,masters,Master's,https://vancouver.calendar.ubc.ca/fees/tuition-fees/graduate/masters,Specialized Master's Degree Program,[],Master of Global Health (part time),Program entry year,2024W or earlier,international,2024,or_earlier,per_instalment,3182.7,"$3,182.70",International fee per instalment,Master of Global Health (part time),,
vancouver,masters,Master's,https://vancouver.calendar.ubc.ca/fees/tuition-fees/graduate/masters,Specialized Master's Degree Program,[],Master of Global Health (part time),Program entry year,2024W or earlier,international,2024,or_earlier,per_instalment,873.89,$873.89,International continuing fee per instalment,Master of Global Health (part time),,
vancouver,masters,Master's,https://vancouver.calendar.ubc.ca/fees/tuition-fees/graduate/masters,Specialized Master's Degree Program,[],Master of Global Surgical Care,Program entry year,2026S or 2026W,domestic,2026,exactly,per_instalment,4590.0,"$4,590.00",Domestic fee per instalment,Master of Global Surgical Care,,
vancouver,masters,Master's,https://vancouver.calendar.ubc.ca/fees/tuition-fees/graduate/masters,Specialized Master's Degree Program,[],Master of Global Surgical Care,Program entry year,2026S or 2026W,domestic,2026,exactly,per_instalment,597.53,$597.53,Domestic continuing fee per instalment,Master of Global Surgical Care,,
vancouver,masters,Master's,https://vancouver.calendar.ubc.ca/fees/tuition-fees/graduate/masters,Specialized Master's Degree Program,[],Master of Global Surgical Care,Program entry year,2026S or 2026W,international,2026,exactly,per_instalment,5200.0,"$5,200.00",International fee per instalment,Master of Global Surgical Care,,
vancouver,masters,Master's,https://vancouver.calendar.ubc.ca/fees/tuition-fees/graduate/masters,Specialized Master's Degree Program,[],Master of Global Surgical Care,Program entry year,2026S or 2026W,international,2026,exactly,per_instalment,718.29,$718.29,International continuing fee per instalment,Master of Global Surgical Care,,
vancouver,masters,Master's,https://vancouver.calendar.ubc.ca/fees/tuition-fees/graduate/masters,Specialized Master's Degree Program,[],Master of Global Surgical Care,Program entry year,2025W,domestic,2025,exactly,per_instalment,4590.0,"$4,590.00",Domestic fee per instalment,Master of Global Surgical Care,,
vancouver,masters,Master's,https://vancouver.calendar.ubc.ca/fees/tuition-fees/graduate/masters,Specialized Master's Degree Program,[],Master of Global Surgical Care,Program entry year,2025W,domestic,2025,exactly,per_instalment,597.53,$597.53,Domestic continuing fee per instalment,Master of Global Surgical Care,,
vancouver,masters,Master's,https://vancouver.calendar.ubc.ca/fees/tuition-fees/graduate/masters,Specialized Master's Degree Program,[],Master of Global Surgical Care,Program entry year,2025W,international,2025,exactly,per_instalment,5150.0,"$5,150.00",International fee per instalment,Master of Global Surgical Care,,
vancouver,masters,Master's,https://vancouver.calendar.ubc.ca/fees/tuition-fees/graduate/masters,Specialized Master's Degree Program,[],Master of Global Surgical Care,Program entry year,2025W,international,2025,exactly,per_instalment,711.39,$711.39,International continuing fee per instalment,Master of Global Surgical Care,,
vancouver,masters,Master's,https://vancouver.calendar.ubc.ca/fees/tuition-fees/graduate/masters,Specialized Master's Degree Program,[],Master of Global Surgical Care,Program entry year,2024S or 2024W,domestic,2024,exactly,per_instalment,5377.87,"$5,377.87",Domestic fee per instalment,Master of Global Surgical Care,,
vancouver,masters,Master's,https://vancouver.calendar.ubc.ca/fees/tuition-fees/graduate/masters,Specialized Master's Degree Program,[],Master of Global Surgical Care,Program entry year,2024S or 2024W,domestic,2024,exactly,per_instalment,597.53,$597.53,Domestic continuing fee per instalment,Master of Global Surgical Care,,
vancouver,masters,Master's,https://vancouver.calendar.ubc.ca/fees/tuition-fees/graduate/masters,Specialized Master's Degree Program,[],Master of Global Surgical Care,Program entry year,2024S or 2024W,international,2024,exactly,per_instalment,10570.22,"$10,570.22",International fee per instalment,Master of Global Surgical Care,,
vancouver,masters,Master's,https://vancouver.calendar.ubc.ca/fees/tuition-fees/graduate/masters,Specialized Master's Degree Program,[],Master of Global Surgical Care,Program entry year,2024S or 2024W,international,2024,exactly,per_instalment,697.83,$697.83,International continuing fee per instalment,Master of Global Surgical Care,,
vancouver,masters,Master's,https://vancouver.calendar.ubc.ca/fees/tuition-fees/graduate/masters,Specialized Master's Degree Program,[],Master of Global Surgical Care,Program entry year,2023S or 2023W,domestic,2023,exactly,per_instalment,5377.87,"$5,377.87",Domestic fee per instalment,Master of Global Surgical Care,,
vancouver,masters,Master's,https://vancouver.calendar.ubc.ca/fees/tuition-fees/graduate/masters,Specialized Master's Degree Program,[],Master of Global Surgical Care,Program entry year,2023S or 2023W,domestic,2023,exactly,per_instalment,597.53,$597.53,Domestic continuing fee per instalment,Master of Global Surgical Care,,
vancouver,masters,Master's,https://vancouver.calendar.ubc.ca/fees/tuition-fees/graduate/masters,Specialized Master's Degree Program,[],Master of Global Surgical Care,Program entry year,2023S or 2023W,international,2023,exactly,per_instalment,10368.88,"$10,368.88",International fee per instalment,Master of Global Surgical Care,,
vancouver,masters,Master's,https://vancouver.calendar.ubc.ca/fees/tuition-fees/graduate/masters,Specialized Master's Degree Program,[],Master of Global Surgical Care,Program entry year,2023S or 2023W,international,2023,exactly,per_instalment,684.53,$684.53,International continuing fee per instalment,Master of Global Surgical Care,,
vancouver,masters,Master's,https://vancouver.calendar.ubc.ca/fees/tuition-fees/graduate/masters,Specialized Master's Degree Program,[],Master of Global Surgical Care,Program entry year,2022W or earlier,domestic,2022,or_earlier,per_instalment,5377.87,"$5,377.87",Domestic fee per instalment,Master of Global Surgical Care,,
vancouver,masters,Master's,https://vancouver.calendar.ubc.ca/fees/tuition-fees/graduate/masters,Specialized Master's Degree Program,[],Master of Global Surgical Care,Program entry year,2022W or earlier,domestic,2022,or_earlier,per_instalment,597.53,$597.53,Domestic continuing fee per instalment,Master of Global Surgical Care,,
vancouver,masters,Master's,https://vancouver.calendar.ubc.ca/fees/tuition-fees/graduate/masters,Specialized Master's Degree Program,[],Master of Global Surgical Care,Program entry year,2022W or earlier,international,2022,or_earlier,per_instalment,10171.37,"$10,171.37",International fee per instalment,Master of Global Surgical Care,,
vancouver,masters,Master's,https://vancouver.calendar.ubc.ca/fees/tuition-fees/graduate/masters,Specialized Master's Degree Program,[],Master of Global Surgical Care,Program entry year,2022W or earlier,international,2022,or_earlier,per_instalment,671.5,$671.50,International continuing fee per instalment,Master of Global Surgical Care,,
vancouver,masters,Master's,https://vancouver.calendar.ubc.ca/fees/tuition-fees/graduate/masters,Specialized Master's Degree Program,[],Master of Health Administration,Program entry year,2026S or 2026W,domestic,2026,exactly,per_instalment,5668.66,"$5,668.66",Domestic fee per instalment,Master of Health Administration,,
vancouver,masters,Master's,https://vancouver.calendar.ubc.ca/fees/tuition-fees/graduate/masters,Specialized Master's Degree Program,[],Master of Health Administration,Program entry year,2026S or 2026W,domestic,2026,exactly,per_instalment,873.89,$873.89,Domestic continuing fee per instalment,Master of Health Administration,,
vancouver,masters,Master's,https://vancouver.calendar.ubc.ca/fees/tuition-fees/graduate/masters,Specialized Master's Degree Program,[],Master of Health Administration,Program entry year,2026S or 2026W,international,2026,exactly,per_instalment,11206.34,"$11,206.34",International fee per instalment,Master of Health Administration,,
vancouver,masters,Master's,https://vancouver.calendar.ubc.ca/fees/tuition-fees/graduate/masters,Specialized Master's Degree Program,[],Master of Health Administration,Program entry year,2026S or 2026W,international,2026,exactly,per_instalment,11206.34,"$11,206.34",International continuing fee per instalment,Master of Health Administration,,
vancouver,masters,Master's,https://vancouver.calendar.ubc.ca/fees/tuition-fees/graduate/masters,Specialized Master's Degree Program,[],Master of Health Administration,Program entry year,2025S or 2025W,domestic,2025,exactly,per_instalment,5668.66,"$5,668.66",Domestic fee per instalment,Master of Health Administration,,
vancouver,masters,Master's,https://vancouver.calendar.ubc.ca/fees/tuition-fees/graduate/masters,Specialized Master's Degree Program,[],Master of Health Administration,Program entry year,2025S or 2025W,domestic,2025,exactly,per_instalment,873.89,$873.89,Domestic continuing fee per instalment,Master of Health Administration,,
vancouver,masters,Master's,https://vancouver.calendar.ubc.ca/fees/tuition-fees/graduate/masters,Specialized Master's Degree Program,[],Master of Health Administration,Program entry year,2025S or 2025W,international,2025,exactly,per_instalment,11098.58,"$11,098.58",International fee per instalment,Master of Health Administration,,
vancouver,masters,Master's,https://vancouver.calendar.ubc.ca/fees/tuition-fees/graduate/masters,Specialized Master's Degree Program,[],Master of Health Administration,Program entry year,2025S or 2025W,international,2025,exactly,per_instalment,11098.58,"$11,098.58",International continuing fee per instalment,Master of Health Administration,,
vancouver,masters,Master's,https://vancouver.calendar.ubc.ca/fees/tuition-fees/graduate/masters,Specialized Master's Degree Program,[],Master of Health Administration,Program entry year,2024S or 2024W,domestic,2024,exactly,per_instalment,5668.66,"$5,668.66",Domestic fee per instalment,Master of Health Administration,,
vancouver,masters,Master's,https://vancouver.calendar.ubc.ca/fees/tuition-fees/graduate/masters,Specialized Master's Degree Program,[],Master of Health Administration,Program entry year,2024S or 2024W,domestic,2024,exactly,per_instalment,873.89,$873.89,Domestic continuing fee per instalment,Master of Health Administration,,
vancouver,masters,Master's,https://vancouver.calendar.ubc.ca/fees/tuition-fees/graduate/masters,Specialized Master's Degree Program,[],Master of Health Administration,Program entry year,2024S or 2024W,international,2024,exactly,per_instalment,10887.18,"$10,887.18",International fee per instalment,Master of Health Administration,,
vancouver,masters,Master's,https://vancouver.calendar.ubc.ca/fees/tuition-fees/graduate/masters,Specialized Master's Degree Program,[],Master of Health Administration,Program entry year,2024S or 2024W,international,2024,exactly,per_instalment,10887.18,"$10,887.18",International continuing fee per instalment,Master of Health Administration,,
vancouver,masters,Master's,https://vancouver.calendar.ubc.ca/fees/tuition-fees/graduate/masters,Specialized Master's Degree Program,[],Master of Health Administration,Program entry year,2023S or 2023W,domestic,2023,exactly,per_instalment,5668.66,"$5,668.66",Domestic fee per instalment,Master of Health Administration,,
vancouver,masters,Master's,https://vancouver.calendar.ubc.ca/fees/tuition-fees/graduate/masters,Specialized Master's Degree Program,[],Master of Health Administration,Program entry year,2023S or 2023W,domestic,2023,exactly,per_instalment,873.89,$873.89,Domestic continuing fee per instalment,Master of Health Administration,,
vancouver,masters,Master's,https://vancouver.calendar.ubc.ca/fees/tuition-fees/graduate/masters,Specialized Master's Degree Program,[],Master of Health Administration,Program entry year,2023S or 2023W,international,2023,exactly,per_instalment,10679.81,"$10,679.81",International fee per instalment,Master of Health Administration,,
vancouver,masters,Master's,https://vancouver.calendar.ubc.ca/fees/tuition-fees/graduate/masters,Specialized Master's Degree Program,[],Master of Health Administration,Program entry year,2023S or 2023W,international,2023,exactly,per_instalment,10679.81,"$10,679.81",International continuing fee per instalment,Master of Health Administration,,
vancouver,masters,Master's,https://vancouver.calendar.ubc.ca/fees/tuition-fees/graduate/masters,Specialized Master's Degree Program,[],Master of Health Administration,Program entry year,2022W or earlier,domestic,2022,or_earlier,per_instalment,5668.66,"$5,668.66",Domestic fee per instalment,Master of Health Administration,,
vancouver,masters,Master's,https://vancouver.calendar.ubc.ca/fees/tuition-fees/graduate/masters,Specialized Master's Degree Program,[],Master of Health Administration,Program entry year,2022W or earlier,domestic,2022,or_earlier,per_instalment,873.89,$873.89,Domestic continuing fee per instalment,Master of Health Administration,,
vancouver,masters,Master's,https://vancouver.calendar.ubc.ca/fees/tuition-fees/graduate/masters,Specialized Master's Degree Program,[],Master of Health Administration,Program entry year,2022W or earlier,international,2022,or_earlier,per_instalment,10476.39,"$10,476.39",International fee per instalment,Master of Health Administration,,
vancouver,masters,Master's,https://vancouver.calendar.ubc.ca/fees/tuition-fees/graduate/masters,Specialized Master's Degree Program,[],Master of Health Administration,Program entry year,2022W or earlier,international,2022,or_earlier,per_instalment,10476.39,"$10,476.39",International continuing fee per instalment,Master of Health Administration,,
vancouver,masters,Master's,https://vancouver.calendar.ubc.ca/fees/tuition-fees/graduate/masters,Specialized Master's Degree Program,[],Master of Health Leadership and Policy (full-time),Program entry year,2026S or 2026W,domestic,2026,exactly,per_instalment,11190.32,"$11,190.32",Domestic fee per instalment,Master of Health Leadership and Policy (full-time),,
vancouver,masters,Master's,https://vancouver.calendar.ubc.ca/fees/tuition-fees/graduate/masters,Specialized Master's Degree Program,[],Master of Health Leadership and Policy (full-time),Program entry year,2026S or 2026W,domestic,2026,exactly,per_instalment,873.89,$873.89,Domestic continuing fee per instalment,Master of Health Leadership and Policy (full-time),,
vancouver,masters,Master's,https://vancouver.calendar.ubc.ca/fees/tuition-fees/graduate/masters,Specialized Master's Degree Program,[],Master of Health Leadership and Policy (full-time),Program entry year,2026S or 2026W,international,2026,exactly,per_instalment,23598.38,"$23,598.38",International fee per instalment,Master of Health Leadership and Policy (full-time),,
vancouver,masters,Master's,https://vancouver.calendar.ubc.ca/fees/tuition-fees/graduate/masters,Specialized Master's Degree Program,[],Master of Health Leadership and Policy (full-time),Program entry year,2026S or 2026W,international,2026,exactly,per_instalment,23598.38,"$23,598.38",International continuing fee per instalment,Master of Health Leadership and Policy (full-time),,
vancouver,masters,Master's,https://vancouver.calendar.ubc.ca/fees/tuition-fees/graduate/masters,Specialized Master's Degree Program,[],Master of Health Leadership and Policy (full-time),Program entry year,2025S or 2025W,domestic,2025,exactly,per_instalment,10970.91,"$10,970.91",Domestic fee per instalment,Master of Health Leadership and Policy (full-time),,
vancouver,masters,Master's,https://vancouver.calendar.ubc.ca/fees/tuition-fees/graduate/masters,Specialized Master's Degree Program,[],Master of Health Leadership and Policy (full-time),Program entry year,2025S or 2025W,domestic,2025,exactly,per_instalment,873.89,$873.89,Domestic continuing fee per instalment,Master of Health Leadership and Policy (full-time),,
vancouver,masters,Master's,https://vancouver.calendar.ubc.ca/fees/tuition-fees/graduate/masters,Specialized Master's Degree Program,[],Master of Health Leadership and Policy (full-time),Program entry year,2025S or 2025W,international,2025,exactly,per_instalment,22690.75,"$22,690.75",International fee per instalment,Master of Health Leadership and Policy (full-time),,
vancouver,masters,Master's,https://vancouver.calendar.ubc.ca/fees/tuition-fees/graduate/masters,Specialized Master's Degree Program,[],Master of Health Leadership and Policy (full-time),Program entry year,2025S or 2025W,international,2025,exactly,per_instalment,22690.75,"$22,690.75",International continuing fee per instalment,Master of Health Leadership and Policy (full-time),,
vancouver,masters,Master's,https://vancouver.calendar.ubc.ca/fees/tuition-fees/graduate/masters,Specialized Master's Degree Program,[],Master of Health Leadership and Policy (full-time),Program entry year,2024S or 2024W,domestic,2024,exactly,per_instalment,10755.8,"$10,755.80",Domestic fee per instalment,Master of Health Leadership and Policy (full-time),,
vancouver,masters,Master's,https://vancouver.calendar.ubc.ca/fees/tuition-fees/graduate/masters,Specialized Master's Degree Program,[],Master of Health Leadership and Policy (full-time),Program entry year,2024S or 2024W,domestic,2024,exactly,per_instalment,873.89,$873.89,Domestic continuing fee per instalment,Master of Health Leadership and Policy (full-time),,
vancouver,masters,Master's,https://vancouver.calendar.ubc.ca/fees/tuition-fees/graduate/masters,Specialized Master's Degree Program,[],Master of Health Leadership and Policy (full-time),Program entry year,2024S or 2024W,international,2024,exactly,per_instalment,21610.24,"$21,610.24",International fee per instalment,Master of Health Leadership and Policy (full-time),,
vancouver,masters,Master's,https://vancouver.calendar.ubc.ca/fees/tuition-fees/graduate/masters,Specialized Master's Degree Program,[],Master of Health Leadership and Policy (full-time),Program entry year,2024S or 2024W,international,2024,exactly,per_instalment,21610.24,"$21,610.24",International continuing fee per instalment,Master of Health Leadership and Policy (full-time),,
vancouver,masters,Master's,https://vancouver.calendar.ubc.ca/fees/tuition-fees/graduate/masters,Specialized Master's Degree Program,[],Master of Health Leadership and Policy (full-time),Program entry year,2023W or earlier,domestic,2023,or_earlier,per_instalment,10544.91,"$10,544.91",Domestic fee per instalment,Master of Health Leadership and Policy (full-time),,
vancouver,masters,Master's,https://vancouver.calendar.ubc.ca/fees/tuition-fees/graduate/masters,Specialized Master's Degree Program,[],Master of Health Leadership and Policy (full-time),Program entry year,2023W or earlier,domestic,2023,or_earlier,per_instalment,873.89,$873.89,Domestic continuing fee per instalment,Master of Health Leadership and Policy (full-time),,
vancouver,masters,Master's,https://vancouver.calendar.ubc.ca/fees/tuition-fees/graduate/masters,Specialized Master's Degree Program,[],Master of Health Leadership and Policy (full-time),Program entry year,2023W or earlier,international,2023,or_earlier,per_instalment,20581.19,"$20,581.19",International fee per instalment,Master of Health Leadership and Policy (full-time),,
vancouver,masters,Master's,https://vancouver.calendar.ubc.ca/fees/tuition-fees/graduate/masters,Specialized Master's Degree Program,[],Master of Health Leadership and Policy (full-time),Program entry year,2023W or earlier,international,2023,or_earlier,per_instalment,20581.19,"$20,581.19",International continuing fee per instalment,Master of Health Leadership and Policy (full-time),,
vancouver,masters,Master's,https://vancouver.calendar.ubc.ca/fees/tuition-fees/graduate/masters,Specialized Master's Degree Program,[],Master of Health Leadership and Policy (part-time),Program entry year,2026S or 2026W,domestic,2026,exactly,per_instalment,5595.14,"$5,595.14",Domestic fee per instalment,Master of Health Leadership and Policy (part-time),,
vancouver,masters,Master's,https://vancouver.calendar.ubc.ca/fees/tuition-fees/graduate/masters,Specialized Master's Degree Program,[],Master of Health Leadership and Policy (part-time),Program entry year,2026S or 2026W,domestic,2026,exactly,per_instalment,873.89,$873.89,Domestic continuing fee per instalment,Master of Health Leadership and Policy (part-time),,
vancouver,masters,Master's,https://vancouver.calendar.ubc.ca/fees/tuition-fees/graduate/masters,Specialized Master's Degree Program,[],Master of Health Leadership and Policy (part-time),Program entry year,2026S or 2026W,international,2026,exactly,per_instalment,11799.16,"$11,799.16",International fee per instalment,Master of Health Leadership and Policy (part-time),,
vancouver,masters,Master's,https://vancouver.calendar.ubc.ca/fees/tuition-fees/graduate/masters,Specialized Master's Degree Program,[],Master of Health Leadership and Policy (part-time),Program entry year,2026S or 2026W,international,2026,exactly,per_instalment,11799.16,"$11,799.16",International continuing fee per instalment,Master of Health Leadership and Policy (part-time),,
vancouver,masters,Master's,https://vancouver.calendar.ubc.ca/fees/tuition-fees/graduate/masters,Specialized Master's Degree Program,[],Master of Health Leadership and Policy (part-time),Program entry year,2025S or 2025W,domestic,2025,exactly,per_instalment,5485.44,"$5,485.44",Domestic fee per instalment,Master of Health Leadership and Policy (part-time),,
vancouver,masters,Master's,https://vancouver.calendar.ubc.ca/fees/tuition-fees/graduate/masters,Specialized Master's Degree Program,[],Master of Health Leadership and Policy (part-time),Program entry year,2025S or 2025W,domestic,2025,exactly,per_instalment,873.89,$873.89,Domestic continuing fee per instalment,Master of Health Leadership and Policy (part-time),,
vancouver,masters,Master's,https://vancouver.calendar.ubc.ca/fees/tuition-fees/graduate/masters,Specialized Master's Degree Program,[],Master of Health Leadership and Policy (part-time),Program entry year,2025S or 2025W,international,2025,exactly,per_instalment,11345.35,"$11,345.35",International fee per instalment,Master of Health Leadership and Policy (part-time),,
vancouver,masters,Master's,https://vancouver.calendar.ubc.ca/fees/tuition-fees/graduate/masters,Specialized Master's Degree Program,[],Master of Health Leadership and Policy (part-time),Program entry year,2025S or 2025W,international,2025,exactly,per_instalment,11345.35,"$11,345.35",International continuing fee per instalment,Master of Health Leadership and Policy (part-time),,
vancouver,masters,Master's,https://vancouver.calendar.ubc.ca/fees/tuition-fees/graduate/masters,Specialized Master's Degree Program,[],Master of Health Leadership and Policy (part-time),Program entry year,2024S or 2024W,domestic,2024,exactly,per_instalment,5377.89,"$5,377.89",Domestic fee per instalment,Master of Health Leadership and Policy (part-time),,
vancouver,masters,Master's,https://vancouver.calendar.ubc.ca/fees/tuition-fees/graduate/masters,Specialized Master's Degree Program,[],Master of Health Leadership and Policy (part-time),Program entry year,2024S or 2024W,domestic,2024,exactly,per_instalment,873.89,$873.89,Domestic continuing fee per instalment,Master of Health Leadership and Policy (part-time),,
vancouver,masters,Master's,https://vancouver.calendar.ubc.ca/fees/tuition-fees/graduate/masters,Specialized Master's Degree Program,[],Master of Health Leadership and Policy (part-time),Program entry year,2024S or 2024W,international,2024,exactly,per_instalment,10805.1,"$10,805.10",International fee per instalment,Master of Health Leadership and Policy (part-time),,
vancouver,masters,Master's,https://vancouver.calendar.ubc.ca/fees/tuition-fees/graduate/masters,Specialized Master's Degree Program,[],Master of Health Leadership and Policy (part-time),Program entry year,2024S or 2024W,international,2024,exactly,per_instalment,10805.1,"$10,805.10",International continuing fee per instalment,Master of Health Leadership and Policy (part-time),,
vancouver,masters,Master's,https://vancouver.calendar.ubc.ca/fees/tuition-fees/graduate/masters,Specialized Master's Degree Program,[],Master of Health Leadership and Policy (part-time),Program entry year,2023W or earlier,domestic,2023,or_earlier,per_instalment,5272.45,"$5,272.45",Domestic fee per instalment,Master of Health Leadership and Policy (part-time),,
vancouver,masters,Master's,https://vancouver.calendar.ubc.ca/fees/tuition-fees/graduate/masters,Specialized Master's Degree Program,[],Master of Health Leadership and Policy (part-time),Program entry year,2023W or earlier,domestic,2023,or_earlier,per_instalment,873.89,$873.89,Domestic continuing fee per instalment,Master of Health Leadership and Policy (part-time),,
vancouver,masters,Master's,https://vancouver.calendar.ubc.ca/fees/tuition-fees/graduate/masters,Specialized Master's Degree Program,[],Master of Health Leadership and Policy (part-time),Program entry year,2023W or earlier,international,2023,or_earlier,per_instalment,9800.56,"$9,800.56",International fee per instalment,Master of Health Leadership and Policy (part-time),,
vancouver,masters,Master's,https://vancouver.calendar.ubc.ca/fees/tuition-fees/graduate/masters,Specialized Master's Degree Program,[],Master of Health Leadership and Policy (part-time),Program entry year,2023W or earlier,international,2023,or_earlier,per_instalment,9800.56,"$9,800.56",International continuing fee per instalment,Master of Health Leadership and Policy (part-time),,
vancouver,masters,Master's,https://vancouver.calendar.ubc.ca/fees/tuition-fees/graduate/masters,Specialized Master's Degree Program,[],Master of Health Science,Program entry year,2026S or 2026W,domestic,2026,exactly,per_instalment,1912.84,"$1,912.84",Domestic fee per instalment,Master of Health Science,,
vancouver,masters,Master's,https://vancouver.calendar.ubc.ca/fees/tuition-fees/graduate/masters,Specialized Master's Degree Program,[],Master of Health Science,Program entry year,2026S or 2026W,domestic,2026,exactly,per_instalment,873.89,$873.89,Domestic continuing fee per instalment,Master of Health Science,,
vancouver,masters,Master's,https://vancouver.calendar.ubc.ca/fees/tuition-fees/graduate/masters,Specialized Master's Degree Program,[],Master of Health Science,Program entry year,2026S or 2026W,international,2026,exactly,per_instalment,9365.56,"$9,365.56",International fee per instalment,Master of Health Science,,
vancouver,masters,Master's,https://vancouver.calendar.ubc.ca/fees/tuition-fees/graduate/masters,Specialized Master's Degree Program,[],Master of Health Science,Program entry year,2026S or 2026W,international,2026,exactly,per_instalment,9365.56,"$9,365.56",International continuing fee per instalment,Master of Health Science,,
vancouver,masters,Master's,https://vancouver.calendar.ubc.ca/fees/tuition-fees/graduate/masters,Specialized Master's Degree Program,[],Master of Health Science,Program entry year,2025S or 2025W,domestic,2025,exactly,per_instalment,1912.84,"$1,912.84",Domestic fee per instalment,Master of Health Science,,
vancouver,masters,Master's,https://vancouver.calendar.ubc.ca/fees/tuition-fees/graduate/masters,Specialized Master's Degree Program,[],Master of Health Science,Program entry year,2025S or 2025W,domestic,2025,exactly,per_instalment,873.89,$873.89,Domestic continuing fee per instalment,Master of Health Science,,
vancouver,masters,Master's,https://vancouver.calendar.ubc.ca/fees/tuition-fees/graduate/masters,Specialized Master's Degree Program,[],Master of Health Science,Program entry year,2025S or 2025W,international,2025,exactly,per_instalment,9275.51,"$9,275.51",International fee per instalment,Master of Health Science,,
vancouver,masters,Master's,https://vancouver.calendar.ubc.ca/fees/tuition-fees/graduate/masters,Specialized Master's Degree Program,[],Master of Health Science,Program entry year,2025S or 2025W,international,2025,exactly,per_instalment,9275.51,"$9,275.51",International continuing fee per instalment,Master of Health Science,,
vancouver,masters,Master's,https://vancouver.calendar.ubc.ca/fees/tuition-fees/graduate/masters,Specialized Master's Degree Program,[],Master of Health Science,Program entry year,2024S or 2024W,domestic,2024,exactly,per_instalment,1912.84,"$1,912.84",Domestic fee per instalment,Master of Health Science,,
vancouver,masters,Master's,https://vancouver.calendar.ubc.ca/fees/tuition-fees/graduate/masters,Specialized Master's Degree Program,[],Master of Health Science,Program entry year,2024S or 2024W,domestic,2024,exactly,per_instalment,873.89,$873.89,Domestic continuing fee per instalment,Master of Health Science,,
vancouver,masters,Master's,https://vancouver.calendar.ubc.ca/fees/tuition-fees/graduate/masters,Specialized Master's Degree Program,[],Master of Health Science,Program entry year,2024S or 2024W,international,2024,exactly,per_instalment,9098.83,"$9,098.83",International fee per instalment,Master of Health Science,,
vancouver,masters,Master's,https://vancouver.calendar.ubc.ca/fees/tuition-fees/graduate/masters,Specialized Master's Degree Program,[],Master of Health Science,Program entry year,2024S or 2024W,international,2024,exactly,per_instalment,9098.83,"$9,098.83",International continuing fee per instalment,Master of Health Science,,
vancouver,masters,Master's,https://vancouver.calendar.ubc.ca/fees/tuition-fees/graduate/masters,Specialized Master's Degree Program,[],Master of Health Science,Program entry year,2023W or earlier,domestic,2023,or_earlier,per_instalment,1912.84,"$1,912.84",Domestic fee per instalment,Master of Health Science,,
vancouver,masters,Master's,https://vancouver.calendar.ubc.ca/fees/tuition-fees/graduate/masters,Specialized Master's Degree Program,[],Master of Health Science,Program entry year,2023W or earlier,domestic,2023,or_earlier,per_instalment,873.89,$873.89,Domestic continuing fee per instalment,Master of Health Science,,
vancouver,masters,Master's,https://vancouver.calendar.ubc.ca/fees/tuition-fees/graduate/masters,Specialized Master's Degree Program,[],Master of Health Science,Program entry year,2023W or earlier,international,2023,or_earlier,per_instalment,8925.52,"$8,925.52",International fee per instalment,Master of Health Science,,
vancouver,masters,Master's,https://vancouver.calendar.ubc.ca/fees/tuition-fees/graduate/masters,Specialized Master's Degree Program,[],Master of Health Science,Program entry year,2023W or earlier,international,2023,or_earlier,per_instalment,8925.52,"$8,925.52",International continuing fee per instalment,Master of Health Science,,
vancouver,masters,Master's,https://vancouver.calendar.ubc.ca/fees/tuition-fees/graduate/masters,Specialized Master's Degree Program,[],Master of High Performance Coaching and Technical Leadership with Transferable Graduate Certificate,Program entry year,2026S or 2026W,domestic,2026,exactly,per_instalment,2979.72,"$2,979.72",Domestic fee per instalment,Master of High Performance Coaching and Technical Leadership with Transferable Graduate Certificate,,
vancouver,masters,Master's,https://vancouver.calendar.ubc.ca/fees/tuition-fees/graduate/masters,Specialized Master's Degree Program,[],Master of High Performance Coaching and Technical Leadership with Transferable Graduate Certificate,Program entry year,2026S or 2026W,domestic,2026,exactly,per_instalment,873.89,$873.89,Domestic continuing fee per instalment,Master of High Performance Coaching and Technical Leadership with Transferable Graduate Certificate,,
vancouver,masters,Master's,https://vancouver.calendar.ubc.ca/fees/tuition-fees/graduate/masters,Specialized Master's Degree Program,[],Master of High Performance Coaching and Technical Leadership with Transferable Graduate Certificate,Program entry year,2026S or 2026W,international,2026,exactly,per_instalment,6142.79,"$6,142.79",International fee per instalment,Master of High Performance Coaching and Technical Leadership with Transferable Graduate Certificate,,
vancouver,masters,Master's,https://vancouver.calendar.ubc.ca/fees/tuition-fees/graduate/masters,Specialized Master's Degree Program,[],Master of High Performance Coaching and Technical Leadership with Transferable Graduate Certificate,Program entry year,2026S or 2026W,international,2026,exactly,per_instalment,6142.79,"$6,142.79",International continuing fee per instalment,Master of High Performance Coaching and Technical Leadership with Transferable Graduate Certificate,,
vancouver,masters,Master's,https://vancouver.calendar.ubc.ca/fees/tuition-fees/graduate/masters,Specialized Master's Degree Program,[],Master of High Performance Coaching and Technical Leadership with Transferable Graduate Certificate,Program entry year,2025S or 2025W,domestic,2025,exactly,per_instalment,2979.72,"$2,979.72",Domestic fee per instalment,Master of High Performance Coaching and Technical Leadership with Transferable Graduate Certificate,,
vancouver,masters,Master's,https://vancouver.calendar.ubc.ca/fees/tuition-fees/graduate/masters,Specialized Master's Degree Program,[],Master of High Performance Coaching and Technical Leadership with Transferable Graduate Certificate,Program entry year,2025S or 2025W,domestic,2025,exactly,per_instalment,873.89,$873.89,Domestic continuing fee per instalment,Master of High Performance Coaching and Technical Leadership with Transferable Graduate Certificate,,
vancouver,masters,Master's,https://vancouver.calendar.ubc.ca/fees/tuition-fees/graduate/masters,Specialized Master's Degree Program,[],Master of High Performance Coaching and Technical Leadership with Transferable Graduate Certificate,Program entry year,2025S or 2025W,international,2025,exactly,per_instalment,6083.72,"$6,083.72",International fee per instalment,Master of High Performance Coaching and Technical Leadership with Transferable Graduate Certificate,,
vancouver,masters,Master's,https://vancouver.calendar.ubc.ca/fees/tuition-fees/graduate/masters,Specialized Master's Degree Program,[],Master of High Performance Coaching and Technical Leadership with Transferable Graduate Certificate,Program entry year,2025S or 2025W,international,2025,exactly,per_instalment,6083.72,"$6,083.72",International continuing fee per instalment,Master of High Performance Coaching and Technical Leadership with Transferable Graduate Certificate,,
vancouver,masters,Master's,https://vancouver.calendar.ubc.ca/fees/tuition-fees/graduate/masters,Specialized Master's Degree Program,[],Master of High Performance Coaching and Technical Leadership with Transferable Graduate Certificate,Program entry year,2024S or 2024W,domestic,2024,exactly,per_instalment,2979.72,"$2,979.72",Domestic fee per instalment,Master of High Performance Coaching and Technical Leadership with Transferable Graduate Certificate,,
vancouver,masters,Master's,https://vancouver.calendar.ubc.ca/fees/tuition-fees/graduate/masters,Specialized Master's Degree Program,[],Master of High Performance Coaching and Technical Leadership with Transferable Graduate Certificate,Program entry year,2024S or 2024W,domestic,2024,exactly,per_instalment,873.89,$873.89,Domestic continuing fee per instalment,Master of High Performance Coaching and Technical Leadership with Transferable Graduate Certificate,,
vancouver,masters,Master's,https://vancouver.calendar.ubc.ca/fees/tuition-fees/graduate/masters,Specialized Master's Degree Program,[],Master of High Performance Coaching and Technical Leadership with Transferable Graduate Certificate,Program entry year,2024S or 2024W,international,2024,exactly,per_instalment,5967.84,"$5,967.84",International fee per instalment,Master of High Performance Coaching and Technical Leadership with Transferable Graduate Certificate,,
vancouver,masters,Master's,https://vancouver.calendar.ubc.ca/fees/tuition-fees/graduate/masters,Specialized Master's Degree Program,[],Master of High Performance Coaching and Technical Leadership with Transferable Graduate Certificate,Program entry year,2024S or 2024W,international,2024,exactly,per_instalment,5967.84,"$5,967.84",International continuing fee per instalment,Master of High Performance Coaching and Technical Leadership with Transferable Graduate Certificate,,
vancouver,masters,Master's,https://vancouver.calendar.ubc.ca/fees/tuition-fees/graduate/masters,Specialized Master's Degree Program,[],Master of High Performance Coaching and Technical Leadership with Transferable Graduate Certificate,Program entry year,2023S or 2023W,domestic,2023,exactly,per_instalment,2979.72,"$2,979.72",Domestic fee per instalment,Master of High Performance Coaching and Technical Leadership with Transferable Graduate Certificate,,
vancouver,masters,Master's,https://vancouver.calendar.ubc.ca/fees/tuition-fees/graduate/masters,Specialized Master's Degree Program,[],Master of High Performance Coaching and Technical Leadership with Transferable Graduate Certificate,Program entry year,2023S or 2023W,domestic,2023,exactly,per_instalment,873.89,$873.89,Domestic continuing fee per instalment,Master of High Performance Coaching and Technical Leadership with Transferable Graduate Certificate,,
vancouver,masters,Master's,https://vancouver.calendar.ubc.ca/fees/tuition-fees/graduate/masters,Specialized Master's Degree Program,[],Master of High Performance Coaching and Technical Leadership with Transferable Graduate Certificate,Program entry year,2023S or 2023W,international,2023,exactly,per_instalment,5854.16,"$5,854.16",International fee per instalment,Master of High Performance Coaching and Technical Leadership with Transferable Graduate Certificate,,
vancouver,masters,Master's,https://vancouver.calendar.ubc.ca/fees/tuition-fees/graduate/masters,Specialized Master's Degree Program,[],Master of High Performance Coaching and Technical Leadership with Transferable Graduate Certificate,Program entry year,2023S or 2023W,international,2023,exactly,per_instalment,5854.16,"$5,854.16",International continuing fee per instalment,Master of High Performance Coaching and Technical Leadership with Transferable Graduate Certificate,,
vancouver,masters,Master's,https://vancouver.calendar.ubc.ca/fees/tuition-fees/graduate/masters,Specialized Master's Degree Program,[],Master of High Performance Coaching and Technical Leadership with Transferable Graduate Certificate,Program entry year,2022W or earlier,domestic,2022,or_earlier,per_instalment,2979.72,"$2,979.72",Domestic fee per instalment,Master of High Performance Coaching and Technical Leadership with Transferable Graduate Certificate,,
vancouver,masters,Master's,https://vancouver.calendar.ubc.ca/fees/tuition-fees/graduate/masters,Specialized Master's Degree Program,[],Master of High Performance Coaching and Technical Leadership with Transferable Graduate Certificate,Program entry year,2022W or earlier,domestic,2022,or_earlier,per_instalment,873.89,$873.89,Domestic continuing fee per instalment,Master of High Performance Coaching and Technical Leadership with Transferable Graduate Certificate,,
vancouver,masters,Master's,https://vancouver.calendar.ubc.ca/fees/tuition-fees/graduate/masters,Specialized Master's Degree Program,[],Master of High Performance Coaching and Technical Leadership with Transferable Graduate Certificate,Program entry year,2022W or earlier,international,2022,or_earlier,per_instalment,5742.66,"$5,742.66",International fee per instalment,Master of High Performance Coaching and Technical Leadership with Transferable Graduate Certificate,,
vancouver,masters,Master's,https://vancouver.calendar.ubc.ca/fees/tuition-fees/graduate/masters,Specialized Master's Degree Program,[],Master of High Performance Coaching and Technical Leadership with Transferable Graduate Certificate,Program entry year,2022W or earlier,international,2022,or_earlier,per_instalment,5742.66,"$5,742.66",International continuing fee per instalment,Master of High Performance Coaching and Technical Leadership with Transferable Graduate Certificate,,
vancouver,masters,Master's,https://vancouver.calendar.ubc.ca/fees/tuition-fees/graduate/masters,Specialized Master's Degree Program,[],Master of International Forestry,,2026S or 2026W,international,2026,exactly,per_instalment,7147.12,"$7,147.12",Domestic fee per instalment,Master of International Forestry,,
vancouver,masters,Master's,https://vancouver.calendar.ubc.ca/fees/tuition-fees/graduate/masters,Specialized Master's Degree Program,[],Master of International Forestry,,2026S or 2026W,international,2026,exactly,per_instalment,873.89,$873.89,Domestic continuing fee per instalment,Master of International Forestry,,
vancouver,masters,Master's,https://vancouver.calendar.ubc.ca/fees/tuition-fees/graduate/masters,Specialized Master's Degree Program,[],Master of International Forestry,,2026S or 2026W,international,2026,exactly,per_instalment,14964.22,"$14,964.22",International fee per instalment,Master of International Forestry,,
vancouver,masters,Master's,https://vancouver.calendar.ubc.ca/fees/tuition-fees/graduate/masters,Specialized Master's Degree Program,[],Master of International Forestry,,2026S or 2026W,international,2026,exactly,per_instalment,3360.55,"$3,360.55",International continuing fee per instalment,Master of International Forestry,,
vancouver,masters,Master's,https://vancouver.calendar.ubc.ca/fees/tuition-fees/graduate/masters,Specialized Master's Degree Program,[],Master of International Forestry,,2025S or 2025W,international,2025,exactly,per_instalment,7147.12,"$7,147.12",Domestic fee per instalment,Master of International Forestry,,
vancouver,masters,Master's,https://vancouver.calendar.ubc.ca/fees/tuition-fees/graduate/masters,Specialized Master's Degree Program,[],Master of International Forestry,,2025S or 2025W,international,2025,exactly,per_instalment,873.89,$873.89,Domestic continuing fee per instalment,Master of International Forestry,,
vancouver,masters,Master's,https://vancouver.calendar.ubc.ca/fees/tuition-fees/graduate/masters,Specialized Master's Degree Program,[],Master of International Forestry,,2025S or 2025W,international,2025,exactly,per_instalment,14820.34,"$14,820.34",International fee per instalment,Master of International Forestry,,
vancouver,masters,Master's,https://vancouver.calendar.ubc.ca/fees/tuition-fees/graduate/masters,Specialized Master's Degree Program,[],Master of International Forestry,,2025S or 2025W,international,2025,exactly,per_instalment,3360.55,"$3,360.55",International continuing fee per instalment,Master of International Forestry,,
vancouver,masters,Master's,https://vancouver.calendar.ubc.ca/fees/tuition-fees/graduate/masters,Specialized Master's Degree Program,[],Master of International Forestry,,2024S or 2024W,international,2024,exactly,per_instalment,7147.12,"$7,147.12",Domestic fee per instalment,Master of International Forestry,,
vancouver,masters,Master's,https://vancouver.calendar.ubc.ca/fees/tuition-fees/graduate/masters,Specialized Master's Degree Program,[],Master of International Forestry,,2024S or 2024W,international,2024,exactly,per_instalment,873.89,$873.89,Domestic continuing fee per instalment,Master of International Forestry,,
vancouver,masters,Master's,https://vancouver.calendar.ubc.ca/fees/tuition-fees/graduate/masters,Specialized Master's Degree Program,[],Master of International Forestry,,2024S or 2024W,international,2024,exactly,per_instalment,14538.04,"$14,538.04",International fee per instalment,Master of International Forestry,,
vancouver,masters,Master's,https://vancouver.calendar.ubc.ca/fees/tuition-fees/graduate/masters,Specialized Master's Degree Program,[],Master of International Forestry,,2024S or 2024W,international,2024,exactly,per_instalment,3360.55,"$3,360.55",International continuing fee per instalment,Master of International Forestry,,
vancouver,masters,Master's,https://vancouver.calendar.ubc.ca/fees/tuition-fees/graduate/masters,Specialized Master's Degree Program,[],Master of International Forestry,,2023W or earlier,international,2023,or_earlier,per_instalment,7147.12,"$7,147.12",Domestic fee per instalment,Master of International Forestry,,
vancouver,masters,Master's,https://vancouver.calendar.ubc.ca/fees/tuition-fees/graduate/masters,Specialized Master's Degree Program,[],Master of International Forestry,,2023W or earlier,international,2023,or_earlier,per_instalment,873.89,$873.89,Domestic continuing fee per instalment,Master of International Forestry,,
vancouver,masters,Master's,https://vancouver.calendar.ubc.ca/fees/tuition-fees/graduate/masters,Specialized Master's Degree Program,[],Master of International Forestry,,2023W or earlier,international,2023,or_earlier,per_instalment,14261.13,"$14,261.13",International fee per instalment,Master of International Forestry,,
vancouver,masters,Master's,https://vancouver.calendar.ubc.ca/fees/tuition-fees/graduate/masters,Specialized Master's Degree Program,[],Master of International Forestry,,2023W or earlier,international,2023,or_earlier,per_instalment,3360.55,"$3,360.55",International continuing fee per instalment,Master of International Forestry,,
vancouver,masters,Master's,https://vancouver.calendar.ubc.ca/fees/tuition-fees/graduate/masters,Specialized Master's Degree Program,[],Master of Journalism,Program entry year,2026S or 2026W,domestic,2026,exactly,per_instalment,2801.21,"$2,801.21",Domestic fee per instalment,Master of Journalism,,
vancouver,masters,Master's,https://vancouver.calendar.ubc.ca/fees/tuition-fees/graduate/masters,Specialized Master's Degree Program,[],Master of Journalism,Program entry year,2026S or 2026W,domestic,2026,exactly,per_instalment,873.89,$873.89,Domestic continuing fee per instalment,Master of Journalism,,
vancouver,masters,Master's,https://vancouver.calendar.ubc.ca/fees/tuition-fees/graduate/masters,Specialized Master's Degree Program,[],Master of Journalism,Program entry year,2026S or 2026W,international,2026,exactly,per_instalment,11804.26,"$11,804.26",International fee per instalment,Master of Journalism,,
vancouver,masters,Master's,https://vancouver.calendar.ubc.ca/fees/tuition-fees/graduate/masters,Specialized Master's Degree Program,[],Master of Journalism,Program entry year,2026S or 2026W,international,2026,exactly,per_instalment,11804.26,"$11,804.26",International continuing fee per instalment,Master of Journalism,,
vancouver,masters,Master's,https://vancouver.calendar.ubc.ca/fees/tuition-fees/graduate/masters,Specialized Master's Degree Program,[],Master of Journalism,Program entry year,2025S or 2025W,domestic,2025,exactly,per_instalment,2801.21,"$2,801.21",Domestic fee per instalment,Master of Journalism,,
vancouver,masters,Master's,https://vancouver.calendar.ubc.ca/fees/tuition-fees/graduate/masters,Specialized Master's Degree Program,[],Master of Journalism,Program entry year,2025S or 2025W,domestic,2025,exactly,per_instalment,873.89,$873.89,Domestic continuing fee per instalment,Master of Journalism,,
vancouver,masters,Master's,https://vancouver.calendar.ubc.ca/fees/tuition-fees/graduate/masters,Specialized Master's Degree Program,[],Master of Journalism,Program entry year,2025S or 2025W,international,2025,exactly,per_instalment,11690.75,"$11,690.75",International fee per instalment,Master of Journalism,,
vancouver,masters,Master's,https://vancouver.calendar.ubc.ca/fees/tuition-fees/graduate/masters,Specialized Master's Degree Program,[],Master of Journalism,Program entry year,2025S or 2025W,international,2025,exactly,per_instalment,11690.75,"$11,690.75",International continuing fee per instalment,Master of Journalism,,
vancouver,masters,Master's,https://vancouver.calendar.ubc.ca/fees/tuition-fees/graduate/masters,Specialized Master's Degree Program,[],Master of Journalism,Program entry year,2024S or 2024W,domestic,2024,exactly,per_instalment,2801.21,"$2,801.21",Domestic fee per instalment,Master of Journalism,,
vancouver,masters,Master's,https://vancouver.calendar.ubc.ca/fees/tuition-fees/graduate/masters,Specialized Master's Degree Program,[],Master of Journalism,Program entry year,2024S or 2024W,domestic,2024,exactly,per_instalment,873.89,$873.89,Domestic continuing fee per instalment,Master of Journalism,,
vancouver,masters,Master's,https://vancouver.calendar.ubc.ca/fees/tuition-fees/graduate/masters,Specialized Master's Degree Program,[],Master of Journalism,Program entry year,2024S or 2024W,international,2024,exactly,per_instalment,11468.08,"$11,468.08",International fee per instalment,Master of Journalism,,
vancouver,masters,Master's,https://vancouver.calendar.ubc.ca/fees/tuition-fees/graduate/masters,Specialized Master's Degree Program,[],Master of Journalism,Program entry year,2024S or 2024W,international,2024,exactly,per_instalment,11468.08,"$11,468.08",International continuing fee per instalment,Master of Journalism,,
vancouver,masters,Master's,https://vancouver.calendar.ubc.ca/fees/tuition-fees/graduate/masters,Specialized Master's Degree Program,[],Master of Journalism,Program entry year,2023W or earlier,domestic,2023,or_earlier,per_instalment,2801.21,"$2,801.21",Domestic fee per instalment,Master of Journalism,,
vancouver,masters,Master's,https://vancouver.calendar.ubc.ca/fees/tuition-fees/graduate/masters,Specialized Master's Degree Program,[],Master of Journalism,Program entry year,2023W or earlier,domestic,2023,or_earlier,per_instalment,873.89,$873.89,Domestic continuing fee per instalment,Master of Journalism,,
vancouver,masters,Master's,https://vancouver.calendar.ubc.ca/fees/tuition-fees/graduate/masters,Specialized Master's Degree Program,[],Master of Journalism,Program entry year,2023W or earlier,international,2023,or_earlier,per_instalment,11249.63,"$11,249.63",International fee per instalment,Master of Journalism,,
vancouver,masters,Master's,https://vancouver.calendar.ubc.ca/fees/tuition-fees/graduate/masters,Specialized Master's Degree Program,[],Master of Journalism,Program entry year,2023W or earlier,international,2023,or_earlier,per_instalment,11249.63,"$11,249.63",International continuing fee per instalment,Master of Journalism,,
vancouver,masters,Master's,https://vancouver.calendar.ubc.ca/fees/tuition-fees/graduate/masters,Specialized Master's Degree Program,[],Master of Kinesiology (full-time),Program entry year,2026S or 2026W,domestic,2026,exactly,per_instalment,2168.36,"$2,168.36",Domestic fee per instalment,Master of Kinesiology (full-time),,
vancouver,masters,Master's,https://vancouver.calendar.ubc.ca/fees/tuition-fees/graduate/masters,Specialized Master's Degree Program,[],Master of Kinesiology (full-time),Program entry year,2026S or 2026W,domestic,2026,exactly,per_instalment,873.89,$873.89,Domestic continuing fee per instalment,Master of Kinesiology (full-time),,
vancouver,masters,Master's,https://vancouver.calendar.ubc.ca/fees/tuition-fees/graduate/masters,Specialized Master's Degree Program,[],Master of Kinesiology (full-time),Program entry year,2026S or 2026W,international,2026,exactly,per_instalment,9552.95,"$9,552.95",International fee per instalment,Master of Kinesiology (full-time),,
vancouver,masters,Master's,https://vancouver.calendar.ubc.ca/fees/tuition-fees/graduate/masters,Specialized Master's Degree Program,[],Master of Kinesiology (full-time),Program entry year,2026S or 2026W,international,2026,exactly,per_instalment,9552.95,"$9,552.95",International continuing fee per instalment,Master of Kinesiology (full-time),,
vancouver,masters,Master's,https://vancouver.calendar.ubc.ca/fees/tuition-fees/graduate/masters,Specialized Master's Degree Program,[],Master of Kinesiology (full-time),Program entry year,2025S or 2025W,domestic,2025,exactly,per_instalment,2168.36,"$2,168.36",Domestic fee per instalment,Master of Kinesiology (full-time),,
vancouver,masters,Master's,https://vancouver.calendar.ubc.ca/fees/tuition-fees/graduate/masters,Specialized Master's Degree Program,[],Master of Kinesiology (full-time),Program entry year,2025S or 2025W,domestic,2025,exactly,per_instalment,873.89,$873.89,Domestic continuing fee per instalment,Master of Kinesiology (full-time),,
vancouver,masters,Master's,https://vancouver.calendar.ubc.ca/fees/tuition-fees/graduate/masters,Specialized Master's Degree Program,[],Master of Kinesiology (full-time),Program entry year,2025S or 2025W,international,2025,exactly,per_instalment,9461.09,"$9,461.09",International fee per instalment,Master of Kinesiology (full-time),,
vancouver,masters,Master's,https://vancouver.calendar.ubc.ca/fees/tuition-fees/graduate/masters,Specialized Master's Degree Program,[],Master of Kinesiology (full-time),Program entry year,2025S or 2025W,international,2025,exactly,per_instalment,9461.09,"$9,461.09",International continuing fee per instalment,Master of Kinesiology (full-time),,
vancouver,masters,Master's,https://vancouver.calendar.ubc.ca/fees/tuition-fees/graduate/masters,Specialized Master's Degree Program,[],Master of Kinesiology (full-time),Program entry year,2024S or 2024W,domestic,2024,exactly,per_instalment,2168.36,"$2,168.36",Domestic fee per instalment,Master of Kinesiology (full-time),,
vancouver,masters,Master's,https://vancouver.calendar.ubc.ca/fees/tuition-fees/graduate/masters,Specialized Master's Degree Program,[],Master of Kinesiology (full-time),Program entry year,2024S or 2024W,domestic,2024,exactly,per_instalment,873.89,$873.89,Domestic continuing fee per instalment,Master of Kinesiology (full-time),,
vancouver,masters,Master's,https://vancouver.calendar.ubc.ca/fees/tuition-fees/graduate/masters,Specialized Master's Degree Program,[],Master of Kinesiology (full-time),Program entry year,2024S or 2024W,international,2024,exactly,per_instalment,9280.88,"$9,280.88",International fee per instalment,Master of Kinesiology (full-time),,
vancouver,masters,Master's,https://vancouver.calendar.ubc.ca/fees/tuition-fees/graduate/masters,Specialized Master's Degree Program,[],Master of Kinesiology (full-time),Program entry year,2024S or 2024W,international,2024,exactly,per_instalment,9280.88,"$9,280.88",International continuing fee per instalment,Master of Kinesiology (full-time),,
vancouver,masters,Master's,https://vancouver.calendar.ubc.ca/fees/tuition-fees/graduate/masters,Specialized Master's Degree Program,[],Master of Kinesiology (full-time),Program entry year,2023W or earlier,domestic,2023,or_earlier,per_instalment,2168.36,"$2,168.36",Domestic fee per instalment,Master of Kinesiology (full-time),,
vancouver,masters,Master's,https://vancouver.calendar.ubc.ca/fees/tuition-fees/graduate/masters,Specialized Master's Degree Program,[],Master of Kinesiology (full-time),Program entry year,2023W or earlier,domestic,2023,or_earlier,per_instalment,873.89,$873.89,Domestic continuing fee per instalment,Master of Kinesiology (full-time),,
vancouver,masters,Master's,https://vancouver.calendar.ubc.ca/fees/tuition-fees/graduate/masters,Specialized Master's Degree Program,[],Master of Kinesiology (full-time),Program entry year,2023W or earlier,international,2023,or_earlier,per_instalment,9104.1,"$9,104.10",International fee per instalment,Master of Kinesiology (full-time),,
vancouver,masters,Master's,https://vancouver.calendar.ubc.ca/fees/tuition-fees/graduate/masters,Specialized Master's Degree Program,[],Master of Kinesiology (full-time),Program entry year,2023W or earlier,international,2023,or_earlier,per_instalment,9104.1,"$9,104.10",International continuing fee per instalment,Master of Kinesiology (full-time),,
vancouver,masters,Master's,https://vancouver.calendar.ubc.ca/fees/tuition-fees/graduate/masters,Specialized Master's Degree Program,[],Master of Kinesiology (part-time),,,domestic,,,per_instalment,1267.56,"$1,267.56",Domestic fee per instalment,Master of Kinesiology (part-time),,
vancouver,masters,Master's,https://vancouver.calendar.ubc.ca/fees/tuition-fees/graduate/masters,Specialized Master's Degree Program,[],Master of Kinesiology (part-time),,,domestic,,,per_instalment,873.89,$873.89,Domestic continuing fee per instalment,Master of Kinesiology (part-time),,
vancouver,masters,Master's,https://vancouver.calendar.ubc.ca/fees/tuition-fees/graduate/masters,Specialized Master's Degree Program,[],Master of Land and Water Systems,Program entry year,2026S or 2026W,domestic,2026,exactly,per_instalment,7708.55,"$7,708.55",Domestic fee per instalment,Master of Land and Water Systems,,
vancouver,masters,Master's,https://vancouver.calendar.ubc.ca/fees/tuition-fees/graduate/masters,Specialized Master's Degree Program,[],Master of Land and Water Systems,Program entry year,2026S or 2026W,domestic,2026,exactly,per_instalment,873.89,$873.89,Domestic continuing fee per instalment,Master of Land and Water Systems,,
vancouver,masters,Master's,https://vancouver.calendar.ubc.ca/fees/tuition-fees/graduate/masters,Specialized Master's Degree Program,[],Master of Land and Water Systems,Program entry year,2026S or 2026W,international,2026,exactly,per_instalment,16058.55,"$16,058.55",International fee per instalment,Master of Land and Water Systems,,
vancouver,masters,Master's,https://vancouver.calendar.ubc.ca/fees/tuition-fees/graduate/masters,Specialized Master's Degree Program,[],Master of Land and Water Systems,Program entry year,2026S or 2026W,international,2026,exactly,per_instalment,16058.55,"$16,058.55",International continuing fee per instalment,Master of Land and Water Systems,,
vancouver,masters,Master's,https://vancouver.calendar.ubc.ca/fees/tuition-fees/graduate/masters,Specialized Master's Degree Program,[],Master of Land and Water Systems,Program entry year,2025S or 2025W,domestic,2025,exactly,per_instalment,7708.55,"$7,708.55",Domestic fee per instalment,Master of Land and Water Systems,,
vancouver,masters,Master's,https://vancouver.calendar.ubc.ca/fees/tuition-fees/graduate/masters,Specialized Master's Degree Program,[],Master of Land and Water Systems,Program entry year,2025S or 2025W,domestic,2025,exactly,per_instalment,873.89,$873.89,Domestic continuing fee per instalment,Master of Land and Water Systems,,
vancouver,masters,Master's,https://vancouver.calendar.ubc.ca/fees/tuition-fees/graduate/masters,Specialized Master's Degree Program,[],Master of Land and Water Systems,Program entry year,2025S or 2025W,international,2025,exactly,per_instalment,15904.14,"$15,904.14",International fee per instalment,Master of Land and Water Systems,,
vancouver,masters,Master's,https://vancouver.calendar.ubc.ca/fees/tuition-fees/graduate/masters,Specialized Master's Degree Program,[],Master of Land and Water Systems,Program entry year,2025S or 2025W,international,2025,exactly,per_instalment,15904.14,"$15,904.14",International continuing fee per instalment,Master of Land and Water Systems,,
vancouver,masters,Master's,https://vancouver.calendar.ubc.ca/fees/tuition-fees/graduate/masters,Specialized Master's Degree Program,[],Master of Land and Water Systems,Program entry year,2024S or 2024W,domestic,2024,exactly,per_instalment,7708.55,"$7,708.55",Domestic fee per instalment,Master of Land and Water Systems,,
vancouver,masters,Master's,https://vancouver.calendar.ubc.ca/fees/tuition-fees/graduate/masters,Specialized Master's Degree Program,[],Master of Land and Water Systems,Program entry year,2024S or 2024W,domestic,2024,exactly,per_instalment,873.89,$873.89,Domestic continuing fee per instalment,Master of Land and Water Systems,,
vancouver,masters,Master's,https://vancouver.calendar.ubc.ca/fees/tuition-fees/graduate/masters,Specialized Master's Degree Program,[],Master of Land and Water Systems,Program entry year,2024S or 2024W,international,2024,exactly,per_instalment,15601.2,"$15,601.20",International fee per instalment,Master of Land and Water Systems,,
vancouver,masters,Master's,https://vancouver.calendar.ubc.ca/fees/tuition-fees/graduate/masters,Specialized Master's Degree Program,[],Master of Land and Water Systems,Program entry year,2024S or 2024W,international,2024,exactly,per_instalment,15601.2,"$15,601.20",International continuing fee per instalment,Master of Land and Water Systems,,
vancouver,masters,Master's,https://vancouver.calendar.ubc.ca/fees/tuition-fees/graduate/masters,Specialized Master's Degree Program,[],Master of Land and Water Systems,Program entry year,2023W or earlier,domestic,2023,or_earlier,per_instalment,7708.55,"$7,708.55",Domestic fee per instalment,Master of Land and Water Systems,,
vancouver,masters,Master's,https://vancouver.calendar.ubc.ca/fees/tuition-fees/graduate/masters,Specialized Master's Degree Program,[],Master of Land and Water Systems,Program entry year,2023W or earlier,domestic,2023,or_earlier,per_instalment,873.89,$873.89,Domestic continuing fee per instalment,Master of Land and Water Systems,,
vancouver,masters,Master's,https://vancouver.calendar.ubc.ca/fees/tuition-fees/graduate/masters,Specialized Master's Degree Program,[],Master of Land and Water Systems,Program entry year,2023W or earlier,international,2023,or_earlier,per_instalment,15304.04,"$15,304.04",International fee per instalment,Master of Land and Water Systems,,
vancouver,masters,Master's,https://vancouver.calendar.ubc.ca/fees/tuition-fees/graduate/masters,Specialized Master's Degree Program,[],Master of Land and Water Systems,Program entry year,2023W or earlier,international,2023,or_earlier,per_instalment,15304.04,"$15,304.04",International continuing fee per instalment,Master of Land and Water Systems,,
vancouver,masters,Master's,https://vancouver.calendar.ubc.ca/fees/tuition-fees/graduate/masters,Specialized Master's Degree Program,[],Master of Landscape Architecture,Program entry year,2026S or 2026W,domestic,2026,exactly,per_instalment,2067.33,"$2,067.33",Domestic fee per instalment,Master of Landscape Architecture,,
vancouver,masters,Master's,https://vancouver.calendar.ubc.ca/fees/tuition-fees/graduate/masters,Specialized Master's Degree Program,[],Master of Landscape Architecture,Program entry year,2026S or 2026W,domestic,2026,exactly,per_instalment,873.89,$873.89,Domestic continuing fee per instalment,Master of Landscape Architecture,,
vancouver,masters,Master's,https://vancouver.calendar.ubc.ca/fees/tuition-fees/graduate/masters,Specialized Master's Degree Program,[],Master of Landscape Architecture,Program entry year,2026S or 2026W,international,2026,exactly,per_instalment,18926.57,"$18,926.57",International fee per instalment,Master of Landscape Architecture,,
vancouver,masters,Master's,https://vancouver.calendar.ubc.ca/fees/tuition-fees/graduate/masters,Specialized Master's Degree Program,[],Master of Landscape Architecture,Program entry year,2026S or 2026W,international,2026,exactly,per_instalment,18926.57,"$18,926.57",International continuing fee per instalment,Master of Landscape Architecture,,
vancouver,masters,Master's,https://vancouver.calendar.ubc.ca/fees/tuition-fees/graduate/masters,Specialized Master's Degree Program,[],Master of Landscape Architecture,Program entry year,2025S or 2025W,domestic,2025,exactly,per_instalment,2067.33,"$2,067.33",Domestic fee per instalment,Master of Landscape Architecture,,
vancouver,masters,Master's,https://vancouver.calendar.ubc.ca/fees/tuition-fees/graduate/masters,Specialized Master's Degree Program,[],Master of Landscape Architecture,Program entry year,2025S or 2025W,domestic,2025,exactly,per_instalment,873.89,$873.89,Domestic continuing fee per instalment,Master of Landscape Architecture,,
vancouver,masters,Master's,https://vancouver.calendar.ubc.ca/fees/tuition-fees/graduate/masters,Specialized Master's Degree Program,[],Master of Landscape Architecture,Program entry year,2025S or 2025W,international,2025,exactly,per_instalment,18744.58,"$18,744.58",International fee per instalment,Master of Landscape Architecture,,
vancouver,masters,Master's,https://vancouver.calendar.ubc.ca/fees/tuition-fees/graduate/masters,Specialized Master's Degree Program,[],Master of Landscape Architecture,Program entry year,2025S or 2025W,international,2025,exactly,per_instalment,18744.58,"$18,744.58",International continuing fee per instalment,Master of Landscape Architecture,,
vancouver,masters,Master's,https://vancouver.calendar.ubc.ca/fees/tuition-fees/graduate/masters,Specialized Master's Degree Program,[],Master of Landscape Architecture,Program entry year,2024S or 2024W,domestic,2024,exactly,per_instalment,2067.33,"$2,067.33",Domestic fee per instalment,Master of Landscape Architecture,,
vancouver,masters,Master's,https://vancouver.calendar.ubc.ca/fees/tuition-fees/graduate/masters,Specialized Master's Degree Program,[],Master of Landscape Architecture,Program entry year,2024S or 2024W,domestic,2024,exactly,per_instalment,873.89,$873.89,Domestic continuing fee per instalment,Master of Landscape Architecture,,
vancouver,masters,Master's,https://vancouver.calendar.ubc.ca/fees/tuition-fees/graduate/masters,Specialized Master's Degree Program,[],Master of Landscape Architecture,Program entry year,2024S or 2024W,international,2024,exactly,per_instalment,18387.54,"$18,387.54",International fee per instalment,Master of Landscape Architecture,,
vancouver,masters,Master's,https://vancouver.calendar.ubc.ca/fees/tuition-fees/graduate/masters,Specialized Master's Degree Program,[],Master of Landscape Architecture,Program entry year,2024S or 2024W,international,2024,exactly,per_instalment,18387.54,"$18,387.54",International continuing fee per instalment,Master of Landscape Architecture,,
vancouver,masters,Master's,https://vancouver.calendar.ubc.ca/fees/tuition-fees/graduate/masters,Specialized Master's Degree Program,[],Master of Landscape Architecture,Program entry year,2023W or earlier,domestic,2023,or_earlier,per_instalment,2067.33,"$2,067.33",Domestic fee per instalment,Master of Landscape Architecture,,
vancouver,masters,Master's,https://vancouver.calendar.ubc.ca/fees/tuition-fees/graduate/masters,Specialized Master's Degree Program,[],Master of Landscape Architecture,Program entry year,2023W or earlier,domestic,2023,or_earlier,per_instalment,873.89,$873.89,Domestic continuing fee per instalment,Master of Landscape Architecture,,
vancouver,masters,Master's,https://vancouver.calendar.ubc.ca/fees/tuition-fees/graduate/masters,Specialized Master's Degree Program,[],Master of Landscape Architecture,Program entry year,2023W or earlier,international,2023,or_earlier,per_instalment,18037.3,"$18,037.30",International fee per instalment,Master of Landscape Architecture,,
vancouver,masters,Master's,https://vancouver.calendar.ubc.ca/fees/tuition-fees/graduate/masters,Specialized Master's Degree Program,[],Master of Landscape Architecture,Program entry year,2023W or earlier,international,2023,or_earlier,per_instalment,18037.3,"$18,037.30",International continuing fee per instalment,Master of Landscape Architecture,,
vancouver,masters,Master's,https://vancouver.calendar.ubc.ca/fees/tuition-fees/graduate/masters,Specialized Master's Degree Program,[],Master of Laws in Common Law,Program entry year,2026S or 2026W,domestic,2026,exactly,per_credit,1020.13,"$1,020.13",Domestic tuition per credit,Master of Laws in Common Law,,30603.9
vancouver,masters,Master's,https://vancouver.calendar.ubc.ca/fees/tuition-fees/graduate/masters,Specialized Master's Degree Program,[],Master of Laws in Common Law,Program entry year,2026S or 2026W,international,2026,exactly,per_credit,1501.79,"$1,501.79",International tuition per credit,Master of Laws in Common Law,,45053.7
vancouver,masters,Master's,https://vancouver.calendar.ubc.ca/fees/tuition-fees/graduate/masters,Specialized Master's Degree Program,[],Master of Laws in Common Law,Program entry year,2025S or 2025W,domestic,2025,exactly,per_credit,1020.13,"$1,020.13",Domestic tuition per credit,Master of Laws in Common Law,,30603.9
vancouver,masters,Master's,https://vancouver.calendar.ubc.ca/fees/tuition-fees/graduate/masters,Specialized Master's Degree Program,[],Master of Laws in Common Law,Program entry year,2025S or 2025W,international,2025,exactly,per_credit,1487.35,"$1,487.35",International tuition per credit,Master of Laws in Common Law,,44620.5
vancouver,masters,Master's,https://vancouver.calendar.ubc.ca/fees/tuition-fees/graduate/masters,Specialized Master's Degree Program,[],Master of Laws in Common Law,Program entry year,2024S or 2024W,domestic,2024,exactly,per_credit,1020.13,"$1,020.13",Domestic tuition per credit,Master of Laws in Common Law,,30603.9
vancouver,masters,Master's,https://vancouver.calendar.ubc.ca/fees/tuition-fees/graduate/masters,Specialized Master's Degree Program,[],Master of Laws in Common Law,Program entry year,2024S or 2024W,international,2024,exactly,per_credit,1459.01,"$1,459.01",International tuition per credit,Master of Laws in Common Law,,43770.3
vancouver,masters,Master's,https://vancouver.calendar.ubc.ca/fees/tuition-fees/graduate/masters,Specialized Master's Degree Program,[],Master of Laws in Common Law,Program entry year,2023S or 2023W,domestic,2023,exactly,per_credit,1020.13,"$1,020.13",Domestic tuition per credit,Master of Laws in Common Law,,30603.9
vancouver,masters,Master's,https://vancouver.calendar.ubc.ca/fees/tuition-fees/graduate/masters,Specialized Master's Degree Program,[],Master of Laws in Common Law,Program entry year,2023S or 2023W,international,2023,exactly,per_credit,1431.23,"$1,431.23",International tuition per credit,Master of Laws in Common Law,,42936.9
vancouver,masters,Master's,https://vancouver.calendar.ubc.ca/fees/tuition-fees/graduate/masters,Specialized Master's Degree Program,[],Master of Laws in Common Law,Program entry year,2022W or earlier,domestic,2022,or_earlier,per_credit,1020.13,"$1,020.13",Domestic tuition per credit,Master of Laws in Common Law,,30603.9
vancouver,masters,Master's,https://vancouver.calendar.ubc.ca/fees/tuition-fees/graduate/masters,Specialized Master's Degree Program,[],Master of Laws in Common Law,Program entry year,2022W or earlier,international,2022,or_earlier,per_credit,1403.97,"$1,403.97",International tuition per credit,Master of Laws in Common Law,,42119.1
vancouver,masters,Master's,https://vancouver.calendar.ubc.ca/fees/tuition-fees/graduate/masters,Specialized Master's Degree Program,[],Master of Laws in Taxation,Program entry year,2026S or 2026W,domestic,2026,exactly,per_credit,1056.83,"$1,056.83",Domestic tuition per credit,Master of Laws in Taxation,,31704.9
vancouver,masters,Master's,https://vancouver.calendar.ubc.ca/fees/tuition-fees/graduate/masters,Specialized Master's Degree Program,[],Master of Laws in Taxation,Program entry year,2026S or 2026W,international,2026,exactly,per_credit,1706.92,"$1,706.92",International tuition per credit,Master of Laws in Taxation,,51207.6
vancouver,masters,Master's,https://vancouver.calendar.ubc.ca/fees/tuition-fees/graduate/masters,Specialized Master's Degree Program,[],Master of Laws in Taxation,Program entry year,2025S or 2025W,domestic,2025,exactly,per_credit,1056.83,"$1,056.83",Domestic tuition per credit,Master of Laws in Taxation,,31704.9
vancouver,masters,Master's,https://vancouver.calendar.ubc.ca/fees/tuition-fees/graduate/masters,Specialized Master's Degree Program,[],Master of Laws in Taxation,Program entry year,2025S or 2025W,international,2025,exactly,per_credit,1690.5,"$1,690.50",International tuition per credit,Master of Laws in Taxation,,50715.0
vancouver,masters,Master's,https://vancouver.calendar.ubc.ca/fees/tuition-fees/graduate/masters,Specialized Master's Degree Program,[],Master of Laws in Taxation,Program entry year,2024S or 2024W,domestic,2024,exactly,per_credit,1056.83,"$1,056.83",Domestic tuition per credit,Master of Laws in Taxation,,31704.9
vancouver,masters,Master's,https://vancouver.calendar.ubc.ca/fees/tuition-fees/graduate/masters,Specialized Master's Degree Program,[],Master of Laws in Taxation,Program entry year,2024S or 2024W,international,2024,exactly,per_credit,1658.31,"$1,658.31",International tuition per credit,Master of Laws in Taxation,,49749.3
vancouver,masters,Master's,https://vancouver.calendar.ubc.ca/fees/tuition-fees/graduate/masters,Specialized Master's Degree Program,[],Master of Laws in Taxation,Program entry year,2023S or 2023W,domestic,2023,exactly,per_credit,1056.83,"$1,056.83",Domestic tuition per credit,Master of Laws in Taxation,,31704.9
vancouver,masters,Master's,https://vancouver.calendar.ubc.ca/fees/tuition-fees/graduate/masters,Specialized Master's Degree Program,[],Master of Laws in Taxation,Program entry year,2023S or 2023W,international,2023,exactly,per_credit,1626.73,"$1,626.73",International tuition per credit,Master of Laws in Taxation,,48801.9
vancouver,masters,Master's,https://vancouver.calendar.ubc.ca/fees/tuition-fees/graduate/masters,Specialized Master's Degree Program,[],Master of Laws in Taxation,Program entry year,2022W or earlier,domestic,2022,or_earlier,per_credit,1056.83,"$1,056.83",Domestic tuition per credit,Master of Laws in Taxation,,31704.9
vancouver,masters,Master's,https://vancouver.calendar.ubc.ca/fees/tuition-fees/graduate/masters,Specialized Master's Degree Program,[],Master of Laws in Taxation,Program entry year,2022W or earlier,international,2022,or_earlier,per_credit,1595.72,"$1,595.72",International tuition per credit,Master of Laws in Taxation,,47871.6
vancouver,masters,Master's,https://vancouver.calendar.ubc.ca/fees/tuition-fees/graduate/masters,Specialized Master's Degree Program,[],Master of Management,Program entry year,2026S or 2026W,domestic,2026,exactly,per_instalment,11337.33,"$11,337.33",Domestic fee per instalment,Master of Management,,
vancouver,masters,Master's,https://vancouver.calendar.ubc.ca/fees/tuition-fees/graduate/masters,Specialized Master's Degree Program,[],Master of Management,Program entry year,2026S or 2026W,domestic,2026,exactly,per_instalment,873.89,$873.89,Domestic continuing fee per instalment,Master of Management,,
vancouver,masters,Master's,https://vancouver.calendar.ubc.ca/fees/tuition-fees/graduate/masters,Specialized Master's Degree Program,[],Master of Management,Program entry year,2026S or 2026W,international,2026,exactly,per_instalment,20312.56,"$20,312.56",International fee per instalment,Master of Management,,
vancouver,masters,Master's,https://vancouver.calendar.ubc.ca/fees/tuition-fees/graduate/masters,Specialized Master's Degree Program,[],Master of Management,Program entry year,2026S or 2026W,international,2026,exactly,per_instalment,873.89,$873.89,International continuing fee per instalment,Master of Management,,
vancouver,masters,Master's,https://vancouver.calendar.ubc.ca/fees/tuition-fees/graduate/masters,Specialized Master's Degree Program,[],Master of Management,Program entry year,2025S or 2025W,domestic,2025,exactly,per_instalment,11115.03,"$11,115.03",Domestic fee per instalment,Master of Management,,
vancouver,masters,Master's,https://vancouver.calendar.ubc.ca/fees/tuition-fees/graduate/masters,Specialized Master's Degree Program,[],Master of Management,Program entry year,2025S or 2025W,domestic,2025,exactly,per_instalment,873.89,$873.89,Domestic continuing fee per instalment,Master of Management,,
vancouver,masters,Master's,https://vancouver.calendar.ubc.ca/fees/tuition-fees/graduate/masters,Specialized Master's Degree Program,[],Master of Management,Program entry year,2025S or 2025W,international,2025,exactly,per_instalment,19531.31,"$19,531.31",International fee per instalment,Master of Management,,
vancouver,masters,Master's,https://vancouver.calendar.ubc.ca/fees/tuition-fees/graduate/masters,Specialized Master's Degree Program,[],Master of Management,Program entry year,2025S or 2025W,international,2025,exactly,per_instalment,873.89,$873.89,International continuing fee per instalment,Master of Management,,
vancouver,masters,Master's,https://vancouver.calendar.ubc.ca/fees/tuition-fees/graduate/masters,Specialized Master's Degree Program,[],Master of Management,Program entry year,2024S or 2024W,domestic,2024,exactly,per_instalment,10897.09,"$10,897.09",Domestic fee per instalment,Master of Management,,
vancouver,masters,Master's,https://vancouver.calendar.ubc.ca/fees/tuition-fees/graduate/masters,Specialized Master's Degree Program,[],Master of Management,Program entry year,2024S or 2024W,domestic,2024,exactly,per_instalment,873.89,$873.89,Domestic continuing fee per instalment,Master of Management,,
vancouver,masters,Master's,https://vancouver.calendar.ubc.ca/fees/tuition-fees/graduate/masters,Specialized Master's Degree Program,[],Master of Management,Program entry year,2024S or 2024W,international,2024,exactly,per_instalment,18601.25,"$18,601.25",International fee per instalment,Master of Management,,
vancouver,masters,Master's,https://vancouver.calendar.ubc.ca/fees/tuition-fees/graduate/masters,Specialized Master's Degree Program,[],Master of Management,Program entry year,2024S or 2024W,international,2024,exactly,per_instalment,873.89,$873.89,International continuing fee per instalment,Master of Management,,
vancouver,masters,Master's,https://vancouver.calendar.ubc.ca/fees/tuition-fees/graduate/masters,Specialized Master's Degree Program,[],Master of Management,Program entry year,2023W or earlier,domestic,2023,or_earlier,per_instalment,10683.43,"$10,683.43",Domestic fee per instalment,Master of Management,,
vancouver,masters,Master's,https://vancouver.calendar.ubc.ca/fees/tuition-fees/graduate/masters,Specialized Master's Degree Program,[],Master of Management,Program entry year,2023W or earlier,domestic,2023,or_earlier,per_instalment,873.89,$873.89,Domestic continuing fee per instalment,Master of Management,,
vancouver,masters,Master's,https://vancouver.calendar.ubc.ca/fees/tuition-fees/graduate/masters,Specialized Master's Degree Program,[],Master of Management,Program entry year,2023W or earlier,international,2023,or_earlier,per_instalment,17715.48,"$17,715.48",International fee per instalment,Master of Management,,
vancouver,masters,Master's,https://vancouver.calendar.ubc.ca/fees/tuition-fees/graduate/masters,Specialized Master's Degree Program,[],Master of Management,Program entry year,2023W or earlier,international,2023,or_earlier,per_instalment,873.89,$873.89,International continuing fee per instalment,Master of Management,,
vancouver,masters,Master's,https://vancouver.calendar.ubc.ca/fees/tuition-fees/graduate/masters,Specialized Master's Degree Program,[],Master of Museum Education,Program entry year,2026S or 2026W,domestic,2026,exactly,per_instalment,2601.23,"$2,601.23",Domestic fee per instalment,Master of Museum Education,,
vancouver,masters,Master's,https://vancouver.calendar.ubc.ca/fees/tuition-fees/graduate/masters,Specialized Master's Degree Program,[],Master of Museum Education,Program entry year,2026S or 2026W,domestic,2026,exactly,per_instalment,873.89,$873.89,Domestic continuing fee per instalment,Master of Museum Education,,
vancouver,masters,Master's,https://vancouver.calendar.ubc.ca/fees/tuition-fees/graduate/masters,Specialized Master's Degree Program,[],Master of Museum Education,Program entry year,2026S or 2026W,international,2026,exactly,per_instalment,2784.84,"$2,784.84",International fee per instalment,Master of Museum Education,,
vancouver,masters,Master's,https://vancouver.calendar.ubc.ca/fees/tuition-fees/graduate/masters,Specialized Master's Degree Program,[],Master of Museum Education,Program entry year,2026S or 2026W,international,2026,exactly,per_instalment,2784.84,"$2,784.84",International continuing fee per instalment,Master of Museum Education,,
vancouver,masters,Master's,https://vancouver.calendar.ubc.ca/fees/tuition-fees/graduate/masters,Specialized Master's Degree Program,[],Master of Museum Education,Program entry year,2025S or 2025W,domestic,2025,exactly,per_instalment,2601.23,"$2,601.23",Domestic fee per instalment,Master of Museum Education,,
vancouver,masters,Master's,https://vancouver.calendar.ubc.ca/fees/tuition-fees/graduate/masters,Specialized Master's Degree Program,[],Master of Museum Education,Program entry year,2025S or 2025W,domestic,2025,exactly,per_instalment,873.89,$873.89,Domestic continuing fee per instalment,Master of Museum Education,,
vancouver,masters,Master's,https://vancouver.calendar.ubc.ca/fees/tuition-fees/graduate/masters,Specialized Master's Degree Program,[],Master of Museum Education,Program entry year,2025S or 2025W,international,2025,exactly,per_instalment,2758.07,"$2,758.07",International fee per instalment,Master of Museum Education,,
vancouver,masters,Master's,https://vancouver.calendar.ubc.ca/fees/tuition-fees/graduate/masters,Specialized Master's Degree Program,[],Master of Museum Education,Program entry year,2025S or 2025W,international,2025,exactly,per_instalment,2758.07,"$2,758.07",International continuing fee per instalment,Master of Museum Education,,
vancouver,masters,Master's,https://vancouver.calendar.ubc.ca/fees/tuition-fees/graduate/masters,Specialized Master's Degree Program,[],Master of Museum Education,Program entry year,2024W,domestic,2024,exactly,per_instalment,2601.23,"$2,601.23",Domestic fee per instalment,Master of Museum Education,,
vancouver,masters,Master's,https://vancouver.calendar.ubc.ca/fees/tuition-fees/graduate/masters,Specialized Master's Degree Program,[],Master of Museum Education,Program entry year,2024W,domestic,2024,exactly,per_instalment,873.89,$873.89,Domestic continuing fee per instalment,Master of Museum Education,,
vancouver,masters,Master's,https://vancouver.calendar.ubc.ca/fees/tuition-fees/graduate/masters,Specialized Master's Degree Program,[],Master of Museum Education,Program entry year,2024W,international,2024,exactly,per_instalment,2705.53,"$2,705.53",International fee per instalment,Master of Museum Education,,
vancouver,masters,Master's,https://vancouver.calendar.ubc.ca/fees/tuition-fees/graduate/masters,Specialized Master's Degree Program,[],Master of Museum Education,Program entry year,2024W,international,2024,exactly,per_instalment,2705.53,"$2,705.53",International continuing fee per instalment,Master of Museum Education,,
vancouver,masters,Master's,https://vancouver.calendar.ubc.ca/fees/tuition-fees/graduate/masters,Specialized Master's Degree Program,[],Master of Museum Education,Program entry year,2023S or 2023W,domestic,2023,exactly,per_instalment,2601.23,"$2,601.23",Domestic fee per instalment,Master of Museum Education,,
vancouver,masters,Master's,https://vancouver.calendar.ubc.ca/fees/tuition-fees/graduate/masters,Specialized Master's Degree Program,[],Master of Museum Education,Program entry year,2023S or 2023W,domestic,2023,exactly,per_instalment,873.89,$873.89,Domestic continuing fee per instalment,Master of Museum Education,,
vancouver,masters,Master's,https://vancouver.calendar.ubc.ca/fees/tuition-fees/graduate/masters,Specialized Master's Degree Program,[],Master of Museum Education,Program entry year,2023S or 2023W,international,2023,exactly,per_instalment,4897.65,"$4,897.65",International fee per instalment,Master of Museum Education,,
vancouver,masters,Master's,https://vancouver.calendar.ubc.ca/fees/tuition-fees/graduate/masters,Specialized Master's Degree Program,[],Master of Museum Education,Program entry year,2023S or 2023W,international,2023,exactly,per_instalment,4897.65,"$4,897.65",International continuing fee per instalment,Master of Museum Education,,
vancouver,masters,Master's,https://vancouver.calendar.ubc.ca/fees/tuition-fees/graduate/masters,Specialized Master's Degree Program,[],Master of Museum Education,Program entry year,2022W or earlier,domestic,2022,or_earlier,per_instalment,2601.23,"$2,601.23",Domestic fee per instalment,Master of Museum Education,,
vancouver,masters,Master's,https://vancouver.calendar.ubc.ca/fees/tuition-fees/graduate/masters,Specialized Master's Degree Program,[],Master of Museum Education,Program entry year,2022W or earlier,domestic,2022,or_earlier,per_instalment,873.89,$873.89,Domestic continuing fee per instalment,Master of Museum Education,,
vancouver,masters,Master's,https://vancouver.calendar.ubc.ca/fees/tuition-fees/graduate/masters,Specialized Master's Degree Program,[],Master of Museum Education,Program entry year,2022W or earlier,international,2022,or_earlier,per_instalment,4804.35,"$4,804.35",International fee per instalment,Master of Museum Education,,
vancouver,masters,Master's,https://vancouver.calendar.ubc.ca/fees/tuition-fees/graduate/masters,Specialized Master's Degree Program,[],Master of Museum Education,Program entry year,2022W or earlier,international,2022,or_earlier,per_instalment,4804.35,"$4,804.35",International continuing fee per instalment,Master of Museum Education,,
vancouver,masters,Master's,https://vancouver.calendar.ubc.ca/fees/tuition-fees/graduate/masters,Specialized Master's Degree Program,[],Master of Nursing - Nurse Practitioner,Program entry year,2026S or 2026W,domestic,2026,exactly,per_instalment,1912.84,"$1,912.84",Domestic fee per instalment,Master of Nursing - Nurse Practitioner,,
vancouver,masters,Master's,https://vancouver.calendar.ubc.ca/fees/tuition-fees/graduate/masters,Specialized Master's Degree Program,[],Master of Nursing - Nurse Practitioner,Program entry year,2026S or 2026W,domestic,2026,exactly,per_instalment,873.89,$873.89,Domestic continuing fee per instalment,Master of Nursing - Nurse Practitioner,,
vancouver,masters,Master's,https://vancouver.calendar.ubc.ca/fees/tuition-fees/graduate/masters,Specialized Master's Degree Program,[],Master of Nursing - Nurse Practitioner,Program entry year,2026S or 2026W,international,2026,exactly,per_instalment,21668.09,"$21,668.09",International fee per instalment,Master of Nursing - Nurse Practitioner,,
vancouver,masters,Master's,https://vancouver.calendar.ubc.ca/fees/tuition-fees/graduate/masters,Specialized Master's Degree Program,[],Master of Nursing - Nurse Practitioner,Program entry year,2026S or 2026W,international,2026,exactly,per_instalment,21668.09,"$21,668.09",International continuing fee per instalment,Master of Nursing - Nurse Practitioner,,
vancouver,masters,Master's,https://vancouver.calendar.ubc.ca/fees/tuition-fees/graduate/masters,Specialized Master's Degree Program,[],Master of Nursing - Nurse Practitioner,Program entry year,2025S or 2025W,domestic,2025,exactly,per_instalment,1912.84,"$1,912.84",Domestic fee per instalment,Master of Nursing - Nurse Practitioner,,
vancouver,masters,Master's,https://vancouver.calendar.ubc.ca/fees/tuition-fees/graduate/masters,Specialized Master's Degree Program,[],Master of Nursing - Nurse Practitioner,Program entry year,2025S or 2025W,domestic,2025,exactly,per_instalment,873.89,$873.89,Domestic continuing fee per instalment,Master of Nursing - Nurse Practitioner,,
vancouver,masters,Master's,https://vancouver.calendar.ubc.ca/fees/tuition-fees/graduate/masters,Specialized Master's Degree Program,[],Master of Nursing - Nurse Practitioner,Program entry year,2025S or 2025W,international,2025,exactly,per_instalment,21459.75,"$21,459.75",International fee per instalment,Master of Nursing - Nurse Practitioner,,
vancouver,masters,Master's,https://vancouver.calendar.ubc.ca/fees/tuition-fees/graduate/masters,Specialized Master's Degree Program,[],Master of Nursing - Nurse Practitioner,Program entry year,2025S or 2025W,international,2025,exactly,per_instalment,21459.75,"$21,459.75",International continuing fee per instalment,Master of Nursing - Nurse Practitioner,,
vancouver,masters,Master's,https://vancouver.calendar.ubc.ca/fees/tuition-fees/graduate/masters,Specialized Master's Degree Program,[],Master of Nursing - Nurse Practitioner,Program entry year,2024S or 2024W,domestic,2024,exactly,per_instalment,1912.84,"$1,912.84",Domestic fee per instalment,Master of Nursing - Nurse Practitioner,,
vancouver,masters,Master's,https://vancouver.calendar.ubc.ca/fees/tuition-fees/graduate/masters,Specialized Master's Degree Program,[],Master of Nursing - Nurse Practitioner,Program entry year,2024S or 2024W,domestic,2024,exactly,per_instalment,873.89,$873.89,Domestic continuing fee per instalment,Master of Nursing - Nurse Practitioner,,
vancouver,masters,Master's,https://vancouver.calendar.ubc.ca/fees/tuition-fees/graduate/masters,Specialized Master's Degree Program,[],Master of Nursing - Nurse Practitioner,Program entry year,2024S or 2024W,international,2024,exactly,per_instalment,21050.99,"$21,050.99",International fee per instalment,Master of Nursing - Nurse Practitioner,,
vancouver,masters,Master's,https://vancouver.calendar.ubc.ca/fees/tuition-fees/graduate/masters,Specialized Master's Degree Program,[],Master of Nursing - Nurse Practitioner,Program entry year,2024S or 2024W,international,2024,exactly,per_instalment,21050.99,"$21,050.99",International continuing fee per instalment,Master of Nursing - Nurse Practitioner,,
vancouver,masters,Master's,https://vancouver.calendar.ubc.ca/fees/tuition-fees/graduate/masters,Specialized Master's Degree Program,[],Master of Nursing - Nurse Practitioner,Program entry year,2023W or earlier,domestic,2023,or_earlier,per_instalment,1912.84,"$1,912.84",Domestic fee per instalment,Master of Nursing - Nurse Practitioner,,
vancouver,masters,Master's,https://vancouver.calendar.ubc.ca/fees/tuition-fees/graduate/masters,Specialized Master's Degree Program,[],Master of Nursing - Nurse Practitioner,Program entry year,2023W or earlier,domestic,2023,or_earlier,per_instalment,873.89,$873.89,Domestic continuing fee per instalment,Master of Nursing - Nurse Practitioner,,
vancouver,masters,Master's,https://vancouver.calendar.ubc.ca/fees/tuition-fees/graduate/masters,Specialized Master's Degree Program,[],Master of Nursing - Nurse Practitioner,Program entry year,2023W or earlier,international,2023,or_earlier,per_instalment,20650.02,"$20,650.02",International fee per instalment,Master of Nursing - Nurse Practitioner,,
vancouver,masters,Master's,https://vancouver.calendar.ubc.ca/fees/tuition-fees/graduate/masters,Specialized Master's Degree Program,[],Master of Nursing - Nurse Practitioner,Program entry year,2023W or earlier,international,2023,or_earlier,per_instalment,20650.02,"$20,650.02",International continuing fee per instalment,Master of Nursing - Nurse Practitioner,,
vancouver,masters,Master's,https://vancouver.calendar.ubc.ca/fees/tuition-fees/graduate/masters,Specialized Master's Degree Program,[],Master of Nutrition and Dietetics,Program entry year,2026S or 2026W,domestic,2026,exactly,per_instalment,4601.52,"$4,601.52",Domestic fee per instalment,Master of Nutrition and Dietetics,,
vancouver,masters,Master's,https://vancouver.calendar.ubc.ca/fees/tuition-fees/graduate/masters,Specialized Master's Degree Program,[],Master of Nutrition and Dietetics,Program entry year,2026S or 2026W,domestic,2026,exactly,per_instalment,873.89,$873.89,Domestic continuing fee per instalment,Master of Nutrition and Dietetics,,
vancouver,masters,Master's,https://vancouver.calendar.ubc.ca/fees/tuition-fees/graduate/masters,Specialized Master's Degree Program,[],Master of Nutrition and Dietetics,Program entry year,2026S or 2026W,international,2026,exactly,per_instalment,12462.6,"$12,462.60",International fee per instalment,Master of Nutrition and Dietetics,,
vancouver,masters,Master's,https://vancouver.calendar.ubc.ca/fees/tuition-fees/graduate/masters,Specialized Master's Degree Program,[],Master of Nutrition and Dietetics,Program entry year,2026S or 2026W,international,2026,exactly,per_instalment,3360.55,"$3,360.55",International continuing fee per instalment,Master of Nutrition and Dietetics,,
vancouver,masters,Master's,https://vancouver.calendar.ubc.ca/fees/tuition-fees/graduate/masters,Specialized Master's Degree Program,[],Master of Nutrition and Dietetics,Program entry year,2025S or 2025W,domestic,2025,exactly,per_instalment,4601.52,"$4,601.52",Domestic fee per instalment,Master of Nutrition and Dietetics,,
vancouver,masters,Master's,https://vancouver.calendar.ubc.ca/fees/tuition-fees/graduate/masters,Specialized Master's Degree Program,[],Master of Nutrition and Dietetics,Program entry year,2025S or 2025W,domestic,2025,exactly,per_instalment,873.89,$873.89,Domestic continuing fee per instalment,Master of Nutrition and Dietetics,,
vancouver,masters,Master's,https://vancouver.calendar.ubc.ca/fees/tuition-fees/graduate/masters,Specialized Master's Degree Program,[],Master of Nutrition and Dietetics,Program entry year,2025S or 2025W,international,2025,exactly,per_instalment,12342.76,"$12,342.76",International fee per instalment,Master of Nutrition and Dietetics,,
vancouver,masters,Master's,https://vancouver.calendar.ubc.ca/fees/tuition-fees/graduate/masters,Specialized Master's Degree Program,[],Master of Nutrition and Dietetics,Program entry year,2025S or 2025W,international,2025,exactly,per_instalment,3360.55,"$3,360.55",International continuing fee per instalment,Master of Nutrition and Dietetics,,
vancouver,masters,Master's,https://vancouver.calendar.ubc.ca/fees/tuition-fees/graduate/masters,Specialized Master's Degree Program,[],Master of Nutrition and Dietetics,Program entry year,2024S or 2024W,domestic,2024,exactly,per_instalment,4601.52,"$4,601.52",Domestic fee per instalment,Master of Nutrition and Dietetics,,
vancouver,masters,Master's,https://vancouver.calendar.ubc.ca/fees/tuition-fees/graduate/masters,Specialized Master's Degree Program,[],Master of Nutrition and Dietetics,Program entry year,2024S or 2024W,domestic,2024,exactly,per_instalment,873.89,$873.89,Domestic continuing fee per instalment,Master of Nutrition and Dietetics,,
vancouver,masters,Master's,https://vancouver.calendar.ubc.ca/fees/tuition-fees/graduate/masters,Specialized Master's Degree Program,[],Master of Nutrition and Dietetics,Program entry year,2024S or 2024W,international,2024,exactly,per_instalment,12107.66,"$12,107.66",International fee per instalment,Master of Nutrition and Dietetics,,
vancouver,masters,Master's,https://vancouver.calendar.ubc.ca/fees/tuition-fees/graduate/masters,Specialized Master's Degree Program,[],Master of Nutrition and Dietetics,Program entry year,2024S or 2024W,international,2024,exactly,per_instalment,3360.55,"$3,360.55",International continuing fee per instalment,Master of Nutrition and Dietetics,,
vancouver,masters,Master's,https://vancouver.calendar.ubc.ca/fees/tuition-fees/graduate/masters,Specialized Master's Degree Program,[],Master of Nutrition and Dietetics,Program entry year,2023W or earlier,domestic,2023,or_earlier,per_instalment,4601.52,"$4,601.52",Domestic fee per instalment,Master of Nutrition and Dietetics,,
vancouver,masters,Master's,https://vancouver.calendar.ubc.ca/fees/tuition-fees/graduate/masters,Specialized Master's Degree Program,[],Master of Nutrition and Dietetics,Program entry year,2023W or earlier,domestic,2023,or_earlier,per_instalment,873.89,$873.89,Domestic continuing fee per instalment,Master of Nutrition and Dietetics,,
vancouver,masters,Master's,https://vancouver.calendar.ubc.ca/fees/tuition-fees/graduate/masters,Specialized Master's Degree Program,[],Master of Nutrition and Dietetics,Program entry year,2023W or earlier,international,2023,or_earlier,per_instalment,11877.04,"$11,877.04",International fee per instalment,Master of Nutrition and Dietetics,,
vancouver,masters,Master's,https://vancouver.calendar.ubc.ca/fees/tuition-fees/graduate/masters,Specialized Master's Degree Program,[],Master of Nutrition and Dietetics,Program entry year,2023W or earlier,international,2023,or_earlier,per_instalment,3360.55,"$3,360.55",International continuing fee per instalment,Master of Nutrition and Dietetics,,
vancouver,masters,Master's,https://vancouver.calendar.ubc.ca/fees/tuition-fees/graduate/masters,Specialized Master's Degree Program,[],Master of Occupational Therapy,Program entry year,2026S or 2026W,domestic,2026,exactly,per_instalment,2834.25,"$2,834.25",Domestic fee per instalment,Master of Occupational Therapy,,
vancouver,masters,Master's,https://vancouver.calendar.ubc.ca/fees/tuition-fees/graduate/masters,Specialized Master's Degree Program,[],Master of Occupational Therapy,Program entry year,2026S or 2026W,domestic,2026,exactly,per_instalment,873.89,$873.89,Domestic continuing fee per instalment,Master of Occupational Therapy,,
vancouver,masters,Master's,https://vancouver.calendar.ubc.ca/fees/tuition-fees/graduate/masters,Specialized Master's Degree Program,[],Master of Occupational Therapy,Program entry year,2026S or 2026W,international,2026,exactly,per_instalment,19435.37,"$19,435.37",International fee per instalment,Master of Occupational Therapy,,
vancouver,masters,Master's,https://vancouver.calendar.ubc.ca/fees/tuition-fees/graduate/masters,Specialized Master's Degree Program,[],Master of Occupational Therapy,Program entry year,2026S or 2026W,international,2026,exactly,per_instalment,19435.37,"$19,435.37",International continuing fee per instalment,Master of Occupational Therapy,,
vancouver,masters,Master's,https://vancouver.calendar.ubc.ca/fees/tuition-fees/graduate/masters,Specialized Master's Degree Program,[],Master of Occupational Therapy,Program entry year,2025S or 2025W,domestic,2025,exactly,per_instalment,2834.25,"$2,834.25",Domestic fee per instalment,Master of Occupational Therapy,,
vancouver,masters,Master's,https://vancouver.calendar.ubc.ca/fees/tuition-fees/graduate/masters,Specialized Master's Degree Program,[],Master of Occupational Therapy,Program entry year,2025S or 2025W,domestic,2025,exactly,per_instalment,873.89,$873.89,Domestic continuing fee per instalment,Master of Occupational Therapy,,
vancouver,masters,Master's,https://vancouver.calendar.ubc.ca/fees/tuition-fees/graduate/masters,Specialized Master's Degree Program,[],Master of Occupational Therapy,Program entry year,2025S or 2025W,international,2025,exactly,per_instalment,19248.49,"$19,248.49",International fee per instalment,Master of Occupational Therapy,,
vancouver,masters,Master's,https://vancouver.calendar.ubc.ca/fees/tuition-fees/graduate/masters,Specialized Master's Degree Program,[],Master of Occupational Therapy,Program entry year,2025S or 2025W,international,2025,exactly,per_instalment,19248.49,"$19,248.49",International continuing fee per instalment,Master of Occupational Therapy,,
vancouver,masters,Master's,https://vancouver.calendar.ubc.ca/fees/tuition-fees/graduate/masters,Specialized Master's Degree Program,[],Master of Occupational Therapy,Program entry year,2024S or 2024W,domestic,2024,exactly,per_instalment,2834.25,"$2,834.25",Domestic fee per instalment,Master of Occupational Therapy,,
vancouver,masters,Master's,https://vancouver.calendar.ubc.ca/fees/tuition-fees/graduate/masters,Specialized Master's Degree Program,[],Master of Occupational Therapy,Program entry year,2024S or 2024W,domestic,2024,exactly,per_instalment,873.89,$873.89,Domestic continuing fee per instalment,Master of Occupational Therapy,,
vancouver,masters,Master's,https://vancouver.calendar.ubc.ca/fees/tuition-fees/graduate/masters,Specialized Master's Degree Program,[],Master of Occupational Therapy,Program entry year,2024S or 2024W,international,2024,exactly,per_instalment,18881.85,"$18,881.85",International fee per instalment,Master of Occupational Therapy,,
vancouver,masters,Master's,https://vancouver.calendar.ubc.ca/fees/tuition-fees/graduate/masters,Specialized Master's Degree Program,[],Master of Occupational Therapy,Program entry year,2024S or 2024W,international,2024,exactly,per_instalment,18881.85,"$18,881.85",International continuing fee per instalment,Master of Occupational Therapy,,
vancouver,masters,Master's,https://vancouver.calendar.ubc.ca/fees/tuition-fees/graduate/masters,Specialized Master's Degree Program,[],Master of Occupational Therapy,Program entry year,2023S or 2023W,domestic,2023,exactly,per_instalment,2834.25,"$2,834.25",Domestic fee per instalment,Master of Occupational Therapy,,
vancouver,masters,Master's,https://vancouver.calendar.ubc.ca/fees/tuition-fees/graduate/masters,Specialized Master's Degree Program,[],Master of Occupational Therapy,Program entry year,2023S or 2023W,domestic,2023,exactly,per_instalment,873.89,$873.89,Domestic continuing fee per instalment,Master of Occupational Therapy,,
vancouver,masters,Master's,https://vancouver.calendar.ubc.ca/fees/tuition-fees/graduate/masters,Specialized Master's Degree Program,[],Master of Occupational Therapy,Program entry year,2023S or 2023W,international,2023,exactly,per_instalment,18522.2,"$18,522.20",International fee per instalment,Master of Occupational Therapy,,
vancouver,masters,Master's,https://vancouver.calendar.ubc.ca/fees/tuition-fees/graduate/masters,Specialized Master's Degree Program,[],Master of Occupational Therapy,Program entry year,2023S or 2023W,international,2023,exactly,per_instalment,18522.2,"$18,522.20",International continuing fee per instalment,Master of Occupational Therapy,,
vancouver,masters,Master's,https://vancouver.calendar.ubc.ca/fees/tuition-fees/graduate/masters,Specialized Master's Degree Program,[],Master of Occupational Therapy,Program entry year,2022W or earlier,domestic,2022,or_earlier,per_instalment,2834.25,"$2,834.25",Domestic fee per instalment,Master of Occupational Therapy,,
vancouver,masters,Master's,https://vancouver.calendar.ubc.ca/fees/tuition-fees/graduate/masters,Specialized Master's Degree Program,[],Master of Occupational Therapy,Program entry year,2022W or earlier,domestic,2022,or_earlier,per_instalment,873.89,$873.89,Domestic continuing fee per instalment,Master of Occupational Therapy,,
vancouver,masters,Master's,https://vancouver.calendar.ubc.ca/fees/tuition-fees/graduate/masters,Specialized Master's Degree Program,[],Master of Occupational Therapy,Program entry year,2022W or earlier,international,2022,or_earlier,per_instalment,18169.39,"$18,169.39",International fee per instalment,Master of Occupational Therapy,,
vancouver,masters,Master's,https://vancouver.calendar.ubc.ca/fees/tuition-fees/graduate/masters,Specialized Master's Degree Program,[],Master of Occupational Therapy,Program entry year,2022W or earlier,international,2022,or_earlier,per_instalment,18169.39,"$18,169.39",International continuing fee per instalment,Master of Occupational Therapy,,
vancouver,masters,Master's,https://vancouver.calendar.ubc.ca/fees/tuition-fees/graduate/masters,Specialized Master's Degree Program,[],Master of Physical Therapy,Program entry year,2026S or 2026W,domestic,2026,exactly,per_instalment,2429.35,"$2,429.35",Domestic fee per instalment,Master of Physical Therapy,,
vancouver,masters,Master's,https://vancouver.calendar.ubc.ca/fees/tuition-fees/graduate/masters,Specialized Master's Degree Program,[],Master of Physical Therapy,Program entry year,2026S or 2026W,domestic,2026,exactly,per_instalment,873.89,$873.89,Domestic continuing fee per instalment,Master of Physical Therapy,,
vancouver,masters,Master's,https://vancouver.calendar.ubc.ca/fees/tuition-fees/graduate/masters,Specialized Master's Degree Program,[],Master of Physical Therapy,Program entry year,2026S or 2026W,international,2026,exactly,per_instalment,17076.55,"$17,076.55",International fee per instalment,Master of Physical Therapy,,
vancouver,masters,Master's,https://vancouver.calendar.ubc.ca/fees/tuition-fees/graduate/masters,Specialized Master's Degree Program,[],Master of Physical Therapy,Program entry year,2026S or 2026W,international,2026,exactly,per_instalment,17076.55,"$17,076.55",International continuing fee per instalment,Master of Physical Therapy,,
vancouver,masters,Master's,https://vancouver.calendar.ubc.ca/fees/tuition-fees/graduate/masters,Specialized Master's Degree Program,[],Master of Physical Therapy,Program entry year,2025S or 2025W,domestic,2025,exactly,per_instalment,2429.35,"$2,429.35",Domestic fee per instalment,Master of Physical Therapy,,
vancouver,masters,Master's,https://vancouver.calendar.ubc.ca/fees/tuition-fees/graduate/masters,Specialized Master's Degree Program,[],Master of Physical Therapy,Program entry year,2025S or 2025W,domestic,2025,exactly,per_instalment,873.89,$873.89,Domestic continuing fee per instalment,Master of Physical Therapy,,
vancouver,masters,Master's,https://vancouver.calendar.ubc.ca/fees/tuition-fees/graduate/masters,Specialized Master's Degree Program,[],Master of Physical Therapy,Program entry year,2025S or 2025W,international,2025,exactly,per_instalment,16912.35,"$16,912.35",International fee per instalment,Master of Physical Therapy,,
vancouver,masters,Master's,https://vancouver.calendar.ubc.ca/fees/tuition-fees/graduate/masters,Specialized Master's Degree Program,[],Master of Physical Therapy,Program entry year,2025S or 2025W,international,2025,exactly,per_instalment,16912.35,"$16,912.35",International continuing fee per instalment,Master of Physical Therapy,,
vancouver,masters,Master's,https://vancouver.calendar.ubc.ca/fees/tuition-fees/graduate/masters,Specialized Master's Degree Program,[],Master of Physical Therapy,Program entry year,2024S or 2024W,domestic,2024,exactly,per_instalment,2429.35,"$2,429.35",Domestic fee per instalment,Master of Physical Therapy,,
vancouver,masters,Master's,https://vancouver.calendar.ubc.ca/fees/tuition-fees/graduate/masters,Specialized Master's Degree Program,[],Master of Physical Therapy,Program entry year,2024S or 2024W,domestic,2024,exactly,per_instalment,873.89,$873.89,Domestic continuing fee per instalment,Master of Physical Therapy,,
vancouver,masters,Master's,https://vancouver.calendar.ubc.ca/fees/tuition-fees/graduate/masters,Specialized Master's Degree Program,[],Master of Physical Therapy,Program entry year,2024S or 2024W,international,2024,exactly,per_instalment,16590.21,"$16,590.21",International fee per instalment,Master of Physical Therapy,,
vancouver,masters,Master's,https://vancouver.calendar.ubc.ca/fees/tuition-fees/graduate/masters,Specialized Master's Degree Program,[],Master of Physical Therapy,Program entry year,2024S or 2024W,international,2024,exactly,per_instalment,16590.21,"$16,590.21",International continuing fee per instalment,Master of Physical Therapy,,
vancouver,masters,Master's,https://vancouver.calendar.ubc.ca/fees/tuition-fees/graduate/masters,Specialized Master's Degree Program,[],Master of Physical Therapy,Program entry year,2023S or 2023W,domestic,2023,exactly,per_instalment,2429.35,"$2,429.35",Domestic fee per instalment,Master of Physical Therapy,,
vancouver,masters,Master's,https://vancouver.calendar.ubc.ca/fees/tuition-fees/graduate/masters,Specialized Master's Degree Program,[],Master of Physical Therapy,Program entry year,2023S or 2023W,domestic,2023,exactly,per_instalment,873.89,$873.89,Domestic continuing fee per instalment,Master of Physical Therapy,,
vancouver,masters,Master's,https://vancouver.calendar.ubc.ca/fees/tuition-fees/graduate/masters,Specialized Master's Degree Program,[],Master of Physical Therapy,Program entry year,2023S or 2023W,international,2023,exactly,per_instalment,16274.2,"$16,274.20",International fee per instalment,Master of Physical Therapy,,
vancouver,masters,Master's,https://vancouver.calendar.ubc.ca/fees/tuition-fees/graduate/masters,Specialized Master's Degree Program,[],Master of Physical Therapy,Program entry year,2023S or 2023W,international,2023,exactly,per_instalment,16274.2,"$16,274.20",International continuing fee per instalment,Master of Physical Therapy,,
vancouver,masters,Master's,https://vancouver.calendar.ubc.ca/fees/tuition-fees/graduate/masters,Specialized Master's Degree Program,[],Master of Physical Therapy,Program entry year,2022W or earlier,domestic,2022,or_earlier,per_instalment,2429.35,"$2,429.35",Domestic fee per instalment,Master of Physical Therapy,,
vancouver,masters,Master's,https://vancouver.calendar.ubc.ca/fees/tuition-fees/graduate/masters,Specialized Master's Degree Program,[],Master of Physical Therapy,Program entry year,2022W or earlier,domestic,2022,or_earlier,per_instalment,873.89,$873.89,Domestic continuing fee per instalment,Master of Physical Therapy,,
vancouver,masters,Master's,https://vancouver.calendar.ubc.ca/fees/tuition-fees/graduate/masters,Specialized Master's Degree Program,[],Master of Physical Therapy,Program entry year,2022W or earlier,international,2022,or_earlier,per_instalment,15964.21,"$15,964.21",International fee per instalment,Master of Physical Therapy,,
vancouver,masters,Master's,https://vancouver.calendar.ubc.ca/fees/tuition-fees/graduate/masters,Specialized Master's Degree Program,[],Master of Physical Therapy,Program entry year,2022W or earlier,international,2022,or_earlier,per_instalment,15964.21,"$15,964.21",International continuing fee per instalment,Master of Physical Therapy,,
vancouver,masters,Master's,https://vancouver.calendar.ubc.ca/fees/tuition-fees/graduate/masters,Specialized Master's Degree Program,[],Master of Public Health,Program entry year,2026S or 2026W,domestic,2026,exactly,per_instalment,1912.84,"$1,912.84",Domestic fee per instalment,Master of Public Health,,
vancouver,masters,Master's,https://vancouver.calendar.ubc.ca/fees/tuition-fees/graduate/masters,Specialized Master's Degree Program,[],Master of Public Health,Program entry year,2026S or 2026W,domestic,2026,exactly,per_instalment,873.89,$873.89,Domestic continuing fee per instalment,Master of Public Health,,
vancouver,masters,Master's,https://vancouver.calendar.ubc.ca/fees/tuition-fees/graduate/masters,Specialized Master's Degree Program,[],Master of Public Health,Program entry year,2026S or 2026W,international,2026,exactly,per_instalment,7470.96,"$7,470.96",International fee per instalment,Master of Public Health,,
vancouver,masters,Master's,https://vancouver.calendar.ubc.ca/fees/tuition-fees/graduate/masters,Specialized Master's Degree Program,[],Master of Public Health,Program entry year,2026S or 2026W,international,2026,exactly,per_instalment,3360.55,"$3,360.55",International continuing fee per instalment,Master of Public Health,,
vancouver,masters,Master's,https://vancouver.calendar.ubc.ca/fees/tuition-fees/graduate/masters,Specialized Master's Degree Program,[],Master of Public Health,Program entry year,2025S or 2025W,domestic,2025,exactly,per_instalment,1912.84,"$1,912.84",Domestic fee per instalment,Master of Public Health,,
vancouver,masters,Master's,https://vancouver.calendar.ubc.ca/fees/tuition-fees/graduate/masters,Specialized Master's Degree Program,[],Master of Public Health,Program entry year,2025S or 2025W,domestic,2025,exactly,per_instalment,873.89,$873.89,Domestic continuing fee per instalment,Master of Public Health,,
vancouver,masters,Master's,https://vancouver.calendar.ubc.ca/fees/tuition-fees/graduate/masters,Specialized Master's Degree Program,[],Master of Public Health,Program entry year,2025S or 2025W,international,2025,exactly,per_instalment,7399.12,"$7,399.12",International fee per instalment,Master of Public Health,,
vancouver,masters,Master's,https://vancouver.calendar.ubc.ca/fees/tuition-fees/graduate/masters,Specialized Master's Degree Program,[],Master of Public Health,Program entry year,2025S or 2025W,international,2025,exactly,per_instalment,3360.55,"$3,360.55",International continuing fee per instalment,Master of Public Health,,
vancouver,masters,Master's,https://vancouver.calendar.ubc.ca/fees/tuition-fees/graduate/masters,Specialized Master's Degree Program,[],Master of Public Health,Program entry year,2024S or 2024W,domestic,2024,exactly,per_instalment,1912.84,"$1,912.84",Domestic fee per instalment,Master of Public Health,,
vancouver,masters,Master's,https://vancouver.calendar.ubc.ca/fees/tuition-fees/graduate/masters,Specialized Master's Degree Program,[],Master of Public Health,Program entry year,2024S or 2024W,domestic,2024,exactly,per_instalment,873.89,$873.89,Domestic continuing fee per instalment,Master of Public Health,,
vancouver,masters,Master's,https://vancouver.calendar.ubc.ca/fees/tuition-fees/graduate/masters,Specialized Master's Degree Program,[],Master of Public Health,Program entry year,2024S or 2024W,international,2024,exactly,per_instalment,7258.19,"$7,258.19",International fee per instalment,Master of Public Health,,
vancouver,masters,Master's,https://vancouver.calendar.ubc.ca/fees/tuition-fees/graduate/masters,Specialized Master's Degree Program,[],Master of Public Health,Program entry year,2024S or 2024W,international,2024,exactly,per_instalment,3360.55,"$3,360.55",International continuing fee per instalment,Master of Public Health,,
vancouver,masters,Master's,https://vancouver.calendar.ubc.ca/fees/tuition-fees/graduate/masters,Specialized Master's Degree Program,[],Master of Public Health,Program entry year,2023W or earlier,domestic,2023,or_earlier,per_instalment,1912.84,"$1,912.84",Domestic fee per instalment,Master of Public Health,,
vancouver,masters,Master's,https://vancouver.calendar.ubc.ca/fees/tuition-fees/graduate/masters,Specialized Master's Degree Program,[],Master of Public Health,Program entry year,2023W or earlier,domestic,2023,or_earlier,per_instalment,873.89,$873.89,Domestic continuing fee per instalment,Master of Public Health,,
vancouver,masters,Master's,https://vancouver.calendar.ubc.ca/fees/tuition-fees/graduate/masters,Specialized Master's Degree Program,[],Master of Public Health,Program entry year,2023W or earlier,international,2023,or_earlier,per_instalment,7119.94,"$7,119.94",International fee per instalment,Master of Public Health,,
vancouver,masters,Master's,https://vancouver.calendar.ubc.ca/fees/tuition-fees/graduate/masters,Specialized Master's Degree Program,[],Master of Public Health,Program entry year,2023W or earlier,international,2023,or_earlier,per_instalment,3360.55,"$3,360.55",International continuing fee per instalment,Master of Public Health,,
vancouver,masters,Master's,https://vancouver.calendar.ubc.ca/fees/tuition-fees/graduate/masters,Specialized Master's Degree Program,[],Master of Public Policy and Global Affairs,Program entry year,2026S or 2026W,domestic,2026,exactly,per_instalment,10277.76,"$10,277.76",Domestic fee per instalment,Master of Public Policy and Global Affairs,,
vancouver,masters,Master's,https://vancouver.calendar.ubc.ca/fees/tuition-fees/graduate/masters,Specialized Master's Degree Program,[],Master of Public Policy and Global Affairs,Program entry year,2026S or 2026W,domestic,2026,exactly,per_instalment,873.89,$873.89,Domestic continuing fee per instalment,Master of Public Policy and Global Affairs,,
vancouver,masters,Master's,https://vancouver.calendar.ubc.ca/fees/tuition-fees/graduate/masters,Specialized Master's Degree Program,[],Master of Public Policy and Global Affairs,Program entry year,2026S or 2026W,international,2026,exactly,per_instalment,18885.46,"$18,885.46",International fee per instalment,Master of Public Policy and Global Affairs,,
vancouver,masters,Master's,https://vancouver.calendar.ubc.ca/fees/tuition-fees/graduate/masters,Specialized Master's Degree Program,[],Master of Public Policy and Global Affairs,Program entry year,2026S or 2026W,international,2026,exactly,per_instalment,3360.55,"$3,360.55",International continuing fee per instalment,Master of Public Policy and Global Affairs,,
vancouver,masters,Master's,https://vancouver.calendar.ubc.ca/fees/tuition-fees/graduate/masters,Specialized Master's Degree Program,[],Master of Public Policy and Global Affairs,Program entry year,2025S or 2025W,domestic,2025,exactly,per_instalment,10277.76,"$10,277.76",Domestic fee per instalment,Master of Public Policy and Global Affairs,,
vancouver,masters,Master's,https://vancouver.calendar.ubc.ca/fees/tuition-fees/graduate/masters,Specialized Master's Degree Program,[],Master of Public Policy and Global Affairs,Program entry year,2025S or 2025W,domestic,2025,exactly,per_instalment,873.89,$873.89,Domestic continuing fee per instalment,Master of Public Policy and Global Affairs,,
vancouver,masters,Master's,https://vancouver.calendar.ubc.ca/fees/tuition-fees/graduate/masters,Specialized Master's Degree Program,[],Master of Public Policy and Global Affairs,Program entry year,2025S or 2025W,international,2025,exactly,per_instalment,18885.46,"$18,885.46",International fee per instalment,Master of Public Policy and Global Affairs,,
vancouver,masters,Master's,https://vancouver.calendar.ubc.ca/fees/tuition-fees/graduate/masters,Specialized Master's Degree Program,[],Master of Public Policy and Global Affairs,Program entry year,2025S or 2025W,international,2025,exactly,per_instalment,3360.55,"$3,360.55",International continuing fee per instalment,Master of Public Policy and Global Affairs,,
vancouver,masters,Master's,https://vancouver.calendar.ubc.ca/fees/tuition-fees/graduate/masters,Specialized Master's Degree Program,[],Master of Public Policy and Global Affairs,Program entry year,2024S or 2024W,domestic,2024,exactly,per_instalment,10277.76,"$10,277.76",Domestic fee per instalment,Master of Public Policy and Global Affairs,,
vancouver,masters,Master's,https://vancouver.calendar.ubc.ca/fees/tuition-fees/graduate/masters,Specialized Master's Degree Program,[],Master of Public Policy and Global Affairs,Program entry year,2024S or 2024W,domestic,2024,exactly,per_instalment,873.89,$873.89,Domestic continuing fee per instalment,Master of Public Policy and Global Affairs,,
vancouver,masters,Master's,https://vancouver.calendar.ubc.ca/fees/tuition-fees/graduate/masters,Specialized Master's Degree Program,[],Master of Public Policy and Global Affairs,Program entry year,2024S or 2024W,international,2024,exactly,per_instalment,18885.46,"$18,885.46",International fee per instalment,Master of Public Policy and Global Affairs,,
vancouver,masters,Master's,https://vancouver.calendar.ubc.ca/fees/tuition-fees/graduate/masters,Specialized Master's Degree Program,[],Master of Public Policy and Global Affairs,Program entry year,2024S or 2024W,international,2024,exactly,per_instalment,3360.55,"$3,360.55",International continuing fee per instalment,Master of Public Policy and Global Affairs,,
vancouver,masters,Master's,https://vancouver.calendar.ubc.ca/fees/tuition-fees/graduate/masters,Specialized Master's Degree Program,[],Master of Public Policy and Global Affairs,Program entry year,2023W or earlier,domestic,2023,or_earlier,per_instalment,10277.76,"$10,277.76",Domestic fee per instalment,Master of Public Policy and Global Affairs,,
vancouver,masters,Master's,https://vancouver.calendar.ubc.ca/fees/tuition-fees/graduate/masters,Specialized Master's Degree Program,[],Master of Public Policy and Global Affairs,Program entry year,2023W or earlier,domestic,2023,or_earlier,per_instalment,873.89,$873.89,Domestic continuing fee per instalment,Master of Public Policy and Global Affairs,,
vancouver,masters,Master's,https://vancouver.calendar.ubc.ca/fees/tuition-fees/graduate/masters,Specialized Master's Degree Program,[],Master of Public Policy and Global Affairs,Program entry year,2023W or earlier,international,2023,or_earlier,per_instalment,18525.74,"$18,525.74",International fee per instalment,Master of Public Policy and Global Affairs,,
vancouver,masters,Master's,https://vancouver.calendar.ubc.ca/fees/tuition-fees/graduate/masters,Specialized Master's Degree Program,[],Master of Public Policy and Global Affairs,Program entry year,2023W or earlier,international,2023,or_earlier,per_instalment,3360.55,"$3,360.55",International continuing fee per instalment,Master of Public Policy and Global Affairs,,
vancouver,masters,Master's,https://vancouver.calendar.ubc.ca/fees/tuition-fees/graduate/masters,Specialized Master's Degree Program,[],Master of Rehabilitation Science (Online),Program entry year,2026S or 2026W,domestic,2026,exactly,per_credit,490.0,$490.00,Domestic tuition per credit,Master of Rehabilitation Science (Online),,14700.0
vancouver,masters,Master's,https://vancouver.calendar.ubc.ca/fees/tuition-fees/graduate/masters,Specialized Master's Degree Program,[],Master of Rehabilitation Science (Online),Program entry year,2026S or 2026W,international,2026,exactly,per_credit,606.54,$606.54,International tuition per credit,Master of Rehabilitation Science (Online),,18196.2
vancouver,masters,Master's,https://vancouver.calendar.ubc.ca/fees/tuition-fees/graduate/masters,Specialized Master's Degree Program,[],Master of Rehabilitation Science (Online),Program entry year,2025S or 2025W,domestic,2025,exactly,per_credit,490.0,$490.00,Domestic tuition per credit,Master of Rehabilitation Science (Online),,14700.0
vancouver,masters,Master's,https://vancouver.calendar.ubc.ca/fees/tuition-fees/graduate/masters,Specialized Master's Degree Program,[],Master of Rehabilitation Science (Online),Program entry year,2025S or 2025W,international,2025,exactly,per_credit,600.71,$600.71,International tuition per credit,Master of Rehabilitation Science (Online),,18021.3
vancouver,masters,Master's,https://vancouver.calendar.ubc.ca/fees/tuition-fees/graduate/masters,Specialized Master's Degree Program,[],Master of Rehabilitation Science (Online),Program entry year,2024S or 2024W,domestic,2024,exactly,per_credit,490.0,$490.00,Domestic tuition per credit,Master of Rehabilitation Science (Online),,14700.0
vancouver,masters,Master's,https://vancouver.calendar.ubc.ca/fees/tuition-fees/graduate/masters,Specialized Master's Degree Program,[],Master of Rehabilitation Science (Online),Program entry year,2024S or 2024W,international,2024,exactly,per_credit,589.27,$589.27,International tuition per credit,Master of Rehabilitation Science (Online),,17678.1
vancouver,masters,Master's,https://vancouver.calendar.ubc.ca/fees/tuition-fees/graduate/masters,Specialized Master's Degree Program,[],Master of Rehabilitation Science (Online),Program entry year,2023S or 2023W,domestic,2023,exactly,per_credit,490.0,$490.00,Domestic tuition per credit,Master of Rehabilitation Science (Online),,14700.0
vancouver,masters,Master's,https://vancouver.calendar.ubc.ca/fees/tuition-fees/graduate/masters,Specialized Master's Degree Program,[],Master of Rehabilitation Science (Online),Program entry year,2023S or 2023W,international,2023,exactly,per_credit,578.04,$578.04,International tuition per credit,Master of Rehabilitation Science (Online),,17341.2
vancouver,masters,Master's,https://vancouver.calendar.ubc.ca/fees/tuition-fees/graduate/masters,Specialized Master's Degree Program,[],Master of Rehabilitation Science (Online),Program entry year,2022W or earlier,domestic,2022,or_earlier,per_credit,490.0,$490.00,Domestic tuition per credit,Master of Rehabilitation Science (Online),,14700.0
vancouver,masters,Master's,https://vancouver.calendar.ubc.ca/fees/tuition-fees/graduate/masters,Specialized Master's Degree Program,[],Master of Rehabilitation Science (Online),Program entry year,2022W or earlier,international,2022,or_earlier,per_credit,567.02,$567.02,International tuition per credit,Master of Rehabilitation Science (Online),,17010.6
vancouver,masters,Master's,https://vancouver.calendar.ubc.ca/fees/tuition-fees/graduate/masters,Specialized Master's Degree Program,[],"Master of Science, Genetic Counselling",Program entry year,2026S or 2026W,domestic,2026,exactly,per_instalment,9275.83,"$9,275.83",Domestic fee per instalment,"Master of Science, Genetic Counselling",,
vancouver,masters,Master's,https://vancouver.calendar.ubc.ca/fees/tuition-fees/graduate/masters,Specialized Master's Degree Program,[],"Master of Science, Genetic Counselling",Program entry year,2026S or 2026W,domestic,2026,exactly,per_instalment,873.89,$873.89,Domestic continuing fee per instalment,"Master of Science, Genetic Counselling",,
vancouver,masters,Master's,https://vancouver.calendar.ubc.ca/fees/tuition-fees/graduate/masters,Specialized Master's Degree Program,[],"Master of Science, Genetic Counselling",Program entry year,2026S or 2026W,international,2026,exactly,per_instalment,11481.48,"$11,481.48",International fee per instalment,"Master of Science, Genetic Counselling",,
vancouver,masters,Master's,https://vancouver.calendar.ubc.ca/fees/tuition-fees/graduate/masters,Specialized Master's Degree Program,[],"Master of Science, Genetic Counselling",Program entry year,2026S or 2026W,international,2026,exactly,per_instalment,11481.48,"$11,481.48",International continuing fee per instalment,"Master of Science, Genetic Counselling",,
vancouver,masters,Master's,https://vancouver.calendar.ubc.ca/fees/tuition-fees/graduate/masters,Specialized Master's Degree Program,[],"Master of Science, Genetic Counselling",Program entry year,2025S or 2025W,domestic,2025,exactly,per_instalment,9275.83,"$9,275.83",Domestic fee per instalment,"Master of Science, Genetic Counselling",,
vancouver,masters,Master's,https://vancouver.calendar.ubc.ca/fees/tuition-fees/graduate/masters,Specialized Master's Degree Program,[],"Master of Science, Genetic Counselling",Program entry year,2025S or 2025W,domestic,2025,exactly,per_instalment,873.89,$873.89,Domestic continuing fee per instalment,"Master of Science, Genetic Counselling",,
vancouver,masters,Master's,https://vancouver.calendar.ubc.ca/fees/tuition-fees/graduate/masters,Specialized Master's Degree Program,[],"Master of Science, Genetic Counselling",Program entry year,2025S or 2025W,international,2025,exactly,per_instalment,11371.08,"$11,371.08",International fee per instalment,"Master of Science, Genetic Counselling",,
vancouver,masters,Master's,https://vancouver.calendar.ubc.ca/fees/tuition-fees/graduate/masters,Specialized Master's Degree Program,[],"Master of Science, Genetic Counselling",Program entry year,2025S or 2025W,international,2025,exactly,per_instalment,11371.08,"$11,371.08",International continuing fee per instalment,"Master of Science, Genetic Counselling",,
vancouver,masters,Master's,https://vancouver.calendar.ubc.ca/fees/tuition-fees/graduate/masters,Specialized Master's Degree Program,[],"Master of Science, Genetic Counselling",Program entry year,2024S or 2024W,domestic,2024,exactly,per_instalment,9275.83,"$9,275.83",Domestic fee per instalment,"Master of Science, Genetic Counselling",,
vancouver,masters,Master's,https://vancouver.calendar.ubc.ca/fees/tuition-fees/graduate/masters,Specialized Master's Degree Program,[],"Master of Science, Genetic Counselling",Program entry year,2024S or 2024W,domestic,2024,exactly,per_instalment,873.89,$873.89,Domestic continuing fee per instalment,"Master of Science, Genetic Counselling",,
vancouver,masters,Master's,https://vancouver.calendar.ubc.ca/fees/tuition-fees/graduate/masters,Specialized Master's Degree Program,[],"Master of Science, Genetic Counselling",Program entry year,2024S or 2024W,international,2024,exactly,per_instalment,11154.49,"$11,154.49",International fee per instalment,"Master of Science, Genetic Counselling",,
vancouver,masters,Master's,https://vancouver.calendar.ubc.ca/fees/tuition-fees/graduate/masters,Specialized Master's Degree Program,[],"Master of Science, Genetic Counselling",Program entry year,2024S or 2024W,international,2024,exactly,per_instalment,11154.49,"$11,154.49",International continuing fee per instalment,"Master of Science, Genetic Counselling",,
vancouver,masters,Master's,https://vancouver.calendar.ubc.ca/fees/tuition-fees/graduate/masters,Specialized Master's Degree Program,[],"Master of Science, Genetic Counselling",Program entry year,2023W or earlier,domestic,2023,or_earlier,per_instalment,9275.83,"$9,275.83",Domestic fee per instalment,"Master of Science, Genetic Counselling",,
vancouver,masters,Master's,https://vancouver.calendar.ubc.ca/fees/tuition-fees/graduate/masters,Specialized Master's Degree Program,[],"Master of Science, Genetic Counselling",Program entry year,2023W or earlier,domestic,2023,or_earlier,per_instalment,873.89,$873.89,Domestic continuing fee per instalment,"Master of Science, Genetic Counselling",,
vancouver,masters,Master's,https://vancouver.calendar.ubc.ca/fees/tuition-fees/graduate/masters,Specialized Master's Degree Program,[],"Master of Science, Genetic Counselling",Program entry year,2023W or earlier,international,2023,or_earlier,per_instalment,10942.02,"$10,942.02",International fee per instalment,"Master of Science, Genetic Counselling",,
vancouver,masters,Master's,https://vancouver.calendar.ubc.ca/fees/tuition-fees/graduate/masters,Specialized Master's Degree Program,[],"Master of Science, Genetic Counselling",Program entry year,2023W or earlier,international,2023,or_earlier,per_instalment,10942.02,"$10,942.02",International continuing fee per instalment,"Master of Science, Genetic Counselling",,
vancouver,masters,Master's,https://vancouver.calendar.ubc.ca/fees/tuition-fees/graduate/masters,Specialized Master's Degree Program,[],"Master of Science, Occupational and Environmental Hygiene",Program entry year,2026S or 2026W,domestic,2026,exactly,per_instalment,1912.84,"$1,912.84",Domestic fee per instalment,"Master of Science, Occupational and Environmental Hygiene",,
vancouver,masters,Master's,https://vancouver.calendar.ubc.ca/fees/tuition-fees/graduate/masters,Specialized Master's Degree Program,[],"Master of Science, Occupational and Environmental Hygiene",Program entry year,2026S or 2026W,domestic,2026,exactly,per_instalment,873.89,$873.89,Domestic continuing fee per instalment,"Master of Science, Occupational and Environmental Hygiene",,
vancouver,masters,Master's,https://vancouver.calendar.ubc.ca/fees/tuition-fees/graduate/masters,Specialized Master's Degree Program,[],"Master of Science, Occupational and Environmental Hygiene",Program entry year,2026S or 2026W,international,2026,exactly,per_instalment,5603.03,"$5,603.03",International fee per instalment,"Master of Science, Occupational and Environmental Hygiene",,
vancouver,masters,Master's,https://vancouver.calendar.ubc.ca/fees/tuition-fees/graduate/masters,Specialized Master's Degree Program,[],"Master of Science, Occupational and Environmental Hygiene",Program entry year,2026S or 2026W,international,2026,exactly,per_instalment,5603.03,"$5,603.03",International continuing fee per instalment,"Master of Science, Occupational and Environmental Hygiene",,
vancouver,masters,Master's,https://vancouver.calendar.ubc.ca/fees/tuition-fees/graduate/masters,Specialized Master's Degree Program,[],"Master of Science, Occupational and Environmental Hygiene",Program entry year,2025S or 2025W,domestic,2025,exactly,per_instalment,1912.84,"$1,912.84",Domestic fee per instalment,"Master of Science, Occupational and Environmental Hygiene",,
vancouver,masters,Master's,https://vancouver.calendar.ubc.ca/fees/tuition-fees/graduate/masters,Specialized Master's Degree Program,[],"Master of Science, Occupational and Environmental Hygiene",Program entry year,2025S or 2025W,domestic,2025,exactly,per_instalment,873.89,$873.89,Domestic continuing fee per instalment,"Master of Science, Occupational and Environmental Hygiene",,
vancouver,masters,Master's,https://vancouver.calendar.ubc.ca/fees/tuition-fees/graduate/masters,Specialized Master's Degree Program,[],"Master of Science, Occupational and Environmental Hygiene",Program entry year,2025S or 2025W,international,2025,exactly,per_instalment,5549.15,"$5,549.15",International fee per instalment,"Master of Science, Occupational and Environmental Hygiene",,
vancouver,masters,Master's,https://vancouver.calendar.ubc.ca/fees/tuition-fees/graduate/masters,Specialized Master's Degree Program,[],"Master of Science, Occupational and Environmental Hygiene",Program entry year,2025S or 2025W,international,2025,exactly,per_instalment,5549.15,"$5,549.15",International continuing fee per instalment,"Master of Science, Occupational and Environmental Hygiene",,
vancouver,masters,Master's,https://vancouver.calendar.ubc.ca/fees/tuition-fees/graduate/masters,Specialized Master's Degree Program,[],"Master of Science, Occupational and Environmental Hygiene",Program entry year,2024S or 2024W,domestic,2024,exactly,per_instalment,1912.84,"$1,912.84",Domestic fee per instalment,"Master of Science, Occupational and Environmental Hygiene",,
vancouver,masters,Master's,https://vancouver.calendar.ubc.ca/fees/tuition-fees/graduate/masters,Specialized Master's Degree Program,[],"Master of Science, Occupational and Environmental Hygiene",Program entry year,2024S or 2024W,domestic,2024,exactly,per_instalment,873.89,$873.89,Domestic continuing fee per instalment,"Master of Science, Occupational and Environmental Hygiene",,
vancouver,masters,Master's,https://vancouver.calendar.ubc.ca/fees/tuition-fees/graduate/masters,Specialized Master's Degree Program,[],"Master of Science, Occupational and Environmental Hygiene",Program entry year,2024S or 2024W,international,2024,exactly,per_instalment,5443.45,"$5,443.45",International fee per instalment,"Master of Science, Occupational and Environmental Hygiene",,
vancouver,masters,Master's,https://vancouver.calendar.ubc.ca/fees/tuition-fees/graduate/masters,Specialized Master's Degree Program,[],"Master of Science, Occupational and Environmental Hygiene",Program entry year,2024S or 2024W,international,2024,exactly,per_instalment,5443.45,"$5,443.45",International continuing fee per instalment,"Master of Science, Occupational and Environmental Hygiene",,
vancouver,masters,Master's,https://vancouver.calendar.ubc.ca/fees/tuition-fees/graduate/masters,Specialized Master's Degree Program,[],"Master of Science, Occupational and Environmental Hygiene",Program entry year,2023W or earlier,domestic,2023,or_earlier,per_instalment,1912.84,"$1,912.84",Domestic fee per instalment,"Master of Science, Occupational and Environmental Hygiene",,
vancouver,masters,Master's,https://vancouver.calendar.ubc.ca/fees/tuition-fees/graduate/masters,Specialized Master's Degree Program,[],"Master of Science, Occupational and Environmental Hygiene",Program entry year,2023W or earlier,domestic,2023,or_earlier,per_instalment,873.89,$873.89,Domestic continuing fee per instalment,"Master of Science, Occupational and Environmental Hygiene",,
vancouver,masters,Master's,https://vancouver.calendar.ubc.ca/fees/tuition-fees/graduate/masters,Specialized Master's Degree Program,[],"Master of Science, Occupational and Environmental Hygiene",Program entry year,2023W or earlier,international,2023,or_earlier,per_instalment,5339.76,"$5,339.76",International fee per instalment,"Master of Science, Occupational and Environmental Hygiene",,
vancouver,masters,Master's,https://vancouver.calendar.ubc.ca/fees/tuition-fees/graduate/masters,Specialized Master's Degree Program,[],"Master of Science, Occupational and Environmental Hygiene",Program entry year,2023W or earlier,international,2023,or_earlier,per_instalment,5339.76,"$5,339.76",International continuing fee per instalment,"Master of Science, Occupational and Environmental Hygiene",,
vancouver,masters,Master's,https://vancouver.calendar.ubc.ca/fees/tuition-fees/graduate/masters,Specialized Master's Degree Program,[],Master of Social Work,Program entry year,2026S or 2026W,domestic,2026,exactly,per_instalment,1912.84,"$1,912.84",Domestic fee per instalment,Master of Social Work,,
vancouver,masters,Master's,https://vancouver.calendar.ubc.ca/fees/tuition-fees/graduate/masters,Specialized Master's Degree Program,[],Master of Social Work,Program entry year,2026S or 2026W,domestic,2026,exactly,per_instalment,873.89,$873.89,Domestic continuing fee per instalment,Master of Social Work,,
vancouver,masters,Master's,https://vancouver.calendar.ubc.ca/fees/tuition-fees/graduate/masters,Specialized Master's Degree Program,[],Master of Social Work,Program entry year,2026S or 2026W,international,2026,exactly,per_instalment,11286.86,"$11,286.86",International fee per instalment,Master of Social Work,,
vancouver,masters,Master's,https://vancouver.calendar.ubc.ca/fees/tuition-fees/graduate/masters,Specialized Master's Degree Program,[],Master of Social Work,Program entry year,2026S or 2026W,international,2026,exactly,per_instalment,3360.55,"$3,360.55",International continuing fee per instalment,Master of Social Work,,
vancouver,masters,Master's,https://vancouver.calendar.ubc.ca/fees/tuition-fees/graduate/masters,Specialized Master's Degree Program,[],Master of Social Work,Program entry year,2025S or 2025W,domestic,2025,exactly,per_instalment,1912.84,"$1,912.84",Domestic fee per instalment,Master of Social Work,,
vancouver,masters,Master's,https://vancouver.calendar.ubc.ca/fees/tuition-fees/graduate/masters,Specialized Master's Degree Program,[],Master of Social Work,Program entry year,2025S or 2025W,domestic,2025,exactly,per_instalment,873.89,$873.89,Domestic continuing fee per instalment,Master of Social Work,,
vancouver,masters,Master's,https://vancouver.calendar.ubc.ca/fees/tuition-fees/graduate/masters,Specialized Master's Degree Program,[],Master of Social Work,Program entry year,2025S or 2025W,international,2025,exactly,per_instalment,11178.33,"$11,178.33",International fee per instalment,Master of Social Work,,
vancouver,masters,Master's,https://vancouver.calendar.ubc.ca/fees/tuition-fees/graduate/masters,Specialized Master's Degree Program,[],Master of Social Work,Program entry year,2025S or 2025W,international,2025,exactly,per_instalment,3360.55,"$3,360.55",International continuing fee per instalment,Master of Social Work,,
vancouver,masters,Master's,https://vancouver.calendar.ubc.ca/fees/tuition-fees/graduate/masters,Specialized Master's Degree Program,[],Master of Social Work,Program entry year,2024S or 2024W,domestic,2024,exactly,per_instalment,1912.84,"$1,912.84",Domestic fee per instalment,Master of Social Work,,
vancouver,masters,Master's,https://vancouver.calendar.ubc.ca/fees/tuition-fees/graduate/masters,Specialized Master's Degree Program,[],Master of Social Work,Program entry year,2024S or 2024W,domestic,2024,exactly,per_instalment,873.89,$873.89,Domestic continuing fee per instalment,Master of Social Work,,
vancouver,masters,Master's,https://vancouver.calendar.ubc.ca/fees/tuition-fees/graduate/masters,Specialized Master's Degree Program,[],Master of Social Work,Program entry year,2024S or 2024W,international,2024,exactly,per_instalment,10965.41,"$10,965.41",International fee per instalment,Master of Social Work,,
vancouver,masters,Master's,https://vancouver.calendar.ubc.ca/fees/tuition-fees/graduate/masters,Specialized Master's Degree Program,[],Master of Social Work,Program entry year,2024S or 2024W,international,2024,exactly,per_instalment,3360.55,"$3,360.55",International continuing fee per instalment,Master of Social Work,,
vancouver,masters,Master's,https://vancouver.calendar.ubc.ca/fees/tuition-fees/graduate/masters,Specialized Master's Degree Program,[],Master of Social Work,Program entry year,2023W or earlier,domestic,2023,or_earlier,per_instalment,1912.84,"$1,912.84",Domestic fee per instalment,Master of Social Work,,
vancouver,masters,Master's,https://vancouver.calendar.ubc.ca/fees/tuition-fees/graduate/masters,Specialized Master's Degree Program,[],Master of Social Work,Program entry year,2023W or earlier,domestic,2023,or_earlier,per_instalment,873.89,$873.89,Domestic continuing fee per instalment,Master of Social Work,,
vancouver,masters,Master's,https://vancouver.calendar.ubc.ca/fees/tuition-fees/graduate/masters,Specialized Master's Degree Program,[],Master of Social Work,Program entry year,2023W or earlier,international,2023,or_earlier,per_instalment,10756.55,"$10,756.55",International fee per instalment,Master of Social Work,,
vancouver,masters,Master's,https://vancouver.calendar.ubc.ca/fees/tuition-fees/graduate/masters,Specialized Master's Degree Program,[],Master of Social Work,Program entry year,2023W or earlier,international,2023,or_earlier,per_instalment,3360.55,"$3,360.55",International continuing fee per instalment,Master of Social Work,,
vancouver,masters,Master's,https://vancouver.calendar.ubc.ca/fees/tuition-fees/graduate/masters,Specialized Master's Degree Program,[],Master of Sustainable Forest Management,Program entry year,2026S or 2026W,domestic,2026,exactly,per_instalment,7147.12,"$7,147.12",Domestic fee per instalment,Master of Sustainable Forest Management,,
vancouver,masters,Master's,https://vancouver.calendar.ubc.ca/fees/tuition-fees/graduate/masters,Specialized Master's Degree Program,[],Master of Sustainable Forest Management,Program entry year,2026S or 2026W,domestic,2026,exactly,per_instalment,873.89,$873.89,Domestic continuing fee per instalment,Master of Sustainable Forest Management,,
vancouver,masters,Master's,https://vancouver.calendar.ubc.ca/fees/tuition-fees/graduate/masters,Specialized Master's Degree Program,[],Master of Sustainable Forest Management,Program entry year,2026S or 2026W,international,2026,exactly,per_instalment,14964.22,"$14,964.22",International fee per instalment,Master of Sustainable Forest Management,,
vancouver,masters,Master's,https://vancouver.calendar.ubc.ca/fees/tuition-fees/graduate/masters,Specialized Master's Degree Program,[],Master of Sustainable Forest Management,Program entry year,2026S or 2026W,international,2026,exactly,per_instalment,3360.55,"$3,360.55",International continuing fee per instalment,Master of Sustainable Forest Management,,
vancouver,masters,Master's,https://vancouver.calendar.ubc.ca/fees/tuition-fees/graduate/masters,Specialized Master's Degree Program,[],Master of Sustainable Forest Management,Program entry year,2025S or 2025W,domestic,2025,exactly,per_instalment,7147.12,"$7,147.12",Domestic fee per instalment,Master of Sustainable Forest Management,,
vancouver,masters,Master's,https://vancouver.calendar.ubc.ca/fees/tuition-fees/graduate/masters,Specialized Master's Degree Program,[],Master of Sustainable Forest Management,Program entry year,2025S or 2025W,domestic,2025,exactly,per_instalment,873.89,$873.89,Domestic continuing fee per instalment,Master of Sustainable Forest Management,,
vancouver,masters,Master's,https://vancouver.calendar.ubc.ca/fees/tuition-fees/graduate/masters,Specialized Master's Degree Program,[],Master of Sustainable Forest Management,Program entry year,2025S or 2025W,international,2025,exactly,per_instalment,14820.34,"$14,820.34",International fee per instalment,Master of Sustainable Forest Management,,
vancouver,masters,Master's,https://vancouver.calendar.ubc.ca/fees/tuition-fees/graduate/masters,Specialized Master's Degree Program,[],Master of Sustainable Forest Management,Program entry year,2025S or 2025W,international,2025,exactly,per_instalment,3360.55,"$3,360.55",International continuing fee per instalment,Master of Sustainable Forest Management,,
vancouver,masters,Master's,https://vancouver.calendar.ubc.ca/fees/tuition-fees/graduate/masters,Specialized Master's Degree Program,[],Master of Sustainable Forest Management,Program entry year,2024S or 2024W,domestic,2024,exactly,per_instalment,7147.12,"$7,147.12",Domestic fee per instalment,Master of Sustainable Forest Management,,
vancouver,masters,Master's,https://vancouver.calendar.ubc.ca/fees/tuition-fees/graduate/masters,Specialized Master's Degree Program,[],Master of Sustainable Forest Management,Program entry year,2024S or 2024W,domestic,2024,exactly,per_instalment,873.89,$873.89,Domestic continuing fee per instalment,Master of Sustainable Forest Management,,
vancouver,masters,Master's,https://vancouver.calendar.ubc.ca/fees/tuition-fees/graduate/masters,Specialized Master's Degree Program,[],Master of Sustainable Forest Management,Program entry year,2024S or 2024W,international,2024,exactly,per_instalment,14538.04,"$14,538.04",International fee per instalment,Master of Sustainable Forest Management,,
vancouver,masters,Master's,https://vancouver.calendar.ubc.ca/fees/tuition-fees/graduate/masters,Specialized Master's Degree Program,[],Master of Sustainable Forest Management,Program entry year,2024S or 2024W,international,2024,exactly,per_instalment,3360.55,"$3,360.55",International continuing fee per instalment,Master of Sustainable Forest Management,,
vancouver,masters,Master's,https://vancouver.calendar.ubc.ca/fees/tuition-fees/graduate/masters,Specialized Master's Degree Program,[],Master of Sustainable Forest Management,Program entry year,2023W or earlier,domestic,2023,or_earlier,per_instalment,7147.12,"$7,147.12",Domestic fee per instalment,Master of Sustainable Forest Management,,
vancouver,masters,Master's,https://vancouver.calendar.ubc.ca/fees/tuition-fees/graduate/masters,Specialized Master's Degree Program,[],Master of Sustainable Forest Management,Program entry year,2023W or earlier,domestic,2023,or_earlier,per_instalment,873.89,$873.89,Domestic continuing fee per instalment,Master of Sustainable Forest Management,,
vancouver,masters,Master's,https://vancouver.calendar.ubc.ca/fees/tuition-fees/graduate/masters,Specialized Master's Degree Program,[],Master of Sustainable Forest Management,Program entry year,2023W or earlier,international,2023,or_earlier,per_instalment,14261.13,"$14,261.13",International fee per instalment,Master of Sustainable Forest Management,,
vancouver,masters,Master's,https://vancouver.calendar.ubc.ca/fees/tuition-fees/graduate/masters,Specialized Master's Degree Program,[],Master of Sustainable Forest Management,Program entry year,2023W or earlier,international,2023,or_earlier,per_instalment,3360.55,"$3,360.55",International continuing fee per instalment,Master of Sustainable Forest Management,,
vancouver,masters,Master's,https://vancouver.calendar.ubc.ca/fees/tuition-fees/graduate/masters,Specialized Master's Degree Program,[],Master of Urban Design,Program entry year,2026S or 2026W,domestic,2026,exactly,per_instalment,7186.66,"$7,186.66",Domestic fee per instalment,Master of Urban Design,,
vancouver,masters,Master's,https://vancouver.calendar.ubc.ca/fees/tuition-fees/graduate/masters,Specialized Master's Degree Program,[],Master of Urban Design,Program entry year,2026S or 2026W,domestic,2026,exactly,per_instalment,873.89,$873.89,Domestic continuing fee per instalment,Master of Urban Design,,
vancouver,masters,Master's,https://vancouver.calendar.ubc.ca/fees/tuition-fees/graduate/masters,Specialized Master's Degree Program,[],Master of Urban Design,Program entry year,2026S or 2026W,international,2026,exactly,per_instalment,15436.39,"$15,436.39",International fee per instalment,Master of Urban Design,,
vancouver,masters,Master's,https://vancouver.calendar.ubc.ca/fees/tuition-fees/graduate/masters,Specialized Master's Degree Program,[],Master of Urban Design,Program entry year,2026S or 2026W,international,2026,exactly,per_instalment,15436.39,"$15,436.39",International continuing fee per instalment,Master of Urban Design,,
vancouver,masters,Master's,https://vancouver.calendar.ubc.ca/fees/tuition-fees/graduate/masters,Specialized Master's Degree Program,[],Master of Urban Design,Program entry year,2025S or 2025W,domestic,2025,exactly,per_instalment,7186.66,"$7,186.66",Domestic fee per instalment,Master of Urban Design,,
vancouver,masters,Master's,https://vancouver.calendar.ubc.ca/fees/tuition-fees/graduate/masters,Specialized Master's Degree Program,[],Master of Urban Design,Program entry year,2025S or 2025W,domestic,2025,exactly,per_instalment,873.89,$873.89,Domestic continuing fee per instalment,Master of Urban Design,,
vancouver,masters,Master's,https://vancouver.calendar.ubc.ca/fees/tuition-fees/graduate/masters,Specialized Master's Degree Program,[],Master of Urban Design,Program entry year,2025S or 2025W,international,2025,exactly,per_instalment,15287.97,"$15,287.97",International fee per instalment,Master of Urban Design,,
vancouver,masters,Master's,https://vancouver.calendar.ubc.ca/fees/tuition-fees/graduate/masters,Specialized Master's Degree Program,[],Master of Urban Design,Program entry year,2025S or 2025W,international,2025,exactly,per_instalment,15287.97,"$15,287.97",International continuing fee per instalment,Master of Urban Design,,
vancouver,masters,Master's,https://vancouver.calendar.ubc.ca/fees/tuition-fees/graduate/masters,Specialized Master's Degree Program,[],Master of Urban Design,Program entry year,2024S or 2024W,domestic,2024,exactly,per_instalment,7186.66,"$7,186.66",Domestic fee per instalment,Master of Urban Design,,
vancouver,masters,Master's,https://vancouver.calendar.ubc.ca/fees/tuition-fees/graduate/masters,Specialized Master's Degree Program,[],Master of Urban Design,Program entry year,2024S or 2024W,domestic,2024,exactly,per_instalment,873.89,$873.89,Domestic continuing fee per instalment,Master of Urban Design,,
vancouver,masters,Master's,https://vancouver.calendar.ubc.ca/fees/tuition-fees/graduate/masters,Specialized Master's Degree Program,[],Master of Urban Design,Program entry year,2024S or 2024W,international,2024,exactly,per_instalment,14996.76,"$14,996.76",International fee per instalment,Master of Urban Design,,
vancouver,masters,Master's,https://vancouver.calendar.ubc.ca/fees/tuition-fees/graduate/masters,Specialized Master's Degree Program,[],Master of Urban Design,Program entry year,2024S or 2024W,international,2024,exactly,per_instalment,14996.76,"$14,996.76",International continuing fee per instalment,Master of Urban Design,,
vancouver,masters,Master's,https://vancouver.calendar.ubc.ca/fees/tuition-fees/graduate/masters,Specialized Master's Degree Program,[],Master of Urban Design,Program entry year,2023W or earlier,domestic,2023,or_earlier,per_instalment,7186.66,"$7,186.66",Domestic fee per instalment,Master of Urban Design,,
vancouver,masters,Master's,https://vancouver.calendar.ubc.ca/fees/tuition-fees/graduate/masters,Specialized Master's Degree Program,[],Master of Urban Design,Program entry year,2023W or earlier,domestic,2023,or_earlier,per_instalment,873.89,$873.89,Domestic continuing fee per instalment,Master of Urban Design,,
vancouver,masters,Master's,https://vancouver.calendar.ubc.ca/fees/tuition-fees/graduate/masters,Specialized Master's Degree Program,[],Master of Urban Design,Program entry year,2023W or earlier,international,2023,or_earlier,per_instalment,14711.11,"$14,711.11",International fee per instalment,Master of Urban Design,,
vancouver,masters,Master's,https://vancouver.calendar.ubc.ca/fees/tuition-fees/graduate/masters,Specialized Master's Degree Program,[],Master of Urban Design,Program entry year,2023W or earlier,international,2023,or_earlier,per_instalment,14711.11,"$14,711.11",International continuing fee per instalment,Master of Urban Design,,
vancouver,masters,Master's,https://vancouver.calendar.ubc.ca/fees/tuition-fees/graduate/masters,Specialized Master's Degree Program,[],Master of Urban Forestry Leadership,Program entry year,2026S or 2026W,domestic,2026,exactly,per_instalment,5630.8,"$5,630.80",Domestic fee per instalment,Master of Urban Forestry Leadership,,
vancouver,masters,Master's,https://vancouver.calendar.ubc.ca/fees/tuition-fees/graduate/masters,Specialized Master's Degree Program,[],Master of Urban Forestry Leadership,Program entry year,2026S or 2026W,domestic,2026,exactly,per_instalment,873.89,$873.89,Domestic continuing fee per instalment,Master of Urban Forestry Leadership,,
vancouver,masters,Master's,https://vancouver.calendar.ubc.ca/fees/tuition-fees/graduate/masters,Specialized Master's Degree Program,[],Master of Urban Forestry Leadership,Program entry year,2026S or 2026W,international,2026,exactly,per_instalment,11174.87,"$11,174.87",International fee per instalment,Master of Urban Forestry Leadership,,
vancouver,masters,Master's,https://vancouver.calendar.ubc.ca/fees/tuition-fees/graduate/masters,Specialized Master's Degree Program,[],Master of Urban Forestry Leadership,Program entry year,2026S or 2026W,international,2026,exactly,per_instalment,3360.55,"$3,360.55",International continuing fee per instalment,Master of Urban Forestry Leadership,,
vancouver,masters,Master's,https://vancouver.calendar.ubc.ca/fees/tuition-fees/graduate/masters,Specialized Master's Degree Program,[],Master of Urban Forestry Leadership,Program entry year,2025S or 2025W,domestic,2025,exactly,per_instalment,5630.8,"$5,630.80",Domestic fee per instalment,Master of Urban Forestry Leadership,,
vancouver,masters,Master's,https://vancouver.calendar.ubc.ca/fees/tuition-fees/graduate/masters,Specialized Master's Degree Program,[],Master of Urban Forestry Leadership,Program entry year,2025S or 2025W,domestic,2025,exactly,per_instalment,873.89,$873.89,Domestic continuing fee per instalment,Master of Urban Forestry Leadership,,
vancouver,masters,Master's,https://vancouver.calendar.ubc.ca/fees/tuition-fees/graduate/masters,Specialized Master's Degree Program,[],Master of Urban Forestry Leadership,Program entry year,2025S or 2025W,international,2025,exactly,per_instalment,11067.42,"$11,067.42",International fee per instalment,Master of Urban Forestry Leadership,,
vancouver,masters,Master's,https://vancouver.calendar.ubc.ca/fees/tuition-fees/graduate/masters,Specialized Master's Degree Program,[],Master of Urban Forestry Leadership,Program entry year,2025S or 2025W,international,2025,exactly,per_instalment,3360.55,"$3,360.55",International continuing fee per instalment,Master of Urban Forestry Leadership,,
vancouver,masters,Master's,https://vancouver.calendar.ubc.ca/fees/tuition-fees/graduate/masters,Specialized Master's Degree Program,[],Master of Urban Forestry Leadership,Program entry year,2024S or 2024W,domestic,2024,exactly,per_instalment,5630.8,"$5,630.80",Domestic fee per instalment,Master of Urban Forestry Leadership,,
vancouver,masters,Master's,https://vancouver.calendar.ubc.ca/fees/tuition-fees/graduate/masters,Specialized Master's Degree Program,[],Master of Urban Forestry Leadership,Program entry year,2024S or 2024W,domestic,2024,exactly,per_instalment,873.89,$873.89,Domestic continuing fee per instalment,Master of Urban Forestry Leadership,,
vancouver,masters,Master's,https://vancouver.calendar.ubc.ca/fees/tuition-fees/graduate/masters,Specialized Master's Degree Program,[],Master of Urban Forestry Leadership,Program entry year,2024S or 2024W,international,2024,exactly,per_instalment,10856.61,"$10,856.61",International fee per instalment,Master of Urban Forestry Leadership,,
vancouver,masters,Master's,https://vancouver.calendar.ubc.ca/fees/tuition-fees/graduate/masters,Specialized Master's Degree Program,[],Master of Urban Forestry Leadership,Program entry year,2024S or 2024W,international,2024,exactly,per_instalment,3360.55,"$3,360.55",International continuing fee per instalment,Master of Urban Forestry Leadership,,
vancouver,masters,Master's,https://vancouver.calendar.ubc.ca/fees/tuition-fees/graduate/masters,Specialized Master's Degree Program,[],Master of Urban Forestry Leadership,Program entry year,2023W or earlier,domestic,2023,or_earlier,per_instalment,5630.8,"$5,630.80",Domestic fee per instalment,Master of Urban Forestry Leadership,,
vancouver,masters,Master's,https://vancouver.calendar.ubc.ca/fees/tuition-fees/graduate/masters,Specialized Master's Degree Program,[],Master of Urban Forestry Leadership,Program entry year,2023W or earlier,domestic,2023,or_earlier,per_instalment,873.89,$873.89,Domestic continuing fee per instalment,Master of Urban Forestry Leadership,,
vancouver,masters,Master's,https://vancouver.calendar.ubc.ca/fees/tuition-fees/graduate/masters,Specialized Master's Degree Program,[],Master of Urban Forestry Leadership,Program entry year,2023W or earlier,international,2023,or_earlier,per_instalment,10649.81,"$10,649.81",International fee per instalment,Master of Urban Forestry Leadership,,
vancouver,masters,Master's,https://vancouver.calendar.ubc.ca/fees/tuition-fees/graduate/masters,Specialized Master's Degree Program,[],Master of Urban Forestry Leadership,Program entry year,2023W or earlier,international,2023,or_earlier,per_instalment,3360.55,"$3,360.55",International continuing fee per instalment,Master of Urban Forestry Leadership,,
vancouver,masters,Master's,https://vancouver.calendar.ubc.ca/fees/tuition-fees/graduate/masters,Specialized Master's Degree Program,[],Master of Urban Forestry Leadership (part-time),Program entry year,2026S or 2026W,domestic,2026,exactly,per_instalment,2815.4,"$2,815.40",Domestic fee per instalment,Master of Urban Forestry Leadership (part-time),,
vancouver,masters,Master's,https://vancouver.calendar.ubc.ca/fees/tuition-fees/graduate/masters,Specialized Master's Degree Program,[],Master of Urban Forestry Leadership (part-time),Program entry year,2026S or 2026W,domestic,2026,exactly,per_instalment,873.89,$873.89,Domestic continuing fee per instalment,Master of Urban Forestry Leadership (part-time),,
vancouver,masters,Master's,https://vancouver.calendar.ubc.ca/fees/tuition-fees/graduate/masters,Specialized Master's Degree Program,[],Master of Urban Forestry Leadership (part-time),Program entry year,2026S or 2026W,international,2026,exactly,per_instalment,5587.43,"$5,587.43",International fee per instalment,Master of Urban Forestry Leadership (part-time),,
vancouver,masters,Master's,https://vancouver.calendar.ubc.ca/fees/tuition-fees/graduate/masters,Specialized Master's Degree Program,[],Master of Urban Forestry Leadership (part-time),Program entry year,2026S or 2026W,international,2026,exactly,per_instalment,3360.55,"$3,360.55",International continuing fee per instalment,Master of Urban Forestry Leadership (part-time),,
vancouver,masters,Master's,https://vancouver.calendar.ubc.ca/fees/tuition-fees/graduate/masters,Specialized Master's Degree Program,[],Master of Urban Forestry Leadership (part-time),Program entry year,2025S or 2025W,domestic,2025,exactly,per_instalment,2815.4,"$2,815.40",Domestic fee per instalment,Master of Urban Forestry Leadership (part-time),,
vancouver,masters,Master's,https://vancouver.calendar.ubc.ca/fees/tuition-fees/graduate/masters,Specialized Master's Degree Program,[],Master of Urban Forestry Leadership (part-time),Program entry year,2025S or 2025W,domestic,2025,exactly,per_instalment,873.89,$873.89,Domestic continuing fee per instalment,Master of Urban Forestry Leadership (part-time),,
vancouver,masters,Master's,https://vancouver.calendar.ubc.ca/fees/tuition-fees/graduate/masters,Specialized Master's Degree Program,[],Master of Urban Forestry Leadership (part-time),Program entry year,2025S or 2025W,international,2025,exactly,per_instalment,5533.7,"$5,533.70",International fee per instalment,Master of Urban Forestry Leadership (part-time),,
vancouver,masters,Master's,https://vancouver.calendar.ubc.ca/fees/tuition-fees/graduate/masters,Specialized Master's Degree Program,[],Master of Urban Forestry Leadership (part-time),Program entry year,2025S or 2025W,international,2025,exactly,per_instalment,3360.55,"$3,360.55",International continuing fee per instalment,Master of Urban Forestry Leadership (part-time),,
vancouver,masters,Master's,https://vancouver.calendar.ubc.ca/fees/tuition-fees/graduate/masters,Specialized Master's Degree Program,[],Master of Urban Forestry Leadership (part-time),Program entry year,2024S or 2024W,domestic,2024,exactly,per_instalment,2815.4,"$2,815.40",Domestic fee per instalment,Master of Urban Forestry Leadership (part-time),,
vancouver,masters,Master's,https://vancouver.calendar.ubc.ca/fees/tuition-fees/graduate/masters,Specialized Master's Degree Program,[],Master of Urban Forestry Leadership (part-time),Program entry year,2024S or 2024W,domestic,2024,exactly,per_instalment,873.89,$873.89,Domestic continuing fee per instalment,Master of Urban Forestry Leadership (part-time),,
vancouver,masters,Master's,https://vancouver.calendar.ubc.ca/fees/tuition-fees/graduate/masters,Specialized Master's Degree Program,[],Master of Urban Forestry Leadership (part-time),Program entry year,2024S or 2024W,international,2024,exactly,per_instalment,5428.3,"$5,428.30",International fee per instalment,Master of Urban Forestry Leadership (part-time),,
vancouver,masters,Master's,https://vancouver.calendar.ubc.ca/fees/tuition-fees/graduate/masters,Specialized Master's Degree Program,[],Master of Urban Forestry Leadership (part-time),Program entry year,2024S or 2024W,international,2024,exactly,per_instalment,3360.55,"$3,360.55",International continuing fee per instalment,Master of Urban Forestry Leadership (part-time),,
vancouver,masters,Master's,https://vancouver.calendar.ubc.ca/fees/tuition-fees/graduate/masters,Specialized Master's Degree Program,[],Master of Urban Forestry Leadership (part-time),Program entry year,2023W or earlier,domestic,2023,or_earlier,per_instalment,2815.4,"$2,815.40",Domestic fee per instalment,Master of Urban Forestry Leadership (part-time),,
vancouver,masters,Master's,https://vancouver.calendar.ubc.ca/fees/tuition-fees/graduate/masters,Specialized Master's Degree Program,[],Master of Urban Forestry Leadership (part-time),Program entry year,2023W or earlier,domestic,2023,or_earlier,per_instalment,873.89,$873.89,Domestic continuing fee per instalment,Master of Urban Forestry Leadership (part-time),,
vancouver,masters,Master's,https://vancouver.calendar.ubc.ca/fees/tuition-fees/graduate/masters,Specialized Master's Degree Program,[],Master of Urban Forestry Leadership (part-time),Program entry year,2023W or earlier,international,2023,or_earlier,per_instalment,5324.9,"$5,324.90",International fee per instalment,Master of Urban Forestry Leadership (part-time),,
vancouver,masters,Master's,https://vancouver.calendar.ubc.ca/fees/tuition-fees/graduate/masters,Specialized Master's Degree Program,[],Master of Urban Forestry Leadership (part-time),Program entry year,2023W or earlier,international,2023,or_earlier,per_instalment,3360.55,"$3,360.55",International continuing fee per instalment,Master of Urban Forestry Leadership (part-time),,
vancouver,masters,Master's,https://vancouver.calendar.ubc.ca/fees/tuition-fees/graduate/masters,Specialized Master's Degree Program,[],Dual Master of Business Administration/Juris Doctor,Program entry year,2026S or 2026W,domestic,2026,exactly,per_instalment,8853.64,"$8,853.64",Domestic fee per instalment,Dual Master of Business Administration/Juris Doctor,,
vancouver,masters,Master's,https://vancouver.calendar.ubc.ca/fees/tuition-fees/graduate/masters,Specialized Master's Degree Program,[],Dual Master of Business Administration/Juris Doctor,Program entry year,2026S or 2026W,domestic,2026,exactly,per_instalment,873.89,$873.89,Domestic continuing fee per instalment,Dual Master of Business Administration/Juris Doctor,,
vancouver,masters,Master's,https://vancouver.calendar.ubc.ca/fees/tuition-fees/graduate/masters,Specialized Master's Degree Program,[],Dual Master of Business Administration/Juris Doctor,Program entry year,2026S or 2026W,international,2026,exactly,per_instalment,22571.25,"$22,571.25",International fee per instalment,Dual Master of Business Administration/Juris Doctor,,
vancouver,masters,Master's,https://vancouver.calendar.ubc.ca/fees/tuition-fees/graduate/masters,Specialized Master's Degree Program,[],Dual Master of Business Administration/Juris Doctor,Program entry year,2026S or 2026W,international,2026,exactly,per_instalment,3360.55,"$3,360.55",International continuing fee per instalment,Dual Master of Business Administration/Juris Doctor,,
vancouver,masters,Master's,https://vancouver.calendar.ubc.ca/fees/tuition-fees/graduate/masters,Specialized Master's Degree Program,[],Dual Master of Business Administration/Juris Doctor,Program entry year,2025S or 2025W,domestic,2025,exactly,per_instalment,8853.64,"$8,853.64",Domestic fee per instalment,Dual Master of Business Administration/Juris Doctor,,
vancouver,masters,Master's,https://vancouver.calendar.ubc.ca/fees/tuition-fees/graduate/masters,Specialized Master's Degree Program,[],Dual Master of Business Administration/Juris Doctor,Program entry year,2025S or 2025W,domestic,2025,exactly,per_instalment,873.89,$873.89,Domestic continuing fee per instalment,Dual Master of Business Administration/Juris Doctor,,
vancouver,masters,Master's,https://vancouver.calendar.ubc.ca/fees/tuition-fees/graduate/masters,Specialized Master's Degree Program,[],Dual Master of Business Administration/Juris Doctor,Program entry year,2025S or 2025W,international,2025,exactly,per_instalment,22354.22,"$22,354.22",International fee per instalment,Dual Master of Business Administration/Juris Doctor,,
vancouver,masters,Master's,https://vancouver.calendar.ubc.ca/fees/tuition-fees/graduate/masters,Specialized Master's Degree Program,[],Dual Master of Business Administration/Juris Doctor,Program entry year,2025S or 2025W,international,2025,exactly,per_instalment,3360.55,"$3,360.55",International continuing fee per instalment,Dual Master of Business Administration/Juris Doctor,,
vancouver,masters,Master's,https://vancouver.calendar.ubc.ca/fees/tuition-fees/graduate/masters,Specialized Master's Degree Program,[],Dual Master of Business Administration/Juris Doctor,Program entry year,2024S or 2024W,domestic,2024,exactly,per_instalment,8853.64,"$8,853.64",Domestic fee per instalment,Dual Master of Business Administration/Juris Doctor,,
vancouver,masters,Master's,https://vancouver.calendar.ubc.ca/fees/tuition-fees/graduate/masters,Specialized Master's Degree Program,[],Dual Master of Business Administration/Juris Doctor,Program entry year,2024S or 2024W,domestic,2024,exactly,per_instalment,873.89,$873.89,Domestic continuing fee per instalment,Dual Master of Business Administration/Juris Doctor,,
vancouver,masters,Master's,https://vancouver.calendar.ubc.ca/fees/tuition-fees/graduate/masters,Specialized Master's Degree Program,[],Dual Master of Business Administration/Juris Doctor,Program entry year,2024S or 2024W,international,2024,exactly,per_instalment,21928.5,"$21,928.50",International fee per instalment,Dual Master of Business Administration/Juris Doctor,,
vancouver,masters,Master's,https://vancouver.calendar.ubc.ca/fees/tuition-fees/graduate/masters,Specialized Master's Degree Program,[],Dual Master of Business Administration/Juris Doctor,Program entry year,2024S or 2024W,international,2024,exactly,per_instalment,3360.55,"$3,360.55",International continuing fee per instalment,Dual Master of Business Administration/Juris Doctor,,
vancouver,masters,Master's,https://vancouver.calendar.ubc.ca/fees/tuition-fees/graduate/masters,Specialized Master's Degree Program,[],Dual Master of Business Administration/Juris Doctor,Program entry year,2023S or 2023W,domestic,2023,exactly,per_instalment,8853.64,"$8,853.64",Domestic fee per instalment,Dual Master of Business Administration/Juris Doctor,,
vancouver,masters,Master's,https://vancouver.calendar.ubc.ca/fees/tuition-fees/graduate/masters,Specialized Master's Degree Program,[],Dual Master of Business Administration/Juris Doctor,Program entry year,2023S or 2023W,domestic,2023,exactly,per_instalment,873.89,$873.89,Domestic continuing fee per instalment,Dual Master of Business Administration/Juris Doctor,,
vancouver,masters,Master's,https://vancouver.calendar.ubc.ca/fees/tuition-fees/graduate/masters,Specialized Master's Degree Program,[],Dual Master of Business Administration/Juris Doctor,Program entry year,2023S or 2023W,international,2023,exactly,per_instalment,21510.85,"$21,510.85",International fee per instalment,Dual Master of Business Administration/Juris Doctor,,
vancouver,masters,Master's,https://vancouver.calendar.ubc.ca/fees/tuition-fees/graduate/masters,Specialized Master's Degree Program,[],Dual Master of Business Administration/Juris Doctor,Program entry year,2023S or 2023W,international,2023,exactly,per_instalment,3360.55,"$3,360.55",International continuing fee per instalment,Dual Master of Business Administration/Juris Doctor,,
vancouver,masters,Master's,https://vancouver.calendar.ubc.ca/fees/tuition-fees/graduate/masters,Specialized Master's Degree Program,[],Dual Master of Business Administration/Juris Doctor,Program entry year,2022S or 2022W,domestic,2022,exactly,per_instalment,8853.64,"$8,853.64",Domestic fee per instalment,Dual Master of Business Administration/Juris Doctor,,
vancouver,masters,Master's,https://vancouver.calendar.ubc.ca/fees/tuition-fees/graduate/masters,Specialized Master's Degree Program,[],Dual Master of Business Administration/Juris Doctor,Program entry year,2022S or 2022W,domestic,2022,exactly,per_instalment,873.89,$873.89,Domestic continuing fee per instalment,Dual Master of Business Administration/Juris Doctor,,
vancouver,masters,Master's,https://vancouver.calendar.ubc.ca/fees/tuition-fees/graduate/masters,Specialized Master's Degree Program,[],Dual Master of Business Administration/Juris Doctor,Program entry year,2022S or 2022W,international,2022,exactly,per_instalment,21101.18,"$21,101.18",International fee per instalment,Dual Master of Business Administration/Juris Doctor,,
vancouver,masters,Master's,https://vancouver.calendar.ubc.ca/fees/tuition-fees/graduate/masters,Specialized Master's Degree Program,[],Dual Master of Business Administration/Juris Doctor,Program entry year,2022S or 2022W,international,2022,exactly,per_instalment,3360.55,"$3,360.55",International continuing fee per instalment,Dual Master of Business Administration/Juris Doctor,,
vancouver,masters,Master's,https://vancouver.calendar.ubc.ca/fees/tuition-fees/graduate/masters,Specialized Master's Degree Program,[],Dual Master of Business Administration/Juris Doctor,Program entry year,2021W or earlier,domestic,2021,or_earlier,per_instalment,8853.64,"$8,853.64",Domestic fee per instalment,Dual Master of Business Administration/Juris Doctor,,
vancouver,masters,Master's,https://vancouver.calendar.ubc.ca/fees/tuition-fees/graduate/masters,Specialized Master's Degree Program,[],Dual Master of Business Administration/Juris Doctor,Program entry year,2021W or earlier,domestic,2021,or_earlier,per_instalment,873.89,$873.89,Domestic continuing fee per instalment,Dual Master of Business Administration/Juris Doctor,,
vancouver,masters,Master's,https://vancouver.calendar.ubc.ca/fees/tuition-fees/graduate/masters,Specialized Master's Degree Program,[],Dual Master of Business Administration/Juris Doctor,Program entry year,2021W or earlier,international,2021,or_earlier,per_instalment,20695.47,"$20,695.47",International fee per instalment,Dual Master of Business Administration/Juris Doctor,,
vancouver,masters,Master's,https://vancouver.calendar.ubc.ca/fees/tuition-fees/graduate/masters,Specialized Master's Degree Program,[],Dual Master of Business Administration/Juris Doctor,Program entry year,2021W or earlier,international,2021,or_earlier,per_instalment,3360.55,"$3,360.55",International continuing fee per instalment,Dual Master of Business Administration/Juris Doctor,,
vancouver,masters,Master's,https://vancouver.calendar.ubc.ca/fees/tuition-fees/graduate/masters,Specialized Master's Degree Program,[],Dual Master of Business Administration/Juris Doctor (transfer from first year in Juris Doctor),Program entry year,2026S or 2026W,domestic,2026,exactly,per_instalment,10359.07,"$10,359.07",Domestic fee per instalment,Dual Master of Business Administration/Juris Doctor (transfer from first year in Juris Doctor),,
vancouver,masters,Master's,https://vancouver.calendar.ubc.ca/fees/tuition-fees/graduate/masters,Specialized Master's Degree Program,[],Dual Master of Business Administration/Juris Doctor (transfer from first year in Juris Doctor),Program entry year,2026S or 2026W,domestic,2026,exactly,per_instalment,873.89,$873.89,Domestic continuing fee per instalment,Dual Master of Business Administration/Juris Doctor (transfer from first year in Juris Doctor),,
vancouver,masters,Master's,https://vancouver.calendar.ubc.ca/fees/tuition-fees/graduate/masters,Specialized Master's Degree Program,[],Dual Master of Business Administration/Juris Doctor (transfer from first year in Juris Doctor),Program entry year,2026S or 2026W,international,2026,exactly,per_instalment,24954.46,"$24,954.46",International fee per instalment,Dual Master of Business Administration/Juris Doctor (transfer from first year in Juris Doctor),,
vancouver,masters,Master's,https://vancouver.calendar.ubc.ca/fees/tuition-fees/graduate/masters,Specialized Master's Degree Program,[],Dual Master of Business Administration/Juris Doctor (transfer from first year in Juris Doctor),Program entry year,2026S or 2026W,international,2026,exactly,per_instalment,3360.55,"$3,360.55",International continuing fee per instalment,Dual Master of Business Administration/Juris Doctor (transfer from first year in Juris Doctor),,
vancouver,masters,Master's,https://vancouver.calendar.ubc.ca/fees/tuition-fees/graduate/masters,Specialized Master's Degree Program,[],Dual Master of Business Administration/Juris Doctor (transfer from first year in Juris Doctor),Program entry year,2025S or 2025W,domestic,2025,exactly,per_instalment,10359.07,"$10,359.07",Domestic fee per instalment,Dual Master of Business Administration/Juris Doctor (transfer from first year in Juris Doctor),,
vancouver,masters,Master's,https://vancouver.calendar.ubc.ca/fees/tuition-fees/graduate/masters,Specialized Master's Degree Program,[],Dual Master of Business Administration/Juris Doctor (transfer from first year in Juris Doctor),Program entry year,2025S or 2025W,domestic,2025,exactly,per_instalment,873.89,$873.89,Domestic continuing fee per instalment,Dual Master of Business Administration/Juris Doctor (transfer from first year in Juris Doctor),,
vancouver,masters,Master's,https://vancouver.calendar.ubc.ca/fees/tuition-fees/graduate/masters,Specialized Master's Degree Program,[],Dual Master of Business Administration/Juris Doctor (transfer from first year in Juris Doctor),Program entry year,2025S or 2025W,international,2025,exactly,per_instalment,24714.53,"$24,714.53",International fee per instalment,Dual Master of Business Administration/Juris Doctor (transfer from first year in Juris Doctor),,
vancouver,masters,Master's,https://vancouver.calendar.ubc.ca/fees/tuition-fees/graduate/masters,Specialized Master's Degree Program,[],Dual Master of Business Administration/Juris Doctor (transfer from first year in Juris Doctor),Program entry year,2025S or 2025W,international,2025,exactly,per_instalment,3360.55,"$3,360.55",International continuing fee per instalment,Dual Master of Business Administration/Juris Doctor (transfer from first year in Juris Doctor),,
vancouver,masters,Master's,https://vancouver.calendar.ubc.ca/fees/tuition-fees/graduate/masters,Specialized Master's Degree Program,[],Dual Master of Business Administration/Juris Doctor (transfer from first year in Juris Doctor),Program entry year,2024S or 2024W,domestic,2024,exactly,per_instalment,10359.07,"$10,359.07",Domestic fee per instalment,Dual Master of Business Administration/Juris Doctor (transfer from first year in Juris Doctor),,
vancouver,masters,Master's,https://vancouver.calendar.ubc.ca/fees/tuition-fees/graduate/masters,Specialized Master's Degree Program,[],Dual Master of Business Administration/Juris Doctor (transfer from first year in Juris Doctor),Program entry year,2024S or 2024W,domestic,2024,exactly,per_instalment,873.89,$873.89,Domestic continuing fee per instalment,Dual Master of Business Administration/Juris Doctor (transfer from first year in Juris Doctor),,
vancouver,masters,Master's,https://vancouver.calendar.ubc.ca/fees/tuition-fees/graduate/masters,Specialized Master's Degree Program,[],Dual Master of Business Administration/Juris Doctor (transfer from first year in Juris Doctor),Program entry year,2024S or 2024W,international,2024,exactly,per_instalment,24243.88,"$24,243.88",International fee per instalment,Dual Master of Business Administration/Juris Doctor (transfer from first year in Juris Doctor),,
vancouver,masters,Master's,https://vancouver.calendar.ubc.ca/fees/tuition-fees/graduate/masters,Specialized Master's Degree Program,[],Dual Master of Business Administration/Juris Doctor (transfer from first year in Juris Doctor),Program entry year,2024S or 2024W,international,2024,exactly,per_instalment,3360.55,"$3,360.55",International continuing fee per instalment,Dual Master of Business Administration/Juris Doctor (transfer from first year in Juris Doctor),,
vancouver,masters,Master's,https://vancouver.calendar.ubc.ca/fees/tuition-fees/graduate/masters,Specialized Master's Degree Program,[],Dual Master of Business Administration/Juris Doctor (transfer from first year in Juris Doctor),Program entry year,2023S or 2023W,domestic,2023,exactly,per_instalment,10359.07,"$10,359.07",Domestic fee per instalment,Dual Master of Business Administration/Juris Doctor (transfer from first year in Juris Doctor),,
vancouver,masters,Master's,https://vancouver.calendar.ubc.ca/fees/tuition-fees/graduate/masters,Specialized Master's Degree Program,[],Dual Master of Business Administration/Juris Doctor (transfer from first year in Juris Doctor),Program entry year,2023S or 2023W,domestic,2023,exactly,per_instalment,873.89,$873.89,Domestic continuing fee per instalment,Dual Master of Business Administration/Juris Doctor (transfer from first year in Juris Doctor),,
vancouver,masters,Master's,https://vancouver.calendar.ubc.ca/fees/tuition-fees/graduate/masters,Specialized Master's Degree Program,[],Dual Master of Business Administration/Juris Doctor (transfer from first year in Juris Doctor),Program entry year,2023S or 2023W,international,2023,exactly,per_instalment,23782.17,"$23,782.17",International fee per instalment,Dual Master of Business Administration/Juris Doctor (transfer from first year in Juris Doctor),,
vancouver,masters,Master's,https://vancouver.calendar.ubc.ca/fees/tuition-fees/graduate/masters,Specialized Master's Degree Program,[],Dual Master of Business Administration/Juris Doctor (transfer from first year in Juris Doctor),Program entry year,2023S or 2023W,international,2023,exactly,per_instalment,3360.55,"$3,360.55",International continuing fee per instalment,Dual Master of Business Administration/Juris Doctor (transfer from first year in Juris Doctor),,
vancouver,masters,Master's,https://vancouver.calendar.ubc.ca/fees/tuition-fees/graduate/masters,Specialized Master's Degree Program,[],Dual Master of Business Administration/Juris Doctor (transfer from first year in Juris Doctor),Program entry year,2022W or earlier,domestic,2022,or_earlier,per_instalment,10359.07,"$10,359.07",Domestic fee per instalment,Dual Master of Business Administration/Juris Doctor (transfer from first year in Juris Doctor),,
vancouver,masters,Master's,https://vancouver.calendar.ubc.ca/fees/tuition-fees/graduate/masters,Specialized Master's Degree Program,[],Dual Master of Business Administration/Juris Doctor (transfer from first year in Juris Doctor),Program entry year,2022W or earlier,domestic,2022,or_earlier,per_instalment,873.89,$873.89,Domestic continuing fee per instalment,Dual Master of Business Administration/Juris Doctor (transfer from first year in Juris Doctor),,
vancouver,masters,Master's,https://vancouver.calendar.ubc.ca/fees/tuition-fees/graduate/masters,Specialized Master's Degree Program,[],Dual Master of Business Administration/Juris Doctor (transfer from first year in Juris Doctor),Program entry year,2022W or earlier,international,2022,or_earlier,per_instalment,23218.88,"$23,218.88",International fee per instalment,Dual Master of Business Administration/Juris Doctor (transfer from first year in Juris Doctor),,
vancouver,masters,Master's,https://vancouver.calendar.ubc.ca/fees/tuition-fees/graduate/masters,Specialized Master's Degree Program,[],Dual Master of Business Administration/Juris Doctor (transfer from first year in Juris Doctor),Program entry year,2022W or earlier,international,2022,or_earlier,per_instalment,3360.55,"$3,360.55",International continuing fee per instalment,Dual Master of Business Administration/Juris Doctor (transfer from first year in Juris Doctor),,
vancouver,masters,Master's,https://vancouver.calendar.ubc.ca/fees/tuition-fees/graduate/masters,Specialized Master's Degree Program,[],Dual Master of Architecture and Master of Landscape Architecture,Program entry year,2026S or 2026W,domestic,2026,exactly,per_instalment,3108.4,"$3,108.40",Domestic fee per instalment,Dual Master of Architecture and Master of Landscape Architecture,,
vancouver,masters,Master's,https://vancouver.calendar.ubc.ca/fees/tuition-fees/graduate/masters,Specialized Master's Degree Program,[],Dual Master of Architecture and Master of Landscape Architecture,Program entry year,2026S or 2026W,domestic,2026,exactly,per_instalment,873.89,$873.89,Domestic continuing fee per instalment,Dual Master of Architecture and Master of Landscape Architecture,,
vancouver,masters,Master's,https://vancouver.calendar.ubc.ca/fees/tuition-fees/graduate/masters,Specialized Master's Degree Program,[],Dual Master of Architecture and Master of Landscape Architecture,Program entry year,2026S or 2026W,international,2026,exactly,per_instalment,28389.74,"$28,389.74",International fee per instalment,Dual Master of Architecture and Master of Landscape Architecture,,
vancouver,masters,Master's,https://vancouver.calendar.ubc.ca/fees/tuition-fees/graduate/masters,Specialized Master's Degree Program,[],Dual Master of Architecture and Master of Landscape Architecture,Program entry year,2026S or 2026W,international,2026,exactly,per_instalment,28389.74,"$28,389.74",International continuing fee per instalment,Dual Master of Architecture and Master of Landscape Architecture,,
vancouver,masters,Master's,https://vancouver.calendar.ubc.ca/fees/tuition-fees/graduate/masters,Specialized Master's Degree Program,[],Dual Master of Architecture and Master of Landscape Architecture,Program entry year,2025S or 2025W,domestic,2025,exactly,per_instalment,3108.4,"$3,108.40",Domestic fee per instalment,Dual Master of Architecture and Master of Landscape Architecture,,
vancouver,masters,Master's,https://vancouver.calendar.ubc.ca/fees/tuition-fees/graduate/masters,Specialized Master's Degree Program,[],Dual Master of Architecture and Master of Landscape Architecture,Program entry year,2025S or 2025W,domestic,2025,exactly,per_instalment,873.89,$873.89,Domestic continuing fee per instalment,Dual Master of Architecture and Master of Landscape Architecture,,
vancouver,masters,Master's,https://vancouver.calendar.ubc.ca/fees/tuition-fees/graduate/masters,Specialized Master's Degree Program,[],Dual Master of Architecture and Master of Landscape Architecture,Program entry year,2025S or 2025W,international,2025,exactly,per_instalment,28116.76,"$28,116.76",International fee per instalment,Dual Master of Architecture and Master of Landscape Architecture,,
vancouver,masters,Master's,https://vancouver.calendar.ubc.ca/fees/tuition-fees/graduate/masters,Specialized Master's Degree Program,[],Dual Master of Architecture and Master of Landscape Architecture,Program entry year,2025S or 2025W,international,2025,exactly,per_instalment,28116.76,"$28,116.76",International continuing fee per instalment,Dual Master of Architecture and Master of Landscape Architecture,,
vancouver,masters,Master's,https://vancouver.calendar.ubc.ca/fees/tuition-fees/graduate/masters,Specialized Master's Degree Program,[],Dual Master of Architecture and Master of Landscape Architecture,Program entry year,2024S or 2024W,domestic,2024,exactly,per_instalment,3108.4,"$3,108.40",Domestic fee per instalment,Dual Master of Architecture and Master of Landscape Architecture,,
vancouver,masters,Master's,https://vancouver.calendar.ubc.ca/fees/tuition-fees/graduate/masters,Specialized Master's Degree Program,[],Dual Master of Architecture and Master of Landscape Architecture,Program entry year,2024S or 2024W,domestic,2024,exactly,per_instalment,873.89,$873.89,Domestic continuing fee per instalment,Dual Master of Architecture and Master of Landscape Architecture,,
vancouver,masters,Master's,https://vancouver.calendar.ubc.ca/fees/tuition-fees/graduate/masters,Specialized Master's Degree Program,[],Dual Master of Architecture and Master of Landscape Architecture,Program entry year,2024S or 2024W,international,2024,exactly,per_instalment,27581.2,"$27,581.20",International fee per instalment,Dual Master of Architecture and Master of Landscape Architecture,,
vancouver,masters,Master's,https://vancouver.calendar.ubc.ca/fees/tuition-fees/graduate/masters,Specialized Master's Degree Program,[],Dual Master of Architecture and Master of Landscape Architecture,Program entry year,2024S or 2024W,international,2024,exactly,per_instalment,27581.2,"$27,581.20",International continuing fee per instalment,Dual Master of Architecture and Master of Landscape Architecture,,
vancouver,masters,Master's,https://vancouver.calendar.ubc.ca/fees/tuition-fees/graduate/masters,Specialized Master's Degree Program,[],Dual Master of Architecture and Master of Landscape Architecture,Program entry year,2023S or 2023W,domestic,2023,exactly,per_instalment,3108.4,"$3,108.40",Domestic fee per instalment,Dual Master of Architecture and Master of Landscape Architecture,,
vancouver,masters,Master's,https://vancouver.calendar.ubc.ca/fees/tuition-fees/graduate/masters,Specialized Master's Degree Program,[],Dual Master of Architecture and Master of Landscape Architecture,Program entry year,2023S or 2023W,domestic,2023,exactly,per_instalment,873.89,$873.89,Domestic continuing fee per instalment,Dual Master of Architecture and Master of Landscape Architecture,,
vancouver,masters,Master's,https://vancouver.calendar.ubc.ca/fees/tuition-fees/graduate/masters,Specialized Master's Degree Program,[],Dual Master of Architecture and Master of Landscape Architecture,Program entry year,2023S or 2023W,international,2023,exactly,per_instalment,27055.85,"$27,055.85",International fee per instalment,Dual Master of Architecture and Master of Landscape Architecture,,
vancouver,masters,Master's,https://vancouver.calendar.ubc.ca/fees/tuition-fees/graduate/masters,Specialized Master's Degree Program,[],Dual Master of Architecture and Master of Landscape Architecture,Program entry year,2023S or 2023W,international,2023,exactly,per_instalment,27055.85,"$27,055.85",International continuing fee per instalment,Dual Master of Architecture and Master of Landscape Architecture,,
vancouver,masters,Master's,https://vancouver.calendar.ubc.ca/fees/tuition-fees/graduate/masters,Specialized Master's Degree Program,[],Dual Master of Architecture and Master of Landscape Architecture,Program entry year,2022S or 2022W,domestic,2022,exactly,per_instalment,3108.4,"$3,108.40",Domestic fee per instalment,Dual Master of Architecture and Master of Landscape Architecture,,
vancouver,masters,Master's,https://vancouver.calendar.ubc.ca/fees/tuition-fees/graduate/masters,Specialized Master's Degree Program,[],Dual Master of Architecture and Master of Landscape Architecture,Program entry year,2022S or 2022W,domestic,2022,exactly,per_instalment,873.89,$873.89,Domestic continuing fee per instalment,Dual Master of Architecture and Master of Landscape Architecture,,
vancouver,masters,Master's,https://vancouver.calendar.ubc.ca/fees/tuition-fees/graduate/masters,Specialized Master's Degree Program,[],Dual Master of Architecture and Master of Landscape Architecture,Program entry year,2022S or 2022W,international,2022,exactly,per_instalment,26540.49,"$26,540.49",International fee per instalment,Dual Master of Architecture and Master of Landscape Architecture,,
vancouver,masters,Master's,https://vancouver.calendar.ubc.ca/fees/tuition-fees/graduate/masters,Specialized Master's Degree Program,[],Dual Master of Architecture and Master of Landscape Architecture,Program entry year,2022S or 2022W,international,2022,exactly,per_instalment,26540.49,"$26,540.49",International continuing fee per instalment,Dual Master of Architecture and Master of Landscape Architecture,,
vancouver,masters,Master's,https://vancouver.calendar.ubc.ca/fees/tuition-fees/graduate/masters,Specialized Master's Degree Program,[],Dual Master of Architecture and Master of Landscape Architecture,Program entry year,2021W or earlier,domestic,2021,or_earlier,per_instalment,3108.4,"$3,108.40",Domestic fee per instalment,Dual Master of Architecture and Master of Landscape Architecture,,
vancouver,masters,Master's,https://vancouver.calendar.ubc.ca/fees/tuition-fees/graduate/masters,Specialized Master's Degree Program,[],Dual Master of Architecture and Master of Landscape Architecture,Program entry year,2021W or earlier,domestic,2021,or_earlier,per_instalment,873.89,$873.89,Domestic continuing fee per instalment,Dual Master of Architecture and Master of Landscape Architecture,,
vancouver,masters,Master's,https://vancouver.calendar.ubc.ca/fees/tuition-fees/graduate/masters,Specialized Master's Degree Program,[],Dual Master of Architecture and Master of Landscape Architecture,Program entry year,2021W or earlier,international,2021,or_earlier,per_instalment,26030.1,"$26,030.10",International fee per instalment,Dual Master of Architecture and Master of Landscape Architecture,,
vancouver,masters,Master's,https://vancouver.calendar.ubc.ca/fees/tuition-fees/graduate/masters,Specialized Master's Degree Program,[],Dual Master of Architecture and Master of Landscape Architecture,Program entry year,2021W or earlier,international,2021,or_earlier,per_instalment,26030.1,"$26,030.10",International continuing fee per instalment,Dual Master of Architecture and Master of Landscape Architecture,,
vancouver,masters,Master's,https://vancouver.calendar.ubc.ca/fees/tuition-fees/graduate/masters,Specialized Master's Degree Program,[],Combined Master of Public Health/Master of Science in Nursing Dual Degree Program Option,Program entry year,2026S or 2026W,domestic,2026,exactly,per_instalment,3825.71,"$3,825.71",Domestic fee per instalment,Combined Master of Public Health/Master of Science in Nursing Dual Degree Program Option,,
vancouver,masters,Master's,https://vancouver.calendar.ubc.ca/fees/tuition-fees/graduate/masters,Specialized Master's Degree Program,[],Combined Master of Public Health/Master of Science in Nursing Dual Degree Program Option,Program entry year,2026S or 2026W,domestic,2026,exactly,per_instalment,873.89,$873.89,Domestic continuing fee per instalment,Combined Master of Public Health/Master of Science in Nursing Dual Degree Program Option,,
vancouver,masters,Master's,https://vancouver.calendar.ubc.ca/fees/tuition-fees/graduate/masters,Specialized Master's Degree Program,[],Combined Master of Public Health/Master of Science in Nursing Dual Degree Program Option,Program entry year,2026S or 2026W,international,2026,exactly,per_instalment,11510.8,"$11,510.80",International fee per instalment,Combined Master of Public Health/Master of Science in Nursing Dual Degree Program Option,,
vancouver,masters,Master's,https://vancouver.calendar.ubc.ca/fees/tuition-fees/graduate/masters,Specialized Master's Degree Program,[],Combined Master of Public Health/Master of Science in Nursing Dual Degree Program Option,Program entry year,2026S or 2026W,international,2026,exactly,per_instalment,3360.55,"$3,360.55",International continuing fee per instalment,Combined Master of Public Health/Master of Science in Nursing Dual Degree Program Option,,
vancouver,masters,Master's,https://vancouver.calendar.ubc.ca/fees/tuition-fees/graduate/masters,Specialized Master's Degree Program,[],Combined Master of Public Health/Master of Science in Nursing Dual Degree Program Option,Program entry year,2025S or 2025W,domestic,2025,exactly,per_instalment,3825.71,"$3,825.71",Domestic fee per instalment,Combined Master of Public Health/Master of Science in Nursing Dual Degree Program Option,,
vancouver,masters,Master's,https://vancouver.calendar.ubc.ca/fees/tuition-fees/graduate/masters,Specialized Master's Degree Program,[],Combined Master of Public Health/Master of Science in Nursing Dual Degree Program Option,Program entry year,2025S or 2025W,domestic,2025,exactly,per_instalment,873.89,$873.89,Domestic continuing fee per instalment,Combined Master of Public Health/Master of Science in Nursing Dual Degree Program Option,,
vancouver,masters,Master's,https://vancouver.calendar.ubc.ca/fees/tuition-fees/graduate/masters,Specialized Master's Degree Program,[],Combined Master of Public Health/Master of Science in Nursing Dual Degree Program Option,Program entry year,2025S or 2025W,international,2025,exactly,per_instalment,11400.12,"$11,400.12",International fee per instalment,Combined Master of Public Health/Master of Science in Nursing Dual Degree Program Option,,
vancouver,masters,Master's,https://vancouver.calendar.ubc.ca/fees/tuition-fees/graduate/masters,Specialized Master's Degree Program,[],Combined Master of Public Health/Master of Science in Nursing Dual Degree Program Option,Program entry year,2025S or 2025W,international,2025,exactly,per_instalment,3360.55,"$3,360.55",International continuing fee per instalment,Combined Master of Public Health/Master of Science in Nursing Dual Degree Program Option,,
vancouver,masters,Master's,https://vancouver.calendar.ubc.ca/fees/tuition-fees/graduate/masters,Specialized Master's Degree Program,[],Combined Master of Public Health/Master of Science in Nursing Dual Degree Program Option,Program entry year,2024S or 2024W,domestic,2024,exactly,per_instalment,3825.71,"$3,825.71",Domestic fee per instalment,Combined Master of Public Health/Master of Science in Nursing Dual Degree Program Option,,
vancouver,masters,Master's,https://vancouver.calendar.ubc.ca/fees/tuition-fees/graduate/masters,Specialized Master's Degree Program,[],Combined Master of Public Health/Master of Science in Nursing Dual Degree Program Option,Program entry year,2024S or 2024W,domestic,2024,exactly,per_instalment,873.89,$873.89,Domestic continuing fee per instalment,Combined Master of Public Health/Master of Science in Nursing Dual Degree Program Option,,
vancouver,masters,Master's,https://vancouver.calendar.ubc.ca/fees/tuition-fees/graduate/masters,Specialized Master's Degree Program,[],Combined Master of Public Health/Master of Science in Nursing Dual Degree Program Option,Program entry year,2024S or 2024W,international,2024,exactly,per_instalment,11182.97,"$11,182.97",International fee per instalment,Combined Master of Public Health/Master of Science in Nursing Dual Degree Program Option,,
vancouver,masters,Master's,https://vancouver.calendar.ubc.ca/fees/tuition-fees/graduate/masters,Specialized Master's Degree Program,[],Combined Master of Public Health/Master of Science in Nursing Dual Degree Program Option,Program entry year,2024S or 2024W,international,2024,exactly,per_instalment,3360.55,"$3,360.55",International continuing fee per instalment,Combined Master of Public Health/Master of Science in Nursing Dual Degree Program Option,,
vancouver,masters,Master's,https://vancouver.calendar.ubc.ca/fees/tuition-fees/graduate/masters,Specialized Master's Degree Program,[],Combined Master of Public Health/Master of Science in Nursing Dual Degree Program Option,Program entry year,2023S or 2023W,domestic,2023,exactly,per_instalment,3825.71,"$3,825.71",Domestic fee per instalment,Combined Master of Public Health/Master of Science in Nursing Dual Degree Program Option,,
vancouver,masters,Master's,https://vancouver.calendar.ubc.ca/fees/tuition-fees/graduate/masters,Specialized Master's Degree Program,[],Combined Master of Public Health/Master of Science in Nursing Dual Degree Program Option,Program entry year,2023S or 2023W,domestic,2023,exactly,per_instalment,873.89,$873.89,Domestic continuing fee per instalment,Combined Master of Public Health/Master of Science in Nursing Dual Degree Program Option,,
vancouver,masters,Master's,https://vancouver.calendar.ubc.ca/fees/tuition-fees/graduate/masters,Specialized Master's Degree Program,[],Combined Master of Public Health/Master of Science in Nursing Dual Degree Program Option,Program entry year,2023S or 2023W,international,2023,exactly,per_instalment,10969.96,"$10,969.96",International fee per instalment,Combined Master of Public Health/Master of Science in Nursing Dual Degree Program Option,,
vancouver,masters,Master's,https://vancouver.calendar.ubc.ca/fees/tuition-fees/graduate/masters,Specialized Master's Degree Program,[],Combined Master of Public Health/Master of Science in Nursing Dual Degree Program Option,Program entry year,2023S or 2023W,international,2023,exactly,per_instalment,3360.55,"$3,360.55",International continuing fee per instalment,Combined Master of Public Health/Master of Science in Nursing Dual Degree Program Option,,
vancouver,masters,Master's,https://vancouver.calendar.ubc.ca/fees/tuition-fees/graduate/masters,Specialized Master's Degree Program,[],Combined Master of Public Health/Master of Science in Nursing Dual Degree Program Option,Program entry year,2022W or earlier,domestic,2022,or_earlier,per_instalment,3825.71,"$3,825.71",Domestic fee per instalment,Combined Master of Public Health/Master of Science in Nursing Dual Degree Program Option,,
vancouver,masters,Master's,https://vancouver.calendar.ubc.ca/fees/tuition-fees/graduate/masters,Specialized Master's Degree Program,[],Combined Master of Public Health/Master of Science in Nursing Dual Degree Program Option,Program entry year,2022W or earlier,domestic,2022,or_earlier,per_instalment,873.89,$873.89,Domestic continuing fee per instalment,Combined Master of Public Health/Master of Science in Nursing Dual Degree Program Option,,
vancouver,masters,Master's,https://vancouver.calendar.ubc.ca/fees/tuition-fees/graduate/masters,Specialized Master's Degree Program,[],Combined Master of Public Health/Master of Science in Nursing Dual Degree Program Option,Program entry year,2022W or earlier,international,2022,or_earlier,per_instalment,10761.0,"$10,761.00",International fee per instalment,Combined Master of Public Health/Master of Science in Nursing Dual Degree Program Option,,
vancouver,masters,Master's,https://vancouver.calendar.ubc.ca/fees/tuition-fees/graduate/masters,Specialized Master's Degree Program,[],Combined Master of Public Health/Master of Science in Nursing Dual Degree Program Option,Program entry year,2022W or earlier,international,2022,or_earlier,per_instalment,3360.55,"$3,360.55",International continuing fee per instalment,Combined Master of Public Health/Master of Science in Nursing Dual Degree Program Option,,
vancouver,masters,Master's,https://vancouver.calendar.ubc.ca/fees/tuition-fees/graduate/masters,Specialized Master's Degree Program,[],Combined Master of Public Health/Diploma in Dental Public Health,Program entry year,2026S or 2026W,domestic,2026,exactly,per_instalment,7073.36,"$7,073.36",Domestic fee per instalment,Combined Master of Public Health/Diploma in Dental Public Health,,
vancouver,masters,Master's,https://vancouver.calendar.ubc.ca/fees/tuition-fees/graduate/masters,Specialized Master's Degree Program,[],Combined Master of Public Health/Diploma in Dental Public Health,Program entry year,2026S or 2026W,domestic,2026,exactly,per_instalment,873.89,$873.89,Domestic continuing fee per instalment,Combined Master of Public Health/Diploma in Dental Public Health,,
vancouver,masters,Master's,https://vancouver.calendar.ubc.ca/fees/tuition-fees/graduate/masters,Specialized Master's Degree Program,[],Combined Master of Public Health/Diploma in Dental Public Health,Program entry year,2026S or 2026W,international,2026,exactly,per_instalment,23649.47,"$23,649.47",International fee per instalment,Combined Master of Public Health/Diploma in Dental Public Health,,
vancouver,masters,Master's,https://vancouver.calendar.ubc.ca/fees/tuition-fees/graduate/masters,Specialized Master's Degree Program,[],Combined Master of Public Health/Diploma in Dental Public Health,Program entry year,2026S or 2026W,international,2026,exactly,per_instalment,3360.55,"$3,360.55",International continuing fee per instalment,Combined Master of Public Health/Diploma in Dental Public Health,,
vancouver,masters,Master's,https://vancouver.calendar.ubc.ca/fees/tuition-fees/graduate/masters,Specialized Master's Degree Program,[],Combined Master of Public Health/Diploma in Dental Public Health,Program entry year,2025S or 2025W,domestic,2025,exactly,per_instalment,7073.36,"$7,073.36",Domestic fee per instalment,Combined Master of Public Health/Diploma in Dental Public Health,,
vancouver,masters,Master's,https://vancouver.calendar.ubc.ca/fees/tuition-fees/graduate/masters,Specialized Master's Degree Program,[],Combined Master of Public Health/Diploma in Dental Public Health,Program entry year,2025S or 2025W,domestic,2025,exactly,per_instalment,873.89,$873.89,Domestic continuing fee per instalment,Combined Master of Public Health/Diploma in Dental Public Health,,
vancouver,masters,Master's,https://vancouver.calendar.ubc.ca/fees/tuition-fees/graduate/masters,Specialized Master's Degree Program,[],Combined Master of Public Health/Diploma in Dental Public Health,Program entry year,2025S or 2025W,international,2025,exactly,per_instalment,23422.07,"$23,422.07",International fee per instalment,Combined Master of Public Health/Diploma in Dental Public Health,,
vancouver,masters,Master's,https://vancouver.calendar.ubc.ca/fees/tuition-fees/graduate/masters,Specialized Master's Degree Program,[],Combined Master of Public Health/Diploma in Dental Public Health,Program entry year,2025S or 2025W,international,2025,exactly,per_instalment,3360.55,"$3,360.55",International continuing fee per instalment,Combined Master of Public Health/Diploma in Dental Public Health,,
vancouver,masters,Master's,https://vancouver.calendar.ubc.ca/fees/tuition-fees/graduate/masters,Specialized Master's Degree Program,[],Combined Master of Public Health/Diploma in Dental Public Health,Program entry year,2024S or 2024W,domestic,2024,exactly,per_instalment,7073.36,"$7,073.36",Domestic fee per instalment,Combined Master of Public Health/Diploma in Dental Public Health,,
vancouver,masters,Master's,https://vancouver.calendar.ubc.ca/fees/tuition-fees/graduate/masters,Specialized Master's Degree Program,[],Combined Master of Public Health/Diploma in Dental Public Health,Program entry year,2024S or 2024W,domestic,2024,exactly,per_instalment,873.89,$873.89,Domestic continuing fee per instalment,Combined Master of Public Health/Diploma in Dental Public Health,,
vancouver,masters,Master's,https://vancouver.calendar.ubc.ca/fees/tuition-fees/graduate/masters,Specialized Master's Degree Program,[],Combined Master of Public Health/Diploma in Dental Public Health,Program entry year,2024S or 2024W,international,2024,exactly,per_instalment,22975.94,"$22,975.94",International fee per instalment,Combined Master of Public Health/Diploma in Dental Public Health,,
vancouver,masters,Master's,https://vancouver.calendar.ubc.ca/fees/tuition-fees/graduate/masters,Specialized Master's Degree Program,[],Combined Master of Public Health/Diploma in Dental Public Health,Program entry year,2024S or 2024W,international,2024,exactly,per_instalment,3360.55,"$3,360.55",International continuing fee per instalment,Combined Master of Public Health/Diploma in Dental Public Health,,
vancouver,masters,Master's,https://vancouver.calendar.ubc.ca/fees/tuition-fees/graduate/masters,Specialized Master's Degree Program,[],Combined Master of Public Health/Diploma in Dental Public Health,Program entry year,2023S or 2023W,domestic,2023,exactly,per_instalment,7073.36,"$7,073.36",Domestic fee per instalment,Combined Master of Public Health/Diploma in Dental Public Health,,
vancouver,masters,Master's,https://vancouver.calendar.ubc.ca/fees/tuition-fees/graduate/masters,Specialized Master's Degree Program,[],Combined Master of Public Health/Diploma in Dental Public Health,Program entry year,2023S or 2023W,domestic,2023,exactly,per_instalment,873.89,$873.89,Domestic continuing fee per instalment,Combined Master of Public Health/Diploma in Dental Public Health,,
vancouver,masters,Master's,https://vancouver.calendar.ubc.ca/fees/tuition-fees/graduate/masters,Specialized Master's Degree Program,[],Combined Master of Public Health/Diploma in Dental Public Health,Program entry year,2023S or 2023W,international,2023,exactly,per_instalment,22538.3,"$22,538.30",International fee per instalment,Combined Master of Public Health/Diploma in Dental Public Health,,
vancouver,masters,Master's,https://vancouver.calendar.ubc.ca/fees/tuition-fees/graduate/masters,Specialized Master's Degree Program,[],Combined Master of Public Health/Diploma in Dental Public Health,Program entry year,2023S or 2023W,international,2023,exactly,per_instalment,3360.55,"$3,360.55",International continuing fee per instalment,Combined Master of Public Health/Diploma in Dental Public Health,,
vancouver,masters,Master's,https://vancouver.calendar.ubc.ca/fees/tuition-fees/graduate/masters,Specialized Master's Degree Program,[],Combined Master of Public Health/Diploma in Dental Public Health,Program entry year,2022W or earlier,domestic,2022,or_earlier,per_instalment,7073.36,"$7,073.36",Domestic fee per instalment,Combined Master of Public Health/Diploma in Dental Public Health,,
vancouver,masters,Master's,https://vancouver.calendar.ubc.ca/fees/tuition-fees/graduate/masters,Specialized Master's Degree Program,[],Combined Master of Public Health/Diploma in Dental Public Health,Program entry year,2022W or earlier,domestic,2022,or_earlier,per_instalment,873.89,$873.89,Domestic continuing fee per instalment,Combined Master of Public Health/Diploma in Dental Public Health,,
vancouver,masters,Master's,https://vancouver.calendar.ubc.ca/fees/tuition-fees/graduate/masters,Specialized Master's Degree Program,[],Combined Master of Public Health/Diploma in Dental Public Health,Program entry year,2022W or earlier,international,2022,or_earlier,per_instalment,22109.0,"$22,109.00",International fee per instalment,Combined Master of Public Health/Diploma in Dental Public Health,,
vancouver,masters,Master's,https://vancouver.calendar.ubc.ca/fees/tuition-fees/graduate/masters,Specialized Master's Degree Program,[],Combined Master of Public Health/Diploma in Dental Public Health,Program entry year,2022W or earlier,international,2022,or_earlier,per_instalment,3360.55,"$3,360.55",International continuing fee per instalment,Combined Master of Public Health/Diploma in Dental Public Health,,
vancouver,masters,Master's,https://vancouver.calendar.ubc.ca/fees/tuition-fees/graduate/masters,Specialized Master's Degree Program,[],Combined Master of Science in Craniofacial Science/Diploma in Periodontics,Program entry year,2026S or 2026W,domestic,2026,exactly,per_instalment,7073.47,"$7,073.47",Domestic fee per instalment,Combined Master of Science in Craniofacial Science/Diploma in Periodontics,,
vancouver,masters,Master's,https://vancouver.calendar.ubc.ca/fees/tuition-fees/graduate/masters,Specialized Master's Degree Program,[],Combined Master of Science in Craniofacial Science/Diploma in Periodontics,Program entry year,2026S or 2026W,domestic,2026,exactly,per_instalment,873.89,$873.89,Domestic continuing fee per instalment,Combined Master of Science in Craniofacial Science/Diploma in Periodontics,,
vancouver,masters,Master's,https://vancouver.calendar.ubc.ca/fees/tuition-fees/graduate/masters,Specialized Master's Degree Program,[],Combined Master of Science in Craniofacial Science/Diploma in Periodontics,Program entry year,2026S or 2026W,international,2026,exactly,per_instalment,20218.18,"$20,218.18",International fee per instalment,Combined Master of Science in Craniofacial Science/Diploma in Periodontics,,
vancouver,masters,Master's,https://vancouver.calendar.ubc.ca/fees/tuition-fees/graduate/masters,Specialized Master's Degree Program,[],Combined Master of Science in Craniofacial Science/Diploma in Periodontics,Program entry year,2026S or 2026W,international,2026,exactly,per_instalment,3360.55,"$3,360.55",International continuing fee per instalment,Combined Master of Science in Craniofacial Science/Diploma in Periodontics,,
vancouver,masters,Master's,https://vancouver.calendar.ubc.ca/fees/tuition-fees/graduate/masters,Specialized Master's Degree Program,[],Combined Master of Science in Craniofacial Science/Diploma in Periodontics,Program entry year,2025S or 2025W,domestic,2025,exactly,per_instalment,7073.47,"$7,073.47",Domestic fee per instalment,Combined Master of Science in Craniofacial Science/Diploma in Periodontics,,
vancouver,masters,Master's,https://vancouver.calendar.ubc.ca/fees/tuition-fees/graduate/masters,Specialized Master's Degree Program,[],Combined Master of Science in Craniofacial Science/Diploma in Periodontics,Program entry year,2025S or 2025W,domestic,2025,exactly,per_instalment,873.89,$873.89,Domestic continuing fee per instalment,Combined Master of Science in Craniofacial Science/Diploma in Periodontics,,
vancouver,masters,Master's,https://vancouver.calendar.ubc.ca/fees/tuition-fees/graduate/masters,Specialized Master's Degree Program,[],Combined Master of Science in Craniofacial Science/Diploma in Periodontics,Program entry year,2025S or 2025W,international,2025,exactly,per_instalment,20023.77,"$20,023.77",International fee per instalment,Combined Master of Science in Craniofacial Science/Diploma in Periodontics,,
vancouver,masters,Master's,https://vancouver.calendar.ubc.ca/fees/tuition-fees/graduate/masters,Specialized Master's Degree Program,[],Combined Master of Science in Craniofacial Science/Diploma in Periodontics,Program entry year,2025S or 2025W,international,2025,exactly,per_instalment,3360.55,"$3,360.55",International continuing fee per instalment,Combined Master of Science in Craniofacial Science/Diploma in Periodontics,,
vancouver,masters,Master's,https://vancouver.calendar.ubc.ca/fees/tuition-fees/graduate/masters,Specialized Master's Degree Program,[],Combined Master of Science in Craniofacial Science/Diploma in Periodontics,Program entry year,2024S or 2024W,domestic,2024,exactly,per_instalment,7073.47,"$7,073.47",Domestic fee per instalment,Combined Master of Science in Craniofacial Science/Diploma in Periodontics,,
vancouver,masters,Master's,https://vancouver.calendar.ubc.ca/fees/tuition-fees/graduate/masters,Specialized Master's Degree Program,[],Combined Master of Science in Craniofacial Science/Diploma in Periodontics,Program entry year,2024S or 2024W,domestic,2024,exactly,per_instalment,873.89,$873.89,Domestic continuing fee per instalment,Combined Master of Science in Craniofacial Science/Diploma in Periodontics,,
vancouver,masters,Master's,https://vancouver.calendar.ubc.ca/fees/tuition-fees/graduate/masters,Specialized Master's Degree Program,[],Combined Master of Science in Craniofacial Science/Diploma in Periodontics,Program entry year,2024S or 2024W,international,2024,exactly,per_instalment,19642.36,"$19,642.36",International fee per instalment,Combined Master of Science in Craniofacial Science/Diploma in Periodontics,,
vancouver,masters,Master's,https://vancouver.calendar.ubc.ca/fees/tuition-fees/graduate/masters,Specialized Master's Degree Program,[],Combined Master of Science in Craniofacial Science/Diploma in Periodontics,Program entry year,2024S or 2024W,international,2024,exactly,per_instalment,3360.55,"$3,360.55",International continuing fee per instalment,Combined Master of Science in Craniofacial Science/Diploma in Periodontics,,
vancouver,masters,Master's,https://vancouver.calendar.ubc.ca/fees/tuition-fees/graduate/masters,Specialized Master's Degree Program,[],Combined Master of Science in Craniofacial Science/Diploma in Periodontics,Program entry year,2023S or 2023W,domestic,2023,exactly,per_instalment,7073.47,"$7,073.47",Domestic fee per instalment,Combined Master of Science in Craniofacial Science/Diploma in Periodontics,,
vancouver,masters,Master's,https://vancouver.calendar.ubc.ca/fees/tuition-fees/graduate/masters,Specialized Master's Degree Program,[],Combined Master of Science in Craniofacial Science/Diploma in Periodontics,Program entry year,2023S or 2023W,domestic,2023,exactly,per_instalment,873.89,$873.89,Domestic continuing fee per instalment,Combined Master of Science in Craniofacial Science/Diploma in Periodontics,,
vancouver,masters,Master's,https://vancouver.calendar.ubc.ca/fees/tuition-fees/graduate/masters,Specialized Master's Degree Program,[],Combined Master of Science in Craniofacial Science/Diploma in Periodontics,Program entry year,2023S or 2023W,international,2023,exactly,per_instalment,19268.23,"$19,268.23",International fee per instalment,Combined Master of Science in Craniofacial Science/Diploma in Periodontics,,
vancouver,masters,Master's,https://vancouver.calendar.ubc.ca/fees/tuition-fees/graduate/masters,Specialized Master's Degree Program,[],Combined Master of Science in Craniofacial Science/Diploma in Periodontics,Program entry year,2023S or 2023W,international,2023,exactly,per_instalment,3360.55,"$3,360.55",International continuing fee per instalment,Combined Master of Science in Craniofacial Science/Diploma in Periodontics,,
vancouver,masters,Master's,https://vancouver.calendar.ubc.ca/fees/tuition-fees/graduate/masters,Specialized Master's Degree Program,[],Combined Master of Science in Craniofacial Science/Diploma in Periodontics,Program entry year,2022S or 2022W,domestic,2022,exactly,per_instalment,7073.47,"$7,073.47",Domestic fee per instalment,Combined Master of Science in Craniofacial Science/Diploma in Periodontics,,
vancouver,masters,Master's,https://vancouver.calendar.ubc.ca/fees/tuition-fees/graduate/masters,Specialized Master's Degree Program,[],Combined Master of Science in Craniofacial Science/Diploma in Periodontics,Program entry year,2022S or 2022W,domestic,2022,exactly,per_instalment,873.89,$873.89,Domestic continuing fee per instalment,Combined Master of Science in Craniofacial Science/Diploma in Periodontics,,
vancouver,masters,Master's,https://vancouver.calendar.ubc.ca/fees/tuition-fees/graduate/masters,Specialized Master's Degree Program,[],Combined Master of Science in Craniofacial Science/Diploma in Periodontics,Program entry year,2022S or 2022W,international,2022,exactly,per_instalment,18901.21,"$18,901.21",International fee per instalment,Combined Master of Science in Craniofacial Science/Diploma in Periodontics,,
vancouver,masters,Master's,https://vancouver.calendar.ubc.ca/fees/tuition-fees/graduate/masters,Specialized Master's Degree Program,[],Combined Master of Science in Craniofacial Science/Diploma in Periodontics,Program entry year,2022S or 2022W,international,2022,exactly,per_instalment,3360.55,"$3,360.55",International continuing fee per instalment,Combined Master of Science in Craniofacial Science/Diploma in Periodontics,,
vancouver,masters,Master's,https://vancouver.calendar.ubc.ca/fees/tuition-fees/graduate/masters,Specialized Master's Degree Program,[],Combined Master of Science in Craniofacial Science/Diploma in Periodontics,Program entry year,2021W or earlier,domestic,2021,or_earlier,per_instalment,7073.47,"$7,073.47",Domestic fee per instalment,Combined Master of Science in Craniofacial Science/Diploma in Periodontics,,
vancouver,masters,Master's,https://vancouver.calendar.ubc.ca/fees/tuition-fees/graduate/masters,Specialized Master's Degree Program,[],Combined Master of Science in Craniofacial Science/Diploma in Periodontics,Program entry year,2021W or earlier,domestic,2021,or_earlier,per_instalment,873.89,$873.89,Domestic continuing fee per instalment,Combined Master of Science in Craniofacial Science/Diploma in Periodontics,,
vancouver,masters,Master's,https://vancouver.calendar.ubc.ca/fees/tuition-fees/graduate/masters,Specialized Master's Degree Program,[],Combined Master of Science in Craniofacial Science/Diploma in Periodontics,Program entry year,2021W or earlier,international,2021,or_earlier,per_instalment,18537.72,"$18,537.72",International fee per instalment,Combined Master of Science in Craniofacial Science/Diploma in Periodontics,,
vancouver,masters,Master's,https://vancouver.calendar.ubc.ca/fees/tuition-fees/graduate/masters,Specialized Master's Degree Program,[],Combined Master of Science in Craniofacial Science/Diploma in Periodontics,Program entry year,2021W or earlier,international,2021,or_earlier,per_instalment,3360.55,"$3,360.55",International continuing fee per instalment,Combined Master of Science in Craniofacial Science/Diploma in Periodontics,,
vancouver,masters,Master's,https://vancouver.calendar.ubc.ca/fees/tuition-fees/graduate/masters,Specialized Master's Degree Program,[],Combined Master of Science in Craniofacial Science/Diploma in Endodontics,Program entry year,2026S or 2026W,domestic,2026,exactly,per_instalment,7073.47,"$7,073.47",Domestic fee per instalment,Combined Master of Science in Craniofacial Science/Diploma in Endodontics,,
vancouver,masters,Master's,https://vancouver.calendar.ubc.ca/fees/tuition-fees/graduate/masters,Specialized Master's Degree Program,[],Combined Master of Science in Craniofacial Science/Diploma in Endodontics,Program entry year,2026S or 2026W,domestic,2026,exactly,per_instalment,873.89,$873.89,Domestic continuing fee per instalment,Combined Master of Science in Craniofacial Science/Diploma in Endodontics,,
vancouver,masters,Master's,https://vancouver.calendar.ubc.ca/fees/tuition-fees/graduate/masters,Specialized Master's Degree Program,[],Combined Master of Science in Craniofacial Science/Diploma in Endodontics,Program entry year,2026S or 2026W,international,2026,exactly,per_instalment,20218.18,"$20,218.18",International fee per instalment,Combined Master of Science in Craniofacial Science/Diploma in Endodontics,,
vancouver,masters,Master's,https://vancouver.calendar.ubc.ca/fees/tuition-fees/graduate/masters,Specialized Master's Degree Program,[],Combined Master of Science in Craniofacial Science/Diploma in Endodontics,Program entry year,2026S or 2026W,international,2026,exactly,per_instalment,3360.55,"$3,360.55",International continuing fee per instalment,Combined Master of Science in Craniofacial Science/Diploma in Endodontics,,
vancouver,masters,Master's,https://vancouver.calendar.ubc.ca/fees/tuition-fees/graduate/masters,Specialized Master's Degree Program,[],Combined Master of Science in Craniofacial Science/Diploma in Endodontics,Program entry year,2025S or 2025W,domestic,2025,exactly,per_instalment,7073.47,"$7,073.47",Domestic fee per instalment,Combined Master of Science in Craniofacial Science/Diploma in Endodontics,,
vancouver,masters,Master's,https://vancouver.calendar.ubc.ca/fees/tuition-fees/graduate/masters,Specialized Master's Degree Program,[],Combined Master of Science in Craniofacial Science/Diploma in Endodontics,Program entry year,2025S or 2025W,domestic,2025,exactly,per_instalment,873.89,$873.89,Domestic continuing fee per instalment,Combined Master of Science in Craniofacial Science/Diploma in Endodontics,,
vancouver,masters,Master's,https://vancouver.calendar.ubc.ca/fees/tuition-fees/graduate/masters,Specialized Master's Degree Program,[],Combined Master of Science in Craniofacial Science/Diploma in Endodontics,Program entry year,2025S or 2025W,international,2025,exactly,per_instalment,20023.77,"$20,023.77",International fee per instalment,Combined Master of Science in Craniofacial Science/Diploma in Endodontics,,
vancouver,masters,Master's,https://vancouver.calendar.ubc.ca/fees/tuition-fees/graduate/masters,Specialized Master's Degree Program,[],Combined Master of Science in Craniofacial Science/Diploma in Endodontics,Program entry year,2025S or 2025W,international,2025,exactly,per_instalment,3360.55,"$3,360.55",International continuing fee per instalment,Combined Master of Science in Craniofacial Science/Diploma in Endodontics,,
vancouver,masters,Master's,https://vancouver.calendar.ubc.ca/fees/tuition-fees/graduate/masters,Specialized Master's Degree Program,[],Combined Master of Science in Craniofacial Science/Diploma in Endodontics,Program entry year,2024S or 2024W,domestic,2024,exactly,per_instalment,7073.47,"$7,073.47",Domestic fee per instalment,Combined Master of Science in Craniofacial Science/Diploma in Endodontics,,
vancouver,masters,Master's,https://vancouver.calendar.ubc.ca/fees/tuition-fees/graduate/masters,Specialized Master's Degree Program,[],Combined Master of Science in Craniofacial Science/Diploma in Endodontics,Program entry year,2024S or 2024W,domestic,2024,exactly,per_instalment,873.89,$873.89,Domestic continuing fee per instalment,Combined Master of Science in Craniofacial Science/Diploma in Endodontics,,
vancouver,masters,Master's,https://vancouver.calendar.ubc.ca/fees/tuition-fees/graduate/masters,Specialized Master's Degree Program,[],Combined Master of Science in Craniofacial Science/Diploma in Endodontics,Program entry year,2024S or 2024W,international,2024,exactly,per_instalment,19642.36,"$19,642.36",International fee per instalment,Combined Master of Science in Craniofacial Science/Diploma in Endodontics,,
vancouver,masters,Master's,https://vancouver.calendar.ubc.ca/fees/tuition-fees/graduate/masters,Specialized Master's Degree Program,[],Combined Master of Science in Craniofacial Science/Diploma in Endodontics,Program entry year,2024S or 2024W,international,2024,exactly,per_instalment,3360.55,"$3,360.55",International continuing fee per instalment,Combined Master of Science in Craniofacial Science/Diploma in Endodontics,,
vancouver,masters,Master's,https://vancouver.calendar.ubc.ca/fees/tuition-fees/graduate/masters,Specialized Master's Degree Program,[],Combined Master of Science in Craniofacial Science/Diploma in Endodontics,Program entry year,2023S or 2023W,domestic,2023,exactly,per_instalment,7073.47,"$7,073.47",Domestic fee per instalment,Combined Master of Science in Craniofacial Science/Diploma in Endodontics,,
vancouver,masters,Master's,https://vancouver.calendar.ubc.ca/fees/tuition-fees/graduate/masters,Specialized Master's Degree Program,[],Combined Master of Science in Craniofacial Science/Diploma in Endodontics,Program entry year,2023S or 2023W,domestic,2023,exactly,per_instalment,873.89,$873.89,Domestic continuing fee per instalment,Combined Master of Science in Craniofacial Science/Diploma in Endodontics,,
vancouver,masters,Master's,https://vancouver.calendar.ubc.ca/fees/tuition-fees/graduate/masters,Specialized Master's Degree Program,[],Combined Master of Science in Craniofacial Science/Diploma in Endodontics,Program entry year,2023S or 2023W,international,2023,exactly,per_instalment,19268.23,"$19,268.23",International fee per instalment,Combined Master of Science in Craniofacial Science/Diploma in Endodontics,,
vancouver,masters,Master's,https://vancouver.calendar.ubc.ca/fees/tuition-fees/graduate/masters,Specialized Master's Degree Program,[],Combined Master of Science in Craniofacial Science/Diploma in Endodontics,Program entry year,2023S or 2023W,international,2023,exactly,per_instalment,3360.55,"$3,360.55",International continuing fee per instalment,Combined Master of Science in Craniofacial Science/Diploma in Endodontics,,
vancouver,masters,Master's,https://vancouver.calendar.ubc.ca/fees/tuition-fees/graduate/masters,Specialized Master's Degree Program,[],Combined Master of Science in Craniofacial Science/Diploma in Endodontics,Program entry year,2022S or 2022W,domestic,2022,exactly,per_instalment,7073.47,"$7,073.47",Domestic fee per instalment,Combined Master of Science in Craniofacial Science/Diploma in Endodontics,,
vancouver,masters,Master's,https://vancouver.calendar.ubc.ca/fees/tuition-fees/graduate/masters,Specialized Master's Degree Program,[],Combined Master of Science in Craniofacial Science/Diploma in Endodontics,Program entry year,2022S or 2022W,domestic,2022,exactly,per_instalment,873.89,$873.89,Domestic continuing fee per instalment,Combined Master of Science in Craniofacial Science/Diploma in Endodontics,,
vancouver,masters,Master's,https://vancouver.calendar.ubc.ca/fees/tuition-fees/graduate/masters,Specialized Master's Degree Program,[],Combined Master of Science in Craniofacial Science/Diploma in Endodontics,Program entry year,2022S or 2022W,international,2022,exactly,per_instalment,18901.21,"$18,901.21",International fee per instalment,Combined Master of Science in Craniofacial Science/Diploma in Endodontics,,
vancouver,masters,Master's,https://vancouver.calendar.ubc.ca/fees/tuition-fees/graduate/masters,Specialized Master's Degree Program,[],Combined Master of Science in Craniofacial Science/Diploma in Endodontics,Program entry year,2022S or 2022W,international,2022,exactly,per_instalment,3360.55,"$3,360.55",International continuing fee per instalment,Combined Master of Science in Craniofacial Science/Diploma in Endodontics,,
vancouver,masters,Master's,https://vancouver.calendar.ubc.ca/fees/tuition-fees/graduate/masters,Specialized Master's Degree Program,[],Combined Master of Science in Craniofacial Science/Diploma in Endodontics,Program entry year,2021W or earlier,domestic,2021,or_earlier,per_instalment,7073.47,"$7,073.47",Domestic fee per instalment,Combined Master of Science in Craniofacial Science/Diploma in Endodontics,,
vancouver,masters,Master's,https://vancouver.calendar.ubc.ca/fees/tuition-fees/graduate/masters,Specialized Master's Degree Program,[],Combined Master of Science in Craniofacial Science/Diploma in Endodontics,Program entry year,2021W or earlier,domestic,2021,or_earlier,per_instalment,873.89,$873.89,Domestic continuing fee per instalment,Combined Master of Science in Craniofacial Science/Diploma in Endodontics,,
vancouver,masters,Master's,https://vancouver.calendar.ubc.ca/fees/tuition-fees/graduate/masters,Specialized Master's Degree Program,[],Combined Master of Science in Craniofacial Science/Diploma in Endodontics,Program entry year,2021W or earlier,international,2021,or_earlier,per_instalment,18537.72,"$18,537.72",International fee per instalment,Combined Master of Science in Craniofacial Science/Diploma in Endodontics,,
vancouver,masters,Master's,https://vancouver.calendar.ubc.ca/fees/tuition-fees/graduate/masters,Specialized Master's Degree Program,[],Combined Master of Science in Craniofacial Science/Diploma in Endodontics,Program entry year,2021W or earlier,international,2021,or_earlier,per_instalment,3360.55,"$3,360.55",International continuing fee per instalment,Combined Master of Science in Craniofacial Science/Diploma in Endodontics,,
vancouver,masters,Master's,https://vancouver.calendar.ubc.ca/fees/tuition-fees/graduate/masters,Specialized Master's Degree Program,[],Combined Master of Science in Craniofacial Science/Diploma in Orthodontics,Program entry year,2026S or 2026W,domestic,2026,exactly,per_instalment,7073.47,"$7,073.47",Domestic fee per instalment,Combined Master of Science in Craniofacial Science/Diploma in Orthodontics,,
vancouver,masters,Master's,https://vancouver.calendar.ubc.ca/fees/tuition-fees/graduate/masters,Specialized Master's Degree Program,[],Combined Master of Science in Craniofacial Science/Diploma in Orthodontics,Program entry year,2026S or 2026W,domestic,2026,exactly,per_instalment,873.89,$873.89,Domestic continuing fee per instalment,Combined Master of Science in Craniofacial Science/Diploma in Orthodontics,,
vancouver,masters,Master's,https://vancouver.calendar.ubc.ca/fees/tuition-fees/graduate/masters,Specialized Master's Degree Program,[],Combined Master of Science in Craniofacial Science/Diploma in Orthodontics,Program entry year,2026S or 2026W,international,2026,exactly,per_instalment,20218.18,"$20,218.18",International fee per instalment,Combined Master of Science in Craniofacial Science/Diploma in Orthodontics,,
vancouver,masters,Master's,https://vancouver.calendar.ubc.ca/fees/tuition-fees/graduate/masters,Specialized Master's Degree Program,[],Combined Master of Science in Craniofacial Science/Diploma in Orthodontics,Program entry year,2026S or 2026W,international,2026,exactly,per_instalment,3360.55,"$3,360.55",International continuing fee per instalment,Combined Master of Science in Craniofacial Science/Diploma in Orthodontics,,
vancouver,masters,Master's,https://vancouver.calendar.ubc.ca/fees/tuition-fees/graduate/masters,Specialized Master's Degree Program,[],Combined Master of Science in Craniofacial Science/Diploma in Orthodontics,Program entry year,2025S or 2025W,domestic,2025,exactly,per_instalment,7073.47,"$7,073.47",Domestic fee per instalment,Combined Master of Science in Craniofacial Science/Diploma in Orthodontics,,
vancouver,masters,Master's,https://vancouver.calendar.ubc.ca/fees/tuition-fees/graduate/masters,Specialized Master's Degree Program,[],Combined Master of Science in Craniofacial Science/Diploma in Orthodontics,Program entry year,2025S or 2025W,domestic,2025,exactly,per_instalment,873.89,$873.89,Domestic continuing fee per instalment,Combined Master of Science in Craniofacial Science/Diploma in Orthodontics,,
vancouver,masters,Master's,https://vancouver.calendar.ubc.ca/fees/tuition-fees/graduate/masters,Specialized Master's Degree Program,[],Combined Master of Science in Craniofacial Science/Diploma in Orthodontics,Program entry year,2025S or 2025W,international,2025,exactly,per_instalment,20023.77,"$20,023.77",International fee per instalment,Combined Master of Science in Craniofacial Science/Diploma in Orthodontics,,
vancouver,masters,Master's,https://vancouver.calendar.ubc.ca/fees/tuition-fees/graduate/masters,Specialized Master's Degree Program,[],Combined Master of Science in Craniofacial Science/Diploma in Orthodontics,Program entry year,2025S or 2025W,international,2025,exactly,per_instalment,3360.55,"$3,360.55",International continuing fee per instalment,Combined Master of Science in Craniofacial Science/Diploma in Orthodontics,,
vancouver,masters,Master's,https://vancouver.calendar.ubc.ca/fees/tuition-fees/graduate/masters,Specialized Master's Degree Program,[],Combined Master of Science in Craniofacial Science/Diploma in Orthodontics,Program entry year,2024S or 2024W,domestic,2024,exactly,per_instalment,7073.47,"$7,073.47",Domestic fee per instalment,Combined Master of Science in Craniofacial Science/Diploma in Orthodontics,,
vancouver,masters,Master's,https://vancouver.calendar.ubc.ca/fees/tuition-fees/graduate/masters,Specialized Master's Degree Program,[],Combined Master of Science in Craniofacial Science/Diploma in Orthodontics,Program entry year,2024S or 2024W,domestic,2024,exactly,per_instalment,873.89,$873.89,Domestic continuing fee per instalment,Combined Master of Science in Craniofacial Science/Diploma in Orthodontics,,
vancouver,masters,Master's,https://vancouver.calendar.ubc.ca/fees/tuition-fees/graduate/masters,Specialized Master's Degree Program,[],Combined Master of Science in Craniofacial Science/Diploma in Orthodontics,Program entry year,2024S or 2024W,international,2024,exactly,per_instalment,19642.36,"$19,642.36",International fee per instalment,Combined Master of Science in Craniofacial Science/Diploma in Orthodontics,,
vancouver,masters,Master's,https://vancouver.calendar.ubc.ca/fees/tuition-fees/graduate/masters,Specialized Master's Degree Program,[],Combined Master of Science in Craniofacial Science/Diploma in Orthodontics,Program entry year,2024S or 2024W,international,2024,exactly,per_instalment,3360.55,"$3,360.55",International continuing fee per instalment,Combined Master of Science in Craniofacial Science/Diploma in Orthodontics,,
vancouver,masters,Master's,https://vancouver.calendar.ubc.ca/fees/tuition-fees/graduate/masters,Specialized Master's Degree Program,[],Combined Master of Science in Craniofacial Science/Diploma in Orthodontics,Program entry year,2023S or 2023W,domestic,2023,exactly,per_instalment,7073.47,"$7,073.47",Domestic fee per instalment,Combined Master of Science in Craniofacial Science/Diploma in Orthodontics,,
vancouver,masters,Master's,https://vancouver.calendar.ubc.ca/fees/tuition-fees/graduate/masters,Specialized Master's Degree Program,[],Combined Master of Science in Craniofacial Science/Diploma in Orthodontics,Program entry year,2023S or 2023W,domestic,2023,exactly,per_instalment,873.89,$873.89,Domestic continuing fee per instalment,Combined Master of Science in Craniofacial Science/Diploma in Orthodontics,,
vancouver,masters,Master's,https://vancouver.calendar.ubc.ca/fees/tuition-fees/graduate/masters,Specialized Master's Degree Program,[],Combined Master of Science in Craniofacial Science/Diploma in Orthodontics,Program entry year,2023S or 2023W,international,2023,exactly,per_instalment,19268.23,"$19,268.23",International fee per instalment,Combined Master of Science in Craniofacial Science/Diploma in Orthodontics,,
vancouver,masters,Master's,https://vancouver.calendar.ubc.ca/fees/tuition-fees/graduate/masters,Specialized Master's Degree Program,[],Combined Master of Science in Craniofacial Science/Diploma in Orthodontics,Program entry year,2023S or 2023W,international,2023,exactly,per_instalment,3360.55,"$3,360.55",International continuing fee per instalment,Combined Master of Science in Craniofacial Science/Diploma in Orthodontics,,
vancouver,masters,Master's,https://vancouver.calendar.ubc.ca/fees/tuition-fees/graduate/masters,Specialized Master's Degree Program,[],Combined Master of Science in Craniofacial Science/Diploma in Orthodontics,Program entry year,2022S or 2022W,domestic,2022,exactly,per_instalment,7073.47,"$7,073.47",Domestic fee per instalment,Combined Master of Science in Craniofacial Science/Diploma in Orthodontics,,
vancouver,masters,Master's,https://vancouver.calendar.ubc.ca/fees/tuition-fees/graduate/masters,Specialized Master's Degree Program,[],Combined Master of Science in Craniofacial Science/Diploma in Orthodontics,Program entry year,2022S or 2022W,domestic,2022,exactly,per_instalment,873.89,$873.89,Domestic continuing fee per instalment,Combined Master of Science in Craniofacial Science/Diploma in Orthodontics,,
vancouver,masters,Master's,https://vancouver.calendar.ubc.ca/fees/tuition-fees/graduate/masters,Specialized Master's Degree Program,[],Combined Master of Science in Craniofacial Science/Diploma in Orthodontics,Program entry year,2022S or 2022W,international,2022,exactly,per_instalment,18901.21,"$18,901.21",International fee per instalment,Combined Master of Science in Craniofacial Science/Diploma in Orthodontics,,
vancouver,masters,Master's,https://vancouver.calendar.ubc.ca/fees/tuition-fees/graduate/masters,Specialized Master's Degree Program,[],Combined Master of Science in Craniofacial Science/Diploma in Orthodontics,Program entry year,2022S or 2022W,international,2022,exactly,per_instalment,3360.55,"$3,360.55",International continuing fee per instalment,Combined Master of Science in Craniofacial Science/Diploma in Orthodontics,,
vancouver,masters,Master's,https://vancouver.calendar.ubc.ca/fees/tuition-fees/graduate/masters,Specialized Master's Degree Program,[],Combined Master of Science in Craniofacial Science/Diploma in Orthodontics,Program entry year,2021W or earlier,domestic,2021,or_earlier,per_instalment,7073.47,"$7,073.47",Domestic fee per instalment,Combined Master of Science in Craniofacial Science/Diploma in Orthodontics,,
vancouver,masters,Master's,https://vancouver.calendar.ubc.ca/fees/tuition-fees/graduate/masters,Specialized Master's Degree Program,[],Combined Master of Science in Craniofacial Science/Diploma in Orthodontics,Program entry year,2021W or earlier,domestic,2021,or_earlier,per_instalment,873.89,$873.89,Domestic continuing fee per instalment,Combined Master of Science in Craniofacial Science/Diploma in Orthodontics,,
vancouver,masters,Master's,https://vancouver.calendar.ubc.ca/fees/tuition-fees/graduate/masters,Specialized Master's Degree Program,[],Combined Master of Science in Craniofacial Science/Diploma in Orthodontics,Program entry year,2021W or earlier,international,2021,or_earlier,per_instalment,18537.72,"$18,537.72",International fee per instalment,Combined Master of Science in Craniofacial Science/Diploma in Orthodontics,,
vancouver,masters,Master's,https://vancouver.calendar.ubc.ca/fees/tuition-fees/graduate/masters,Specialized Master's Degree Program,[],Combined Master of Science in Craniofacial Science/Diploma in Orthodontics,Program entry year,2021W or earlier,international,2021,or_earlier,per_instalment,3360.55,"$3,360.55",International continuing fee per instalment,Combined Master of Science in Craniofacial Science/Diploma in Orthodontics,,
vancouver,masters,Master's,https://vancouver.calendar.ubc.ca/fees/tuition-fees/graduate/masters,Specialized Master's Degree Program,[],Combined Master of Science in Craniofacial Science/Diploma in Pediatric Dentistry,Program entry year,2026S or 2026W,domestic,2026,exactly,per_instalment,7073.47,"$7,073.47",Domestic fee per instalment,Combined Master of Science in Craniofacial Science/Diploma in Pediatric Dentistry,,
vancouver,masters,Master's,https://vancouver.calendar.ubc.ca/fees/tuition-fees/graduate/masters,Specialized Master's Degree Program,[],Combined Master of Science in Craniofacial Science/Diploma in Pediatric Dentistry,Program entry year,2026S or 2026W,domestic,2026,exactly,per_instalment,873.89,$873.89,Domestic continuing fee per instalment,Combined Master of Science in Craniofacial Science/Diploma in Pediatric Dentistry,,
vancouver,masters,Master's,https://vancouver.calendar.ubc.ca/fees/tuition-fees/graduate/masters,Specialized Master's Degree Program,[],Combined Master of Science in Craniofacial Science/Diploma in Pediatric Dentistry,Program entry year,2026S or 2026W,international,2026,exactly,per_instalment,20218.18,"$20,218.18",International fee per instalment,Combined Master of Science in Craniofacial Science/Diploma in Pediatric Dentistry,,
vancouver,masters,Master's,https://vancouver.calendar.ubc.ca/fees/tuition-fees/graduate/masters,Specialized Master's Degree Program,[],Combined Master of Science in Craniofacial Science/Diploma in Pediatric Dentistry,Program entry year,2026S or 2026W,international,2026,exactly,per_instalment,3360.55,"$3,360.55",International continuing fee per instalment,Combined Master of Science in Craniofacial Science/Diploma in Pediatric Dentistry,,
vancouver,masters,Master's,https://vancouver.calendar.ubc.ca/fees/tuition-fees/graduate/masters,Specialized Master's Degree Program,[],Combined Master of Science in Craniofacial Science/Diploma in Pediatric Dentistry,Program entry year,2025S or 2025W,domestic,2025,exactly,per_instalment,7073.47,"$7,073.47",Domestic fee per instalment,Combined Master of Science in Craniofacial Science/Diploma in Pediatric Dentistry,,
vancouver,masters,Master's,https://vancouver.calendar.ubc.ca/fees/tuition-fees/graduate/masters,Specialized Master's Degree Program,[],Combined Master of Science in Craniofacial Science/Diploma in Pediatric Dentistry,Program entry year,2025S or 2025W,domestic,2025,exactly,per_instalment,873.89,$873.89,Domestic continuing fee per instalment,Combined Master of Science in Craniofacial Science/Diploma in Pediatric Dentistry,,
vancouver,masters,Master's,https://vancouver.calendar.ubc.ca/fees/tuition-fees/graduate/masters,Specialized Master's Degree Program,[],Combined Master of Science in Craniofacial Science/Diploma in Pediatric Dentistry,Program entry year,2025S or 2025W,international,2025,exactly,per_instalment,20023.77,"$20,023.77",International fee per instalment,Combined Master of Science in Craniofacial Science/Diploma in Pediatric Dentistry,,
vancouver,masters,Master's,https://vancouver.calendar.ubc.ca/fees/tuition-fees/graduate/masters,Specialized Master's Degree Program,[],Combined Master of Science in Craniofacial Science/Diploma in Pediatric Dentistry,Program entry year,2025S or 2025W,international,2025,exactly,per_instalment,3360.55,"$3,360.55",International continuing fee per instalment,Combined Master of Science in Craniofacial Science/Diploma in Pediatric Dentistry,,
vancouver,masters,Master's,https://vancouver.calendar.ubc.ca/fees/tuition-fees/graduate/masters,Specialized Master's Degree Program,[],Combined Master of Science in Craniofacial Science/Diploma in Pediatric Dentistry,Program entry year,2024S or 2024W,domestic,2024,exactly,per_instalment,7073.47,"$7,073.47",Domestic fee per instalment,Combined Master of Science in Craniofacial Science/Diploma in Pediatric Dentistry,,
vancouver,masters,Master's,https://vancouver.calendar.ubc.ca/fees/tuition-fees/graduate/masters,Specialized Master's Degree Program,[],Combined Master of Science in Craniofacial Science/Diploma in Pediatric Dentistry,Program entry year,2024S or 2024W,domestic,2024,exactly,per_instalment,873.89,$873.89,Domestic continuing fee per instalment,Combined Master of Science in Craniofacial Science/Diploma in Pediatric Dentistry,,
vancouver,masters,Master's,https://vancouver.calendar.ubc.ca/fees/tuition-fees/graduate/masters,Specialized Master's Degree Program,[],Combined Master of Science in Craniofacial Science/Diploma in Pediatric Dentistry,Program entry year,2024S or 2024W,international,2024,exactly,per_instalment,19642.36,"$19,642.36",International fee per instalment,Combined Master of Science in Craniofacial Science/Diploma in Pediatric Dentistry,,
vancouver,masters,Master's,https://vancouver.calendar.ubc.ca/fees/tuition-fees/graduate/masters,Specialized Master's Degree Program,[],Combined Master of Science in Craniofacial Science/Diploma in Pediatric Dentistry,Program entry year,2024S or 2024W,international,2024,exactly,per_instalment,3360.55,"$3,360.55",International continuing fee per instalment,Combined Master of Science in Craniofacial Science/Diploma in Pediatric Dentistry,,
vancouver,masters,Master's,https://vancouver.calendar.ubc.ca/fees/tuition-fees/graduate/masters,Specialized Master's Degree Program,[],Combined Master of Science in Craniofacial Science/Diploma in Pediatric Dentistry,Program entry year,2023S or 2023W,domestic,2023,exactly,per_instalment,7073.47,"$7,073.47",Domestic fee per instalment,Combined Master of Science in Craniofacial Science/Diploma in Pediatric Dentistry,,
vancouver,masters,Master's,https://vancouver.calendar.ubc.ca/fees/tuition-fees/graduate/masters,Specialized Master's Degree Program,[],Combined Master of Science in Craniofacial Science/Diploma in Pediatric Dentistry,Program entry year,2023S or 2023W,domestic,2023,exactly,per_instalment,873.89,$873.89,Domestic continuing fee per instalment,Combined Master of Science in Craniofacial Science/Diploma in Pediatric Dentistry,,
vancouver,masters,Master's,https://vancouver.calendar.ubc.ca/fees/tuition-fees/graduate/masters,Specialized Master's Degree Program,[],Combined Master of Science in Craniofacial Science/Diploma in Pediatric Dentistry,Program entry year,2023S or 2023W,international,2023,exactly,per_instalment,19268.23,"$19,268.23",International fee per instalment,Combined Master of Science in Craniofacial Science/Diploma in Pediatric Dentistry,,
vancouver,masters,Master's,https://vancouver.calendar.ubc.ca/fees/tuition-fees/graduate/masters,Specialized Master's Degree Program,[],Combined Master of Science in Craniofacial Science/Diploma in Pediatric Dentistry,Program entry year,2023S or 2023W,international,2023,exactly,per_instalment,3360.55,"$3,360.55",International continuing fee per instalment,Combined Master of Science in Craniofacial Science/Diploma in Pediatric Dentistry,,
vancouver,masters,Master's,https://vancouver.calendar.ubc.ca/fees/tuition-fees/graduate/masters,Specialized Master's Degree Program,[],Combined Master of Science in Craniofacial Science/Diploma in Pediatric Dentistry,Program entry year,2022S or 2022W,domestic,2022,exactly,per_instalment,7073.47,"$7,073.47",Domestic fee per instalment,Combined Master of Science in Craniofacial Science/Diploma in Pediatric Dentistry,,
vancouver,masters,Master's,https://vancouver.calendar.ubc.ca/fees/tuition-fees/graduate/masters,Specialized Master's Degree Program,[],Combined Master of Science in Craniofacial Science/Diploma in Pediatric Dentistry,Program entry year,2022S or 2022W,domestic,2022,exactly,per_instalment,873.89,$873.89,Domestic continuing fee per instalment,Combined Master of Science in Craniofacial Science/Diploma in Pediatric Dentistry,,
vancouver,masters,Master's,https://vancouver.calendar.ubc.ca/fees/tuition-fees/graduate/masters,Specialized Master's Degree Program,[],Combined Master of Science in Craniofacial Science/Diploma in Pediatric Dentistry,Program entry year,2022S or 2022W,international,2022,exactly,per_instalment,18901.21,"$18,901.21",International fee per instalment,Combined Master of Science in Craniofacial Science/Diploma in Pediatric Dentistry,,
vancouver,masters,Master's,https://vancouver.calendar.ubc.ca/fees/tuition-fees/graduate/masters,Specialized Master's Degree Program,[],Combined Master of Science in Craniofacial Science/Diploma in Pediatric Dentistry,Program entry year,2022S or 2022W,international,2022,exactly,per_instalment,3360.55,"$3,360.55",International continuing fee per instalment,Combined Master of Science in Craniofacial Science/Diploma in Pediatric Dentistry,,
vancouver,masters,Master's,https://vancouver.calendar.ubc.ca/fees/tuition-fees/graduate/masters,Specialized Master's Degree Program,[],Combined Master of Science in Craniofacial Science/Diploma in Pediatric Dentistry,Program entry year,2021W or earlier,domestic,2021,or_earlier,per_instalment,7073.47,"$7,073.47",Domestic fee per instalment,Combined Master of Science in Craniofacial Science/Diploma in Pediatric Dentistry,,
vancouver,masters,Master's,https://vancouver.calendar.ubc.ca/fees/tuition-fees/graduate/masters,Specialized Master's Degree Program,[],Combined Master of Science in Craniofacial Science/Diploma in Pediatric Dentistry,Program entry year,2021W or earlier,domestic,2021,or_earlier,per_instalment,873.89,$873.89,Domestic continuing fee per instalment,Combined Master of Science in Craniofacial Science/Diploma in Pediatric Dentistry,,
vancouver,masters,Master's,https://vancouver.calendar.ubc.ca/fees/tuition-fees/graduate/masters,Specialized Master's Degree Program,[],Combined Master of Science in Craniofacial Science/Diploma in Pediatric Dentistry,Program entry year,2021W or earlier,international,2021,or_earlier,per_instalment,18537.72,"$18,537.72",International fee per instalment,Combined Master of Science in Craniofacial Science/Diploma in Pediatric Dentistry,,
vancouver,masters,Master's,https://vancouver.calendar.ubc.ca/fees/tuition-fees/graduate/masters,Specialized Master's Degree Program,[],Combined Master of Science in Craniofacial Science/Diploma in Pediatric Dentistry,Program entry year,2021W or earlier,international,2021,or_earlier,per_instalment,3360.55,"$3,360.55",International continuing fee per instalment,Combined Master of Science in Craniofacial Science/Diploma in Pediatric Dentistry,,
vancouver,masters,Master's,https://vancouver.calendar.ubc.ca/fees/tuition-fees/graduate/masters,Specialized Master's Degree Program,[],Combined Master of Science in Craniofacial Science/Diploma in Prosthodontics,Program entry year,2026S or 2026W,domestic,2026,exactly,per_instalment,7073.47,"$7,073.47",Domestic fee per instalment,Combined Master of Science in Craniofacial Science/Diploma in Prosthodontics,,
vancouver,masters,Master's,https://vancouver.calendar.ubc.ca/fees/tuition-fees/graduate/masters,Specialized Master's Degree Program,[],Combined Master of Science in Craniofacial Science/Diploma in Prosthodontics,Program entry year,2026S or 2026W,domestic,2026,exactly,per_instalment,873.89,$873.89,Domestic continuing fee per instalment,Combined Master of Science in Craniofacial Science/Diploma in Prosthodontics,,
vancouver,masters,Master's,https://vancouver.calendar.ubc.ca/fees/tuition-fees/graduate/masters,Specialized Master's Degree Program,[],Combined Master of Science in Craniofacial Science/Diploma in Prosthodontics,Program entry year,2026S or 2026W,international,2026,exactly,per_instalment,20218.18,"$20,218.18",International fee per instalment,Combined Master of Science in Craniofacial Science/Diploma in Prosthodontics,,
vancouver,masters,Master's,https://vancouver.calendar.ubc.ca/fees/tuition-fees/graduate/masters,Specialized Master's Degree Program,[],Combined Master of Science in Craniofacial Science/Diploma in Prosthodontics,Program entry year,2026S or 2026W,international,2026,exactly,per_instalment,3360.55,"$3,360.55",International continuing fee per instalment,Combined Master of Science in Craniofacial Science/Diploma in Prosthodontics,,
vancouver,masters,Master's,https://vancouver.calendar.ubc.ca/fees/tuition-fees/graduate/masters,Specialized Master's Degree Program,[],Combined Master of Science in Craniofacial Science/Diploma in Prosthodontics,Program entry year,2025S or 2025W,domestic,2025,exactly,per_instalment,7073.47,"$7,073.47",Domestic fee per instalment,Combined Master of Science in Craniofacial Science/Diploma in Prosthodontics,,
vancouver,masters,Master's,https://vancouver.calendar.ubc.ca/fees/tuition-fees/graduate/masters,Specialized Master's Degree Program,[],Combined Master of Science in Craniofacial Science/Diploma in Prosthodontics,Program entry year,2025S or 2025W,domestic,2025,exactly,per_instalment,873.89,$873.89,Domestic continuing fee per instalment,Combined Master of Science in Craniofacial Science/Diploma in Prosthodontics,,
vancouver,masters,Master's,https://vancouver.calendar.ubc.ca/fees/tuition-fees/graduate/masters,Specialized Master's Degree Program,[],Combined Master of Science in Craniofacial Science/Diploma in Prosthodontics,Program entry year,2025S or 2025W,international,2025,exactly,per_instalment,20023.77,"$20,023.77",International fee per instalment,Combined Master of Science in Craniofacial Science/Diploma in Prosthodontics,,
vancouver,masters,Master's,https://vancouver.calendar.ubc.ca/fees/tuition-fees/graduate/masters,Specialized Master's Degree Program,[],Combined Master of Science in Craniofacial Science/Diploma in Prosthodontics,Program entry year,2025S or 2025W,international,2025,exactly,per_instalment,3360.55,"$3,360.55",International continuing fee per instalment,Combined Master of Science in Craniofacial Science/Diploma in Prosthodontics,,
vancouver,masters,Master's,https://vancouver.calendar.ubc.ca/fees/tuition-fees/graduate/masters,Specialized Master's Degree Program,[],Combined Master of Science in Craniofacial Science/Diploma in Prosthodontics,Program entry year,2024S or 2024W,domestic,2024,exactly,per_instalment,7073.47,"$7,073.47",Domestic fee per instalment,Combined Master of Science in Craniofacial Science/Diploma in Prosthodontics,,
vancouver,masters,Master's,https://vancouver.calendar.ubc.ca/fees/tuition-fees/graduate/masters,Specialized Master's Degree Program,[],Combined Master of Science in Craniofacial Science/Diploma in Prosthodontics,Program entry year,2024S or 2024W,domestic,2024,exactly,per_instalment,873.89,$873.89,Domestic continuing fee per instalment,Combined Master of Science in Craniofacial Science/Diploma in Prosthodontics,,
vancouver,masters,Master's,https://vancouver.calendar.ubc.ca/fees/tuition-fees/graduate/masters,Specialized Master's Degree Program,[],Combined Master of Science in Craniofacial Science/Diploma in Prosthodontics,Program entry year,2024S or 2024W,international,2024,exactly,per_instalment,19642.36,"$19,642.36",International fee per instalment,Combined Master of Science in Craniofacial Science/Diploma in Prosthodontics,,
vancouver,masters,Master's,https://vancouver.calendar.ubc.ca/fees/tuition-fees/graduate/masters,Specialized Master's Degree Program,[],Combined Master of Science in Craniofacial Science/Diploma in Prosthodontics,Program entry year,2024S or 2024W,international,2024,exactly,per_instalment,3360.55,"$3,360.55",International continuing fee per instalment,Combined Master of Science in Craniofacial Science/Diploma in Prosthodontics,,
vancouver,masters,Master's,https://vancouver.calendar.ubc.ca/fees/tuition-fees/graduate/masters,Specialized Master's Degree Program,[],Combined Master of Science in Craniofacial Science/Diploma in Prosthodontics,Program entry year,2023S or 2023W,domestic,2023,exactly,per_instalment,7073.47,"$7,073.47",Domestic fee per instalment,Combined Master of Science in Craniofacial Science/Diploma in Prosthodontics,,
vancouver,masters,Master's,https://vancouver.calendar.ubc.ca/fees/tuition-fees/graduate/masters,Specialized Master's Degree Program,[],Combined Master of Science in Craniofacial Science/Diploma in Prosthodontics,Program entry year,2023S or 2023W,domestic,2023,exactly,per_instalment,873.89,$873.89,Domestic continuing fee per instalment,Combined Master of Science in Craniofacial Science/Diploma in Prosthodontics,,
vancouver,masters,Master's,https://vancouver.calendar.ubc.ca/fees/tuition-fees/graduate/masters,Specialized Master's Degree Program,[],Combined Master of Science in Craniofacial Science/Diploma in Prosthodontics,Program entry year,2023S or 2023W,international,2023,exactly,per_instalment,19268.23,"$19,268.23",International fee per instalment,Combined Master of Science in Craniofacial Science/Diploma in Prosthodontics,,
vancouver,masters,Master's,https://vancouver.calendar.ubc.ca/fees/tuition-fees/graduate/masters,Specialized Master's Degree Program,[],Combined Master of Science in Craniofacial Science/Diploma in Prosthodontics,Program entry year,2023S or 2023W,international,2023,exactly,per_instalment,3360.55,"$3,360.55",International continuing fee per instalment,Combined Master of Science in Craniofacial Science/Diploma in Prosthodontics,,
vancouver,masters,Master's,https://vancouver.calendar.ubc.ca/fees/tuition-fees/graduate/masters,Specialized Master's Degree Program,[],Combined Master of Science in Craniofacial Science/Diploma in Prosthodontics,Program entry year,2022S or 2022W,domestic,2022,exactly,per_instalment,7073.47,"$7,073.47",Domestic fee per instalment,Combined Master of Science in Craniofacial Science/Diploma in Prosthodontics,,
vancouver,masters,Master's,https://vancouver.calendar.ubc.ca/fees/tuition-fees/graduate/masters,Specialized Master's Degree Program,[],Combined Master of Science in Craniofacial Science/Diploma in Prosthodontics,Program entry year,2022S or 2022W,domestic,2022,exactly,per_instalment,873.89,$873.89,Domestic continuing fee per instalment,Combined Master of Science in Craniofacial Science/Diploma in Prosthodontics,,
vancouver,masters,Master's,https://vancouver.calendar.ubc.ca/fees/tuition-fees/graduate/masters,Specialized Master's Degree Program,[],Combined Master of Science in Craniofacial Science/Diploma in Prosthodontics,Program entry year,2022S or 2022W,international,2022,exactly,per_instalment,18901.21,"$18,901.21",International fee per instalment,Combined Master of Science in Craniofacial Science/Diploma in Prosthodontics,,
vancouver,masters,Master's,https://vancouver.calendar.ubc.ca/fees/tuition-fees/graduate/masters,Specialized Master's Degree Program,[],Combined Master of Science in Craniofacial Science/Diploma in Prosthodontics,Program entry year,2022S or 2022W,international,2022,exactly,per_instalment,3360.55,"$3,360.55",International continuing fee per instalment,Combined Master of Science in Craniofacial Science/Diploma in Prosthodontics,,
vancouver,masters,Master's,https://vancouver.calendar.ubc.ca/fees/tuition-fees/graduate/masters,Specialized Master's Degree Program,[],Combined Master of Science in Craniofacial Science/Diploma in Prosthodontics,Program entry year,2021W or earlier,domestic,2021,or_earlier,per_instalment,7073.47,"$7,073.47",Domestic fee per instalment,Combined Master of Science in Craniofacial Science/Diploma in Prosthodontics,,
vancouver,masters,Master's,https://vancouver.calendar.ubc.ca/fees/tuition-fees/graduate/masters,Specialized Master's Degree Program,[],Combined Master of Science in Craniofacial Science/Diploma in Prosthodontics,Program entry year,2021W or earlier,domestic,2021,or_earlier,per_instalment,873.89,$873.89,Domestic continuing fee per instalment,Combined Master of Science in Craniofacial Science/Diploma in Prosthodontics,,
vancouver,masters,Master's,https://vancouver.calendar.ubc.ca/fees/tuition-fees/graduate/masters,Specialized Master's Degree Program,[],Combined Master of Science in Craniofacial Science/Diploma in Prosthodontics,Program entry year,2021W or earlier,international,2021,or_earlier,per_instalment,18537.72,"$18,537.72",International fee per instalment,Combined Master of Science in Craniofacial Science/Diploma in Prosthodontics,,
vancouver,masters,Master's,https://vancouver.calendar.ubc.ca/fees/tuition-fees/graduate/masters,Specialized Master's Degree Program,[],Combined Master of Science in Craniofacial Science/Diploma in Prosthodontics,Program entry year,2021W or earlier,international,2021,or_earlier,per_instalment,3360.55,"$3,360.55",International continuing fee per instalment,Combined Master of Science in Craniofacial Science/Diploma in Prosthodontics,,
vancouver,masters,Master's,https://vancouver.calendar.ubc.ca/fees/tuition-fees/graduate/masters,Standard Master's Degree Programs 15544-Standard-Masters-Degree,[],,,Full-time (Schedule A),domestic,,,per_instalment,1912.84,"$1,912.84",Domestic (per instalment),Full-time (Schedule A),,
vancouver,masters,Master's,https://vancouver.calendar.ubc.ca/fees/tuition-fees/graduate/masters,Standard Master's Degree Programs 15544-Standard-Masters-Degree,[],,,Full-time (Schedule A),international,,,per_instalment,3360.55,"$3,360.55",International (per instalment)3,Full-time (Schedule A),,
vancouver,masters,Master's,https://vancouver.calendar.ubc.ca/fees/tuition-fees/graduate/masters,Standard Master's Degree Programs 15544-Standard-Masters-Degree,[],,,Part-time (Schedule B),domestic,,,per_instalment,1093.21,"$1,093.21",Domestic (per instalment),Part-time (Schedule B),,
vancouver,masters,Master's,https://vancouver.calendar.ubc.ca/fees/tuition-fees/graduate/masters,Standard Master's Degree Programs 15544-Standard-Masters-Degree,[],,,Part-time (Schedule B),international,,,per_instalment,1932.29,"$1,932.29",International (per instalment)3,Part-time (Schedule B),,
vancouver,masters,Master's,https://vancouver.calendar.ubc.ca/fees/tuition-fees/graduate/masters,Standard Master's Degree Programs 15544-Standard-Masters-Degree,[],,,Continuing fee1,domestic,,,per_instalment,873.89,$873.89,Domestic (per instalment),Continuing fee,,
vancouver,masters,Master's,https://vancouver.calendar.ubc.ca/fees/tuition-fees/graduate/masters,Standard Master's Degree Programs 15544-Standard-Masters-Degree,[],,,Extension fee2,domestic,,,per_instalment,1227.4,"$1,227.40",Domestic (per instalment),Extension fee,,
vancouver,undergraduate,Undergraduate,https://vancouver.calendar.ubc.ca/fees/tuition-fees/undergraduate,Domestic Students,[],,,Applied Science (Year 1),domestic,,,per_credit,206.69,$206.69,Domestic per-credit rate1,Applied Science,Year 1,6200.7
vancouver,undergraduate,Undergraduate,https://vancouver.calendar.ubc.ca/fees/tuition-fees/undergraduate,Domestic Students,[],,,Applied Science (Years 2 to 5),domestic,,,per_credit,220.63,$220.63,Domestic per-credit rate1,Applied Science,Years 2 to 5,6618.9
vancouver,undergraduate,Undergraduate,https://vancouver.calendar.ubc.ca/fees/tuition-fees/undergraduate,Domestic Students,[],,,Arts,domestic,,,per_credit,206.69,$206.69,Domestic per-credit rate1,Arts,,6200.7
vancouver,undergraduate,Undergraduate,https://vancouver.calendar.ubc.ca/fees/tuition-fees/undergraduate,Domestic Students,[],,,Commerce (Year 1),domestic,,,per_credit,206.69,$206.69,Domestic per-credit rate1,Commerce,Year 1,6200.7
vancouver,undergraduate,Undergraduate,https://vancouver.calendar.ubc.ca/fees/tuition-fees/undergraduate,Domestic Students,[],,,Commerce (Years 2 to 4),domestic,,,per_credit,306.28,$306.28,Domestic per-credit rate1,Commerce,Years 2 to 4,9188.4
vancouver,undergraduate,Undergraduate,https://vancouver.calendar.ubc.ca/fees/tuition-fees/undergraduate,Domestic Students,[],,,Dental Hygiene,domestic,,,per_credit,206.69,$206.69,Domestic per-credit rate1,Dental Hygiene,,6200.7
vancouver,undergraduate,Undergraduate,https://vancouver.calendar.ubc.ca/fees/tuition-fees/undergraduate,Domestic Students,[],,,"Design in Architecture, Landscape Architecture and Urbanism",domestic,,,per_credit,333.09,$333.09,Domestic per-credit rate1,"Design in Architecture, Landscape Architecture and Urbanism",,9992.7
vancouver,undergraduate,Undergraduate,https://vancouver.calendar.ubc.ca/fees/tuition-fees/undergraduate,Domestic Students,[],,,Environmental Design,domestic,,,per_credit,206.69,$206.69,Domestic per-credit rate1,Environmental Design,,6200.7
vancouver,undergraduate,Undergraduate,https://vancouver.calendar.ubc.ca/fees/tuition-fees/undergraduate,Domestic Students,[],,,Fine Arts,domestic,,,per_credit,206.69,$206.69,Domestic per-credit rate1,Fine Arts,,6200.7
vancouver,undergraduate,Undergraduate,https://vancouver.calendar.ubc.ca/fees/tuition-fees/undergraduate,Domestic Students,[],,,Forestry,domestic,,,per_credit,206.69,$206.69,Domestic per-credit rate1,Forestry,,6200.7
vancouver,undergraduate,Undergraduate,https://vancouver.calendar.ubc.ca/fees/tuition-fees/undergraduate,Domestic Students,[],,,Indigenous Land Stewardship,domestic,,,per_credit,206.69,$206.69,Domestic per-credit rate1,Indigenous Land Stewardship,,6200.7
vancouver,undergraduate,Undergraduate,https://vancouver.calendar.ubc.ca/fees/tuition-fees/undergraduate,Domestic Students,[],,,International Economics,domestic,,,per_credit,330.71,$330.71,Domestic per-credit rate1,International Economics,,9921.3
vancouver,undergraduate,Undergraduate,https://vancouver.calendar.ubc.ca/fees/tuition-fees/undergraduate,Domestic Students,[],,,Kinesiology,domestic,,,per_credit,206.69,$206.69,Domestic per-credit rate1,Kinesiology,,6200.7
vancouver,undergraduate,Undergraduate,https://vancouver.calendar.ubc.ca/fees/tuition-fees/undergraduate,Domestic Students,[],,,Land and Food Systems,domestic,,,per_credit,206.69,$206.69,Domestic per-credit rate1,Land and Food Systems,,6200.7
vancouver,undergraduate,Undergraduate,https://vancouver.calendar.ubc.ca/fees/tuition-fees/undergraduate,Domestic Students,[],,,Media Studies,domestic,,,per_credit,275.08,$275.08,Domestic per-credit rate1,Media Studies,,8252.4
vancouver,undergraduate,Undergraduate,https://vancouver.calendar.ubc.ca/fees/tuition-fees/undergraduate,Domestic Students,[],,,Medical Laboratory Science,domestic,,,per_credit,206.69,$206.69,Domestic per-credit rate1,Medical Laboratory Science,,6200.7
vancouver,undergraduate,Undergraduate,https://vancouver.calendar.ubc.ca/fees/tuition-fees/undergraduate,Domestic Students,[],,,Midwifery,domestic,,,per_credit,206.69,$206.69,Domestic per-credit rate1,Midwifery,,6200.7
vancouver,undergraduate,Undergraduate,https://vancouver.calendar.ubc.ca/fees/tuition-fees/undergraduate,Domestic Students,[],,,Music,domestic,,,per_credit,206.69,$206.69,Domestic per-credit rate1,Music,,6200.7
vancouver,undergraduate,Undergraduate,https://vancouver.calendar.ubc.ca/fees/tuition-fees/undergraduate,Domestic Students,[],,,Nursing,domestic,,,per_credit,206.69,$206.69,Domestic per-credit rate1,Nursing,,6200.7
vancouver,undergraduate,Undergraduate,https://vancouver.calendar.ubc.ca/fees/tuition-fees/undergraduate,Domestic Students,[],,,Pharmaceutical Sciences,domestic,,,per_credit,206.69,$206.69,Domestic per-credit rate1,Pharmaceutical Sciences,,6200.7
vancouver,undergraduate,Undergraduate,https://vancouver.calendar.ubc.ca/fees/tuition-fees/undergraduate,Domestic Students,[],,,Science,domestic,,,per_credit,206.69,$206.69,Domestic per-credit rate1,Science,,6200.7
vancouver,undergraduate,Undergraduate,https://vancouver.calendar.ubc.ca/fees/tuition-fees/undergraduate,Domestic Students,[],,,Social Work,domestic,,,per_credit,206.69,$206.69,Domestic per-credit rate1,Social Work,,6200.7
vancouver,undergraduate,Undergraduate,https://vancouver.calendar.ubc.ca/fees/tuition-fees/undergraduate,International Students,[],,,Applied Science,international,2026,or_later,per_credit,1789.18,"$1,789.18",International per-credit rate (commenced in 2026S or later)2,Applied Science,,53675.4
vancouver,undergraduate,Undergraduate,https://vancouver.calendar.ubc.ca/fees/tuition-fees/undergraduate,International Students,[],,,Applied Science,international,2025,exactly,per_credit,1771.98,"$1,771.98",International per-credit rate (commence in 2025S or 2025W)3,Applied Science,,53159.4
vancouver,undergraduate,Undergraduate,https://vancouver.calendar.ubc.ca/fees/tuition-fees/undergraduate,International Students,[],,,Applied Science,international,2024,exactly,per_credit,1738.22,"$1,738.22",International per-credit rate (commenced in 2024S or 2024W)3,Applied Science,,52146.6
vancouver,undergraduate,Undergraduate,https://vancouver.calendar.ubc.ca/fees/tuition-fees/undergraduate,International Students,[],,,Applied Science,international,2023,exactly,per_credit,1705.11,"$1,705.11",International per-credit rate (commenced in 2023S or 2023W)3,Applied Science,,51153.3
vancouver,undergraduate,Undergraduate,https://vancouver.calendar.ubc.ca/fees/tuition-fees/undergraduate,International Students,[],,,Applied Science,international,2022,exactly,per_credit,1672.63,"$1,672.63",International per-credit rate (commenced in 2022S or 2022W)3,Applied Science,,50178.9
vancouver,undergraduate,Undergraduate,https://vancouver.calendar.ubc.ca/fees/tuition-fees/undergraduate,International Students,[],,,Applied Science,international,2021,exactly,per_credit,1640.46,"$1,640.46",International per-credit rate (commenced in 2021S or 2021W)3,Applied Science,,49213.8
vancouver,undergraduate,Undergraduate,https://vancouver.calendar.ubc.ca/fees/tuition-fees/undergraduate,International Students,[],,,Applied Science,international,2020,or_earlier,per_credit,1608.93,"$1,608.93",International per-credit rate (commenced in 2020W or earlier)3,Applied Science,,48267.9
vancouver,undergraduate,Undergraduate,https://vancouver.calendar.ubc.ca/fees/tuition-fees/undergraduate,International Students,[],,,Arts,international,2026,or_later,per_credit,1717.68,"$1,717.68",International per-credit rate (commenced in 2026S or later)2,Arts,,51530.4
vancouver,undergraduate,Undergraduate,https://vancouver.calendar.ubc.ca/fees/tuition-fees/undergraduate,International Students,[],,,Arts,international,2025,exactly,per_credit,1701.16,"$1,701.16",International per-credit rate (commence in 2025S or 2025W)3,Arts,,51034.8
vancouver,undergraduate,Undergraduate,https://vancouver.calendar.ubc.ca/fees/tuition-fees/undergraduate,International Students,[],,,Arts,international,2024,exactly,per_credit,1668.76,"$1,668.76",International per-credit rate (commenced in 2024S or 2024W)3,Arts,,50062.8
vancouver,undergraduate,Undergraduate,https://vancouver.calendar.ubc.ca/fees/tuition-fees/undergraduate,International Students,[],,,Arts,international,2023,exactly,per_credit,1636.98,"$1,636.98",International per-credit rate (commenced in 2023S or 2023W)3,Arts,,49109.4
vancouver,undergraduate,Undergraduate,https://vancouver.calendar.ubc.ca/fees/tuition-fees/undergraduate,International Students,[],,,Arts,international,2022,exactly,per_credit,1605.8,"$1,605.80",International per-credit rate (commenced in 2022S or 2022W)3,Arts,,48174.0
vancouver,undergraduate,Undergraduate,https://vancouver.calendar.ubc.ca/fees/tuition-fees/undergraduate,International Students,[],,,Arts,international,2021,exactly,per_credit,1574.91,"$1,574.91",International per-credit rate (commenced in 2021S or 2021W)3,Arts,,47247.3
vancouver,undergraduate,Undergraduate,https://vancouver.calendar.ubc.ca/fees/tuition-fees/undergraduate,International Students,[],,,Arts,international,2020,or_earlier,per_credit,1544.63,"$1,544.63",International per-credit rate (commenced in 2020W or earlier)3,Arts,,46338.9
vancouver,undergraduate,Undergraduate,https://vancouver.calendar.ubc.ca/fees/tuition-fees/undergraduate,International Students,[],,,Commerce,international,2026,or_later,per_credit,2222.61,"$2,222.61",International per-credit rate (commenced in 2026S or later)2,Commerce,,66678.3
vancouver,undergraduate,Undergraduate,https://vancouver.calendar.ubc.ca/fees/tuition-fees/undergraduate,International Students,[],,,Commerce,international,2025,exactly,per_credit,2201.24,"$2,201.24",International per-credit rate (commence in 2025S or 2025W)3,Commerce,,66037.2
vancouver,undergraduate,Undergraduate,https://vancouver.calendar.ubc.ca/fees/tuition-fees/undergraduate,International Students,[],,,Commerce,international,2024,exactly,per_credit,2159.32,"$2,159.32",International per-credit rate (commenced in 2024S or 2024W)3,Commerce,,64779.6
vancouver,undergraduate,Undergraduate,https://vancouver.calendar.ubc.ca/fees/tuition-fees/undergraduate,International Students,[],,,Commerce,international,2023,exactly,per_credit,2118.18,"$2,118.18",International per-credit rate (commenced in 2023S or 2023W)3,Commerce,,63545.4
vancouver,undergraduate,Undergraduate,https://vancouver.calendar.ubc.ca/fees/tuition-fees/undergraduate,International Students,[],,,Commerce,international,2022,exactly,per_credit,2077.83,"$2,077.83",International per-credit rate (commenced in 2022S or 2022W)3,Commerce,,62334.9
vancouver,undergraduate,Undergraduate,https://vancouver.calendar.ubc.ca/fees/tuition-fees/undergraduate,International Students,[],,,Commerce,international,2021,exactly,per_credit,2037.87,"$2,037.87",International per-credit rate (commenced in 2021S or 2021W)3,Commerce,,61136.1
vancouver,undergraduate,Undergraduate,https://vancouver.calendar.ubc.ca/fees/tuition-fees/undergraduate,International Students,[],,,Commerce,international,2020,or_earlier,per_credit,1998.69,"$1,998.69",International per-credit rate (commenced in 2020W or earlier)3,Commerce,,59960.7
vancouver,undergraduate,Undergraduate,https://vancouver.calendar.ubc.ca/fees/tuition-fees/undergraduate,International Students,[],,,Dental Hygiene,international,2026,or_later,per_credit,1769.4,"$1,769.40",International per-credit rate (commenced in 2026S or later)2,Dental Hygiene,,53082.0
vancouver,undergraduate,Undergraduate,https://vancouver.calendar.ubc.ca/fees/tuition-fees/undergraduate,International Students,[],,,Dental Hygiene,international,2025,exactly,per_credit,1752.39,"$1,752.39",International per-credit rate (commence in 2025S or 2025W)3,Dental Hygiene,,52571.7
vancouver,undergraduate,Undergraduate,https://vancouver.calendar.ubc.ca/fees/tuition-fees/undergraduate,International Students,[],,,Dental Hygiene,international,2024,exactly,per_credit,1719.01,"$1,719.01",International per-credit rate (commenced in 2024S or 2024W)3,Dental Hygiene,,51570.3
vancouver,undergraduate,Undergraduate,https://vancouver.calendar.ubc.ca/fees/tuition-fees/undergraduate,International Students,[],,,Dental Hygiene,international,2023,exactly,per_credit,1686.27,"$1,686.27",International per-credit rate (commenced in 2023S or 2023W)3,Dental Hygiene,,50588.1
vancouver,undergraduate,Undergraduate,https://vancouver.calendar.ubc.ca/fees/tuition-fees/undergraduate,International Students,[],,,Dental Hygiene,international,2022,exactly,per_credit,1654.15,"$1,654.15",International per-credit rate (commenced in 2022S or 2022W)3,Dental Hygiene,,49624.5
vancouver,undergraduate,Undergraduate,https://vancouver.calendar.ubc.ca/fees/tuition-fees/undergraduate,International Students,[],,,Dental Hygiene,international,2021,exactly,per_credit,1622.35,"$1,622.35",International per-credit rate (commenced in 2021S or 2021W)3,Dental Hygiene,,48670.5
vancouver,undergraduate,Undergraduate,https://vancouver.calendar.ubc.ca/fees/tuition-fees/undergraduate,International Students,[],,,Dental Hygiene,international,2020,or_earlier,per_credit,1591.15,"$1,591.15",International per-credit rate (commenced in 2020W or earlier)3,Dental Hygiene,,47734.5
vancouver,undergraduate,Undergraduate,https://vancouver.calendar.ubc.ca/fees/tuition-fees/undergraduate,International Students,[],,,"Design in Architecture, Landscape Architecture and Urbanism",international,2026,or_later,per_credit,1746.98,"$1,746.98",International per-credit rate (commenced in 2026S or later)2,"Design in Architecture, Landscape Architecture and Urbanism",,52409.4
vancouver,undergraduate,Undergraduate,https://vancouver.calendar.ubc.ca/fees/tuition-fees/undergraduate,International Students,[],,,"Design in Architecture, Landscape Architecture and Urbanism",international,2025,exactly,per_credit,1730.18,"$1,730.18",International per-credit rate (commence in 2025S or 2025W)3,"Design in Architecture, Landscape Architecture and Urbanism",,51905.4
vancouver,undergraduate,Undergraduate,https://vancouver.calendar.ubc.ca/fees/tuition-fees/undergraduate,International Students,[],,,"Design in Architecture, Landscape Architecture and Urbanism",international,2024,exactly,per_credit,1697.22,"$1,697.22",International per-credit rate (commenced in 2024S or 2024W)3,"Design in Architecture, Landscape Architecture and Urbanism",,50916.6
vancouver,undergraduate,Undergraduate,https://vancouver.calendar.ubc.ca/fees/tuition-fees/undergraduate,International Students,[],,,"Design in Architecture, Landscape Architecture and Urbanism",international,2023,exactly,per_credit,1664.88,"$1,664.88",International per-credit rate (commenced in 2023S or 2023W)3,"Design in Architecture, Landscape Architecture and Urbanism",,49946.4
vancouver,undergraduate,Undergraduate,https://vancouver.calendar.ubc.ca/fees/tuition-fees/undergraduate,International Students,[],,,"Design in Architecture, Landscape Architecture and Urbanism",international,2022,exactly,per_credit,1633.17,"$1,633.17",International per-credit rate (commenced in 2022S or 2022W)3,"Design in Architecture, Landscape Architecture and Urbanism",,48995.1
vancouver,undergraduate,Undergraduate,https://vancouver.calendar.ubc.ca/fees/tuition-fees/undergraduate,International Students,[],,,"Design in Architecture, Landscape Architecture and Urbanism",international,2021,exactly,per_credit,1601.76,"$1,601.76",International per-credit rate (commenced in 2021S or 2021W)3,"Design in Architecture, Landscape Architecture and Urbanism",,48052.8
vancouver,undergraduate,Undergraduate,https://vancouver.calendar.ubc.ca/fees/tuition-fees/undergraduate,International Students,[],,,"Design in Architecture, Landscape Architecture and Urbanism",international,2020,or_earlier,per_credit,1570.95,"$1,570.95",International per-credit rate (commenced in 2020W or earlier)3,"Design in Architecture, Landscape Architecture and Urbanism",,47128.5
vancouver,undergraduate,Undergraduate,https://vancouver.calendar.ubc.ca/fees/tuition-fees/undergraduate,International Students,[],,,Environmental Design,international,2026,or_later,per_credit,1720.94,"$1,720.94",International per-credit rate (commenced in 2026S or later)2,Environmental Design,,51628.2
vancouver,undergraduate,Undergraduate,https://vancouver.calendar.ubc.ca/fees/tuition-fees/undergraduate,International Students,[],,,Environmental Design,international,2025,exactly,per_credit,1704.39,"$1,704.39",International per-credit rate (commence in 2025S or 2025W)3,Environmental Design,,51131.7
vancouver,undergraduate,Undergraduate,https://vancouver.calendar.ubc.ca/fees/tuition-fees/undergraduate,International Students,[],,,Environmental Design,international,2024,exactly,per_credit,1671.92,"$1,671.92",International per-credit rate (commenced in 2024S or 2024W)3,Environmental Design,,50157.6
vancouver,undergraduate,Undergraduate,https://vancouver.calendar.ubc.ca/fees/tuition-fees/undergraduate,International Students,[],,,Environmental Design,international,2023,exactly,per_credit,1640.07,"$1,640.07",International per-credit rate (commenced in 2023S or 2023W)3,Environmental Design,,49202.1
vancouver,undergraduate,Undergraduate,https://vancouver.calendar.ubc.ca/fees/tuition-fees/undergraduate,International Students,[],,,Environmental Design,international,2022,exactly,per_credit,1608.83,"$1,608.83",International per-credit rate (commenced in 2022S or 2022W)3,Environmental Design,,48264.9
vancouver,undergraduate,Undergraduate,https://vancouver.calendar.ubc.ca/fees/tuition-fees/undergraduate,International Students,[],,,Environmental Design,international,2021,exactly,per_credit,1577.89,"$1,577.89",International per-credit rate (commenced in 2021S or 2021W)3,Environmental Design,,47336.7
vancouver,undergraduate,Undergraduate,https://vancouver.calendar.ubc.ca/fees/tuition-fees/undergraduate,International Students,[],,,Environmental Design,international,2020,or_earlier,per_credit,1547.57,"$1,547.57",International per-credit rate (commenced in 2020W or earlier)3,Environmental Design,,46427.1
vancouver,undergraduate,Undergraduate,https://vancouver.calendar.ubc.ca/fees/tuition-fees/undergraduate,International Students,[],,,Fine Arts,international,2026,or_later,per_credit,1717.68,"$1,717.68",International per-credit rate (commenced in 2026S or later)2,Fine Arts,,51530.4
vancouver,undergraduate,Undergraduate,https://vancouver.calendar.ubc.ca/fees/tuition-fees/undergraduate,International Students,[],,,Fine Arts,international,2025,exactly,per_credit,1701.16,"$1,701.16",International per-credit rate (commence in 2025S or 2025W)3,Fine Arts,,51034.8
vancouver,undergraduate,Undergraduate,https://vancouver.calendar.ubc.ca/fees/tuition-fees/undergraduate,International Students,[],,,Fine Arts,international,2024,exactly,per_credit,1668.76,"$1,668.76",International per-credit rate (commenced in 2024S or 2024W)3,Fine Arts,,50062.8
vancouver,undergraduate,Undergraduate,https://vancouver.calendar.ubc.ca/fees/tuition-fees/undergraduate,International Students,[],,,Fine Arts,international,2023,exactly,per_credit,1636.98,"$1,636.98",International per-credit rate (commenced in 2023S or 2023W)3,Fine Arts,,49109.4
vancouver,undergraduate,Undergraduate,https://vancouver.calendar.ubc.ca/fees/tuition-fees/undergraduate,International Students,[],,,Fine Arts,international,2022,exactly,per_credit,1605.8,"$1,605.80",International per-credit rate (commenced in 2022S or 2022W)3,Fine Arts,,48174.0
vancouver,undergraduate,Undergraduate,https://vancouver.calendar.ubc.ca/fees/tuition-fees/undergraduate,International Students,[],,,Fine Arts,international,2021,exactly,per_credit,1574.91,"$1,574.91",International per-credit rate (commenced in 2021S or 2021W)3,Fine Arts,,47247.3
vancouver,undergraduate,Undergraduate,https://vancouver.calendar.ubc.ca/fees/tuition-fees/undergraduate,International Students,[],,,Fine Arts,international,2020,or_earlier,per_credit,1544.63,"$1,544.63",International per-credit rate (commenced in 2020W or earlier)3,Fine Arts,,46338.9
vancouver,undergraduate,Undergraduate,https://vancouver.calendar.ubc.ca/fees/tuition-fees/undergraduate,International Students,[],,,Forestry,international,2026,or_later,per_credit,1769.4,"$1,769.40",International per-credit rate (commenced in 2026S or later)2,Forestry,,53082.0
vancouver,undergraduate,Undergraduate,https://vancouver.calendar.ubc.ca/fees/tuition-fees/undergraduate,International Students,[],,,Forestry,international,2025,exactly,per_credit,1752.39,"$1,752.39",International per-credit rate (commence in 2025S or 2025W)3,Forestry,,52571.7
vancouver,undergraduate,Undergraduate,https://vancouver.calendar.ubc.ca/fees/tuition-fees/undergraduate,International Students,[],,,Forestry,international,2024,exactly,per_credit,1719.01,"$1,719.01",International per-credit rate (commenced in 2024S or 2024W)3,Forestry,,51570.3
vancouver,undergraduate,Undergraduate,https://vancouver.calendar.ubc.ca/fees/tuition-fees/undergraduate,International Students,[],,,Forestry,international,2023,exactly,per_credit,1686.27,"$1,686.27",International per-credit rate (commenced in 2023S or 2023W)3,Forestry,,50588.1
vancouver,undergraduate,Undergraduate,https://vancouver.calendar.ubc.ca/fees/tuition-fees/undergraduate,International Students,[],,,Forestry,international,2022,exactly,per_credit,1654.15,"$1,654.15",International per-credit rate (commenced in 2022S or 2022W)3,Forestry,,49624.5
vancouver,undergraduate,Undergraduate,https://vancouver.calendar.ubc.ca/fees/tuition-fees/undergraduate,International Students,[],,,Forestry,international,2021,exactly,per_credit,1622.35,"$1,622.35",International per-credit rate (commenced in 2021S or 2021W)3,Forestry,,48670.5
vancouver,undergraduate,Undergraduate,https://vancouver.calendar.ubc.ca/fees/tuition-fees/undergraduate,International Students,[],,,Forestry,international,2020,or_earlier,per_credit,1591.15,"$1,591.15",International per-credit rate (commenced in 2020W or earlier)3,Forestry,,47734.5
vancouver,undergraduate,Undergraduate,https://vancouver.calendar.ubc.ca/fees/tuition-fees/undergraduate,International Students,[],,,Indigenous Land Stewardship,international,2026,or_later,per_credit,1769.4,"$1,769.40",International per-credit rate (commenced in 2026S or later)2,Indigenous Land Stewardship,,53082.0
vancouver,undergraduate,Undergraduate,https://vancouver.calendar.ubc.ca/fees/tuition-fees/undergraduate,International Students,[],,,Indigenous Land Stewardship,international,2025,exactly,per_credit,1752.39,"$1,752.39",International per-credit rate (commence in 2025S or 2025W)3,Indigenous Land Stewardship,,52571.7
vancouver,undergraduate,Undergraduate,https://vancouver.calendar.ubc.ca/fees/tuition-fees/undergraduate,International Students,[],,,Indigenous Land Stewardship,international,2024,exactly,per_credit,1719.01,"$1,719.01",International per-credit rate (commenced in 2024S or 2024W)3,Indigenous Land Stewardship,,51570.3
vancouver,undergraduate,Undergraduate,https://vancouver.calendar.ubc.ca/fees/tuition-fees/undergraduate,International Students,[],,,Indigenous Land Stewardship,international,2023,exactly,per_credit,1686.27,"$1,686.27",International per-credit rate (commenced in 2023S or 2023W)3,Indigenous Land Stewardship,,50588.1
vancouver,undergraduate,Undergraduate,https://vancouver.calendar.ubc.ca/fees/tuition-fees/undergraduate,International Students,[],,,Indigenous Land Stewardship,international,2022,exactly,per_credit,1654.15,"$1,654.15",International per-credit rate (commenced in 2022S or 2022W)3,Indigenous Land Stewardship,,49624.5
vancouver,undergraduate,Undergraduate,https://vancouver.calendar.ubc.ca/fees/tuition-fees/undergraduate,International Students,[],,,International Economics,international,2026,or_later,per_credit,2077.92,"$2,077.92",International per-credit rate (commenced in 2026S or later)2,International Economics,,62337.6
vancouver,undergraduate,Undergraduate,https://vancouver.calendar.ubc.ca/fees/tuition-fees/undergraduate,International Students,[],,,International Economics,international,2025,exactly,per_credit,2057.94,"$2,057.94",International per-credit rate (commence in 2025S or 2025W)3,International Economics,,61738.2
vancouver,undergraduate,Undergraduate,https://vancouver.calendar.ubc.ca/fees/tuition-fees/undergraduate,International Students,[],,,International Economics,international,2024,exactly,per_credit,2018.73,"$2,018.73",International per-credit rate (commenced in 2024S or 2024W)3,International Economics,,60561.9
vancouver,undergraduate,Undergraduate,https://vancouver.calendar.ubc.ca/fees/tuition-fees/undergraduate,International Students,[],,,International Economics,international,2023,exactly,per_credit,1980.27,"$1,980.27",International per-credit rate (commenced in 2023S or 2023W)3,International Economics,,59408.1
vancouver,undergraduate,Undergraduate,https://vancouver.calendar.ubc.ca/fees/tuition-fees/undergraduate,International Students,[],,,International Economics,international,2022,exactly,per_credit,1942.56,"$1,942.56",International per-credit rate (commenced in 2022S or 2022W)3,International Economics,,58276.8
vancouver,undergraduate,Undergraduate,https://vancouver.calendar.ubc.ca/fees/tuition-fees/undergraduate,International Students,[],,,International Economics,international,2021,exactly,per_credit,1905.21,"$1,905.21",International per-credit rate (commenced in 2021S or 2021W)3,International Economics,,57156.3
vancouver,undergraduate,Undergraduate,https://vancouver.calendar.ubc.ca/fees/tuition-fees/undergraduate,International Students,[],,,International Economics,international,2020,or_earlier,per_credit,1868.56,"$1,868.56",International per-credit rate (commenced in 2020W or earlier)3,International Economics,,56056.8
vancouver,undergraduate,Undergraduate,https://vancouver.calendar.ubc.ca/fees/tuition-fees/undergraduate,International Students,[],,,Kinesiology,international,2026,or_later,per_credit,1769.4,"$1,769.40",International per-credit rate (commenced in 2026S or later)2,Kinesiology,,53082.0
vancouver,undergraduate,Undergraduate,https://vancouver.calendar.ubc.ca/fees/tuition-fees/undergraduate,International Students,[],,,Kinesiology,international,2025,exactly,per_credit,1752.39,"$1,752.39",International per-credit rate (commence in 2025S or 2025W)3,Kinesiology,,52571.7
vancouver,undergraduate,Undergraduate,https://vancouver.calendar.ubc.ca/fees/tuition-fees/undergraduate,International Students,[],,,Kinesiology,international,2024,exactly,per_credit,1719.01,"$1,719.01",International per-credit rate (commenced in 2024S or 2024W)3,Kinesiology,,51570.3
vancouver,undergraduate,Undergraduate,https://vancouver.calendar.ubc.ca/fees/tuition-fees/undergraduate,International Students,[],,,Kinesiology,international,2023,exactly,per_credit,1686.27,"$1,686.27",International per-credit rate (commenced in 2023S or 2023W)3,Kinesiology,,50588.1
vancouver,undergraduate,Undergraduate,https://vancouver.calendar.ubc.ca/fees/tuition-fees/undergraduate,International Students,[],,,Kinesiology,international,2022,exactly,per_credit,1654.15,"$1,654.15",International per-credit rate (commenced in 2022S or 2022W)3,Kinesiology,,49624.5
vancouver,undergraduate,Undergraduate,https://vancouver.calendar.ubc.ca/fees/tuition-fees/undergraduate,International Students,[],,,Kinesiology,international,2021,exactly,per_credit,1622.35,"$1,622.35",International per-credit rate (commenced in 2021S or 2021W)3,Kinesiology,,48670.5
vancouver,undergraduate,Undergraduate,https://vancouver.calendar.ubc.ca/fees/tuition-fees/undergraduate,International Students,[],,,Kinesiology,international,2020,or_earlier,per_credit,1591.15,"$1,591.15",International per-credit rate (commenced in 2020W or earlier)3,Kinesiology,,47734.5
vancouver,undergraduate,Undergraduate,https://vancouver.calendar.ubc.ca/fees/tuition-fees/undergraduate,International Students,[],,,Land and Food Systems,international,2026,or_later,per_credit,1769.4,"$1,769.40",International per-credit rate (commenced in 2026S or later)2,Land and Food Systems,,53082.0
vancouver,undergraduate,Undergraduate,https://vancouver.calendar.ubc.ca/fees/tuition-fees/undergraduate,International Students,[],,,Land and Food Systems,international,2025,exactly,per_credit,1752.39,"$1,752.39",International per-credit rate (commence in 2025S or 2025W)3,Land and Food Systems,,52571.7
vancouver,undergraduate,Undergraduate,https://vancouver.calendar.ubc.ca/fees/tuition-fees/undergraduate,International Students,[],,,Land and Food Systems,international,2024,exactly,per_credit,1719.01,"$1,719.01",International per-credit rate (commenced in 2024S or 2024W)3,Land and Food Systems,,51570.3
vancouver,undergraduate,Undergraduate,https://vancouver.calendar.ubc.ca/fees/tuition-fees/undergraduate,International Students,[],,,Land and Food Systems,international,2023,exactly,per_credit,1686.27,"$1,686.27",International per-credit rate (commenced in 2023S or 2023W)3,Land and Food Systems,,50588.1
vancouver,undergraduate,Undergraduate,https://vancouver.calendar.ubc.ca/fees/tuition-fees/undergraduate,International Students,[],,,Land and Food Systems,international,2022,exactly,per_credit,1654.15,"$1,654.15",International per-credit rate (commenced in 2022S or 2022W)3,Land and Food Systems,,49624.5
vancouver,undergraduate,Undergraduate,https://vancouver.calendar.ubc.ca/fees/tuition-fees/undergraduate,International Students,[],,,Land and Food Systems,international,2021,exactly,per_credit,1622.35,"$1,622.35",International per-credit rate (commenced in 2021S or 2021W)3,Land and Food Systems,,48670.5
vancouver,undergraduate,Undergraduate,https://vancouver.calendar.ubc.ca/fees/tuition-fees/undergraduate,International Students,[],,,Land and Food Systems,international,2020,or_earlier,per_credit,1591.15,"$1,591.15",International per-credit rate (commenced in 2020W or earlier)3,Land and Food Systems,,47734.5
vancouver,undergraduate,Undergraduate,https://vancouver.calendar.ubc.ca/fees/tuition-fees/undergraduate,International Students,[],,,Media Studies,international,2026,or_later,per_credit,1717.68,"$1,717.68",International per-credit rate (commenced in 2026S or later)2,Media Studies,,51530.4
vancouver,undergraduate,Undergraduate,https://vancouver.calendar.ubc.ca/fees/tuition-fees/undergraduate,International Students,[],,,Media Studies,international,2025,exactly,per_credit,1701.16,"$1,701.16",International per-credit rate (commence in 2025S or 2025W)3,Media Studies,,51034.8
vancouver,undergraduate,Undergraduate,https://vancouver.calendar.ubc.ca/fees/tuition-fees/undergraduate,International Students,[],,,Media Studies,international,2024,exactly,per_credit,1668.76,"$1,668.76",International per-credit rate (commenced in 2024S or 2024W)3,Media Studies,,50062.8
vancouver,undergraduate,Undergraduate,https://vancouver.calendar.ubc.ca/fees/tuition-fees/undergraduate,International Students,[],,,Media Studies,international,2023,exactly,per_credit,1636.98,"$1,636.98",International per-credit rate (commenced in 2023S or 2023W)3,Media Studies,,49109.4
vancouver,undergraduate,Undergraduate,https://vancouver.calendar.ubc.ca/fees/tuition-fees/undergraduate,International Students,[],,,Media Studies,international,2022,exactly,per_credit,1605.8,"$1,605.80",International per-credit rate (commenced in 2022S or 2022W)3,Media Studies,,48174.0
vancouver,undergraduate,Undergraduate,https://vancouver.calendar.ubc.ca/fees/tuition-fees/undergraduate,International Students,[],,,Media Studies,international,2021,exactly,per_credit,1574.91,"$1,574.91",International per-credit rate (commenced in 2021S or 2021W)3,Media Studies,,47247.3
vancouver,undergraduate,Undergraduate,https://vancouver.calendar.ubc.ca/fees/tuition-fees/undergraduate,International Students,[],,,Media Studies,international,2020,or_earlier,per_credit,1544.63,"$1,544.63",International per-credit rate (commenced in 2020W or earlier)3,Media Studies,,46338.9
vancouver,undergraduate,Undergraduate,https://vancouver.calendar.ubc.ca/fees/tuition-fees/undergraduate,International Students,[],,,Medical Laboratory Science,international,2026,or_later,per_credit,1769.4,"$1,769.40",International per-credit rate (commenced in 2026S or later)2,Medical Laboratory Science,,53082.0
vancouver,undergraduate,Undergraduate,https://vancouver.calendar.ubc.ca/fees/tuition-fees/undergraduate,International Students,[],,,Medical Laboratory Science,international,2025,exactly,per_credit,1752.39,"$1,752.39",International per-credit rate (commence in 2025S or 2025W)3,Medical Laboratory Science,,52571.7
vancouver,undergraduate,Undergraduate,https://vancouver.calendar.ubc.ca/fees/tuition-fees/undergraduate,International Students,[],,,Medical Laboratory Science,international,2024,exactly,per_credit,1719.01,"$1,719.01",International per-credit rate (commenced in 2024S or 2024W)3,Medical Laboratory Science,,51570.3
vancouver,undergraduate,Undergraduate,https://vancouver.calendar.ubc.ca/fees/tuition-fees/undergraduate,International Students,[],,,Medical Laboratory Science,international,2023,exactly,per_credit,1686.27,"$1,686.27",International per-credit rate (commenced in 2023S or 2023W)3,Medical Laboratory Science,,50588.1
vancouver,undergraduate,Undergraduate,https://vancouver.calendar.ubc.ca/fees/tuition-fees/undergraduate,International Students,[],,,Medical Laboratory Science,international,2022,exactly,per_credit,1654.15,"$1,654.15",International per-credit rate (commenced in 2022S or 2022W)3,Medical Laboratory Science,,49624.5
vancouver,undergraduate,Undergraduate,https://vancouver.calendar.ubc.ca/fees/tuition-fees/undergraduate,International Students,[],,,Medical Laboratory Science,international,2021,exactly,per_credit,1622.35,"$1,622.35",International per-credit rate (commenced in 2021S or 2021W)3,Medical Laboratory Science,,48670.5
vancouver,undergraduate,Undergraduate,https://vancouver.calendar.ubc.ca/fees/tuition-fees/undergraduate,International Students,[],,,Medical Laboratory Science,international,2020,or_earlier,per_credit,1591.15,"$1,591.15",International per-credit rate (commenced in 2020W or earlier)3,Medical Laboratory Science,,47734.5
vancouver,undergraduate,Undergraduate,https://vancouver.calendar.ubc.ca/fees/tuition-fees/undergraduate,International Students,[],,,Midwifery,international,2026,or_later,per_credit,1769.4,"$1,769.40",International per-credit rate (commenced in 2026S or later)2,Midwifery,,53082.0
vancouver,undergraduate,Undergraduate,https://vancouver.calendar.ubc.ca/fees/tuition-fees/undergraduate,International Students,[],,,Midwifery,international,2025,exactly,per_credit,1752.39,"$1,752.39",International per-credit rate (commence in 2025S or 2025W)3,Midwifery,,52571.7
vancouver,undergraduate,Undergraduate,https://vancouver.calendar.ubc.ca/fees/tuition-fees/undergraduate,International Students,[],,,Midwifery,international,2024,exactly,per_credit,1719.01,"$1,719.01",International per-credit rate (commenced in 2024S or 2024W)3,Midwifery,,51570.3
vancouver,undergraduate,Undergraduate,https://vancouver.calendar.ubc.ca/fees/tuition-fees/undergraduate,International Students,[],,,Midwifery,international,2023,exactly,per_credit,1686.27,"$1,686.27",International per-credit rate (commenced in 2023S or 2023W)3,Midwifery,,50588.1
vancouver,undergraduate,Undergraduate,https://vancouver.calendar.ubc.ca/fees/tuition-fees/undergraduate,International Students,[],,,Midwifery,international,2022,exactly,per_credit,1654.15,"$1,654.15",International per-credit rate (commenced in 2022S or 2022W)3,Midwifery,,49624.5
vancouver,undergraduate,Undergraduate,https://vancouver.calendar.ubc.ca/fees/tuition-fees/undergraduate,International Students,[],,,Midwifery,international,2021,exactly,per_credit,1622.35,"$1,622.35",International per-credit rate (commenced in 2021S or 2021W)3,Midwifery,,48670.5
vancouver,undergraduate,Undergraduate,https://vancouver.calendar.ubc.ca/fees/tuition-fees/undergraduate,International Students,[],,,Midwifery,international,2020,or_earlier,per_credit,1591.15,"$1,591.15",International per-credit rate (commenced in 2020W or earlier)3,Midwifery,,47734.5
vancouver,undergraduate,Undergraduate,https://vancouver.calendar.ubc.ca/fees/tuition-fees/undergraduate,International Students,[],,,Music,international,2026,or_later,per_credit,1434.7,"$1,434.70",International per-credit rate (commenced in 2026S or later)2,Music,,43041.0
vancouver,undergraduate,Undergraduate,https://vancouver.calendar.ubc.ca/fees/tuition-fees/undergraduate,International Students,[],,,Music,international,2025,exactly,per_credit,1420.9,"$1,420.90",International per-credit rate (commence in 2025S or 2025W)3,Music,,42627.0
vancouver,undergraduate,Undergraduate,https://vancouver.calendar.ubc.ca/fees/tuition-fees/undergraduate,International Students,[],,,Music,international,2024,exactly,per_credit,1393.83,"$1,393.83",International per-credit rate (commenced in 2024S or 2024W)3,Music,,41814.9
vancouver,undergraduate,Undergraduate,https://vancouver.calendar.ubc.ca/fees/tuition-fees/undergraduate,International Students,[],,,Music,international,2023,exactly,per_credit,1367.28,"$1,367.28",International per-credit rate (commenced in 2023S or 2023W)3,Music,,41018.4
vancouver,undergraduate,Undergraduate,https://vancouver.calendar.ubc.ca/fees/tuition-fees/undergraduate,International Students,[],,,Music,international,2022,exactly,per_credit,1341.24,"$1,341.24",International per-credit rate (commenced in 2022S or 2022W)3,Music,,40237.2
vancouver,undergraduate,Undergraduate,https://vancouver.calendar.ubc.ca/fees/tuition-fees/undergraduate,International Students,[],,,Music,international,2021,exactly,per_credit,1315.44,"$1,315.44",International per-credit rate (commenced in 2021S or 2021W)3,Music,,39463.2
vancouver,undergraduate,Undergraduate,https://vancouver.calendar.ubc.ca/fees/tuition-fees/undergraduate,International Students,[],,,Music,international,2020,or_earlier,per_credit,1290.14,"$1,290.14",International per-credit rate (commenced in 2020W or earlier)3,Music,,38704.2
vancouver,undergraduate,Undergraduate,https://vancouver.calendar.ubc.ca/fees/tuition-fees/undergraduate,International Students,[],,,Nursing,international,2026,or_later,per_credit,1720.94,"$1,720.94",International per-credit rate (commenced in 2026S or later)2,Nursing,,51628.2
vancouver,undergraduate,Undergraduate,https://vancouver.calendar.ubc.ca/fees/tuition-fees/undergraduate,International Students,[],,,Nursing,international,2025,exactly,per_credit,1704.39,"$1,704.39",International per-credit rate (commence in 2025S or 2025W)3,Nursing,,51131.7
vancouver,undergraduate,Undergraduate,https://vancouver.calendar.ubc.ca/fees/tuition-fees/undergraduate,International Students,[],,,Nursing,international,2024,exactly,per_credit,1671.92,"$1,671.92",International per-credit rate (commenced in 2024S or 2024W)3,Nursing,,50157.6
vancouver,undergraduate,Undergraduate,https://vancouver.calendar.ubc.ca/fees/tuition-fees/undergraduate,International Students,[],,,Nursing,international,2023,exactly,per_credit,1640.07,"$1,640.07",International per-credit rate (commenced in 2023S or 2023W)3,Nursing,,49202.1
vancouver,undergraduate,Undergraduate,https://vancouver.calendar.ubc.ca/fees/tuition-fees/undergraduate,International Students,[],,,Nursing,international,2022,exactly,per_credit,1608.83,"$1,608.83",International per-credit rate (commenced in 2022S or 2022W)3,Nursing,,48264.9
vancouver,undergraduate,Undergraduate,https://vancouver.calendar.ubc.ca/fees/tuition-fees/undergraduate,International Students,[],,,Nursing,international,2021,exactly,per_credit,1577.89,"$1,577.89",International per-credit rate (commenced in 2021S or 2021W)3,Nursing,,47336.7
vancouver,undergraduate,Undergraduate,https://vancouver.calendar.ubc.ca/fees/tuition-fees/undergraduate,International Students,[],,,Nursing,international,2020,or_earlier,per_credit,1547.57,"$1,547.57",International per-credit rate (commenced in 2020W or earlier)3,Nursing,,46427.1
vancouver,undergraduate,Undergraduate,https://vancouver.calendar.ubc.ca/fees/tuition-fees/undergraduate,International Students,[],,,Pharmaceutical Sciences,international,2026,or_later,per_credit,1769.4,"$1,769.40",International per-credit rate (commenced in 2026S or later)2,Pharmaceutical Sciences,,53082.0
vancouver,undergraduate,Undergraduate,https://vancouver.calendar.ubc.ca/fees/tuition-fees/undergraduate,International Students,[],,,Pharmaceutical Sciences,international,2025,exactly,per_credit,1752.39,"$1,752.39",International per-credit rate (commence in 2025S or 2025W)3,Pharmaceutical Sciences,,52571.7
vancouver,undergraduate,Undergraduate,https://vancouver.calendar.ubc.ca/fees/tuition-fees/undergraduate,International Students,[],,,Pharmaceutical Sciences,international,2024,exactly,per_credit,1719.01,"$1,719.01",International per-credit rate (commenced in 2024S or 2024W)3,Pharmaceutical Sciences,,51570.3
vancouver,undergraduate,Undergraduate,https://vancouver.calendar.ubc.ca/fees/tuition-fees/undergraduate,International Students,[],,,Pharmaceutical Sciences,international,2023,exactly,per_credit,1686.27,"$1,686.27",International per-credit rate (commenced in 2023S or 2023W)3,Pharmaceutical Sciences,,50588.1
vancouver,undergraduate,Undergraduate,https://vancouver.calendar.ubc.ca/fees/tuition-fees/undergraduate,International Students,[],,,Pharmaceutical Sciences,international,2022,exactly,per_credit,1654.15,"$1,654.15",International per-credit rate (commenced in 2022S or 2022W)3,Pharmaceutical Sciences,,49624.5
vancouver,undergraduate,Undergraduate,https://vancouver.calendar.ubc.ca/fees/tuition-fees/undergraduate,International Students,[],,,Pharmaceutical Sciences,international,2021,exactly,per_credit,1622.35,"$1,622.35",International per-credit rate (commenced in 2021S or 2021W)3,Pharmaceutical Sciences,,48670.5
vancouver,undergraduate,Undergraduate,https://vancouver.calendar.ubc.ca/fees/tuition-fees/undergraduate,International Students,[],,,Pharmaceutical Sciences,international,2020,or_earlier,per_credit,1591.15,"$1,591.15",International per-credit rate (commenced in 2020W or earlier)3,Pharmaceutical Sciences,,47734.5
vancouver,undergraduate,Undergraduate,https://vancouver.calendar.ubc.ca/fees/tuition-fees/undergraduate,International Students,[],,,Science,international,2026,or_later,per_credit,1769.4,"$1,769.40",International per-credit rate (commenced in 2026S or later)2,Science,,53082.0
vancouver,undergraduate,Undergraduate,https://vancouver.calendar.ubc.ca/fees/tuition-fees/undergraduate,International Students,[],,,Science,international,2025,exactly,per_credit,1752.39,"$1,752.39",International per-credit rate (commence in 2025S or 2025W)3,Science,,52571.7
vancouver,undergraduate,Undergraduate,https://vancouver.calendar.ubc.ca/fees/tuition-fees/undergraduate,International Students,[],,,Science,international,2024,exactly,per_credit,1719.01,"$1,719.01",International per-credit rate (commenced in 2024S or 2024W)3,Science,,51570.3
vancouver,undergraduate,Undergraduate,https://vancouver.calendar.ubc.ca/fees/tuition-fees/undergraduate,International Students,[],,,Science,international,2023,exactly,per_credit,1686.27,"$1,686.27",International per-credit rate (commenced in 2023S or 2023W)3,Science,,50588.1
vancouver,undergraduate,Undergraduate,https://vancouver.calendar.ubc.ca/fees/tuition-fees/undergraduate,International Students,[],,,Science,international,2022,exactly,per_credit,1654.15,"$1,654.15",International per-credit rate (commenced in 2022S or 2022W)3,Science,,49624.5
vancouver,undergraduate,Undergraduate,https://vancouver.calendar.ubc.ca/fees/tuition-fees/undergraduate,International Students,[],,,Science,international,2021,exactly,per_credit,1622.35,"$1,622.35",International per-credit rate (commenced in 2021S or 2021W)3,Science,,48670.5
vancouver,undergraduate,Undergraduate,https://vancouver.calendar.ubc.ca/fees/tuition-fees/undergraduate,International Students,[],,,Science,international,2020,or_earlier,per_credit,1591.15,"$1,591.15",International per-credit rate (commenced in 2020W or earlier)3,Science,,47734.5
vancouver,undergraduate,Undergraduate,https://vancouver.calendar.ubc.ca/fees/tuition-fees/undergraduate,International Students,[],,,Social Work,international,2026,or_later,per_credit,1717.68,"$1,717.68",International per-credit rate (commenced in 2026S or later)2,Social Work,,51530.4
vancouver,undergraduate,Undergraduate,https://vancouver.calendar.ubc.ca/fees/tuition-fees/undergraduate,International Students,[],,,Social Work,international,2025,exactly,per_credit,1701.16,"$1,701.16",International per-credit rate (commence in 2025S or 2025W)3,Social Work,,51034.8
vancouver,undergraduate,Undergraduate,https://vancouver.calendar.ubc.ca/fees/tuition-fees/undergraduate,International Students,[],,,Social Work,international,2024,exactly,per_credit,1668.76,"$1,668.76",International per-credit rate (commenced in 2024S or 2024W)3,Social Work,,50062.8
vancouver,undergraduate,Undergraduate,https://vancouver.calendar.ubc.ca/fees/tuition-fees/undergraduate,International Students,[],,,Social Work,international,2023,exactly,per_credit,1636.98,"$1,636.98",International per-credit rate (commenced in 2023S or 2023W)3,Social Work,,49109.4
vancouver,undergraduate,Undergraduate,https://vancouver.calendar.ubc.ca/fees/tuition-fees/undergraduate,International Students,[],,,Social Work,international,2022,exactly,per_credit,1605.8,"$1,605.80",International per-credit rate (commenced in 2022S or 2022W)3,Social Work,,48174.0
vancouver,undergraduate,Undergraduate,https://vancouver.calendar.ubc.ca/fees/tuition-fees/undergraduate,International Students,[],,,Social Work,international,2021,exactly,per_credit,1574.91,"$1,574.91",International per-credit rate (commenced in 2021S or 2021W)3,Social Work,,47247.3
vancouver,undergraduate,Undergraduate,https://vancouver.calendar.ubc.ca/fees/tuition-fees/undergraduate,International Students,[],,,Social Work,international,2020,or_earlier,per_credit,1544.63,"$1,544.63",International per-credit rate (commenced in 2020W or earlier)3,Social Work,,46338.9
vancouver,undergraduate,Undergraduate,https://vancouver.calendar.ubc.ca/fees/tuition-fees/undergraduate,Specialized Undergraduate,[],,,Dentistry (D.M.D.) commencing in 2026S or later,domestic,2026,or_later,per_year,21219.27,"$21,219.27 per year",Domestic,Dentistry (D.M.D.) commencing in 2026S or later,,
vancouver,undergraduate,Undergraduate,https://vancouver.calendar.ubc.ca/fees/tuition-fees/undergraduate,Specialized Undergraduate,[],,,Dentistry (D.M.D.) commencing in 2026S or later,international,2026,or_later,per_year,93812.09,"$93,812.09 per year",International,Dentistry (D.M.D.) commencing in 2026S or later,,
vancouver,undergraduate,Undergraduate,https://vancouver.calendar.ubc.ca/fees/tuition-fees/undergraduate,Specialized Undergraduate,[],,,Dentistry (D.M.D.) commenced in 2025S and 2025W,domestic,2025,exactly,per_year,21219.27,"$21,219.27 per year",Domestic,Dentistry (D.M.D.) commenced in 2025S and 2025W,,
vancouver,undergraduate,Undergraduate,https://vancouver.calendar.ubc.ca/fees/tuition-fees/undergraduate,Specialized Undergraduate,[],,,Dentistry (D.M.D.) commenced in 2025S and 2025W,international,2025,exactly,per_year,92910.05,"$92,910.05 per year",International,Dentistry (D.M.D.) commenced in 2025S and 2025W,,
vancouver,undergraduate,Undergraduate,https://vancouver.calendar.ubc.ca/fees/tuition-fees/undergraduate,Specialized Undergraduate,[],,,Dentistry (D.M.D.) commenced in 2024S and 2024W,domestic,2024,exactly,per_year,21219.27,"$21,219.27 per year",Domestic,Dentistry (D.M.D.) commenced in 2024S and 2024W,,
vancouver,undergraduate,Undergraduate,https://vancouver.calendar.ubc.ca/fees/tuition-fees/undergraduate,Specialized Undergraduate,[],,,Dentistry (D.M.D.) commenced in 2024S and 2024W,international,2024,exactly,per_year,91140.34,"$91,140.34 per year",International,Dentistry (D.M.D.) commenced in 2024S and 2024W,,
vancouver,undergraduate,Undergraduate,https://vancouver.calendar.ubc.ca/fees/tuition-fees/undergraduate,Specialized Undergraduate,[],,,Dentistry (D.M.D.) commenced in 2023S and 2023W,domestic,2023,exactly,per_year,21219.27,"$21,219.27 per year",Domestic,Dentistry (D.M.D.) commenced in 2023S and 2023W,,
vancouver,undergraduate,Undergraduate,https://vancouver.calendar.ubc.ca/fees/tuition-fees/undergraduate,Specialized Undergraduate,[],,,Dentistry (D.M.D.) commenced in 2023S and 2023W,international,2023,exactly,per_year,89404.32,"$89,404.32 per year",International,Dentistry (D.M.D.) commenced in 2023S and 2023W,,
vancouver,undergraduate,Undergraduate,https://vancouver.calendar.ubc.ca/fees/tuition-fees/undergraduate,Specialized Undergraduate,[],,,Dentistry (D.M.D.) commenced in 2022S and 2022W,domestic,2022,exactly,per_year,21219.27,"$21,219.27 per year",Domestic,Dentistry (D.M.D.) commenced in 2022S and 2022W,,
vancouver,undergraduate,Undergraduate,https://vancouver.calendar.ubc.ca/fees/tuition-fees/undergraduate,Specialized Undergraduate,[],,,Dentistry (D.M.D.) commenced in 2022S and 2022W,international,2022,exactly,per_year,87701.38,"$87,701.38 per year",International,Dentistry (D.M.D.) commenced in 2022S and 2022W,,
vancouver,undergraduate,Undergraduate,https://vancouver.calendar.ubc.ca/fees/tuition-fees/undergraduate,Specialized Undergraduate,[],,,Dentistry (D.M.D.) commenced in 2021S and 2021W,domestic,2021,exactly,per_year,21219.27,"$21,219.27 per year",Domestic,Dentistry (D.M.D.) commenced in 2021S and 2021W,,
vancouver,undergraduate,Undergraduate,https://vancouver.calendar.ubc.ca/fees/tuition-fees/undergraduate,Specialized Undergraduate,[],,,Dentistry (D.M.D.) commenced in 2021S and 2021W,international,2021,exactly,per_year,86014.83,"$86,014.83 per year",International,Dentistry (D.M.D.) commenced in 2021S and 2021W,,
vancouver,undergraduate,Undergraduate,https://vancouver.calendar.ubc.ca/fees/tuition-fees/undergraduate,Specialized Undergraduate,[],,,Dentistry (D.M.D.) commenced in 2020W or earlier,domestic,2020,or_earlier,per_year,21219.27,"$21,219.27 per year",Domestic,Dentistry (D.M.D.) commenced in 2020W or earlier,,
vancouver,undergraduate,Undergraduate,https://vancouver.calendar.ubc.ca/fees/tuition-fees/undergraduate,Specialized Undergraduate,[],,,Dentistry (D.M.D.) commenced in 2020W or earlier,international,2020,or_earlier,per_year,84360.7,"$84,360.70 per year",International,Dentistry (D.M.D.) commenced in 2020W or earlier,,
vancouver,undergraduate,Undergraduate,https://vancouver.calendar.ubc.ca/fees/tuition-fees/undergraduate,Specialized Undergraduate,[],,,International Dental Degree Completion,domestic,,,per_year,46197.48,"$46,197.48 per year",Domestic,International Dental Degree Completion,,
vancouver,undergraduate,Undergraduate,https://vancouver.calendar.ubc.ca/fees/tuition-fees/undergraduate,Specialized Undergraduate,[],,,"NITEP Elementary Years 1, 2, 3 (B.Ed.)",domestic,,,per_credit,206.69,$206.69 per credit,Domestic,"NITEP Elementary Years 1, 2, 3 (B.Ed.)",,6200.7
vancouver,undergraduate,Undergraduate,https://vancouver.calendar.ubc.ca/fees/tuition-fees/undergraduate,Specialized Undergraduate,[],,,"NITEP Elementary Years 4, 5 (B.Ed.)",domestic,,,per_credit,230.16,$230.16 per credit,Domestic,"NITEP Elementary Years 4, 5 (B.Ed.)",,6904.8
vancouver,undergraduate,Undergraduate,https://vancouver.calendar.ubc.ca/fees/tuition-fees/undergraduate,Specialized Undergraduate,[],,,Education Specialization in Indigenous Education1,domestic,,,per_credit,206.69,$206.69 per credit,Domestic,Education Specialization in Indigenous Education,,6200.7
vancouver,undergraduate,Undergraduate,https://vancouver.calendar.ubc.ca/fees/tuition-fees/undergraduate,Specialized Undergraduate,[],,,"All other Education programs, commencing in 2026S or later",domestic,2026,or_later,per_credit,230.16,$230.16 per credit,Domestic,"All other Education programs, commencing in 2026S or later",,6904.8
vancouver,undergraduate,Undergraduate,https://vancouver.calendar.ubc.ca/fees/tuition-fees/undergraduate,Specialized Undergraduate,[],,,"All other Education programs, commencing in 2026S or later",international,2026,or_later,per_credit,1149.18,"$1,149.18 per credit",International,"All other Education programs, commencing in 2026S or later",,34475.4
vancouver,undergraduate,Undergraduate,https://vancouver.calendar.ubc.ca/fees/tuition-fees/undergraduate,Specialized Undergraduate,[],,,"All other Education programs, commenced in 2025S and 2025W",domestic,2025,exactly,per_credit,230.16,$230.16 per credit,Domestic,"All other Education programs, commenced in 2025S and 2025W",,6904.8
vancouver,undergraduate,Undergraduate,https://vancouver.calendar.ubc.ca/fees/tuition-fees/undergraduate,Specialized Undergraduate,[],,,"All other Education programs, commenced in 2025S and 2025W",international,2025,exactly,per_credit,1138.13,"$1,138.13 per credit",International,"All other Education programs, commenced in 2025S and 2025W",,34143.9
vancouver,undergraduate,Undergraduate,https://vancouver.calendar.ubc.ca/fees/tuition-fees/undergraduate,Specialized Undergraduate,[],,,"All other Education programs, commenced in 2024S and 2024W",domestic,2024,exactly,per_credit,230.16,$230.16 per credit,Domestic,"All other Education programs, commenced in 2024S and 2024W",,6904.8
vancouver,undergraduate,Undergraduate,https://vancouver.calendar.ubc.ca/fees/tuition-fees/undergraduate,Specialized Undergraduate,[],,,"All other Education programs, commenced in 2024S and 2024W",international,2024,exactly,per_credit,1116.46,"$1,116.46 per credit",International,"All other Education programs, commenced in 2024S and 2024W",,33493.8
vancouver,undergraduate,Undergraduate,https://vancouver.calendar.ubc.ca/fees/tuition-fees/undergraduate,Specialized Undergraduate,[],,,"All other Education programs, commenced in 2023S and 2023W",domestic,2023,exactly,per_credit,230.16,$230.16 per credit,Domestic,"All other Education programs, commenced in 2023S and 2023W",,6904.8
vancouver,undergraduate,Undergraduate,https://vancouver.calendar.ubc.ca/fees/tuition-fees/undergraduate,Specialized Undergraduate,[],,,"All other Education programs, commenced in 2023S and 2023W",international,2023,exactly,per_credit,1095.18,"$1,095.18 per credit",International,"All other Education programs, commenced in 2023S and 2023W",,32855.4
vancouver,undergraduate,Undergraduate,https://vancouver.calendar.ubc.ca/fees/tuition-fees/undergraduate,Specialized Undergraduate,[],,,"All other Education programs, commenced in 2022S and 2022W",domestic,2022,exactly,per_credit,230.16,$230.16 per credit,Domestic,"All other Education programs, commenced in 2022S and 2022W",,6904.8
vancouver,undergraduate,Undergraduate,https://vancouver.calendar.ubc.ca/fees/tuition-fees/undergraduate,Specialized Undergraduate,[],,,"All other Education programs, commenced in 2022S and 2022W",international,2022,exactly,per_credit,1074.34,"$1,074.34 per credit",International,"All other Education programs, commenced in 2022S and 2022W",,32230.2
vancouver,undergraduate,Undergraduate,https://vancouver.calendar.ubc.ca/fees/tuition-fees/undergraduate,Specialized Undergraduate,[],,,"All other Education programs, commenced in 2021S and 2021W",domestic,2021,exactly,per_credit,230.16,$230.16 per credit,Domestic,"All other Education programs, commenced in 2021S and 2021W",,6904.8
vancouver,undergraduate,Undergraduate,https://vancouver.calendar.ubc.ca/fees/tuition-fees/undergraduate,Specialized Undergraduate,[],,,"All other Education programs, commenced in 2021S and 2021W",international,2021,exactly,per_credit,1053.66,"$1,053.66 per credit",International,"All other Education programs, commenced in 2021S and 2021W",,31609.8
vancouver,undergraduate,Undergraduate,https://vancouver.calendar.ubc.ca/fees/tuition-fees/undergraduate,Specialized Undergraduate,[],,,"All other Education programs, commenced in 2020W or earlier",domestic,2020,or_earlier,per_credit,230.16,$230.16 per credit,Domestic,"All other Education programs, commenced in 2020W or earlier",,6904.8
vancouver,undergraduate,Undergraduate,https://vancouver.calendar.ubc.ca/fees/tuition-fees/undergraduate,Specialized Undergraduate,[],,,"All other Education programs, commenced in 2020W or earlier",international,2020,or_earlier,per_credit,1033.41,"$1,033.41 per credit",International,"All other Education programs, commenced in 2020W or earlier",,31002.3
vancouver,undergraduate,Undergraduate,https://vancouver.calendar.ubc.ca/fees/tuition-fees/undergraduate,Specialized Undergraduate,[],,,"Education Diploma on campus (DEDU), commencing in 2026S or later",domestic,2026,or_later,per_credit,230.16,$230.16 per credit,Domestic,"Education Diploma on campus (DEDU), commencing in 2026S or later",,6904.8
vancouver,undergraduate,Undergraduate,https://vancouver.calendar.ubc.ca/fees/tuition-fees/undergraduate,Specialized Undergraduate,[],,,"Education Diploma on campus (DEDU), commencing in 2026S or later",international,2026,or_later,per_credit,1149.18,"$1,149.18 per credit",International,"Education Diploma on campus (DEDU), commencing in 2026S or later",,34475.4
vancouver,undergraduate,Undergraduate,https://vancouver.calendar.ubc.ca/fees/tuition-fees/undergraduate,Specialized Undergraduate,[],,,"Education Diploma on campus (DEDU), commenced in 2025S and 2025W",domestic,2025,exactly,per_credit,230.16,$230.16 per credit,Domestic,"Education Diploma on campus (DEDU), commenced in 2025S and 2025W",,6904.8
vancouver,undergraduate,Undergraduate,https://vancouver.calendar.ubc.ca/fees/tuition-fees/undergraduate,Specialized Undergraduate,[],,,"Education Diploma on campus (DEDU), commenced in 2025S and 2025W",international,2025,exactly,per_credit,1138.13,"$1,138.13 per credit",International,"Education Diploma on campus (DEDU), commenced in 2025S and 2025W",,34143.9
vancouver,undergraduate,Undergraduate,https://vancouver.calendar.ubc.ca/fees/tuition-fees/undergraduate,Specialized Undergraduate,[],,,"Education Diploma on campus (DEDU), commenced in 2024S and 2024W",domestic,2024,exactly,per_credit,230.16,$230.16 per credit,Domestic,"Education Diploma on campus (DEDU), commenced in 2024S and 2024W",,6904.8
vancouver,undergraduate,Undergraduate,https://vancouver.calendar.ubc.ca/fees/tuition-fees/undergraduate,Specialized Undergraduate,[],,,"Education Diploma on campus (DEDU), commenced in 2024S and 2024W",international,2024,exactly,per_credit,1116.46,"$1,116.46 per credit",International,"Education Diploma on campus (DEDU), commenced in 2024S and 2024W",,33493.8
vancouver,undergraduate,Undergraduate,https://vancouver.calendar.ubc.ca/fees/tuition-fees/undergraduate,Specialized Undergraduate,[],,,"Education Diploma on campus (DEDU), commenced in 2023S and 2023W",domestic,2023,exactly,per_credit,230.16,$230.16 per credit,Domestic,"Education Diploma on campus (DEDU), commenced in 2023S and 2023W",,6904.8
vancouver,undergraduate,Undergraduate,https://vancouver.calendar.ubc.ca/fees/tuition-fees/undergraduate,Specialized Undergraduate,[],,,"Education Diploma on campus (DEDU), commenced in 2023S and 2023W",international,2023,exactly,per_credit,1095.18,"$1,095.18 per credit",International,"Education Diploma on campus (DEDU), commenced in 2023S and 2023W",,32855.4
vancouver,undergraduate,Undergraduate,https://vancouver.calendar.ubc.ca/fees/tuition-fees/undergraduate,Specialized Undergraduate,[],,,"Education Diploma on campus (DEDU), commenced in 2022S and 2022W",domestic,2022,exactly,per_credit,230.16,$230.16 per credit,Domestic,"Education Diploma on campus (DEDU), commenced in 2022S and 2022W",,6904.8
vancouver,undergraduate,Undergraduate,https://vancouver.calendar.ubc.ca/fees/tuition-fees/undergraduate,Specialized Undergraduate,[],,,"Education Diploma on campus (DEDU), commenced in 2022S and 2022W",international,2022,exactly,per_credit,1074.34,"$1,074.34 per credit",International,"Education Diploma on campus (DEDU), commenced in 2022S and 2022W",,32230.2
vancouver,undergraduate,Undergraduate,https://vancouver.calendar.ubc.ca/fees/tuition-fees/undergraduate,Specialized Undergraduate,[],,,"Education Diploma on campus (DEDU), commenced in 2021S and 2021W",domestic,2021,exactly,per_credit,230.16,$230.16 per credit,Domestic,"Education Diploma on campus (DEDU), commenced in 2021S and 2021W",,6904.8
vancouver,undergraduate,Undergraduate,https://vancouver.calendar.ubc.ca/fees/tuition-fees/undergraduate,Specialized Undergraduate,[],,,"Education Diploma on campus (DEDU), commenced in 2021S and 2021W",international,2021,exactly,per_credit,1053.66,"$1,053.66 per credit",International,"Education Diploma on campus (DEDU), commenced in 2021S and 2021W",,31609.8
vancouver,undergraduate,Undergraduate,https://vancouver.calendar.ubc.ca/fees/tuition-fees/undergraduate,Specialized Undergraduate,[],,,"Education Diploma on campus (DEDU), commenced in 2020W or earlier",domestic,2020,or_earlier,per_credit,230.16,$230.16 per credit,Domestic,"Education Diploma on campus (DEDU), commenced in 2020W or earlier",,6904.8
vancouver,undergraduate,Undergraduate,https://vancouver.calendar.ubc.ca/fees/tuition-fees/undergraduate,Specialized Undergraduate,[],,,"Education Diploma on campus (DEDU), commenced in 2020W or earlier",international,2020,or_earlier,per_credit,1033.41,"$1,033.41 per credit",International,"Education Diploma on campus (DEDU), commenced in 2020W or earlier",,31002.3
vancouver,undergraduate,Undergraduate,https://vancouver.calendar.ubc.ca/fees/tuition-fees/undergraduate,Specialized Undergraduate,[],,,Law (J.D.) commencing in 2026S or later,domestic,2026,or_later,per_credit,453.67,$453.67 per credit,Domestic,Law (J.D.) commencing in 2026S or later,,13610.1
vancouver,undergraduate,Undergraduate,https://vancouver.calendar.ubc.ca/fees/tuition-fees/undergraduate,Specialized Undergraduate,[],,,Law (J.D.) commencing in 2026S or later,international,2026,or_later,per_credit,1520.25,"$1,520.25 per credit",International,Law (J.D.) commencing in 2026S or later,,45607.5
vancouver,undergraduate,Undergraduate,https://vancouver.calendar.ubc.ca/fees/tuition-fees/undergraduate,Specialized Undergraduate,[],,,Law (J.D.) commenced in 2025S and 2025W,domestic,2025,exactly,per_credit,453.67,$453.67 per credit,Domestic,Law (J.D.) commenced in 2025S and 2025W,,13610.1
vancouver,undergraduate,Undergraduate,https://vancouver.calendar.ubc.ca/fees/tuition-fees/undergraduate,Specialized Undergraduate,[],,,Law (J.D.) commenced in 2025S and 2025W,international,2025,exactly,per_credit,1505.63,"$1,505.63 per credit",International,Law (J.D.) commenced in 2025S and 2025W,,45168.9
vancouver,undergraduate,Undergraduate,https://vancouver.calendar.ubc.ca/fees/tuition-fees/undergraduate,Specialized Undergraduate,[],,,Law (J.D.) commenced in 2024S and 2024W,domestic,2024,exactly,per_credit,453.67,$453.67 per credit,Domestic,Law (J.D.) commenced in 2024S and 2024W,,13610.1
vancouver,undergraduate,Undergraduate,https://vancouver.calendar.ubc.ca/fees/tuition-fees/undergraduate,Specialized Undergraduate,[],,,Law (J.D.) commenced in 2024S and 2024W,international,2024,exactly,per_credit,1476.95,"$1,476.95 per credit",International,Law (J.D.) commenced in 2024S and 2024W,,44308.5
vancouver,undergraduate,Undergraduate,https://vancouver.calendar.ubc.ca/fees/tuition-fees/undergraduate,Specialized Undergraduate,[],,,Law (J.D.) commenced in 2023S and 2023W,domestic,2023,exactly,per_credit,453.67,$453.67 per credit,Domestic,Law (J.D.) commenced in 2023S and 2023W,,13610.1
vancouver,undergraduate,Undergraduate,https://vancouver.calendar.ubc.ca/fees/tuition-fees/undergraduate,Specialized Undergraduate,[],,,Law (J.D.) commenced in 2023S and 2023W,international,2023,exactly,per_credit,1448.81,"$1,448.81 per credit",International,Law (J.D.) commenced in 2023S and 2023W,,43464.3
vancouver,undergraduate,Undergraduate,https://vancouver.calendar.ubc.ca/fees/tuition-fees/undergraduate,Specialized Undergraduate,[],,,Law (J.D.) commenced in 2022S and 2022W,domestic,2022,exactly,per_credit,453.67,$453.67 per credit,Domestic,Law (J.D.) commenced in 2022S and 2022W,,13610.1
vancouver,undergraduate,Undergraduate,https://vancouver.calendar.ubc.ca/fees/tuition-fees/undergraduate,Specialized Undergraduate,[],,,Law (J.D.) commenced in 2022S and 2022W,international,2022,exactly,per_credit,1421.22,"$1,421.22 per credit",International,Law (J.D.) commenced in 2022S and 2022W,,42636.6
vancouver,undergraduate,Undergraduate,https://vancouver.calendar.ubc.ca/fees/tuition-fees/undergraduate,Specialized Undergraduate,[],,,Law (J.D.) commenced in 2021S and 2021W,domestic,2021,exactly,per_credit,453.67,$453.67 per credit,Domestic,Law (J.D.) commenced in 2021S and 2021W,,13610.1
vancouver,undergraduate,Undergraduate,https://vancouver.calendar.ubc.ca/fees/tuition-fees/undergraduate,Specialized Undergraduate,[],,,Law (J.D.) commenced in 2021S and 2021W,international,2021,exactly,per_credit,1393.89,"$1,393.89 per credit",International,Law (J.D.) commenced in 2021S and 2021W,,41816.7
vancouver,undergraduate,Undergraduate,https://vancouver.calendar.ubc.ca/fees/tuition-fees/undergraduate,Specialized Undergraduate,[],,,Law (J.D.) commenced in 2020W or earlier,domestic,2020,or_earlier,per_credit,453.67,$453.67 per credit,Domestic,Law (J.D.) commenced in 2020W or earlier,,13610.1
vancouver,undergraduate,Undergraduate,https://vancouver.calendar.ubc.ca/fees/tuition-fees/undergraduate,Specialized Undergraduate,[],,,Law (J.D.) commenced in 2020W or earlier,international,2020,or_earlier,per_credit,1367.08,"$1,367.08 per credit",International,Law (J.D.) commenced in 2020W or earlier,,41012.4
vancouver,undergraduate,Undergraduate,https://vancouver.calendar.ubc.ca/fees/tuition-fees/undergraduate,Specialized Undergraduate,[],,,Medicine (M.D.),domestic,,,per_year,21219.27,"$21,219.27 per year",Domestic,Medicine (M.D.),,
vancouver,undergraduate,Undergraduate,https://vancouver.calendar.ubc.ca/fees/tuition-fees/undergraduate,Specialized Undergraduate,[],,,D.M.D. residents,domestic,,,,503.17,$503.17,Domestic,D.M.D. residents,,
vancouver,undergraduate,Undergraduate,https://vancouver.calendar.ubc.ca/fees/tuition-fees/undergraduate,Specialized Undergraduate,[],,,M.D. residents,domestic,,,,503.17,$503.17,Domestic,M.D. residents,,
vancouver,undergraduate,Undergraduate,https://vancouver.calendar.ubc.ca/fees/tuition-fees/undergraduate,Specialized Undergraduate,[],,,Pharmacy (Entry-to-Practice Doctor of Pharmacy),domestic,,,per_credit,493.69,$493.69 per credit,Domestic,Pharmacy (Entry-to-Practice Doctor of Pharmacy),,14810.7
vancouver,undergraduate,Undergraduate,https://vancouver.calendar.ubc.ca/fees/tuition-fees/undergraduate,Specialized Undergraduate,[],,,Pharmaceutical Sciences (Residency Program),domestic,,,,104.0,$104.00,Domestic,Pharmaceutical Sciences (Residency Program),,
vancouver,undergraduate,Undergraduate,https://vancouver.calendar.ubc.ca/fees/tuition-fees/undergraduate,Specialized Undergraduate,"[""Doctor of Pharmacy Flexible Program"", ""Instalments per year: 3"", ""Minimum # of instalments for program: 6""]",Doctor of Pharmacy Flexible Program,Program entry year,2026S or 2026W,domestic,2026,exactly,per_instalment,7732.95,"$7,732.95",Domestic fee per instalment,Doctor of Pharmacy Flexible Program,,
vancouver,undergraduate,Undergraduate,https://vancouver.calendar.ubc.ca/fees/tuition-fees/undergraduate,Specialized Undergraduate,"[""Doctor of Pharmacy Flexible Program"", ""Instalments per year: 3"", ""Minimum # of instalments for program: 6""]",Doctor of Pharmacy Flexible Program,Program entry year,2026S or 2026W,domestic,2026,exactly,per_instalment,46397.68,"$46,397.68",Domestic program fee,Doctor of Pharmacy Flexible Program,,
vancouver,undergraduate,Undergraduate,https://vancouver.calendar.ubc.ca/fees/tuition-fees/undergraduate,Specialized Undergraduate,"[""Doctor of Pharmacy Flexible Program"", ""Instalments per year: 3"", ""Minimum # of instalments for program: 6""]",Doctor of Pharmacy Flexible Program,Program entry year,2025S or 2025W,domestic,2025,exactly,per_instalment,7581.32,"$7,581.32",Domestic fee per instalment,Doctor of Pharmacy Flexible Program,,
vancouver,undergraduate,Undergraduate,https://vancouver.calendar.ubc.ca/fees/tuition-fees/undergraduate,Specialized Undergraduate,"[""Doctor of Pharmacy Flexible Program"", ""Instalments per year: 3"", ""Minimum # of instalments for program: 6""]",Doctor of Pharmacy Flexible Program,Program entry year,2025S or 2025W,domestic,2025,exactly,per_instalment,45487.93,"$45,487.93",Domestic program fee,Doctor of Pharmacy Flexible Program,,
vancouver,undergraduate,Undergraduate,https://vancouver.calendar.ubc.ca/fees/tuition-fees/undergraduate,Specialized Undergraduate,"[""Doctor of Pharmacy Flexible Program"", ""Instalments per year: 3"", ""Minimum # of instalments for program: 6""]",Doctor of Pharmacy Flexible Program,Program entry year,2024S or 2024W,domestic,2024,exactly,per_instalment,7432.67,"$7,432.67",Domestic fee per instalment,Doctor of Pharmacy Flexible Program,,
vancouver,undergraduate,Undergraduate,https://vancouver.calendar.ubc.ca/fees/tuition-fees/undergraduate,Specialized Undergraduate,"[""Doctor of Pharmacy Flexible Program"", ""Instalments per year: 3"", ""Minimum # of instalments for program: 6""]",Doctor of Pharmacy Flexible Program,Program entry year,2024S or 2024W,domestic,2024,exactly,per_instalment,44596.01,"$44,596.01",Domestic program fee,Doctor of Pharmacy Flexible Program,,
vancouver,undergraduate,Undergraduate,https://vancouver.calendar.ubc.ca/fees/tuition-fees/undergraduate,Non-Degree Studies4,[],,,Unclassified1,domestic,,,per_credit,206.69,$206.69,Domestic per-credit rate (Undergraduate-level courses),Unclassified,,6200.7
vancouver,undergraduate,Undergraduate,https://vancouver.calendar.ubc.ca/fees/tuition-fees/undergraduate,Non-Degree Studies4,[],,,Unclassified1,domestic,,,per_credit,463.74,$463.74,Domestic per-credit rate (Law courses),Unclassified,,13912.2
vancouver,undergraduate,Undergraduate,https://vancouver.calendar.ubc.ca/fees/tuition-fees/undergraduate,Non-Degree Studies4,[],,,Unclassified1,domestic,,,per_credit,486.95,$486.95,Domestic per-credit rate (Graduate-level courses 500+),Unclassified,,14608.5
vancouver,undergraduate,Undergraduate,https://vancouver.calendar.ubc.ca/fees/tuition-fees/undergraduate,Non-Degree Studies4,[],,,Unclassified1,international,,,per_credit,1789.18,"$1,789.18",International per-credit rate,Unclassified,,53675.4
vancouver,undergraduate,Undergraduate,https://vancouver.calendar.ubc.ca/fees/tuition-fees/undergraduate,Non-Degree Studies4,[],,,Access Studies1,domestic,,,per_credit,206.69,$206.69,Domestic per-credit rate (Undergraduate-level courses),Access Studies,,6200.7
vancouver,undergraduate,Undergraduate,https://vancouver.calendar.ubc.ca/fees/tuition-fees/undergraduate,Non-Degree Studies4,[],,,Access Studies1,domestic,,,per_credit,463.74,$463.74,Domestic per-credit rate (Law courses),Access Studies,,13912.2
vancouver,undergraduate,Undergraduate,https://vancouver.calendar.ubc.ca/fees/tuition-fees/undergraduate,Non-Degree Studies4,[],,,Access Studies1,domestic,,,per_credit,486.95,$486.95,Domestic per-credit rate (Graduate-level courses 500+),Access Studies,,14608.5
vancouver,undergraduate,Undergraduate,https://vancouver.calendar.ubc.ca/fees/tuition-fees/undergraduate,Non-Degree Studies4,[],,,Access Studies1,international,,,per_credit,1789.18,"$1,789.18",International per-credit rate,Access Studies,,53675.4
vancouver,undergraduate,Undergraduate,https://vancouver.calendar.ubc.ca/fees/tuition-fees/undergraduate,Non-Degree Studies4,[],,,Visiting2,domestic,,,per_credit,206.69,$206.69,Domestic per-credit rate (Undergraduate-level courses),Visiting,,6200.7
vancouver,undergraduate,Undergraduate,https://vancouver.calendar.ubc.ca/fees/tuition-fees/undergraduate,Non-Degree Studies4,[],,,Visiting2,domestic,,,per_credit,463.74,$463.74,Domestic per-credit rate (Law courses),Visiting,,13912.2
vancouver,undergraduate,Undergraduate,https://vancouver.calendar.ubc.ca/fees/tuition-fees/undergraduate,Non-Degree Studies4,[],,,Visiting2,domestic,,,per_credit,486.95,$486.95,Domestic per-credit rate (Graduate-level courses 500+),Visiting,,14608.5
vancouver,undergraduate,Undergraduate,https://vancouver.calendar.ubc.ca/fees/tuition-fees/undergraduate,Non-Degree Studies4,[],,,Visiting2,international,,,per_credit,1789.18,"$1,789.18",International per-credit rate,Visiting,,53675.4
vancouver,undergraduate,Undergraduate,https://vancouver.calendar.ubc.ca/fees/tuition-fees/undergraduate,Non-Degree Studies4,[],,,Auditors1,domestic,,,per_credit,206.69,$206.69,Domestic per-credit rate (Undergraduate-level courses),Auditors,,6200.7
vancouver,undergraduate,Undergraduate,https://vancouver.calendar.ubc.ca/fees/tuition-fees/undergraduate,Non-Degree Studies4,[],,,Auditors1,domestic,,,per_credit,463.74,$463.74,Domestic per-credit rate (Law courses),Auditors,,13912.2
vancouver,undergraduate,Undergraduate,https://vancouver.calendar.ubc.ca/fees/tuition-fees/undergraduate,Non-Degree Studies4,[],,,Auditors1,domestic,,,per_credit,486.95,$486.95,Domestic per-credit rate (Graduate-level courses 500+),Auditors,,14608.5
vancouver,undergraduate,Undergraduate,https://vancouver.calendar.ubc.ca/fees/tuition-fees/undergraduate,Non-Degree Studies4,[],,,Auditors1,international,,,per_credit,1789.18,"$1,789.18",International per-credit rate,Auditors,,53675.4
vancouver,undergraduate,Undergraduate,https://vancouver.calendar.ubc.ca/fees/tuition-fees/undergraduate,Non-Degree Studies4,[],,,Qualifying3,domestic,,,per_credit,206.69,$206.69,Domestic per-credit rate (Undergraduate-level courses),Qualifying,,6200.7
vancouver,undergraduate,Undergraduate,https://vancouver.calendar.ubc.ca/fees/tuition-fees/undergraduate,Non-Degree Studies4,[],,,Qualifying3,domestic,,,per_credit,463.74,$463.74,Domestic per-credit rate (Law courses),Qualifying,,13912.2
vancouver,undergraduate,Undergraduate,https://vancouver.calendar.ubc.ca/fees/tuition-fees/undergraduate,Non-Degree Studies4,[],,,Qualifying3,domestic,,,per_credit,486.95,$486.95,Domestic per-credit rate (Graduate-level courses 500+),Qualifying,,14608.5
vancouver,undergraduate,Undergraduate,https://vancouver.calendar.ubc.ca/fees/tuition-fees/undergraduate,Non-Degree Studies4,[],,,Qualifying3,international,,,per_credit,1789.18,"$1,789.18",International per-credit rate,Qualifying,,53675.4
vancouver,dual_degree,Undergraduate/Master of Management Dual Degree,https://vancouver.calendar.ubc.ca/fees/tuition-fees/undergraduatemaster-management-dual-degree,Domestic,[],,,Year 1 winter term 1,domestic,,,,850.3,$850.30,First-Year Entry*,Year 1 winter term 1,,
vancouver,dual_degree,Undergraduate/Master of Management Dual Degree,https://vancouver.calendar.ubc.ca/fees/tuition-fees/undergraduatemaster-management-dual-degree,Domestic,[],,,Year 1 winter term 2,domestic,,,,850.3,$850.30,First-Year Entry*,Year 1 winter term 2,,
vancouver,dual_degree,Undergraduate/Master of Management Dual Degree,https://vancouver.calendar.ubc.ca/fees/tuition-fees/undergraduatemaster-management-dual-degree,Domestic,[],,,Year 2 winter term 1,domestic,,,,850.3,$850.30,First-Year Entry*,Year 2 winter term 1,,
vancouver,dual_degree,Undergraduate/Master of Management Dual Degree,https://vancouver.calendar.ubc.ca/fees/tuition-fees/undergraduatemaster-management-dual-degree,Domestic,[],,,Year 2 winter term 1,domestic,,,,1700.6,"$1,700.60",Second-Year Entry*,Year 2 winter term 1,,
vancouver,dual_degree,Undergraduate/Master of Management Dual Degree,https://vancouver.calendar.ubc.ca/fees/tuition-fees/undergraduatemaster-management-dual-degree,Domestic,[],,,Year 2 winter term 2,domestic,,,,850.3,$850.30,First-Year Entry*,Year 2 winter term 2,,
vancouver,dual_degree,Undergraduate/Master of Management Dual Degree,https://vancouver.calendar.ubc.ca/fees/tuition-fees/undergraduatemaster-management-dual-degree,Domestic,[],,,Year 2 winter term 2,domestic,,,,1700.6,"$1,700.60",Second-Year Entry*,Year 2 winter term 2,,
vancouver,dual_degree,Undergraduate/Master of Management Dual Degree,https://vancouver.calendar.ubc.ca/fees/tuition-fees/undergraduatemaster-management-dual-degree,Domestic,[],,,Year 3 winter term 1,domestic,,,,1700.6,"$1,700.60",First-Year Entry*,Year 3 winter term 1,,
vancouver,dual_degree,Undergraduate/Master of Management Dual Degree,https://vancouver.calendar.ubc.ca/fees/tuition-fees/undergraduatemaster-management-dual-degree,Domestic,[],,,Year 3 winter term 1,domestic,,,,1700.6,"$1,700.60",Second-Year Entry*,Year 3 winter term 1,,
vancouver,dual_degree,Undergraduate/Master of Management Dual Degree,https://vancouver.calendar.ubc.ca/fees/tuition-fees/undergraduatemaster-management-dual-degree,Domestic,[],,,Year 3 winter term 1,domestic,,,,2550.9,"$2,550.90",Third-Year Entry*,Year 3 winter term 1,,
vancouver,dual_degree,Undergraduate/Master of Management Dual Degree,https://vancouver.calendar.ubc.ca/fees/tuition-fees/undergraduatemaster-management-dual-degree,Domestic,[],,,Year 3 winter term 2,domestic,,,,1700.6,"$1,700.60",First-Year Entry*,Year 3 winter term 2,,
vancouver,dual_degree,Undergraduate/Master of Management Dual Degree,https://vancouver.calendar.ubc.ca/fees/tuition-fees/undergraduatemaster-management-dual-degree,Domestic,[],,,Year 3 winter term 2,domestic,,,,1700.6,"$1,700.60",Second-Year Entry*,Year 3 winter term 2,,
vancouver,dual_degree,Undergraduate/Master of Management Dual Degree,https://vancouver.calendar.ubc.ca/fees/tuition-fees/undergraduatemaster-management-dual-degree,Domestic,[],,,Year 3 winter term 2,domestic,,,,2550.9,"$2,550.90",Third-Year Entry*,Year 3 winter term 2,,
vancouver,dual_degree,Undergraduate/Master of Management Dual Degree,https://vancouver.calendar.ubc.ca/fees/tuition-fees/undergraduatemaster-management-dual-degree,Domestic,[],,,Year 4 winter term 1,domestic,,,,1700.6,"$1,700.60",First-Year Entry*,Year 4 winter term 1,,
vancouver,dual_degree,Undergraduate/Master of Management Dual Degree,https://vancouver.calendar.ubc.ca/fees/tuition-fees/undergraduatemaster-management-dual-degree,Domestic,[],,,Year 4 winter term 1,domestic,,,,1700.6,"$1,700.60",Second-Year Entry*,Year 4 winter term 1,,
vancouver,dual_degree,Undergraduate/Master of Management Dual Degree,https://vancouver.calendar.ubc.ca/fees/tuition-fees/undergraduatemaster-management-dual-degree,Domestic,[],,,Year 4 winter term 1,domestic,,,,2550.9,"$2,550.90",Third-Year Entry*,Year 4 winter term 1,,
vancouver,dual_degree,Undergraduate/Master of Management Dual Degree,https://vancouver.calendar.ubc.ca/fees/tuition-fees/undergraduatemaster-management-dual-degree,Domestic,[],,,Year 4 winter term 2,domestic,,,,1700.6,"$1,700.60",First-Year Entry*,Year 4 winter term 2,,
vancouver,dual_degree,Undergraduate/Master of Management Dual Degree,https://vancouver.calendar.ubc.ca/fees/tuition-fees/undergraduatemaster-management-dual-degree,Domestic,[],,,Year 4 winter term 2,domestic,,,,1700.6,"$1,700.60",Second-Year Entry*,Year 4 winter term 2,,
vancouver,dual_degree,Undergraduate/Master of Management Dual Degree,https://vancouver.calendar.ubc.ca/fees/tuition-fees/undergraduatemaster-management-dual-degree,Domestic,[],,,Year 4 winter term 2,domestic,,,,2550.9,"$2,550.90",Third-Year Entry*,Year 4 winter term 2,,
vancouver,dual_degree,Undergraduate/Master of Management Dual Degree,https://vancouver.calendar.ubc.ca/fees/tuition-fees/undergraduatemaster-management-dual-degree,Domestic,[],,,Master level Step 1,domestic,,,,11904.19,"$11,904.19",First-Year Entry*,Master level Step 1,,
vancouver,dual_degree,Undergraduate/Master of Management Dual Degree,https://vancouver.calendar.ubc.ca/fees/tuition-fees/undergraduatemaster-management-dual-degree,Domestic,[],,,Master level Step 1,domestic,,,,11904.19,"$11,904.19",Second-Year Entry*,Master level Step 1,,
vancouver,dual_degree,Undergraduate/Master of Management Dual Degree,https://vancouver.calendar.ubc.ca/fees/tuition-fees/undergraduatemaster-management-dual-degree,Domestic,[],,,Master level Step 1,domestic,,,,11904.19,"$11,904.19",Third-Year Entry*,Master level Step 1,,
vancouver,dual_degree,Undergraduate/Master of Management Dual Degree,https://vancouver.calendar.ubc.ca/fees/tuition-fees/undergraduatemaster-management-dual-degree,Domestic,[],,,Master level Step 2**,domestic,,,,11904.19,"$11,904.19",First-Year Entry*,Master level Step 2**,,
vancouver,dual_degree,Undergraduate/Master of Management Dual Degree,https://vancouver.calendar.ubc.ca/fees/tuition-fees/undergraduatemaster-management-dual-degree,Domestic,[],,,Master level Step 2**,domestic,,,,11904.19,"$11,904.19",Second-Year Entry*,Master level Step 2**,,
vancouver,dual_degree,Undergraduate/Master of Management Dual Degree,https://vancouver.calendar.ubc.ca/fees/tuition-fees/undergraduatemaster-management-dual-degree,Domestic,[],,,Master level Step 2**,domestic,,,,11904.19,"$11,904.19",Third-Year Entry*,Master level Step 2**,,
vancouver,dual_degree,Undergraduate/Master of Management Dual Degree,https://vancouver.calendar.ubc.ca/fees/tuition-fees/undergraduatemaster-management-dual-degree,Domestic,[],,,Total Program Fees,domestic,,,,34011.98,"$34,011.98",First-Year Entry*,Total Program Fees,,
vancouver,dual_degree,Undergraduate/Master of Management Dual Degree,https://vancouver.calendar.ubc.ca/fees/tuition-fees/undergraduatemaster-management-dual-degree,Domestic,[],,,Total Program Fees,domestic,,,,34011.98,"$34,011.98",Second-Year Entry*,Total Program Fees,,
vancouver,dual_degree,Undergraduate/Master of Management Dual Degree,https://vancouver.calendar.ubc.ca/fees/tuition-fees/undergraduatemaster-management-dual-degree,Domestic,[],,,Total Program Fees,domestic,,,,34011.98,"$34,011.98",Third-Year Entry*,Total Program Fees,,
vancouver,dual_degree,Undergraduate/Master of Management Dual Degree,https://vancouver.calendar.ubc.ca/fees/tuition-fees/undergraduatemaster-management-dual-degree,International,[],,,Year 1 winter term 1,international,,,,1523.44,"$1,523.44",First-Year Entry*,Year 1 winter term 1,,
vancouver,dual_degree,Undergraduate/Master of Management Dual Degree,https://vancouver.calendar.ubc.ca/fees/tuition-fees/undergraduatemaster-management-dual-degree,International,[],,,Year 1 winter term 2,international,,,,1523.44,"$1,523.44",First-Year Entry*,Year 1 winter term 2,,
vancouver,dual_degree,Undergraduate/Master of Management Dual Degree,https://vancouver.calendar.ubc.ca/fees/tuition-fees/undergraduatemaster-management-dual-degree,International,[],,,Year 2 winter term 1,international,,,,1523.44,"$1,523.44",First-Year Entry*,Year 2 winter term 1,,
vancouver,dual_degree,Undergraduate/Master of Management Dual Degree,https://vancouver.calendar.ubc.ca/fees/tuition-fees/undergraduatemaster-management-dual-degree,International,[],,,Year 2 winter term 1,international,,,,3046.88,"$3,046.88",Second-Year Entry*,Year 2 winter term 1,,
vancouver,dual_degree,Undergraduate/Master of Management Dual Degree,https://vancouver.calendar.ubc.ca/fees/tuition-fees/undergraduatemaster-management-dual-degree,International,[],,,Year 2 winter term 2,international,,,,1523.44,"$1,523.44",First-Year Entry*,Year 2 winter term 2,,
vancouver,dual_degree,Undergraduate/Master of Management Dual Degree,https://vancouver.calendar.ubc.ca/fees/tuition-fees/undergraduatemaster-management-dual-degree,International,[],,,Year 2 winter term 2,international,,,,3046.88,"$3,046.88",Second-Year Entry*,Year 2 winter term 2,,
vancouver,dual_degree,Undergraduate/Master of Management Dual Degree,https://vancouver.calendar.ubc.ca/fees/tuition-fees/undergraduatemaster-management-dual-degree,International,[],,,Year 3 winter term 1,international,,,,3046.88,"$3,046.88",First-Year Entry*,Year 3 winter term 1,,
vancouver,dual_degree,Undergraduate/Master of Management Dual Degree,https://vancouver.calendar.ubc.ca/fees/tuition-fees/undergraduatemaster-management-dual-degree,International,[],,,Year 3 winter term 1,international,,,,3046.88,"$3,046.88",Second-Year Entry*,Year 3 winter term 1,,
vancouver,dual_degree,Undergraduate/Master of Management Dual Degree,https://vancouver.calendar.ubc.ca/fees/tuition-fees/undergraduatemaster-management-dual-degree,International,[],,,Year 3 winter term 1,international,,,,4570.33,"$4,570.33",Third-Year Entry*,Year 3 winter term 1,,
vancouver,dual_degree,Undergraduate/Master of Management Dual Degree,https://vancouver.calendar.ubc.ca/fees/tuition-fees/undergraduatemaster-management-dual-degree,International,[],,,Year 3 winter term 2,international,,,,3046.88,"$3,046.88",First-Year Entry*,Year 3 winter term 2,,
vancouver,dual_degree,Undergraduate/Master of Management Dual Degree,https://vancouver.calendar.ubc.ca/fees/tuition-fees/undergraduatemaster-management-dual-degree,International,[],,,Year 3 winter term 2,international,,,,3046.88,"$3,046.88",Second-Year Entry*,Year 3 winter term 2,,
vancouver,dual_degree,Undergraduate/Master of Management Dual Degree,https://vancouver.calendar.ubc.ca/fees/tuition-fees/undergraduatemaster-management-dual-degree,International,[],,,Year 3 winter term 2,international,,,,4570.33,"$4,570.33",Third-Year Entry*,Year 3 winter term 2,,
vancouver,dual_degree,Undergraduate/Master of Management Dual Degree,https://vancouver.calendar.ubc.ca/fees/tuition-fees/undergraduatemaster-management-dual-degree,International,[],,,Year 4 winter term 1,international,,,,3046.88,"$3,046.88",First-Year Entry*,Year 4 winter term 1,,
vancouver,dual_degree,Undergraduate/Master of Management Dual Degree,https://vancouver.calendar.ubc.ca/fees/tuition-fees/undergraduatemaster-management-dual-degree,International,[],,,Year 4 winter term 1,international,,,,3046.88,"$3,046.88",Second-Year Entry*,Year 4 winter term 1,,
vancouver,dual_degree,Undergraduate/Master of Management Dual Degree,https://vancouver.calendar.ubc.ca/fees/tuition-fees/undergraduatemaster-management-dual-degree,International,[],,,Year 4 winter term 1,international,,,,4570.33,"$4,570.33",Third-Year Entry*,Year 4 winter term 1,,
vancouver,dual_degree,Undergraduate/Master of Management Dual Degree,https://vancouver.calendar.ubc.ca/fees/tuition-fees/undergraduatemaster-management-dual-degree,International,[],,,Year 4 winter term 2,international,,,,3046.88,"$3,046.88",First-Year Entry*,Year 4 winter term 2,,
vancouver,dual_degree,Undergraduate/Master of Management Dual Degree,https://vancouver.calendar.ubc.ca/fees/tuition-fees/undergraduatemaster-management-dual-degree,International,[],,,Year 4 winter term 2,international,,,,3046.88,"$3,046.88",Second-Year Entry*,Year 4 winter term 2,,
vancouver,dual_degree,Undergraduate/Master of Management Dual Degree,https://vancouver.calendar.ubc.ca/fees/tuition-fees/undergraduatemaster-management-dual-degree,International,[],,,Year 4 winter term 2,international,,,,4570.33,"$4,570.33",Third-Year Entry*,Year 4 winter term 2,,
vancouver,dual_degree,Undergraduate/Master of Management Dual Degree,https://vancouver.calendar.ubc.ca/fees/tuition-fees/undergraduatemaster-management-dual-degree,International,[],,,Master level Step 1,international,,,,21328.18,"$21,328.18",First-Year Entry*,Master level Step 1,,
vancouver,dual_degree,Undergraduate/Master of Management Dual Degree,https://vancouver.calendar.ubc.ca/fees/tuition-fees/undergraduatemaster-management-dual-degree,International,[],,,Master level Step 1,international,,,,21328.18,"$21,328.18",Second-Year Entry*,Master level Step 1,,
vancouver,dual_degree,Undergraduate/Master of Management Dual Degree,https://vancouver.calendar.ubc.ca/fees/tuition-fees/undergraduatemaster-management-dual-degree,International,[],,,Master level Step 1,international,,,,21328.18,"$21,328.18",Third-Year Entry*,Master level Step 1,,
vancouver,dual_degree,Undergraduate/Master of Management Dual Degree,https://vancouver.calendar.ubc.ca/fees/tuition-fees/undergraduatemaster-management-dual-degree,International,[],,,Master level Step 2**,international,,,,21328.18,"$21,328.18",First-Year Entry*,Master level Step 2**,,
vancouver,dual_degree,Undergraduate/Master of Management Dual Degree,https://vancouver.calendar.ubc.ca/fees/tuition-fees/undergraduatemaster-management-dual-degree,International,[],,,Master level Step 2**,international,,,,21328.18,"$21,328.18",Second-Year Entry*,Master level Step 2**,,
vancouver,dual_degree,Undergraduate/Master of Management Dual Degree,https://vancouver.calendar.ubc.ca/fees/tuition-fees/undergraduatemaster-management-dual-degree,International,[],,,Master level Step 2**,international,,,,21328.18,"$21,328.18",Third-Year Entry*,Master level Step 2**,,
vancouver,dual_degree,Undergraduate/Master of Management Dual Degree,https://vancouver.calendar.ubc.ca/fees/tuition-fees/undergraduatemaster-management-dual-degree,International,[],,,Total Program Fees,international,,,,60937.66,"$60,937.66",First-Year Entry*,Total Program Fees,,
vancouver,dual_degree,Undergraduate/Master of Management Dual Degree,https://vancouver.calendar.ubc.ca/fees/tuition-fees/undergraduatemaster-management-dual-degree,International,[],,,Total Program Fees,international,,,,60937.66,"$60,937.66",Second-Year Entry*,Total Program Fees,,
vancouver,dual_degree,Undergraduate/Master of Management Dual Degree,https://vancouver.calendar.ubc.ca/fees/tuition-fees/undergraduatemaster-management-dual-degree,International,[],,,Total Program Fees,international,,,,60937.66,"$60,937.66",Third-Year Entry*,Total Program Fees,,
vancouver,vantage_college,Vantage College,https://vancouver.calendar.ubc.ca/fees/tuition-fees/vantage-college,,[],Vantage College - Bachelor of Applied Science,,,,,,,70687.37,"Minimum program fees $70,687.37 for students entering program in 2026/27",Vantage College - Bachelor of Applied Science,Vantage College - Bachelor of Applied Science,,
vancouver,vantage_college,Vantage College,https://vancouver.calendar.ubc.ca/fees/tuition-fees/vantage-college,,[],Vantage College - Bachelor of Applied Science,,,,,,per_instalment,23562.46,"$23,562.46",Amount per instalment,Vantage College - Bachelor of Applied Science,,
vancouver,vantage_college,Vantage College,https://vancouver.calendar.ubc.ca/fees/tuition-fees/vantage-college,,[],Vantage College - Bachelor of Applied Science,,,,,,,67968.63,"Minimum program fees $67,968.63 for students entering program in 2025/26",Vantage College - Bachelor of Applied Science,Vantage College - Bachelor of Applied Science,,
vancouver,vantage_college,Vantage College,https://vancouver.calendar.ubc.ca/fees/tuition-fees/vantage-college,,[],Vantage College - Bachelor of Applied Science,,,,,,per_instalment,22656.21,"$22,656.21",Amount per instalment,Vantage College - Bachelor of Applied Science,,
vancouver,vantage_college,Vantage College,https://vancouver.calendar.ubc.ca/fees/tuition-fees/vantage-college,,[],Vantage College - Bachelor of Applied Science,,,,,,,67614.01,"Minimum program fees $67,614.01 for students entering program in 2026/27",Vantage College - Bachelor of Applied Science,Vantage College - Bachelor of Applied Science,,
vancouver,vantage_college,Vantage College,https://vancouver.calendar.ubc.ca/fees/tuition-fees/vantage-college,,[],Vantage College - Bachelor of Applied Science,,,,,,per_instalment,22538.0,"$22,538.00",Amount per instalment,Vantage College - Bachelor of Applied Science,,
vancouver,vantage_college,Vantage College,https://vancouver.calendar.ubc.ca/fees/tuition-fees/vantage-college,,[],Vantage College - Bachelor of Applied Science,,,,,,,65013.48,"Minimum program fees $65,013.48 for students entering program in 2025/26",Vantage College - Bachelor of Applied Science,Vantage College - Bachelor of Applied Science,,
vancouver,vantage_college,Vantage College,https://vancouver.calendar.ubc.ca/fees/tuition-fees/vantage-college,,[],Vantage College - Bachelor of Applied Science,,,,,,per_instalment,21671.16,"$21,671.16",Amount per instalment,Vantage College - Bachelor of Applied Science,,
vancouver,vantage_college,Vantage College,https://vancouver.calendar.ubc.ca/fees/tuition-fees/vantage-college,,[],Vantage College - Bachelor of Applied Science,,,,,,,70687.37,"Minimum program fees $70,687.37 for students entering program in 2026/27",Vantage College - Bachelor of Applied Science,Vantage College - Bachelor of Applied Science,,
vancouver,vantage_college,Vantage College,https://vancouver.calendar.ubc.ca/fees/tuition-fees/vantage-college,,[],Vantage College - Bachelor of Applied Science,,,,,,per_instalment,23562.46,"$23,562.46",Amount per instalment,Vantage College - Bachelor of Applied Science,,
vancouver,vantage_college,Vantage College,https://vancouver.calendar.ubc.ca/fees/tuition-fees/vantage-college,,[],Vantage College - Bachelor of Applied Science,,,,,,,67968.63,"Minimum program fees $67,968.63 for students entering program in 2025/26",Vantage College - Bachelor of Applied Science,Vantage College - Bachelor of Applied Science,,
vancouver,vantage_college,Vantage College,https://vancouver.calendar.ubc.ca/fees/tuition-fees/vantage-college,,[],Vantage College - Bachelor of Applied Science,,,,,,per_instalment,22656.21,"$22,656.21",Amount per instalment,Vantage College - Bachelor of Applied Science,,
vancouver,vantage_college,Vantage College,https://vancouver.calendar.ubc.ca/fees/tuition-fees/vantage-college,,[],Vantage College - Bachelor of Applied Science,,,,,,,70687.37,"Minimum program fees $70,687.37 for students entering program in 2026/27",Vantage College - Bachelor of Applied Science,Vantage College - Bachelor of Applied Science,,
vancouver,vantage_college,Vantage College,https://vancouver.calendar.ubc.ca/fees/tuition-fees/vantage-college,,[],Vantage College - Bachelor of Applied Science,,,,,,per_instalment,23562.46,"$23,562.46",Amount per instalment,Vantage College - Bachelor of Applied Science,,
vancouver,vantage_college,Vantage College,https://vancouver.calendar.ubc.ca/fees/tuition-fees/vantage-college,,[],Vantage College - Bachelor of Applied Science,,,,,,,67968.63,"Minimum program fees $67,968.63 for students entering program in 2025/26",Vantage College - Bachelor of Applied Science,Vantage College - Bachelor of Applied Science,,
vancouver,vantage_college,Vantage College,https://vancouver.calendar.ubc.ca/fees/tuition-fees/vantage-college,,[],Vantage College - Bachelor of Applied Science,,,,,,per_instalment,22656.21,"$22,656.21",Amount per instalment,Vantage College - Bachelor of Applied Science,,
