eid,lid,location,building_code,campus,room,capacity,state,date,start,end,minutes,collected_at
12019,1788,Koerner Library,KLIB,vancouver,167,8,free,2026-08-11,2026-08-11 08:00:00,2026-08-11 17:45:00,585,2026-08-11T08:33:32Z
12019,1788,Koerner Library,KLIB,vancouver,167,8,unavailable,2026-08-11,2026-08-11 17:45:00,2026-08-11 18:00:00,15,2026-08-11T08:33:32Z
12019,1788,Koerner Library,KLIB,vancouver,167,8,free,2026-08-12,2026-08-12 08:00:00,2026-08-12 17:45:00,585,2026-08-11T08:33:32Z
12019,1788,Koerner Library,KLIB,vancouver,167,8,unavailable,2026-08-12,2026-08-12 17:45:00,2026-08-12 18:00:00,15,2026-08-11T08:33:32Z
12019,1788,Koerner Library,KLIB,vancouver,167,8,free,2026-08-13,2026-08-13 08:00:00,2026-08-13 17:45:00,585,2026-08-11T08:33:32Z
12019,1788,Koerner Library,KLIB,vancouver,167,8,unavailable,2026-08-13,2026-08-13 17:45:00,2026-08-13 18:00:00,15,2026-08-11T08:33:32Z
12019,1788,Koerner Library,KLIB,vancouver,167,8,free,2026-08-14,2026-08-14 08:00:00,2026-08-14 17:45:00,585,2026-08-11T08:33:32Z
12019,1788,Koerner Library,KLIB,vancouver,167,8,unavailable,2026-08-14,2026-08-14 17:45:00,2026-08-14 18:00:00,15,2026-08-11T08:33:32Z
12019,1788,Koerner Library,KLIB,vancouver,167,8,free,2026-08-15,2026-08-15 11:00:00,2026-08-15 17:45:00,405,2026-08-11T08:33:32Z
12019,1788,Koerner Library,KLIB,vancouver,167,8,unavailable,2026-08-15,2026-08-15 17:45:00,2026-08-15 18:00:00,15,2026-08-11T08:33:32Z
12019,1788,Koerner Library,KLIB,vancouver,167,8,free,2026-08-17,2026-08-17 08:00:00,2026-08-17 17:45:00,585,2026-08-11T08:33:32Z
12019,1788,Koerner Library,KLIB,vancouver,167,8,unavailable,2026-08-17,2026-08-17 17:45:00,2026-08-17 18:00:00,15,2026-08-11T08:33:32Z
12019,1788,Koerner Library,KLIB,vancouver,167,8,free,2026-08-18,2026-08-18 08:00:00,2026-08-18 17:45:00,585,2026-08-11T08:33:32Z
12019,1788,Koerner Library,KLIB,vancouver,167,8,unavailable,2026-08-18,2026-08-18 17:45:00,2026-08-18 18:00:00,15,2026-08-11T08:33:32Z
12019,1788,Koerner Library,KLIB,vancouver,167,8,free,2026-08-19,2026-08-19 08:00:00,2026-08-19 17:45:00,585,2026-08-11T08:33:32Z
12019,1788,Koerner Library,KLIB,vancouver,167,8,unavailable,2026-08-19,2026-08-19 17:45:00,2026-08-19 18:00:00,15,2026-08-11T08:33:32Z
12019,1788,Koerner Library,KLIB,vancouver,167,8,free,2026-08-20,2026-08-20 08:00:00,2026-08-20 17:45:00,585,2026-08-11T08:33:32Z
12019,1788,Koerner Library,KLIB,vancouver,167,8,unavailable,2026-08-20,2026-08-20 17:45:00,2026-08-20 18:00:00,15,2026-08-11T08:33:32Z
12019,1788,Koerner Library,KLIB,vancouver,167,8,free,2026-08-21,2026-08-21 08:00:00,2026-08-21 17:45:00,585,2026-08-11T08:33:32Z
12019,1788,Koerner Library,KLIB,vancouver,167,8,unavailable,2026-08-21,2026-08-21 17:45:00,2026-08-21 18:00:00,15,2026-08-11T08:33:32Z
12019,1788,Koerner Library,KLIB,vancouver,167,8,free,2026-08-24,2026-08-24 08:00:00,2026-08-24 17:45:00,585,2026-08-11T08:33:32Z
12019,1788,Koerner Library,KLIB,vancouver,167,8,unavailable,2026-08-24,2026-08-24 17:45:00,2026-08-24 18:00:00,15,2026-08-11T08:33:32Z
12046,1788,Koerner Library,KLIB,vancouver,169,8,free,2026-08-11,2026-08-11 08:00:00,2026-08-11 17:45:00,585,2026-08-11T08:33:32Z
12046,1788,Koerner Library,KLIB,vancouver,169,8,unavailable,2026-08-11,2026-08-11 17:45:00,2026-08-11 18:00:00,15,2026-08-11T08:33:32Z
12046,1788,Koerner Library,KLIB,vancouver,169,8,free,2026-08-12,2026-08-12 08:00:00,2026-08-12 17:45:00,585,2026-08-11T08:33:32Z
12046,1788,Koerner Library,KLIB,vancouver,169,8,unavailable,2026-08-12,2026-08-12 17:45:00,2026-08-12 18:00:00,15,2026-08-11T08:33:32Z
12046,1788,Koerner Library,KLIB,vancouver,169,8,free,2026-08-13,2026-08-13 08:00:00,2026-08-13 17:45:00,585,2026-08-11T08:33:32Z
12046,1788,Koerner Library,KLIB,vancouver,169,8,unavailable,2026-08-13,2026-08-13 17:45:00,2026-08-13 18:00:00,15,2026-08-11T08:33:32Z
12046,1788,Koerner Library,KLIB,vancouver,169,8,free,2026-08-14,2026-08-14 08:00:00,2026-08-14 17:45:00,585,2026-08-11T08:33:32Z
12046,1788,Koerner Library,KLIB,vancouver,169,8,unavailable,2026-08-14,2026-08-14 17:45:00,2026-08-14 18:00:00,15,2026-08-11T08:33:32Z
12046,1788,Koerner Library,KLIB,vancouver,169,8,free,2026-08-15,2026-08-15 11:00:00,2026-08-15 17:45:00,405,2026-08-11T08:33:32Z
12046,1788,Koerner Library,KLIB,vancouver,169,8,unavailable,2026-08-15,2026-08-15 17:45:00,2026-08-15 18:00:00,15,2026-08-11T08:33:32Z
12046,1788,Koerner Library,KLIB,vancouver,169,8,free,2026-08-17,2026-08-17 08:00:00,2026-08-17 17:45:00,585,2026-08-11T08:33:32Z
12046,1788,Koerner Library,KLIB,vancouver,169,8,unavailable,2026-08-17,2026-08-17 17:45:00,2026-08-17 18:00:00,15,2026-08-11T08:33:32Z
12046,1788,Koerner Library,KLIB,vancouver,169,8,free,2026-08-18,2026-08-18 08:00:00,2026-08-18 17:45:00,585,2026-08-11T08:33:32Z
12046,1788,Koerner Library,KLIB,vancouver,169,8,unavailable,2026-08-18,2026-08-18 17:45:00,2026-08-18 18:00:00,15,2026-08-11T08:33:32Z
12046,1788,Koerner Library,KLIB,vancouver,169,8,free,2026-08-19,2026-08-19 08:00:00,2026-08-19 17:45:00,585,2026-08-11T08:33:32Z
12046,1788,Koerner Library,KLIB,vancouver,169,8,unavailable,2026-08-19,2026-08-19 17:45:00,2026-08-19 18:00:00,15,2026-08-11T08:33:32Z
12046,1788,Koerner Library,KLIB,vancouver,169,8,free,2026-08-20,2026-08-20 08:00:00,2026-08-20 17:45:00,585,2026-08-11T08:33:32Z
12046,1788,Koerner Library,KLIB,vancouver,169,8,unavailable,2026-08-20,2026-08-20 17:45:00,2026-08-20 18:00:00,15,2026-08-11T08:33:32Z
12046,1788,Koerner Library,KLIB,vancouver,169,8,free,2026-08-21,2026-08-21 08:00:00,2026-08-21 17:45:00,585,2026-08-11T08:33:32Z
12046,1788,Koerner Library,KLIB,vancouver,169,8,unavailable,2026-08-21,2026-08-21 17:45:00,2026-08-21 18:00:00,15,2026-08-11T08:33:32Z
12046,1788,Koerner Library,KLIB,vancouver,169,8,free,2026-08-24,2026-08-24 08:00:00,2026-08-24 17:45:00,585,2026-08-11T08:33:32Z
12046,1788,Koerner Library,KLIB,vancouver,169,8,unavailable,2026-08-24,2026-08-24 17:45:00,2026-08-24 18:00:00,15,2026-08-11T08:33:32Z
12135,1788,Koerner Library,KLIB,vancouver,216 - Staff Classroom,35,free,2026-08-11,2026-08-11 08:00:00,2026-08-11 18:00:00,600,2026-08-11T08:33:32Z
12135,1788,Koerner Library,KLIB,vancouver,216 - Staff Classroom,35,free,2026-08-12,2026-08-12 08:00:00,2026-08-12 18:00:00,600,2026-08-11T08:33:32Z
12135,1788,Koerner Library,KLIB,vancouver,216 - Staff Classroom,35,free,2026-08-13,2026-08-13 08:00:00,2026-08-13 18:00:00,600,2026-08-11T08:33:32Z
12135,1788,Koerner Library,KLIB,vancouver,216 - Staff Classroom,35,free,2026-08-14,2026-08-14 08:00:00,2026-08-14 18:00:00,600,2026-08-11T08:33:32Z
12135,1788,Koerner Library,KLIB,vancouver,216 - Staff Classroom,35,free,2026-08-15,2026-08-15 11:00:00,2026-08-15 18:00:00,420,2026-08-11T08:33:32Z
12135,1788,Koerner Library,KLIB,vancouver,216 - Staff Classroom,35,free,2026-08-17,2026-08-17 08:00:00,2026-08-17 18:00:00,600,2026-08-11T08:33:32Z
12135,1788,Koerner Library,KLIB,vancouver,216 - Staff Classroom,35,free,2026-08-18,2026-08-18 08:00:00,2026-08-18 18:00:00,600,2026-08-11T08:33:32Z
12135,1788,Koerner Library,KLIB,vancouver,216 - Staff Classroom,35,free,2026-08-19,2026-08-19 08:00:00,2026-08-19 18:00:00,600,2026-08-11T08:33:32Z
12135,1788,Koerner Library,KLIB,vancouver,216 - Staff Classroom,35,free,2026-08-20,2026-08-20 08:00:00,2026-08-20 18:00:00,600,2026-08-11T08:33:32Z
12135,1788,Koerner Library,KLIB,vancouver,216 - Staff Classroom,35,free,2026-08-21,2026-08-21 08:00:00,2026-08-21 18:00:00,600,2026-08-11T08:33:32Z
12135,1788,Koerner Library,KLIB,vancouver,216 - Staff Classroom,35,free,2026-08-24,2026-08-24 08:00:00,2026-08-24 18:00:00,600,2026-08-11T08:33:32Z
12136,1788,Koerner Library,KLIB,vancouver,217 - Computer Lab,20,free,2026-08-11,2026-08-11 08:00:00,2026-08-11 18:00:00,600,2026-08-11T08:33:32Z
12136,1788,Koerner Library,KLIB,vancouver,217 - Computer Lab,20,free,2026-08-12,2026-08-12 08:00:00,2026-08-12 18:00:00,600,2026-08-11T08:33:32Z
12136,1788,Koerner Library,KLIB,vancouver,217 - Computer Lab,20,free,2026-08-13,2026-08-13 08:00:00,2026-08-13 18:00:00,600,2026-08-11T08:33:32Z
12136,1788,Koerner Library,KLIB,vancouver,217 - Computer Lab,20,free,2026-08-14,2026-08-14 08:00:00,2026-08-14 18:00:00,600,2026-08-11T08:33:32Z
12136,1788,Koerner Library,KLIB,vancouver,217 - Computer Lab,20,free,2026-08-15,2026-08-15 11:00:00,2026-08-15 18:00:00,420,2026-08-11T08:33:32Z
12136,1788,Koerner Library,KLIB,vancouver,217 - Computer Lab,20,free,2026-08-17,2026-08-17 08:00:00,2026-08-17 18:00:00,600,2026-08-11T08:33:32Z
12136,1788,Koerner Library,KLIB,vancouver,217 - Computer Lab,20,free,2026-08-18,2026-08-18 08:00:00,2026-08-18 18:00:00,600,2026-08-11T08:33:32Z
12136,1788,Koerner Library,KLIB,vancouver,217 - Computer Lab,20,free,2026-08-19,2026-08-19 08:00:00,2026-08-19 18:00:00,600,2026-08-11T08:33:32Z
12136,1788,Koerner Library,KLIB,vancouver,217 - Computer Lab,20,free,2026-08-20,2026-08-20 08:00:00,2026-08-20 18:00:00,600,2026-08-11T08:33:32Z
12136,1788,Koerner Library,KLIB,vancouver,217 - Computer Lab,20,free,2026-08-21,2026-08-21 08:00:00,2026-08-21 18:00:00,600,2026-08-11T08:33:32Z
12136,1788,Koerner Library,KLIB,vancouver,217 - Computer Lab,20,free,2026-08-24,2026-08-24 08:00:00,2026-08-24 18:00:00,600,2026-08-11T08:33:32Z
20610,1788,Koerner Library,KLIB,vancouver,151,8,free,2026-08-11,2026-08-11 08:00:00,2026-08-11 17:45:00,585,2026-08-11T08:33:32Z
20610,1788,Koerner Library,KLIB,vancouver,151,8,unavailable,2026-08-11,2026-08-11 17:45:00,2026-08-11 18:00:00,15,2026-08-11T08:33:32Z
20610,1788,Koerner Library,KLIB,vancouver,151,8,free,2026-08-12,2026-08-12 08:00:00,2026-08-12 17:45:00,585,2026-08-11T08:33:32Z
20610,1788,Koerner Library,KLIB,vancouver,151,8,unavailable,2026-08-12,2026-08-12 17:45:00,2026-08-12 18:00:00,15,2026-08-11T08:33:32Z
20610,1788,Koerner Library,KLIB,vancouver,151,8,free,2026-08-13,2026-08-13 08:00:00,2026-08-13 17:45:00,585,2026-08-11T08:33:32Z
20610,1788,Koerner Library,KLIB,vancouver,151,8,unavailable,2026-08-13,2026-08-13 17:45:00,2026-08-13 18:00:00,15,2026-08-11T08:33:32Z
20610,1788,Koerner Library,KLIB,vancouver,151,8,free,2026-08-14,2026-08-14 08:00:00,2026-08-14 17:45:00,585,2026-08-11T08:33:32Z
20610,1788,Koerner Library,KLIB,vancouver,151,8,unavailable,2026-08-14,2026-08-14 17:45:00,2026-08-14 18:00:00,15,2026-08-11T08:33:32Z
20610,1788,Koerner Library,KLIB,vancouver,151,8,free,2026-08-15,2026-08-15 11:00:00,2026-08-15 17:45:00,405,2026-08-11T08:33:32Z
20610,1788,Koerner Library,KLIB,vancouver,151,8,unavailable,2026-08-15,2026-08-15 17:45:00,2026-08-15 18:00:00,15,2026-08-11T08:33:32Z
20610,1788,Koerner Library,KLIB,vancouver,151,8,free,2026-08-17,2026-08-17 08:00:00,2026-08-17 17:45:00,585,2026-08-11T08:33:32Z
20610,1788,Koerner Library,KLIB,vancouver,151,8,unavailable,2026-08-17,2026-08-17 17:45:00,2026-08-17 18:00:00,15,2026-08-11T08:33:32Z
20610,1788,Koerner Library,KLIB,vancouver,151,8,free,2026-08-18,2026-08-18 08:00:00,2026-08-18 17:45:00,585,2026-08-11T08:33:32Z
20610,1788,Koerner Library,KLIB,vancouver,151,8,unavailable,2026-08-18,2026-08-18 17:45:00,2026-08-18 18:00:00,15,2026-08-11T08:33:32Z
20610,1788,Koerner Library,KLIB,vancouver,151,8,free,2026-08-19,2026-08-19 08:00:00,2026-08-19 17:45:00,585,2026-08-11T08:33:32Z
20610,1788,Koerner Library,KLIB,vancouver,151,8,unavailable,2026-08-19,2026-08-19 17:45:00,2026-08-19 18:00:00,15,2026-08-11T08:33:32Z
20610,1788,Koerner Library,KLIB,vancouver,151,8,free,2026-08-20,2026-08-20 08:00:00,2026-08-20 17:45:00,585,2026-08-11T08:33:32Z
20610,1788,Koerner Library,KLIB,vancouver,151,8,unavailable,2026-08-20,2026-08-20 17:45:00,2026-08-20 18:00:00,15,2026-08-11T08:33:32Z
20610,1788,Koerner Library,KLIB,vancouver,151,8,free,2026-08-21,2026-08-21 08:00:00,2026-08-21 17:45:00,585,2026-08-11T08:33:32Z
20610,1788,Koerner Library,KLIB,vancouver,151,8,unavailable,2026-08-21,2026-08-21 17:45:00,2026-08-21 18:00:00,15,2026-08-11T08:33:32Z
20610,1788,Koerner Library,KLIB,vancouver,151,8,free,2026-08-24,2026-08-24 08:00:00,2026-08-24 17:45:00,585,2026-08-11T08:33:32Z
20610,1788,Koerner Library,KLIB,vancouver,151,8,unavailable,2026-08-24,2026-08-24 17:45:00,2026-08-24 18:00:00,15,2026-08-11T08:33:32Z
20611,1788,Koerner Library,KLIB,vancouver,168,16,free,2026-08-11,2026-08-11 08:00:00,2026-08-11 17:45:00,585,2026-08-11T08:33:32Z
20611,1788,Koerner Library,KLIB,vancouver,168,16,unavailable,2026-08-11,2026-08-11 17:45:00,2026-08-11 18:00:00,15,2026-08-11T08:33:32Z
20611,1788,Koerner Library,KLIB,vancouver,168,16,free,2026-08-12,2026-08-12 08:00:00,2026-08-12 17:45:00,585,2026-08-11T08:33:32Z
20611,1788,Koerner Library,KLIB,vancouver,168,16,unavailable,2026-08-12,2026-08-12 17:45:00,2026-08-12 18:00:00,15,2026-08-11T08:33:32Z
20611,1788,Koerner Library,KLIB,vancouver,168,16,free,2026-08-13,2026-08-13 08:00:00,2026-08-13 17:45:00,585,2026-08-11T08:33:32Z
20611,1788,Koerner Library,KLIB,vancouver,168,16,unavailable,2026-08-13,2026-08-13 17:45:00,2026-08-13 18:00:00,15,2026-08-11T08:33:32Z
20611,1788,Koerner Library,KLIB,vancouver,168,16,free,2026-08-14,2026-08-14 08:00:00,2026-08-14 17:45:00,585,2026-08-11T08:33:32Z
20611,1788,Koerner Library,KLIB,vancouver,168,16,unavailable,2026-08-14,2026-08-14 17:45:00,2026-08-14 18:00:00,15,2026-08-11T08:33:32Z
20611,1788,Koerner Library,KLIB,vancouver,168,16,free,2026-08-15,2026-08-15 11:00:00,2026-08-15 17:45:00,405,2026-08-11T08:33:32Z
20611,1788,Koerner Library,KLIB,vancouver,168,16,unavailable,2026-08-15,2026-08-15 17:45:00,2026-08-15 18:00:00,15,2026-08-11T08:33:32Z
20611,1788,Koerner Library,KLIB,vancouver,168,16,free,2026-08-17,2026-08-17 08:00:00,2026-08-17 17:45:00,585,2026-08-11T08:33:32Z
20611,1788,Koerner Library,KLIB,vancouver,168,16,unavailable,2026-08-17,2026-08-17 17:45:00,2026-08-17 18:00:00,15,2026-08-11T08:33:32Z
20611,1788,Koerner Library,KLIB,vancouver,168,16,free,2026-08-18,2026-08-18 08:00:00,2026-08-18 17:45:00,585,2026-08-11T08:33:32Z
20611,1788,Koerner Library,KLIB,vancouver,168,16,unavailable,2026-08-18,2026-08-18 17:45:00,2026-08-18 18:00:00,15,2026-08-11T08:33:32Z
20611,1788,Koerner Library,KLIB,vancouver,168,16,free,2026-08-19,2026-08-19 08:00:00,2026-08-19 17:45:00,585,2026-08-11T08:33:32Z
20611,1788,Koerner Library,KLIB,vancouver,168,16,unavailable,2026-08-19,2026-08-19 17:45:00,2026-08-19 18:00:00,15,2026-08-11T08:33:32Z
20611,1788,Koerner Library,KLIB,vancouver,168,16,free,2026-08-20,2026-08-20 08:00:00,2026-08-20 17:45:00,585,2026-08-11T08:33:32Z
20611,1788,Koerner Library,KLIB,vancouver,168,16,unavailable,2026-08-20,2026-08-20 17:45:00,2026-08-20 18:00:00,15,2026-08-11T08:33:32Z
20611,1788,Koerner Library,KLIB,vancouver,168,16,free,2026-08-21,2026-08-21 08:00:00,2026-08-21 17:45:00,585,2026-08-11T08:33:32Z
20611,1788,Koerner Library,KLIB,vancouver,168,16,unavailable,2026-08-21,2026-08-21 17:45:00,2026-08-21 18:00:00,15,2026-08-11T08:33:32Z
20611,1788,Koerner Library,KLIB,vancouver,168,16,free,2026-08-24,2026-08-24 08:00:00,2026-08-24 17:45:00,585,2026-08-11T08:33:32Z
20611,1788,Koerner Library,KLIB,vancouver,168,16,unavailable,2026-08-24,2026-08-24 17:45:00,2026-08-24 18:00:00,15,2026-08-11T08:33:32Z
27632,1788,Koerner Library,KLIB,vancouver,113 - Staff Breakroom,30,free,2026-08-11,2026-08-11 08:00:00,2026-08-11 18:00:00,600,2026-08-11T08:33:32Z
27632,1788,Koerner Library,KLIB,vancouver,113 - Staff Breakroom,30,free,2026-08-12,2026-08-12 08:00:00,2026-08-12 18:00:00,600,2026-08-11T08:33:32Z
27632,1788,Koerner Library,KLIB,vancouver,113 - Staff Breakroom,30,free,2026-08-13,2026-08-13 08:00:00,2026-08-13 18:00:00,600,2026-08-11T08:33:32Z
27632,1788,Koerner Library,KLIB,vancouver,113 - Staff Breakroom,30,free,2026-08-14,2026-08-14 08:00:00,2026-08-14 18:00:00,600,2026-08-11T08:33:32Z
27632,1788,Koerner Library,KLIB,vancouver,113 - Staff Breakroom,30,free,2026-08-15,2026-08-15 11:00:00,2026-08-15 18:00:00,420,2026-08-11T08:33:32Z
27632,1788,Koerner Library,KLIB,vancouver,113 - Staff Breakroom,30,free,2026-08-17,2026-08-17 08:00:00,2026-08-17 18:00:00,600,2026-08-11T08:33:32Z
27632,1788,Koerner Library,KLIB,vancouver,113 - Staff Breakroom,30,free,2026-08-18,2026-08-18 08:00:00,2026-08-18 18:00:00,600,2026-08-11T08:33:32Z
27632,1788,Koerner Library,KLIB,vancouver,113 - Staff Breakroom,30,free,2026-08-19,2026-08-19 08:00:00,2026-08-19 18:00:00,600,2026-08-11T08:33:32Z
27632,1788,Koerner Library,KLIB,vancouver,113 - Staff Breakroom,30,free,2026-08-20,2026-08-20 08:00:00,2026-08-20 18:00:00,600,2026-08-11T08:33:32Z
27632,1788,Koerner Library,KLIB,vancouver,113 - Staff Breakroom,30,free,2026-08-21,2026-08-21 08:00:00,2026-08-21 18:00:00,600,2026-08-11T08:33:32Z
27632,1788,Koerner Library,KLIB,vancouver,113 - Staff Breakroom,30,free,2026-08-24,2026-08-24 08:00:00,2026-08-24 18:00:00,600,2026-08-11T08:33:32Z
33141,1788,Koerner Library,KLIB,vancouver,341 - Level 3 Fireplace Area,75,free,2026-08-11,2026-08-11 08:00:00,2026-08-11 18:00:00,600,2026-08-11T08:33:32Z
33141,1788,Koerner Library,KLIB,vancouver,341 - Level 3 Fireplace Area,75,free,2026-08-12,2026-08-12 08:00:00,2026-08-12 18:00:00,600,2026-08-11T08:33:32Z
33141,1788,Koerner Library,KLIB,vancouver,341 - Level 3 Fireplace Area,75,free,2026-08-13,2026-08-13 08:00:00,2026-08-13 18:00:00,600,2026-08-11T08:33:32Z
33141,1788,Koerner Library,KLIB,vancouver,341 - Level 3 Fireplace Area,75,free,2026-08-14,2026-08-14 08:00:00,2026-08-14 18:00:00,600,2026-08-11T08:33:32Z
33141,1788,Koerner Library,KLIB,vancouver,341 - Level 3 Fireplace Area,75,free,2026-08-15,2026-08-15 11:00:00,2026-08-15 18:00:00,420,2026-08-11T08:33:32Z
33141,1788,Koerner Library,KLIB,vancouver,341 - Level 3 Fireplace Area,75,free,2026-08-17,2026-08-17 08:00:00,2026-08-17 18:00:00,600,2026-08-11T08:33:32Z
33141,1788,Koerner Library,KLIB,vancouver,341 - Level 3 Fireplace Area,75,free,2026-08-18,2026-08-18 08:00:00,2026-08-18 18:00:00,600,2026-08-11T08:33:32Z
33141,1788,Koerner Library,KLIB,vancouver,341 - Level 3 Fireplace Area,75,free,2026-08-19,2026-08-19 08:00:00,2026-08-19 18:00:00,600,2026-08-11T08:33:32Z
33141,1788,Koerner Library,KLIB,vancouver,341 - Level 3 Fireplace Area,75,free,2026-08-20,2026-08-20 08:00:00,2026-08-20 18:00:00,600,2026-08-11T08:33:32Z
33141,1788,Koerner Library,KLIB,vancouver,341 - Level 3 Fireplace Area,75,free,2026-08-21,2026-08-21 08:00:00,2026-08-21 18:00:00,600,2026-08-11T08:33:32Z
33141,1788,Koerner Library,KLIB,vancouver,341 - Level 3 Fireplace Area,75,free,2026-08-24,2026-08-24 08:00:00,2026-08-24 18:00:00,600,2026-08-11T08:33:32Z
12048,1789,Woodward Library,WLIB,vancouver,20B,6,free,2026-08-11,2026-08-11 09:00:00,2026-08-11 20:45:00,705,2026-08-11T08:33:32Z
12048,1789,Woodward Library,WLIB,vancouver,20B,6,unavailable,2026-08-11,2026-08-11 20:45:00,2026-08-11 21:00:00,15,2026-08-11T08:33:32Z
12048,1789,Woodward Library,WLIB,vancouver,20B,6,free,2026-08-12,2026-08-12 09:00:00,2026-08-12 20:45:00,705,2026-08-11T08:33:32Z
12048,1789,Woodward Library,WLIB,vancouver,20B,6,unavailable,2026-08-12,2026-08-12 20:45:00,2026-08-12 21:00:00,15,2026-08-11T08:33:32Z
12048,1789,Woodward Library,WLIB,vancouver,20B,6,free,2026-08-13,2026-08-13 09:00:00,2026-08-13 16:45:00,465,2026-08-11T08:33:32Z
12048,1789,Woodward Library,WLIB,vancouver,20B,6,unavailable,2026-08-13,2026-08-13 16:45:00,2026-08-13 17:00:00,15,2026-08-11T08:33:32Z
12048,1789,Woodward Library,WLIB,vancouver,20B,6,free,2026-08-14,2026-08-14 09:00:00,2026-08-14 16:45:00,465,2026-08-11T08:33:32Z
12048,1789,Woodward Library,WLIB,vancouver,20B,6,unavailable,2026-08-14,2026-08-14 16:45:00,2026-08-14 17:00:00,15,2026-08-11T08:33:32Z
12048,1789,Woodward Library,WLIB,vancouver,20B,6,free,2026-08-15,2026-08-15 10:00:00,2026-08-15 16:45:00,405,2026-08-11T08:33:32Z
12048,1789,Woodward Library,WLIB,vancouver,20B,6,unavailable,2026-08-15,2026-08-15 16:45:00,2026-08-15 17:00:00,15,2026-08-11T08:33:32Z
12048,1789,Woodward Library,WLIB,vancouver,20B,6,free,2026-08-17,2026-08-17 09:00:00,2026-08-17 16:45:00,465,2026-08-11T08:33:32Z
12048,1789,Woodward Library,WLIB,vancouver,20B,6,unavailable,2026-08-17,2026-08-17 16:45:00,2026-08-17 17:00:00,15,2026-08-11T08:33:32Z
12048,1789,Woodward Library,WLIB,vancouver,20B,6,free,2026-08-18,2026-08-18 09:00:00,2026-08-18 20:45:00,705,2026-08-11T08:33:32Z
12048,1789,Woodward Library,WLIB,vancouver,20B,6,unavailable,2026-08-18,2026-08-18 20:45:00,2026-08-18 21:00:00,15,2026-08-11T08:33:32Z
12048,1789,Woodward Library,WLIB,vancouver,20B,6,free,2026-08-19,2026-08-19 09:00:00,2026-08-19 20:45:00,705,2026-08-11T08:33:32Z
12048,1789,Woodward Library,WLIB,vancouver,20B,6,unavailable,2026-08-19,2026-08-19 20:45:00,2026-08-19 21:00:00,15,2026-08-11T08:33:32Z
12048,1789,Woodward Library,WLIB,vancouver,20B,6,free,2026-08-20,2026-08-20 09:00:00,2026-08-20 16:45:00,465,2026-08-11T08:33:32Z
12048,1789,Woodward Library,WLIB,vancouver,20B,6,unavailable,2026-08-20,2026-08-20 16:45:00,2026-08-20 17:00:00,15,2026-08-11T08:33:32Z
12048,1789,Woodward Library,WLIB,vancouver,20B,6,free,2026-08-21,2026-08-21 09:00:00,2026-08-21 16:45:00,465,2026-08-11T08:33:32Z
12048,1789,Woodward Library,WLIB,vancouver,20B,6,unavailable,2026-08-21,2026-08-21 16:45:00,2026-08-21 17:00:00,15,2026-08-11T08:33:32Z
12048,1789,Woodward Library,WLIB,vancouver,20B,6,free,2026-08-22,2026-08-22 10:00:00,2026-08-22 16:45:00,405,2026-08-11T08:33:32Z
12048,1789,Woodward Library,WLIB,vancouver,20B,6,unavailable,2026-08-22,2026-08-22 16:45:00,2026-08-22 17:00:00,15,2026-08-11T08:33:32Z
12048,1789,Woodward Library,WLIB,vancouver,20B,6,free,2026-08-24,2026-08-24 09:00:00,2026-08-24 16:45:00,465,2026-08-11T08:33:32Z
12048,1789,Woodward Library,WLIB,vancouver,20B,6,unavailable,2026-08-24,2026-08-24 16:45:00,2026-08-24 17:00:00,15,2026-08-11T08:33:32Z
12049,1789,Woodward Library,WLIB,vancouver,20D,6,free,2026-08-11,2026-08-11 09:00:00,2026-08-11 20:45:00,705,2026-08-11T08:33:32Z
12049,1789,Woodward Library,WLIB,vancouver,20D,6,unavailable,2026-08-11,2026-08-11 20:45:00,2026-08-11 21:00:00,15,2026-08-11T08:33:32Z
12049,1789,Woodward Library,WLIB,vancouver,20D,6,free,2026-08-12,2026-08-12 09:00:00,2026-08-12 20:45:00,705,2026-08-11T08:33:32Z
12049,1789,Woodward Library,WLIB,vancouver,20D,6,unavailable,2026-08-12,2026-08-12 20:45:00,2026-08-12 21:00:00,15,2026-08-11T08:33:32Z
12049,1789,Woodward Library,WLIB,vancouver,20D,6,free,2026-08-13,2026-08-13 09:00:00,2026-08-13 16:45:00,465,2026-08-11T08:33:32Z
12049,1789,Woodward Library,WLIB,vancouver,20D,6,unavailable,2026-08-13,2026-08-13 16:45:00,2026-08-13 17:00:00,15,2026-08-11T08:33:32Z
12049,1789,Woodward Library,WLIB,vancouver,20D,6,free,2026-08-14,2026-08-14 09:00:00,2026-08-14 16:45:00,465,2026-08-11T08:33:32Z
12049,1789,Woodward Library,WLIB,vancouver,20D,6,unavailable,2026-08-14,2026-08-14 16:45:00,2026-08-14 17:00:00,15,2026-08-11T08:33:32Z
12049,1789,Woodward Library,WLIB,vancouver,20D,6,free,2026-08-15,2026-08-15 10:00:00,2026-08-15 16:45:00,405,2026-08-11T08:33:32Z
12049,1789,Woodward Library,WLIB,vancouver,20D,6,unavailable,2026-08-15,2026-08-15 16:45:00,2026-08-15 17:00:00,15,2026-08-11T08:33:32Z
12049,1789,Woodward Library,WLIB,vancouver,20D,6,free,2026-08-17,2026-08-17 09:00:00,2026-08-17 16:45:00,465,2026-08-11T08:33:32Z
12049,1789,Woodward Library,WLIB,vancouver,20D,6,unavailable,2026-08-17,2026-08-17 16:45:00,2026-08-17 17:00:00,15,2026-08-11T08:33:32Z
12049,1789,Woodward Library,WLIB,vancouver,20D,6,free,2026-08-18,2026-08-18 09:00:00,2026-08-18 20:45:00,705,2026-08-11T08:33:32Z
12049,1789,Woodward Library,WLIB,vancouver,20D,6,unavailable,2026-08-18,2026-08-18 20:45:00,2026-08-18 21:00:00,15,2026-08-11T08:33:32Z
12049,1789,Woodward Library,WLIB,vancouver,20D,6,free,2026-08-19,2026-08-19 09:00:00,2026-08-19 20:45:00,705,2026-08-11T08:33:32Z
12049,1789,Woodward Library,WLIB,vancouver,20D,6,unavailable,2026-08-19,2026-08-19 20:45:00,2026-08-19 21:00:00,15,2026-08-11T08:33:32Z
12049,1789,Woodward Library,WLIB,vancouver,20D,6,free,2026-08-20,2026-08-20 09:00:00,2026-08-20 16:45:00,465,2026-08-11T08:33:32Z
12049,1789,Woodward Library,WLIB,vancouver,20D,6,unavailable,2026-08-20,2026-08-20 16:45:00,2026-08-20 17:00:00,15,2026-08-11T08:33:32Z
12049,1789,Woodward Library,WLIB,vancouver,20D,6,free,2026-08-21,2026-08-21 09:00:00,2026-08-21 16:45:00,465,2026-08-11T08:33:32Z
12049,1789,Woodward Library,WLIB,vancouver,20D,6,unavailable,2026-08-21,2026-08-21 16:45:00,2026-08-21 17:00:00,15,2026-08-11T08:33:32Z
12049,1789,Woodward Library,WLIB,vancouver,20D,6,free,2026-08-22,2026-08-22 10:00:00,2026-08-22 16:45:00,405,2026-08-11T08:33:32Z
12049,1789,Woodward Library,WLIB,vancouver,20D,6,unavailable,2026-08-22,2026-08-22 16:45:00,2026-08-22 17:00:00,15,2026-08-11T08:33:32Z
12049,1789,Woodward Library,WLIB,vancouver,20D,6,free,2026-08-24,2026-08-24 09:00:00,2026-08-24 16:45:00,465,2026-08-11T08:33:32Z
12049,1789,Woodward Library,WLIB,vancouver,20D,6,unavailable,2026-08-24,2026-08-24 16:45:00,2026-08-24 17:00:00,15,2026-08-11T08:33:32Z
12050,1789,Woodward Library,WLIB,vancouver,20C,6,free,2026-08-11,2026-08-11 09:00:00,2026-08-11 20:45:00,705,2026-08-11T08:33:32Z
12050,1789,Woodward Library,WLIB,vancouver,20C,6,unavailable,2026-08-11,2026-08-11 20:45:00,2026-08-11 21:00:00,15,2026-08-11T08:33:32Z
12050,1789,Woodward Library,WLIB,vancouver,20C,6,free,2026-08-12,2026-08-12 09:00:00,2026-08-12 20:45:00,705,2026-08-11T08:33:32Z
12050,1789,Woodward Library,WLIB,vancouver,20C,6,unavailable,2026-08-12,2026-08-12 20:45:00,2026-08-12 21:00:00,15,2026-08-11T08:33:32Z
12050,1789,Woodward Library,WLIB,vancouver,20C,6,free,2026-08-13,2026-08-13 09:00:00,2026-08-13 16:45:00,465,2026-08-11T08:33:32Z
12050,1789,Woodward Library,WLIB,vancouver,20C,6,unavailable,2026-08-13,2026-08-13 16:45:00,2026-08-13 17:00:00,15,2026-08-11T08:33:32Z
12050,1789,Woodward Library,WLIB,vancouver,20C,6,free,2026-08-14,2026-08-14 09:00:00,2026-08-14 16:45:00,465,2026-08-11T08:33:32Z
12050,1789,Woodward Library,WLIB,vancouver,20C,6,unavailable,2026-08-14,2026-08-14 16:45:00,2026-08-14 17:00:00,15,2026-08-11T08:33:32Z
12050,1789,Woodward Library,WLIB,vancouver,20C,6,free,2026-08-15,2026-08-15 10:00:00,2026-08-15 16:45:00,405,2026-08-11T08:33:32Z
12050,1789,Woodward Library,WLIB,vancouver,20C,6,unavailable,2026-08-15,2026-08-15 16:45:00,2026-08-15 17:00:00,15,2026-08-11T08:33:32Z
12050,1789,Woodward Library,WLIB,vancouver,20C,6,free,2026-08-17,2026-08-17 09:00:00,2026-08-17 16:45:00,465,2026-08-11T08:33:32Z
12050,1789,Woodward Library,WLIB,vancouver,20C,6,unavailable,2026-08-17,2026-08-17 16:45:00,2026-08-17 17:00:00,15,2026-08-11T08:33:32Z
12050,1789,Woodward Library,WLIB,vancouver,20C,6,free,2026-08-18,2026-08-18 09:00:00,2026-08-18 20:45:00,705,2026-08-11T08:33:32Z
12050,1789,Woodward Library,WLIB,vancouver,20C,6,unavailable,2026-08-18,2026-08-18 20:45:00,2026-08-18 21:00:00,15,2026-08-11T08:33:32Z
12050,1789,Woodward Library,WLIB,vancouver,20C,6,free,2026-08-19,2026-08-19 09:00:00,2026-08-19 20:45:00,705,2026-08-11T08:33:32Z
12050,1789,Woodward Library,WLIB,vancouver,20C,6,unavailable,2026-08-19,2026-08-19 20:45:00,2026-08-19 21:00:00,15,2026-08-11T08:33:32Z
12050,1789,Woodward Library,WLIB,vancouver,20C,6,free,2026-08-20,2026-08-20 09:00:00,2026-08-20 16:45:00,465,2026-08-11T08:33:32Z
12050,1789,Woodward Library,WLIB,vancouver,20C,6,unavailable,2026-08-20,2026-08-20 16:45:00,2026-08-20 17:00:00,15,2026-08-11T08:33:32Z
12050,1789,Woodward Library,WLIB,vancouver,20C,6,free,2026-08-21,2026-08-21 09:00:00,2026-08-21 16:45:00,465,2026-08-11T08:33:32Z
12050,1789,Woodward Library,WLIB,vancouver,20C,6,unavailable,2026-08-21,2026-08-21 16:45:00,2026-08-21 17:00:00,15,2026-08-11T08:33:32Z
12050,1789,Woodward Library,WLIB,vancouver,20C,6,free,2026-08-22,2026-08-22 10:00:00,2026-08-22 16:45:00,405,2026-08-11T08:33:32Z
12050,1789,Woodward Library,WLIB,vancouver,20C,6,unavailable,2026-08-22,2026-08-22 16:45:00,2026-08-22 17:00:00,15,2026-08-11T08:33:32Z
12050,1789,Woodward Library,WLIB,vancouver,20C,6,free,2026-08-24,2026-08-24 09:00:00,2026-08-24 16:45:00,465,2026-08-11T08:33:32Z
12050,1789,Woodward Library,WLIB,vancouver,20C,6,unavailable,2026-08-24,2026-08-24 16:45:00,2026-08-24 17:00:00,15,2026-08-11T08:33:32Z
12054,1789,Woodward Library,WLIB,vancouver,215,6,free,2026-08-11,2026-08-11 09:00:00,2026-08-11 20:45:00,705,2026-08-11T08:33:32Z
12054,1789,Woodward Library,WLIB,vancouver,215,6,unavailable,2026-08-11,2026-08-11 20:45:00,2026-08-11 21:00:00,15,2026-08-11T08:33:32Z
12054,1789,Woodward Library,WLIB,vancouver,215,6,free,2026-08-12,2026-08-12 09:00:00,2026-08-12 20:45:00,705,2026-08-11T08:33:32Z
12054,1789,Woodward Library,WLIB,vancouver,215,6,unavailable,2026-08-12,2026-08-12 20:45:00,2026-08-12 21:00:00,15,2026-08-11T08:33:32Z
12054,1789,Woodward Library,WLIB,vancouver,215,6,free,2026-08-13,2026-08-13 09:00:00,2026-08-13 16:45:00,465,2026-08-11T08:33:32Z
12054,1789,Woodward Library,WLIB,vancouver,215,6,unavailable,2026-08-13,2026-08-13 16:45:00,2026-08-13 17:00:00,15,2026-08-11T08:33:32Z
12054,1789,Woodward Library,WLIB,vancouver,215,6,free,2026-08-14,2026-08-14 09:00:00,2026-08-14 16:45:00,465,2026-08-11T08:33:32Z
12054,1789,Woodward Library,WLIB,vancouver,215,6,unavailable,2026-08-14,2026-08-14 16:45:00,2026-08-14 17:00:00,15,2026-08-11T08:33:32Z
12054,1789,Woodward Library,WLIB,vancouver,215,6,free,2026-08-15,2026-08-15 10:00:00,2026-08-15 16:45:00,405,2026-08-11T08:33:32Z
12054,1789,Woodward Library,WLIB,vancouver,215,6,unavailable,2026-08-15,2026-08-15 16:45:00,2026-08-15 17:00:00,15,2026-08-11T08:33:32Z
12054,1789,Woodward Library,WLIB,vancouver,215,6,free,2026-08-17,2026-08-17 09:00:00,2026-08-17 16:45:00,465,2026-08-11T08:33:32Z
12054,1789,Woodward Library,WLIB,vancouver,215,6,unavailable,2026-08-17,2026-08-17 16:45:00,2026-08-17 17:00:00,15,2026-08-11T08:33:32Z
12054,1789,Woodward Library,WLIB,vancouver,215,6,free,2026-08-18,2026-08-18 09:00:00,2026-08-18 20:45:00,705,2026-08-11T08:33:32Z
12054,1789,Woodward Library,WLIB,vancouver,215,6,unavailable,2026-08-18,2026-08-18 20:45:00,2026-08-18 21:00:00,15,2026-08-11T08:33:32Z
12054,1789,Woodward Library,WLIB,vancouver,215,6,free,2026-08-19,2026-08-19 09:00:00,2026-08-19 20:45:00,705,2026-08-11T08:33:32Z
12054,1789,Woodward Library,WLIB,vancouver,215,6,unavailable,2026-08-19,2026-08-19 20:45:00,2026-08-19 21:00:00,15,2026-08-11T08:33:32Z
12054,1789,Woodward Library,WLIB,vancouver,215,6,free,2026-08-20,2026-08-20 09:00:00,2026-08-20 16:45:00,465,2026-08-11T08:33:32Z
12054,1789,Woodward Library,WLIB,vancouver,215,6,unavailable,2026-08-20,2026-08-20 16:45:00,2026-08-20 17:00:00,15,2026-08-11T08:33:32Z
12054,1789,Woodward Library,WLIB,vancouver,215,6,free,2026-08-21,2026-08-21 09:00:00,2026-08-21 16:45:00,465,2026-08-11T08:33:32Z
12054,1789,Woodward Library,WLIB,vancouver,215,6,unavailable,2026-08-21,2026-08-21 16:45:00,2026-08-21 17:00:00,15,2026-08-11T08:33:32Z
12054,1789,Woodward Library,WLIB,vancouver,215,6,free,2026-08-22,2026-08-22 10:00:00,2026-08-22 16:45:00,405,2026-08-11T08:33:32Z
12054,1789,Woodward Library,WLIB,vancouver,215,6,unavailable,2026-08-22,2026-08-22 16:45:00,2026-08-22 17:00:00,15,2026-08-11T08:33:32Z
12054,1789,Woodward Library,WLIB,vancouver,215,6,free,2026-08-24,2026-08-24 09:00:00,2026-08-24 16:45:00,465,2026-08-11T08:33:32Z
12054,1789,Woodward Library,WLIB,vancouver,215,6,unavailable,2026-08-24,2026-08-24 16:45:00,2026-08-24 17:00:00,15,2026-08-11T08:33:32Z
12055,1789,Woodward Library,WLIB,vancouver,217,6,free,2026-08-11,2026-08-11 09:00:00,2026-08-11 20:45:00,705,2026-08-11T08:33:32Z
12055,1789,Woodward Library,WLIB,vancouver,217,6,unavailable,2026-08-11,2026-08-11 20:45:00,2026-08-11 21:00:00,15,2026-08-11T08:33:32Z
12055,1789,Woodward Library,WLIB,vancouver,217,6,free,2026-08-12,2026-08-12 09:00:00,2026-08-12 20:45:00,705,2026-08-11T08:33:32Z
12055,1789,Woodward Library,WLIB,vancouver,217,6,unavailable,2026-08-12,2026-08-12 20:45:00,2026-08-12 21:00:00,15,2026-08-11T08:33:32Z
12055,1789,Woodward Library,WLIB,vancouver,217,6,free,2026-08-13,2026-08-13 09:00:00,2026-08-13 16:45:00,465,2026-08-11T08:33:32Z
12055,1789,Woodward Library,WLIB,vancouver,217,6,unavailable,2026-08-13,2026-08-13 16:45:00,2026-08-13 17:00:00,15,2026-08-11T08:33:32Z
12055,1789,Woodward Library,WLIB,vancouver,217,6,free,2026-08-14,2026-08-14 09:00:00,2026-08-14 16:45:00,465,2026-08-11T08:33:32Z
12055,1789,Woodward Library,WLIB,vancouver,217,6,unavailable,2026-08-14,2026-08-14 16:45:00,2026-08-14 17:00:00,15,2026-08-11T08:33:32Z
12055,1789,Woodward Library,WLIB,vancouver,217,6,free,2026-08-15,2026-08-15 10:00:00,2026-08-15 16:45:00,405,2026-08-11T08:33:32Z
12055,1789,Woodward Library,WLIB,vancouver,217,6,unavailable,2026-08-15,2026-08-15 16:45:00,2026-08-15 17:00:00,15,2026-08-11T08:33:32Z
12055,1789,Woodward Library,WLIB,vancouver,217,6,free,2026-08-17,2026-08-17 09:00:00,2026-08-17 16:45:00,465,2026-08-11T08:33:32Z
12055,1789,Woodward Library,WLIB,vancouver,217,6,unavailable,2026-08-17,2026-08-17 16:45:00,2026-08-17 17:00:00,15,2026-08-11T08:33:32Z
12055,1789,Woodward Library,WLIB,vancouver,217,6,free,2026-08-18,2026-08-18 09:00:00,2026-08-18 20:45:00,705,2026-08-11T08:33:32Z
12055,1789,Woodward Library,WLIB,vancouver,217,6,unavailable,2026-08-18,2026-08-18 20:45:00,2026-08-18 21:00:00,15,2026-08-11T08:33:32Z
12055,1789,Woodward Library,WLIB,vancouver,217,6,free,2026-08-19,2026-08-19 09:00:00,2026-08-19 20:45:00,705,2026-08-11T08:33:32Z
12055,1789,Woodward Library,WLIB,vancouver,217,6,unavailable,2026-08-19,2026-08-19 20:45:00,2026-08-19 21:00:00,15,2026-08-11T08:33:32Z
12055,1789,Woodward Library,WLIB,vancouver,217,6,free,2026-08-20,2026-08-20 09:00:00,2026-08-20 16:45:00,465,2026-08-11T08:33:32Z
12055,1789,Woodward Library,WLIB,vancouver,217,6,unavailable,2026-08-20,2026-08-20 16:45:00,2026-08-20 17:00:00,15,2026-08-11T08:33:32Z
12055,1789,Woodward Library,WLIB,vancouver,217,6,free,2026-08-21,2026-08-21 09:00:00,2026-08-21 16:45:00,465,2026-08-11T08:33:32Z
12055,1789,Woodward Library,WLIB,vancouver,217,6,unavailable,2026-08-21,2026-08-21 16:45:00,2026-08-21 17:00:00,15,2026-08-11T08:33:32Z
12055,1789,Woodward Library,WLIB,vancouver,217,6,free,2026-08-22,2026-08-22 10:00:00,2026-08-22 16:45:00,405,2026-08-11T08:33:32Z
12055,1789,Woodward Library,WLIB,vancouver,217,6,unavailable,2026-08-22,2026-08-22 16:45:00,2026-08-22 17:00:00,15,2026-08-11T08:33:32Z
12055,1789,Woodward Library,WLIB,vancouver,217,6,free,2026-08-24,2026-08-24 09:00:00,2026-08-24 16:45:00,465,2026-08-11T08:33:32Z
12055,1789,Woodward Library,WLIB,vancouver,217,6,unavailable,2026-08-24,2026-08-24 16:45:00,2026-08-24 17:00:00,15,2026-08-11T08:33:32Z
36658,1789,Woodward Library,WLIB,vancouver,20E,6,free,2026-08-11,2026-08-11 09:00:00,2026-08-11 20:45:00,705,2026-08-11T08:33:32Z
36658,1789,Woodward Library,WLIB,vancouver,20E,6,unavailable,2026-08-11,2026-08-11 20:45:00,2026-08-11 21:00:00,15,2026-08-11T08:33:32Z
36658,1789,Woodward Library,WLIB,vancouver,20E,6,free,2026-08-12,2026-08-12 09:00:00,2026-08-12 20:45:00,705,2026-08-11T08:33:32Z
36658,1789,Woodward Library,WLIB,vancouver,20E,6,unavailable,2026-08-12,2026-08-12 20:45:00,2026-08-12 21:00:00,15,2026-08-11T08:33:32Z
36658,1789,Woodward Library,WLIB,vancouver,20E,6,free,2026-08-13,2026-08-13 09:00:00,2026-08-13 16:45:00,465,2026-08-11T08:33:32Z
36658,1789,Woodward Library,WLIB,vancouver,20E,6,unavailable,2026-08-13,2026-08-13 16:45:00,2026-08-13 17:00:00,15,2026-08-11T08:33:32Z
36658,1789,Woodward Library,WLIB,vancouver,20E,6,free,2026-08-14,2026-08-14 09:00:00,2026-08-14 16:45:00,465,2026-08-11T08:33:32Z
36658,1789,Woodward Library,WLIB,vancouver,20E,6,unavailable,2026-08-14,2026-08-14 16:45:00,2026-08-14 17:00:00,15,2026-08-11T08:33:32Z
36658,1789,Woodward Library,WLIB,vancouver,20E,6,free,2026-08-15,2026-08-15 10:00:00,2026-08-15 16:45:00,405,2026-08-11T08:33:32Z
36658,1789,Woodward Library,WLIB,vancouver,20E,6,unavailable,2026-08-15,2026-08-15 16:45:00,2026-08-15 17:00:00,15,2026-08-11T08:33:32Z
36658,1789,Woodward Library,WLIB,vancouver,20E,6,free,2026-08-17,2026-08-17 09:00:00,2026-08-17 16:45:00,465,2026-08-11T08:33:32Z
36658,1789,Woodward Library,WLIB,vancouver,20E,6,unavailable,2026-08-17,2026-08-17 16:45:00,2026-08-17 17:00:00,15,2026-08-11T08:33:32Z
36658,1789,Woodward Library,WLIB,vancouver,20E,6,free,2026-08-18,2026-08-18 09:00:00,2026-08-18 20:45:00,705,2026-08-11T08:33:32Z
36658,1789,Woodward Library,WLIB,vancouver,20E,6,unavailable,2026-08-18,2026-08-18 20:45:00,2026-08-18 21:00:00,15,2026-08-11T08:33:32Z
36658,1789,Woodward Library,WLIB,vancouver,20E,6,free,2026-08-19,2026-08-19 09:00:00,2026-08-19 20:45:00,705,2026-08-11T08:33:32Z
36658,1789,Woodward Library,WLIB,vancouver,20E,6,unavailable,2026-08-19,2026-08-19 20:45:00,2026-08-19 21:00:00,15,2026-08-11T08:33:32Z
36658,1789,Woodward Library,WLIB,vancouver,20E,6,free,2026-08-20,2026-08-20 09:00:00,2026-08-20 16:45:00,465,2026-08-11T08:33:32Z
36658,1789,Woodward Library,WLIB,vancouver,20E,6,unavailable,2026-08-20,2026-08-20 16:45:00,2026-08-20 17:00:00,15,2026-08-11T08:33:32Z
36658,1789,Woodward Library,WLIB,vancouver,20E,6,free,2026-08-21,2026-08-21 09:00:00,2026-08-21 16:45:00,465,2026-08-11T08:33:32Z
36658,1789,Woodward Library,WLIB,vancouver,20E,6,unavailable,2026-08-21,2026-08-21 16:45:00,2026-08-21 17:00:00,15,2026-08-11T08:33:32Z
36658,1789,Woodward Library,WLIB,vancouver,20E,6,free,2026-08-22,2026-08-22 10:00:00,2026-08-22 16:45:00,405,2026-08-11T08:33:32Z
36658,1789,Woodward Library,WLIB,vancouver,20E,6,unavailable,2026-08-22,2026-08-22 16:45:00,2026-08-22 17:00:00,15,2026-08-11T08:33:32Z
36658,1789,Woodward Library,WLIB,vancouver,20E,6,free,2026-08-24,2026-08-24 09:00:00,2026-08-24 16:45:00,465,2026-08-11T08:33:32Z
36658,1789,Woodward Library,WLIB,vancouver,20E,6,unavailable,2026-08-24,2026-08-24 16:45:00,2026-08-24 17:00:00,15,2026-08-11T08:33:32Z
36659,1789,Woodward Library,WLIB,vancouver,208,8,free,2026-08-11,2026-08-11 09:00:00,2026-08-11 12:45:00,225,2026-08-11T08:33:32Z
36659,1789,Woodward Library,WLIB,vancouver,208,8,unavailable,2026-08-11,2026-08-11 12:45:00,2026-08-11 13:00:00,15,2026-08-11T08:33:32Z
36659,1789,Woodward Library,WLIB,vancouver,208,8,booked,2026-08-11,2026-08-11 13:00:00,2026-08-11 15:00:00,120,2026-08-11T08:33:32Z
36659,1789,Woodward Library,WLIB,vancouver,208,8,free,2026-08-11,2026-08-11 15:00:00,2026-08-11 20:45:00,345,2026-08-11T08:33:32Z
36659,1789,Woodward Library,WLIB,vancouver,208,8,unavailable,2026-08-11,2026-08-11 20:45:00,2026-08-11 21:00:00,15,2026-08-11T08:33:32Z
36659,1789,Woodward Library,WLIB,vancouver,208,8,free,2026-08-12,2026-08-12 09:00:00,2026-08-12 20:45:00,705,2026-08-11T08:33:32Z
36659,1789,Woodward Library,WLIB,vancouver,208,8,unavailable,2026-08-12,2026-08-12 20:45:00,2026-08-12 21:00:00,15,2026-08-11T08:33:32Z
36659,1789,Woodward Library,WLIB,vancouver,208,8,free,2026-08-13,2026-08-13 09:00:00,2026-08-13 16:45:00,465,2026-08-11T08:33:32Z
36659,1789,Woodward Library,WLIB,vancouver,208,8,unavailable,2026-08-13,2026-08-13 16:45:00,2026-08-13 17:00:00,15,2026-08-11T08:33:32Z
36659,1789,Woodward Library,WLIB,vancouver,208,8,free,2026-08-14,2026-08-14 09:00:00,2026-08-14 16:45:00,465,2026-08-11T08:33:32Z
36659,1789,Woodward Library,WLIB,vancouver,208,8,unavailable,2026-08-14,2026-08-14 16:45:00,2026-08-14 17:00:00,15,2026-08-11T08:33:32Z
36659,1789,Woodward Library,WLIB,vancouver,208,8,free,2026-08-15,2026-08-15 10:00:00,2026-08-15 16:45:00,405,2026-08-11T08:33:32Z
36659,1789,Woodward Library,WLIB,vancouver,208,8,unavailable,2026-08-15,2026-08-15 16:45:00,2026-08-15 17:00:00,15,2026-08-11T08:33:32Z
36659,1789,Woodward Library,WLIB,vancouver,208,8,free,2026-08-17,2026-08-17 09:00:00,2026-08-17 16:45:00,465,2026-08-11T08:33:32Z
36659,1789,Woodward Library,WLIB,vancouver,208,8,unavailable,2026-08-17,2026-08-17 16:45:00,2026-08-17 17:00:00,15,2026-08-11T08:33:32Z
36659,1789,Woodward Library,WLIB,vancouver,208,8,free,2026-08-18,2026-08-18 09:00:00,2026-08-18 20:45:00,705,2026-08-11T08:33:32Z
36659,1789,Woodward Library,WLIB,vancouver,208,8,unavailable,2026-08-18,2026-08-18 20:45:00,2026-08-18 21:00:00,15,2026-08-11T08:33:32Z
36659,1789,Woodward Library,WLIB,vancouver,208,8,free,2026-08-19,2026-08-19 09:00:00,2026-08-19 20:45:00,705,2026-08-11T08:33:32Z
36659,1789,Woodward Library,WLIB,vancouver,208,8,unavailable,2026-08-19,2026-08-19 20:45:00,2026-08-19 21:00:00,15,2026-08-11T08:33:32Z
36659,1789,Woodward Library,WLIB,vancouver,208,8,free,2026-08-20,2026-08-20 09:00:00,2026-08-20 16:45:00,465,2026-08-11T08:33:32Z
36659,1789,Woodward Library,WLIB,vancouver,208,8,unavailable,2026-08-20,2026-08-20 16:45:00,2026-08-20 17:00:00,15,2026-08-11T08:33:32Z
36659,1789,Woodward Library,WLIB,vancouver,208,8,free,2026-08-21,2026-08-21 09:00:00,2026-08-21 16:45:00,465,2026-08-11T08:33:32Z
36659,1789,Woodward Library,WLIB,vancouver,208,8,unavailable,2026-08-21,2026-08-21 16:45:00,2026-08-21 17:00:00,15,2026-08-11T08:33:32Z
36659,1789,Woodward Library,WLIB,vancouver,208,8,free,2026-08-22,2026-08-22 10:00:00,2026-08-22 16:45:00,405,2026-08-11T08:33:32Z
36659,1789,Woodward Library,WLIB,vancouver,208,8,unavailable,2026-08-22,2026-08-22 16:45:00,2026-08-22 17:00:00,15,2026-08-11T08:33:32Z
36659,1789,Woodward Library,WLIB,vancouver,208,8,free,2026-08-24,2026-08-24 09:00:00,2026-08-24 16:45:00,465,2026-08-11T08:33:32Z
36659,1789,Woodward Library,WLIB,vancouver,208,8,unavailable,2026-08-24,2026-08-24 16:45:00,2026-08-24 17:00:00,15,2026-08-11T08:33:32Z
36660,1789,Woodward Library,WLIB,vancouver,210,7,free,2026-08-11,2026-08-11 09:00:00,2026-08-11 20:45:00,705,2026-08-11T08:33:32Z
36660,1789,Woodward Library,WLIB,vancouver,210,7,unavailable,2026-08-11,2026-08-11 20:45:00,2026-08-11 21:00:00,15,2026-08-11T08:33:32Z
36660,1789,Woodward Library,WLIB,vancouver,210,7,free,2026-08-12,2026-08-12 09:00:00,2026-08-12 20:45:00,705,2026-08-11T08:33:32Z
36660,1789,Woodward Library,WLIB,vancouver,210,7,unavailable,2026-08-12,2026-08-12 20:45:00,2026-08-12 21:00:00,15,2026-08-11T08:33:32Z
36660,1789,Woodward Library,WLIB,vancouver,210,7,free,2026-08-13,2026-08-13 09:00:00,2026-08-13 16:45:00,465,2026-08-11T08:33:32Z
36660,1789,Woodward Library,WLIB,vancouver,210,7,unavailable,2026-08-13,2026-08-13 16:45:00,2026-08-13 17:00:00,15,2026-08-11T08:33:32Z
36660,1789,Woodward Library,WLIB,vancouver,210,7,free,2026-08-14,2026-08-14 09:00:00,2026-08-14 16:45:00,465,2026-08-11T08:33:32Z
36660,1789,Woodward Library,WLIB,vancouver,210,7,unavailable,2026-08-14,2026-08-14 16:45:00,2026-08-14 17:00:00,15,2026-08-11T08:33:32Z
36660,1789,Woodward Library,WLIB,vancouver,210,7,free,2026-08-15,2026-08-15 10:00:00,2026-08-15 16:45:00,405,2026-08-11T08:33:32Z
36660,1789,Woodward Library,WLIB,vancouver,210,7,unavailable,2026-08-15,2026-08-15 16:45:00,2026-08-15 17:00:00,15,2026-08-11T08:33:32Z
36660,1789,Woodward Library,WLIB,vancouver,210,7,free,2026-08-17,2026-08-17 09:00:00,2026-08-17 16:45:00,465,2026-08-11T08:33:32Z
36660,1789,Woodward Library,WLIB,vancouver,210,7,unavailable,2026-08-17,2026-08-17 16:45:00,2026-08-17 17:00:00,15,2026-08-11T08:33:32Z
36660,1789,Woodward Library,WLIB,vancouver,210,7,free,2026-08-18,2026-08-18 09:00:00,2026-08-18 20:45:00,705,2026-08-11T08:33:32Z
36660,1789,Woodward Library,WLIB,vancouver,210,7,unavailable,2026-08-18,2026-08-18 20:45:00,2026-08-18 21:00:00,15,2026-08-11T08:33:32Z
36660,1789,Woodward Library,WLIB,vancouver,210,7,free,2026-08-19,2026-08-19 09:00:00,2026-08-19 20:45:00,705,2026-08-11T08:33:32Z
36660,1789,Woodward Library,WLIB,vancouver,210,7,unavailable,2026-08-19,2026-08-19 20:45:00,2026-08-19 21:00:00,15,2026-08-11T08:33:32Z
36660,1789,Woodward Library,WLIB,vancouver,210,7,free,2026-08-20,2026-08-20 09:00:00,2026-08-20 16:45:00,465,2026-08-11T08:33:32Z
36660,1789,Woodward Library,WLIB,vancouver,210,7,unavailable,2026-08-20,2026-08-20 16:45:00,2026-08-20 17:00:00,15,2026-08-11T08:33:32Z
36660,1789,Woodward Library,WLIB,vancouver,210,7,free,2026-08-21,2026-08-21 09:00:00,2026-08-21 16:45:00,465,2026-08-11T08:33:32Z
36660,1789,Woodward Library,WLIB,vancouver,210,7,unavailable,2026-08-21,2026-08-21 16:45:00,2026-08-21 17:00:00,15,2026-08-11T08:33:32Z
36660,1789,Woodward Library,WLIB,vancouver,210,7,free,2026-08-22,2026-08-22 10:00:00,2026-08-22 16:45:00,405,2026-08-11T08:33:32Z
36660,1789,Woodward Library,WLIB,vancouver,210,7,unavailable,2026-08-22,2026-08-22 16:45:00,2026-08-22 17:00:00,15,2026-08-11T08:33:32Z
36660,1789,Woodward Library,WLIB,vancouver,210,7,free,2026-08-24,2026-08-24 09:00:00,2026-08-24 16:45:00,465,2026-08-11T08:33:32Z
36660,1789,Woodward Library,WLIB,vancouver,210,7,unavailable,2026-08-24,2026-08-24 16:45:00,2026-08-24 17:00:00,15,2026-08-11T08:33:32Z
36661,1789,Woodward Library,WLIB,vancouver,213,7,free,2026-08-11,2026-08-11 09:00:00,2026-08-11 20:45:00,705,2026-08-11T08:33:32Z
36661,1789,Woodward Library,WLIB,vancouver,213,7,unavailable,2026-08-11,2026-08-11 20:45:00,2026-08-11 21:00:00,15,2026-08-11T08:33:32Z
36661,1789,Woodward Library,WLIB,vancouver,213,7,free,2026-08-12,2026-08-12 09:00:00,2026-08-12 20:45:00,705,2026-08-11T08:33:32Z
36661,1789,Woodward Library,WLIB,vancouver,213,7,unavailable,2026-08-12,2026-08-12 20:45:00,2026-08-12 21:00:00,15,2026-08-11T08:33:32Z
36661,1789,Woodward Library,WLIB,vancouver,213,7,free,2026-08-13,2026-08-13 09:00:00,2026-08-13 16:45:00,465,2026-08-11T08:33:32Z
36661,1789,Woodward Library,WLIB,vancouver,213,7,unavailable,2026-08-13,2026-08-13 16:45:00,2026-08-13 17:00:00,15,2026-08-11T08:33:32Z
36661,1789,Woodward Library,WLIB,vancouver,213,7,free,2026-08-14,2026-08-14 09:00:00,2026-08-14 16:45:00,465,2026-08-11T08:33:32Z
36661,1789,Woodward Library,WLIB,vancouver,213,7,unavailable,2026-08-14,2026-08-14 16:45:00,2026-08-14 17:00:00,15,2026-08-11T08:33:32Z
36661,1789,Woodward Library,WLIB,vancouver,213,7,free,2026-08-15,2026-08-15 10:00:00,2026-08-15 16:45:00,405,2026-08-11T08:33:32Z
36661,1789,Woodward Library,WLIB,vancouver,213,7,unavailable,2026-08-15,2026-08-15 16:45:00,2026-08-15 17:00:00,15,2026-08-11T08:33:32Z
36661,1789,Woodward Library,WLIB,vancouver,213,7,free,2026-08-17,2026-08-17 09:00:00,2026-08-17 16:45:00,465,2026-08-11T08:33:32Z
36661,1789,Woodward Library,WLIB,vancouver,213,7,unavailable,2026-08-17,2026-08-17 16:45:00,2026-08-17 17:00:00,15,2026-08-11T08:33:32Z
36661,1789,Woodward Library,WLIB,vancouver,213,7,free,2026-08-18,2026-08-18 09:00:00,2026-08-18 20:45:00,705,2026-08-11T08:33:32Z
36661,1789,Woodward Library,WLIB,vancouver,213,7,unavailable,2026-08-18,2026-08-18 20:45:00,2026-08-18 21:00:00,15,2026-08-11T08:33:32Z
36661,1789,Woodward Library,WLIB,vancouver,213,7,free,2026-08-19,2026-08-19 09:00:00,2026-08-19 20:45:00,705,2026-08-11T08:33:32Z
36661,1789,Woodward Library,WLIB,vancouver,213,7,unavailable,2026-08-19,2026-08-19 20:45:00,2026-08-19 21:00:00,15,2026-08-11T08:33:32Z
36661,1789,Woodward Library,WLIB,vancouver,213,7,free,2026-08-20,2026-08-20 09:00:00,2026-08-20 16:45:00,465,2026-08-11T08:33:32Z
36661,1789,Woodward Library,WLIB,vancouver,213,7,unavailable,2026-08-20,2026-08-20 16:45:00,2026-08-20 17:00:00,15,2026-08-11T08:33:32Z
36661,1789,Woodward Library,WLIB,vancouver,213,7,free,2026-08-21,2026-08-21 09:00:00,2026-08-21 16:45:00,465,2026-08-11T08:33:32Z
36661,1789,Woodward Library,WLIB,vancouver,213,7,unavailable,2026-08-21,2026-08-21 16:45:00,2026-08-21 17:00:00,15,2026-08-11T08:33:32Z
36661,1789,Woodward Library,WLIB,vancouver,213,7,free,2026-08-22,2026-08-22 10:00:00,2026-08-22 16:45:00,405,2026-08-11T08:33:32Z
36661,1789,Woodward Library,WLIB,vancouver,213,7,unavailable,2026-08-22,2026-08-22 16:45:00,2026-08-22 17:00:00,15,2026-08-11T08:33:32Z
36661,1789,Woodward Library,WLIB,vancouver,213,7,free,2026-08-24,2026-08-24 09:00:00,2026-08-24 16:45:00,465,2026-08-11T08:33:32Z
36661,1789,Woodward Library,WLIB,vancouver,213,7,unavailable,2026-08-24,2026-08-24 16:45:00,2026-08-24 17:00:00,15,2026-08-11T08:33:32Z
12039,1811,"Music, Art & Architecture Library (IKB)",IBLC,vancouver,324 - Digital media study room,5,free,2026-08-11,2026-08-11 10:00:00,2026-08-11 18:30:00,510,2026-08-11T08:33:32Z
12039,1811,"Music, Art & Architecture Library (IKB)",IBLC,vancouver,324 - Digital media study room,5,free,2026-08-12,2026-08-12 10:00:00,2026-08-12 17:00:00,420,2026-08-11T08:33:32Z
12039,1811,"Music, Art & Architecture Library (IKB)",IBLC,vancouver,324 - Digital media study room,5,booked,2026-08-12,2026-08-12 17:00:00,2026-08-12 18:30:00,90,2026-08-11T08:33:32Z
12039,1811,"Music, Art & Architecture Library (IKB)",IBLC,vancouver,324 - Digital media study room,5,free,2026-08-13,2026-08-13 10:00:00,2026-08-13 18:30:00,510,2026-08-11T08:33:32Z
12039,1811,"Music, Art & Architecture Library (IKB)",IBLC,vancouver,324 - Digital media study room,5,free,2026-08-14,2026-08-14 10:00:00,2026-08-14 17:30:00,450,2026-08-11T08:33:32Z
12039,1811,"Music, Art & Architecture Library (IKB)",IBLC,vancouver,324 - Digital media study room,5,free,2026-08-15,2026-08-15 11:00:00,2026-08-15 17:30:00,390,2026-08-11T08:33:32Z
12039,1811,"Music, Art & Architecture Library (IKB)",IBLC,vancouver,324 - Digital media study room,5,free,2026-08-17,2026-08-17 10:00:00,2026-08-17 18:30:00,510,2026-08-11T08:33:32Z
12039,1811,"Music, Art & Architecture Library (IKB)",IBLC,vancouver,324 - Digital media study room,5,free,2026-08-18,2026-08-18 10:00:00,2026-08-18 18:30:00,510,2026-08-11T08:33:32Z
12039,1811,"Music, Art & Architecture Library (IKB)",IBLC,vancouver,324 - Digital media study room,5,free,2026-08-19,2026-08-19 10:00:00,2026-08-19 18:30:00,510,2026-08-11T08:33:32Z
12039,1811,"Music, Art & Architecture Library (IKB)",IBLC,vancouver,324 - Digital media study room,5,free,2026-08-20,2026-08-20 10:00:00,2026-08-20 18:30:00,510,2026-08-11T08:33:32Z
12039,1811,"Music, Art & Architecture Library (IKB)",IBLC,vancouver,324 - Digital media study room,5,free,2026-08-21,2026-08-21 10:00:00,2026-08-21 17:30:00,450,2026-08-11T08:33:32Z
12039,1811,"Music, Art & Architecture Library (IKB)",IBLC,vancouver,324 - Digital media study room,5,free,2026-08-22,2026-08-22 11:00:00,2026-08-22 17:30:00,390,2026-08-11T08:33:32Z
12039,1811,"Music, Art & Architecture Library (IKB)",IBLC,vancouver,324 - Digital media study room,5,free,2026-08-24,2026-08-24 10:00:00,2026-08-24 17:30:00,450,2026-08-11T08:33:32Z
12040,1811,"Music, Art & Architecture Library (IKB)",IBLC,vancouver,325 – Digital media study room,5,free,2026-08-11,2026-08-11 10:00:00,2026-08-11 18:30:00,510,2026-08-11T08:33:32Z
12040,1811,"Music, Art & Architecture Library (IKB)",IBLC,vancouver,325 – Digital media study room,5,free,2026-08-12,2026-08-12 10:00:00,2026-08-12 18:30:00,510,2026-08-11T08:33:32Z
12040,1811,"Music, Art & Architecture Library (IKB)",IBLC,vancouver,325 – Digital media study room,5,free,2026-08-13,2026-08-13 10:00:00,2026-08-13 18:30:00,510,2026-08-11T08:33:32Z
12040,1811,"Music, Art & Architecture Library (IKB)",IBLC,vancouver,325 – Digital media study room,5,free,2026-08-14,2026-08-14 10:00:00,2026-08-14 17:30:00,450,2026-08-11T08:33:32Z
12040,1811,"Music, Art & Architecture Library (IKB)",IBLC,vancouver,325 – Digital media study room,5,free,2026-08-15,2026-08-15 11:00:00,2026-08-15 17:30:00,390,2026-08-11T08:33:32Z
12040,1811,"Music, Art & Architecture Library (IKB)",IBLC,vancouver,325 – Digital media study room,5,free,2026-08-17,2026-08-17 10:00:00,2026-08-17 18:30:00,510,2026-08-11T08:33:32Z
12040,1811,"Music, Art & Architecture Library (IKB)",IBLC,vancouver,325 – Digital media study room,5,free,2026-08-18,2026-08-18 10:00:00,2026-08-18 18:30:00,510,2026-08-11T08:33:32Z
12040,1811,"Music, Art & Architecture Library (IKB)",IBLC,vancouver,325 – Digital media study room,5,free,2026-08-19,2026-08-19 10:00:00,2026-08-19 18:30:00,510,2026-08-11T08:33:32Z
12040,1811,"Music, Art & Architecture Library (IKB)",IBLC,vancouver,325 – Digital media study room,5,free,2026-08-20,2026-08-20 10:00:00,2026-08-20 18:30:00,510,2026-08-11T08:33:32Z
12040,1811,"Music, Art & Architecture Library (IKB)",IBLC,vancouver,325 – Digital media study room,5,free,2026-08-21,2026-08-21 10:00:00,2026-08-21 17:30:00,450,2026-08-11T08:33:32Z
12040,1811,"Music, Art & Architecture Library (IKB)",IBLC,vancouver,325 – Digital media study room,5,free,2026-08-22,2026-08-22 11:00:00,2026-08-22 17:30:00,390,2026-08-11T08:33:32Z
12040,1811,"Music, Art & Architecture Library (IKB)",IBLC,vancouver,325 – Digital media study room,5,free,2026-08-24,2026-08-24 10:00:00,2026-08-24 17:30:00,450,2026-08-11T08:33:32Z
12041,1811,"Music, Art & Architecture Library (IKB)",IBLC,vancouver,315,8,free,2026-08-11,2026-08-11 10:00:00,2026-08-11 10:15:00,15,2026-08-11T08:33:32Z
12041,1811,"Music, Art & Architecture Library (IKB)",IBLC,vancouver,315,8,unavailable,2026-08-11,2026-08-11 10:15:00,2026-08-11 10:30:00,15,2026-08-11T08:33:32Z
12041,1811,"Music, Art & Architecture Library (IKB)",IBLC,vancouver,315,8,booked,2026-08-11,2026-08-11 10:30:00,2026-08-11 12:30:00,120,2026-08-11T08:33:32Z
12041,1811,"Music, Art & Architecture Library (IKB)",IBLC,vancouver,315,8,free,2026-08-11,2026-08-11 12:30:00,2026-08-11 18:15:00,345,2026-08-11T08:33:32Z
12041,1811,"Music, Art & Architecture Library (IKB)",IBLC,vancouver,315,8,unavailable,2026-08-11,2026-08-11 18:15:00,2026-08-11 18:30:00,15,2026-08-11T08:33:32Z
12041,1811,"Music, Art & Architecture Library (IKB)",IBLC,vancouver,315,8,free,2026-08-12,2026-08-12 10:00:00,2026-08-12 18:15:00,495,2026-08-11T08:33:32Z
12041,1811,"Music, Art & Architecture Library (IKB)",IBLC,vancouver,315,8,unavailable,2026-08-12,2026-08-12 18:15:00,2026-08-12 18:30:00,15,2026-08-11T08:33:32Z
12041,1811,"Music, Art & Architecture Library (IKB)",IBLC,vancouver,315,8,free,2026-08-13,2026-08-13 10:00:00,2026-08-13 18:15:00,495,2026-08-11T08:33:32Z
12041,1811,"Music, Art & Architecture Library (IKB)",IBLC,vancouver,315,8,unavailable,2026-08-13,2026-08-13 18:15:00,2026-08-13 18:30:00,15,2026-08-11T08:33:32Z
12041,1811,"Music, Art & Architecture Library (IKB)",IBLC,vancouver,315,8,free,2026-08-14,2026-08-14 10:00:00,2026-08-14 17:15:00,435,2026-08-11T08:33:32Z
12041,1811,"Music, Art & Architecture Library (IKB)",IBLC,vancouver,315,8,unavailable,2026-08-14,2026-08-14 17:15:00,2026-08-14 17:30:00,15,2026-08-11T08:33:32Z
12041,1811,"Music, Art & Architecture Library (IKB)",IBLC,vancouver,315,8,free,2026-08-15,2026-08-15 11:00:00,2026-08-15 17:15:00,375,2026-08-11T08:33:32Z
12041,1811,"Music, Art & Architecture Library (IKB)",IBLC,vancouver,315,8,unavailable,2026-08-15,2026-08-15 17:15:00,2026-08-15 17:30:00,15,2026-08-11T08:33:32Z
12041,1811,"Music, Art & Architecture Library (IKB)",IBLC,vancouver,315,8,free,2026-08-17,2026-08-17 10:00:00,2026-08-17 18:15:00,495,2026-08-11T08:33:32Z
12041,1811,"Music, Art & Architecture Library (IKB)",IBLC,vancouver,315,8,unavailable,2026-08-17,2026-08-17 18:15:00,2026-08-17 18:30:00,15,2026-08-11T08:33:32Z
12041,1811,"Music, Art & Architecture Library (IKB)",IBLC,vancouver,315,8,free,2026-08-18,2026-08-18 10:00:00,2026-08-18 18:15:00,495,2026-08-11T08:33:32Z
12041,1811,"Music, Art & Architecture Library (IKB)",IBLC,vancouver,315,8,unavailable,2026-08-18,2026-08-18 18:15:00,2026-08-18 18:30:00,15,2026-08-11T08:33:32Z
12041,1811,"Music, Art & Architecture Library (IKB)",IBLC,vancouver,315,8,free,2026-08-19,2026-08-19 10:00:00,2026-08-19 18:15:00,495,2026-08-11T08:33:32Z
12041,1811,"Music, Art & Architecture Library (IKB)",IBLC,vancouver,315,8,unavailable,2026-08-19,2026-08-19 18:15:00,2026-08-19 18:30:00,15,2026-08-11T08:33:32Z
12041,1811,"Music, Art & Architecture Library (IKB)",IBLC,vancouver,315,8,free,2026-08-20,2026-08-20 10:00:00,2026-08-20 18:15:00,495,2026-08-11T08:33:32Z
12041,1811,"Music, Art & Architecture Library (IKB)",IBLC,vancouver,315,8,unavailable,2026-08-20,2026-08-20 18:15:00,2026-08-20 18:30:00,15,2026-08-11T08:33:32Z
12041,1811,"Music, Art & Architecture Library (IKB)",IBLC,vancouver,315,8,free,2026-08-21,2026-08-21 10:00:00,2026-08-21 17:15:00,435,2026-08-11T08:33:32Z
12041,1811,"Music, Art & Architecture Library (IKB)",IBLC,vancouver,315,8,unavailable,2026-08-21,2026-08-21 17:15:00,2026-08-21 17:30:00,15,2026-08-11T08:33:32Z
12041,1811,"Music, Art & Architecture Library (IKB)",IBLC,vancouver,315,8,free,2026-08-22,2026-08-22 11:00:00,2026-08-22 17:15:00,375,2026-08-11T08:33:32Z
12041,1811,"Music, Art & Architecture Library (IKB)",IBLC,vancouver,315,8,unavailable,2026-08-22,2026-08-22 17:15:00,2026-08-22 17:30:00,15,2026-08-11T08:33:32Z
12041,1811,"Music, Art & Architecture Library (IKB)",IBLC,vancouver,315,8,free,2026-08-24,2026-08-24 10:00:00,2026-08-24 17:15:00,435,2026-08-11T08:33:32Z
12041,1811,"Music, Art & Architecture Library (IKB)",IBLC,vancouver,315,8,unavailable,2026-08-24,2026-08-24 17:15:00,2026-08-24 17:30:00,15,2026-08-11T08:33:32Z
12042,1811,"Music, Art & Architecture Library (IKB)",IBLC,vancouver,316,8,free,2026-08-11,2026-08-11 10:00:00,2026-08-11 18:15:00,495,2026-08-11T08:33:32Z
12042,1811,"Music, Art & Architecture Library (IKB)",IBLC,vancouver,316,8,unavailable,2026-08-11,2026-08-11 18:15:00,2026-08-11 18:30:00,15,2026-08-11T08:33:32Z
12042,1811,"Music, Art & Architecture Library (IKB)",IBLC,vancouver,316,8,free,2026-08-12,2026-08-12 10:00:00,2026-08-12 18:15:00,495,2026-08-11T08:33:32Z
12042,1811,"Music, Art & Architecture Library (IKB)",IBLC,vancouver,316,8,unavailable,2026-08-12,2026-08-12 18:15:00,2026-08-12 18:30:00,15,2026-08-11T08:33:32Z
12042,1811,"Music, Art & Architecture Library (IKB)",IBLC,vancouver,316,8,free,2026-08-13,2026-08-13 10:00:00,2026-08-13 18:15:00,495,2026-08-11T08:33:32Z
12042,1811,"Music, Art & Architecture Library (IKB)",IBLC,vancouver,316,8,unavailable,2026-08-13,2026-08-13 18:15:00,2026-08-13 18:30:00,15,2026-08-11T08:33:32Z
12042,1811,"Music, Art & Architecture Library (IKB)",IBLC,vancouver,316,8,free,2026-08-14,2026-08-14 10:00:00,2026-08-14 17:15:00,435,2026-08-11T08:33:32Z
12042,1811,"Music, Art & Architecture Library (IKB)",IBLC,vancouver,316,8,unavailable,2026-08-14,2026-08-14 17:15:00,2026-08-14 17:30:00,15,2026-08-11T08:33:32Z
12042,1811,"Music, Art & Architecture Library (IKB)",IBLC,vancouver,316,8,free,2026-08-15,2026-08-15 11:00:00,2026-08-15 17:15:00,375,2026-08-11T08:33:32Z
12042,1811,"Music, Art & Architecture Library (IKB)",IBLC,vancouver,316,8,unavailable,2026-08-15,2026-08-15 17:15:00,2026-08-15 17:30:00,15,2026-08-11T08:33:32Z
12042,1811,"Music, Art & Architecture Library (IKB)",IBLC,vancouver,316,8,free,2026-08-17,2026-08-17 10:00:00,2026-08-17 18:15:00,495,2026-08-11T08:33:32Z
12042,1811,"Music, Art & Architecture Library (IKB)",IBLC,vancouver,316,8,unavailable,2026-08-17,2026-08-17 18:15:00,2026-08-17 18:30:00,15,2026-08-11T08:33:32Z
12042,1811,"Music, Art & Architecture Library (IKB)",IBLC,vancouver,316,8,free,2026-08-18,2026-08-18 10:00:00,2026-08-18 18:15:00,495,2026-08-11T08:33:32Z
12042,1811,"Music, Art & Architecture Library (IKB)",IBLC,vancouver,316,8,unavailable,2026-08-18,2026-08-18 18:15:00,2026-08-18 18:30:00,15,2026-08-11T08:33:32Z
12042,1811,"Music, Art & Architecture Library (IKB)",IBLC,vancouver,316,8,free,2026-08-19,2026-08-19 10:00:00,2026-08-19 18:15:00,495,2026-08-11T08:33:32Z
12042,1811,"Music, Art & Architecture Library (IKB)",IBLC,vancouver,316,8,unavailable,2026-08-19,2026-08-19 18:15:00,2026-08-19 18:30:00,15,2026-08-11T08:33:32Z
12042,1811,"Music, Art & Architecture Library (IKB)",IBLC,vancouver,316,8,free,2026-08-20,2026-08-20 10:00:00,2026-08-20 18:15:00,495,2026-08-11T08:33:32Z
12042,1811,"Music, Art & Architecture Library (IKB)",IBLC,vancouver,316,8,unavailable,2026-08-20,2026-08-20 18:15:00,2026-08-20 18:30:00,15,2026-08-11T08:33:32Z
12042,1811,"Music, Art & Architecture Library (IKB)",IBLC,vancouver,316,8,free,2026-08-21,2026-08-21 10:00:00,2026-08-21 17:15:00,435,2026-08-11T08:33:32Z
12042,1811,"Music, Art & Architecture Library (IKB)",IBLC,vancouver,316,8,unavailable,2026-08-21,2026-08-21 17:15:00,2026-08-21 17:30:00,15,2026-08-11T08:33:32Z
12042,1811,"Music, Art & Architecture Library (IKB)",IBLC,vancouver,316,8,free,2026-08-22,2026-08-22 11:00:00,2026-08-22 17:15:00,375,2026-08-11T08:33:32Z
12042,1811,"Music, Art & Architecture Library (IKB)",IBLC,vancouver,316,8,unavailable,2026-08-22,2026-08-22 17:15:00,2026-08-22 17:30:00,15,2026-08-11T08:33:32Z
12042,1811,"Music, Art & Architecture Library (IKB)",IBLC,vancouver,316,8,free,2026-08-24,2026-08-24 10:00:00,2026-08-24 17:15:00,435,2026-08-11T08:33:32Z
12042,1811,"Music, Art & Architecture Library (IKB)",IBLC,vancouver,316,8,unavailable,2026-08-24,2026-08-24 17:15:00,2026-08-24 17:30:00,15,2026-08-11T08:33:32Z
12043,1811,"Music, Art & Architecture Library (IKB)",IBLC,vancouver,317,8,free,2026-08-11,2026-08-11 10:00:00,2026-08-11 18:15:00,495,2026-08-11T08:33:32Z
12043,1811,"Music, Art & Architecture Library (IKB)",IBLC,vancouver,317,8,unavailable,2026-08-11,2026-08-11 18:15:00,2026-08-11 18:30:00,15,2026-08-11T08:33:32Z
12043,1811,"Music, Art & Architecture Library (IKB)",IBLC,vancouver,317,8,free,2026-08-12,2026-08-12 10:00:00,2026-08-12 18:15:00,495,2026-08-11T08:33:32Z
12043,1811,"Music, Art & Architecture Library (IKB)",IBLC,vancouver,317,8,unavailable,2026-08-12,2026-08-12 18:15:00,2026-08-12 18:30:00,15,2026-08-11T08:33:32Z
12043,1811,"Music, Art & Architecture Library (IKB)",IBLC,vancouver,317,8,free,2026-08-13,2026-08-13 10:00:00,2026-08-13 18:15:00,495,2026-08-11T08:33:32Z
12043,1811,"Music, Art & Architecture Library (IKB)",IBLC,vancouver,317,8,unavailable,2026-08-13,2026-08-13 18:15:00,2026-08-13 18:30:00,15,2026-08-11T08:33:32Z
12043,1811,"Music, Art & Architecture Library (IKB)",IBLC,vancouver,317,8,free,2026-08-14,2026-08-14 10:00:00,2026-08-14 17:15:00,435,2026-08-11T08:33:32Z
12043,1811,"Music, Art & Architecture Library (IKB)",IBLC,vancouver,317,8,unavailable,2026-08-14,2026-08-14 17:15:00,2026-08-14 17:30:00,15,2026-08-11T08:33:32Z
12043,1811,"Music, Art & Architecture Library (IKB)",IBLC,vancouver,317,8,free,2026-08-15,2026-08-15 11:00:00,2026-08-15 17:15:00,375,2026-08-11T08:33:32Z
12043,1811,"Music, Art & Architecture Library (IKB)",IBLC,vancouver,317,8,unavailable,2026-08-15,2026-08-15 17:15:00,2026-08-15 17:30:00,15,2026-08-11T08:33:32Z
12043,1811,"Music, Art & Architecture Library (IKB)",IBLC,vancouver,317,8,free,2026-08-17,2026-08-17 10:00:00,2026-08-17 18:15:00,495,2026-08-11T08:33:32Z
12043,1811,"Music, Art & Architecture Library (IKB)",IBLC,vancouver,317,8,unavailable,2026-08-17,2026-08-17 18:15:00,2026-08-17 18:30:00,15,2026-08-11T08:33:32Z
12043,1811,"Music, Art & Architecture Library (IKB)",IBLC,vancouver,317,8,free,2026-08-18,2026-08-18 10:00:00,2026-08-18 18:15:00,495,2026-08-11T08:33:32Z
12043,1811,"Music, Art & Architecture Library (IKB)",IBLC,vancouver,317,8,unavailable,2026-08-18,2026-08-18 18:15:00,2026-08-18 18:30:00,15,2026-08-11T08:33:32Z
12043,1811,"Music, Art & Architecture Library (IKB)",IBLC,vancouver,317,8,free,2026-08-19,2026-08-19 10:00:00,2026-08-19 18:15:00,495,2026-08-11T08:33:32Z
12043,1811,"Music, Art & Architecture Library (IKB)",IBLC,vancouver,317,8,unavailable,2026-08-19,2026-08-19 18:15:00,2026-08-19 18:30:00,15,2026-08-11T08:33:32Z
12043,1811,"Music, Art & Architecture Library (IKB)",IBLC,vancouver,317,8,free,2026-08-20,2026-08-20 10:00:00,2026-08-20 18:15:00,495,2026-08-11T08:33:32Z
12043,1811,"Music, Art & Architecture Library (IKB)",IBLC,vancouver,317,8,unavailable,2026-08-20,2026-08-20 18:15:00,2026-08-20 18:30:00,15,2026-08-11T08:33:32Z
12043,1811,"Music, Art & Architecture Library (IKB)",IBLC,vancouver,317,8,free,2026-08-21,2026-08-21 10:00:00,2026-08-21 17:15:00,435,2026-08-11T08:33:32Z
12043,1811,"Music, Art & Architecture Library (IKB)",IBLC,vancouver,317,8,unavailable,2026-08-21,2026-08-21 17:15:00,2026-08-21 17:30:00,15,2026-08-11T08:33:32Z
12043,1811,"Music, Art & Architecture Library (IKB)",IBLC,vancouver,317,8,free,2026-08-22,2026-08-22 11:00:00,2026-08-22 17:15:00,375,2026-08-11T08:33:32Z
12043,1811,"Music, Art & Architecture Library (IKB)",IBLC,vancouver,317,8,unavailable,2026-08-22,2026-08-22 17:15:00,2026-08-22 17:30:00,15,2026-08-11T08:33:32Z
12043,1811,"Music, Art & Architecture Library (IKB)",IBLC,vancouver,317,8,free,2026-08-24,2026-08-24 10:00:00,2026-08-24 17:15:00,435,2026-08-11T08:33:32Z
12043,1811,"Music, Art & Architecture Library (IKB)",IBLC,vancouver,317,8,unavailable,2026-08-24,2026-08-24 17:15:00,2026-08-24 17:30:00,15,2026-08-11T08:33:32Z
12044,1811,"Music, Art & Architecture Library (IKB)",IBLC,vancouver,415,8,free,2026-08-11,2026-08-11 10:00:00,2026-08-11 13:45:00,225,2026-08-11T08:33:32Z
12044,1811,"Music, Art & Architecture Library (IKB)",IBLC,vancouver,415,8,unavailable,2026-08-11,2026-08-11 13:45:00,2026-08-11 14:00:00,15,2026-08-11T08:33:32Z
12044,1811,"Music, Art & Architecture Library (IKB)",IBLC,vancouver,415,8,booked,2026-08-11,2026-08-11 14:00:00,2026-08-11 16:00:00,120,2026-08-11T08:33:32Z
12044,1811,"Music, Art & Architecture Library (IKB)",IBLC,vancouver,415,8,free,2026-08-11,2026-08-11 16:00:00,2026-08-11 18:15:00,135,2026-08-11T08:33:32Z
12044,1811,"Music, Art & Architecture Library (IKB)",IBLC,vancouver,415,8,unavailable,2026-08-11,2026-08-11 18:15:00,2026-08-11 18:30:00,15,2026-08-11T08:33:32Z
12044,1811,"Music, Art & Architecture Library (IKB)",IBLC,vancouver,415,8,free,2026-08-12,2026-08-12 10:00:00,2026-08-12 18:15:00,495,2026-08-11T08:33:32Z
12044,1811,"Music, Art & Architecture Library (IKB)",IBLC,vancouver,415,8,unavailable,2026-08-12,2026-08-12 18:15:00,2026-08-12 18:30:00,15,2026-08-11T08:33:32Z
12044,1811,"Music, Art & Architecture Library (IKB)",IBLC,vancouver,415,8,free,2026-08-13,2026-08-13 10:00:00,2026-08-13 18:15:00,495,2026-08-11T08:33:32Z
12044,1811,"Music, Art & Architecture Library (IKB)",IBLC,vancouver,415,8,unavailable,2026-08-13,2026-08-13 18:15:00,2026-08-13 18:30:00,15,2026-08-11T08:33:32Z
12044,1811,"Music, Art & Architecture Library (IKB)",IBLC,vancouver,415,8,free,2026-08-14,2026-08-14 10:00:00,2026-08-14 17:15:00,435,2026-08-11T08:33:32Z
12044,1811,"Music, Art & Architecture Library (IKB)",IBLC,vancouver,415,8,unavailable,2026-08-14,2026-08-14 17:15:00,2026-08-14 17:30:00,15,2026-08-11T08:33:32Z
12044,1811,"Music, Art & Architecture Library (IKB)",IBLC,vancouver,415,8,free,2026-08-15,2026-08-15 11:00:00,2026-08-15 17:15:00,375,2026-08-11T08:33:32Z
12044,1811,"Music, Art & Architecture Library (IKB)",IBLC,vancouver,415,8,unavailable,2026-08-15,2026-08-15 17:15:00,2026-08-15 17:30:00,15,2026-08-11T08:33:32Z
12044,1811,"Music, Art & Architecture Library (IKB)",IBLC,vancouver,415,8,free,2026-08-17,2026-08-17 10:00:00,2026-08-17 18:15:00,495,2026-08-11T08:33:32Z
12044,1811,"Music, Art & Architecture Library (IKB)",IBLC,vancouver,415,8,unavailable,2026-08-17,2026-08-17 18:15:00,2026-08-17 18:30:00,15,2026-08-11T08:33:32Z
12044,1811,"Music, Art & Architecture Library (IKB)",IBLC,vancouver,415,8,free,2026-08-18,2026-08-18 10:00:00,2026-08-18 18:15:00,495,2026-08-11T08:33:32Z
12044,1811,"Music, Art & Architecture Library (IKB)",IBLC,vancouver,415,8,unavailable,2026-08-18,2026-08-18 18:15:00,2026-08-18 18:30:00,15,2026-08-11T08:33:32Z
12044,1811,"Music, Art & Architecture Library (IKB)",IBLC,vancouver,415,8,free,2026-08-19,2026-08-19 10:00:00,2026-08-19 18:15:00,495,2026-08-11T08:33:32Z
12044,1811,"Music, Art & Architecture Library (IKB)",IBLC,vancouver,415,8,unavailable,2026-08-19,2026-08-19 18:15:00,2026-08-19 18:30:00,15,2026-08-11T08:33:32Z
12044,1811,"Music, Art & Architecture Library (IKB)",IBLC,vancouver,415,8,free,2026-08-20,2026-08-20 10:00:00,2026-08-20 18:15:00,495,2026-08-11T08:33:32Z
12044,1811,"Music, Art & Architecture Library (IKB)",IBLC,vancouver,415,8,unavailable,2026-08-20,2026-08-20 18:15:00,2026-08-20 18:30:00,15,2026-08-11T08:33:32Z
12044,1811,"Music, Art & Architecture Library (IKB)",IBLC,vancouver,415,8,free,2026-08-21,2026-08-21 10:00:00,2026-08-21 17:15:00,435,2026-08-11T08:33:32Z
12044,1811,"Music, Art & Architecture Library (IKB)",IBLC,vancouver,415,8,unavailable,2026-08-21,2026-08-21 17:15:00,2026-08-21 17:30:00,15,2026-08-11T08:33:32Z
12044,1811,"Music, Art & Architecture Library (IKB)",IBLC,vancouver,415,8,free,2026-08-22,2026-08-22 11:00:00,2026-08-22 17:15:00,375,2026-08-11T08:33:32Z
12044,1811,"Music, Art & Architecture Library (IKB)",IBLC,vancouver,415,8,unavailable,2026-08-22,2026-08-22 17:15:00,2026-08-22 17:30:00,15,2026-08-11T08:33:32Z
12044,1811,"Music, Art & Architecture Library (IKB)",IBLC,vancouver,415,8,free,2026-08-24,2026-08-24 10:00:00,2026-08-24 17:15:00,435,2026-08-11T08:33:32Z
12044,1811,"Music, Art & Architecture Library (IKB)",IBLC,vancouver,415,8,unavailable,2026-08-24,2026-08-24 17:15:00,2026-08-24 17:30:00,15,2026-08-11T08:33:32Z
12045,1811,"Music, Art & Architecture Library (IKB)",IBLC,vancouver,416,8,free,2026-08-11,2026-08-11 10:00:00,2026-08-11 18:15:00,495,2026-08-11T08:33:32Z
12045,1811,"Music, Art & Architecture Library (IKB)",IBLC,vancouver,416,8,unavailable,2026-08-11,2026-08-11 18:15:00,2026-08-11 18:30:00,15,2026-08-11T08:33:32Z
12045,1811,"Music, Art & Architecture Library (IKB)",IBLC,vancouver,416,8,free,2026-08-12,2026-08-12 10:00:00,2026-08-12 18:15:00,495,2026-08-11T08:33:32Z
12045,1811,"Music, Art & Architecture Library (IKB)",IBLC,vancouver,416,8,unavailable,2026-08-12,2026-08-12 18:15:00,2026-08-12 18:30:00,15,2026-08-11T08:33:32Z
12045,1811,"Music, Art & Architecture Library (IKB)",IBLC,vancouver,416,8,free,2026-08-13,2026-08-13 10:00:00,2026-08-13 18:15:00,495,2026-08-11T08:33:32Z
12045,1811,"Music, Art & Architecture Library (IKB)",IBLC,vancouver,416,8,unavailable,2026-08-13,2026-08-13 18:15:00,2026-08-13 18:30:00,15,2026-08-11T08:33:32Z
12045,1811,"Music, Art & Architecture Library (IKB)",IBLC,vancouver,416,8,free,2026-08-14,2026-08-14 10:00:00,2026-08-14 17:15:00,435,2026-08-11T08:33:32Z
12045,1811,"Music, Art & Architecture Library (IKB)",IBLC,vancouver,416,8,unavailable,2026-08-14,2026-08-14 17:15:00,2026-08-14 17:30:00,15,2026-08-11T08:33:32Z
12045,1811,"Music, Art & Architecture Library (IKB)",IBLC,vancouver,416,8,free,2026-08-15,2026-08-15 11:00:00,2026-08-15 17:15:00,375,2026-08-11T08:33:32Z
12045,1811,"Music, Art & Architecture Library (IKB)",IBLC,vancouver,416,8,unavailable,2026-08-15,2026-08-15 17:15:00,2026-08-15 17:30:00,15,2026-08-11T08:33:32Z
12045,1811,"Music, Art & Architecture Library (IKB)",IBLC,vancouver,416,8,free,2026-08-17,2026-08-17 10:00:00,2026-08-17 18:15:00,495,2026-08-11T08:33:32Z
12045,1811,"Music, Art & Architecture Library (IKB)",IBLC,vancouver,416,8,unavailable,2026-08-17,2026-08-17 18:15:00,2026-08-17 18:30:00,15,2026-08-11T08:33:32Z
12045,1811,"Music, Art & Architecture Library (IKB)",IBLC,vancouver,416,8,free,2026-08-18,2026-08-18 10:00:00,2026-08-18 18:15:00,495,2026-08-11T08:33:32Z
12045,1811,"Music, Art & Architecture Library (IKB)",IBLC,vancouver,416,8,unavailable,2026-08-18,2026-08-18 18:15:00,2026-08-18 18:30:00,15,2026-08-11T08:33:32Z
12045,1811,"Music, Art & Architecture Library (IKB)",IBLC,vancouver,416,8,free,2026-08-19,2026-08-19 10:00:00,2026-08-19 18:15:00,495,2026-08-11T08:33:32Z
12045,1811,"Music, Art & Architecture Library (IKB)",IBLC,vancouver,416,8,unavailable,2026-08-19,2026-08-19 18:15:00,2026-08-19 18:30:00,15,2026-08-11T08:33:32Z
12045,1811,"Music, Art & Architecture Library (IKB)",IBLC,vancouver,416,8,free,2026-08-20,2026-08-20 10:00:00,2026-08-20 18:15:00,495,2026-08-11T08:33:32Z
12045,1811,"Music, Art & Architecture Library (IKB)",IBLC,vancouver,416,8,unavailable,2026-08-20,2026-08-20 18:15:00,2026-08-20 18:30:00,15,2026-08-11T08:33:32Z
12045,1811,"Music, Art & Architecture Library (IKB)",IBLC,vancouver,416,8,free,2026-08-21,2026-08-21 10:00:00,2026-08-21 17:15:00,435,2026-08-11T08:33:32Z
12045,1811,"Music, Art & Architecture Library (IKB)",IBLC,vancouver,416,8,unavailable,2026-08-21,2026-08-21 17:15:00,2026-08-21 17:30:00,15,2026-08-11T08:33:32Z
12045,1811,"Music, Art & Architecture Library (IKB)",IBLC,vancouver,416,8,free,2026-08-22,2026-08-22 11:00:00,2026-08-22 17:15:00,375,2026-08-11T08:33:32Z
12045,1811,"Music, Art & Architecture Library (IKB)",IBLC,vancouver,416,8,unavailable,2026-08-22,2026-08-22 17:15:00,2026-08-22 17:30:00,15,2026-08-11T08:33:32Z
12045,1811,"Music, Art & Architecture Library (IKB)",IBLC,vancouver,416,8,free,2026-08-24,2026-08-24 10:00:00,2026-08-24 17:15:00,435,2026-08-11T08:33:32Z
12045,1811,"Music, Art & Architecture Library (IKB)",IBLC,vancouver,416,8,unavailable,2026-08-24,2026-08-24 17:15:00,2026-08-24 17:30:00,15,2026-08-11T08:33:32Z
12463,1811,"Music, Art & Architecture Library (IKB)",IBLC,vancouver,323 - DIY Media Studio,2,free,2026-08-12,2026-08-12 10:00:00,2026-08-12 18:00:00,480,2026-08-11T08:33:32Z
12463,1811,"Music, Art & Architecture Library (IKB)",IBLC,vancouver,323 - DIY Media Studio,2,unavailable,2026-08-12,2026-08-12 18:00:00,2026-08-12 18:30:00,30,2026-08-11T08:33:32Z
12463,1811,"Music, Art & Architecture Library (IKB)",IBLC,vancouver,323 - DIY Media Studio,2,free,2026-08-13,2026-08-13 10:00:00,2026-08-13 18:00:00,480,2026-08-11T08:33:32Z
12463,1811,"Music, Art & Architecture Library (IKB)",IBLC,vancouver,323 - DIY Media Studio,2,unavailable,2026-08-13,2026-08-13 18:00:00,2026-08-13 18:30:00,30,2026-08-11T08:33:32Z
12463,1811,"Music, Art & Architecture Library (IKB)",IBLC,vancouver,323 - DIY Media Studio,2,free,2026-08-14,2026-08-14 10:00:00,2026-08-14 17:00:00,420,2026-08-11T08:33:32Z
12463,1811,"Music, Art & Architecture Library (IKB)",IBLC,vancouver,323 - DIY Media Studio,2,unavailable,2026-08-14,2026-08-14 17:00:00,2026-08-14 17:30:00,30,2026-08-11T08:33:32Z
12463,1811,"Music, Art & Architecture Library (IKB)",IBLC,vancouver,323 - DIY Media Studio,2,free,2026-08-15,2026-08-15 11:00:00,2026-08-15 17:00:00,360,2026-08-11T08:33:32Z
12463,1811,"Music, Art & Architecture Library (IKB)",IBLC,vancouver,323 - DIY Media Studio,2,unavailable,2026-08-15,2026-08-15 17:00:00,2026-08-15 17:30:00,30,2026-08-11T08:33:32Z
12463,1811,"Music, Art & Architecture Library (IKB)",IBLC,vancouver,323 - DIY Media Studio,2,free,2026-08-17,2026-08-17 10:00:00,2026-08-17 18:00:00,480,2026-08-11T08:33:32Z
12463,1811,"Music, Art & Architecture Library (IKB)",IBLC,vancouver,323 - DIY Media Studio,2,unavailable,2026-08-17,2026-08-17 18:00:00,2026-08-17 18:30:00,30,2026-08-11T08:33:32Z
12463,1811,"Music, Art & Architecture Library (IKB)",IBLC,vancouver,323 - DIY Media Studio,2,free,2026-08-18,2026-08-18 10:00:00,2026-08-18 18:00:00,480,2026-08-11T08:33:32Z
12463,1811,"Music, Art & Architecture Library (IKB)",IBLC,vancouver,323 - DIY Media Studio,2,unavailable,2026-08-18,2026-08-18 18:00:00,2026-08-18 18:30:00,30,2026-08-11T08:33:32Z
12463,1811,"Music, Art & Architecture Library (IKB)",IBLC,vancouver,323 - DIY Media Studio,2,free,2026-08-19,2026-08-19 10:00:00,2026-08-19 18:00:00,480,2026-08-11T08:33:32Z
12463,1811,"Music, Art & Architecture Library (IKB)",IBLC,vancouver,323 - DIY Media Studio,2,unavailable,2026-08-19,2026-08-19 18:00:00,2026-08-19 18:30:00,30,2026-08-11T08:33:32Z
12463,1811,"Music, Art & Architecture Library (IKB)",IBLC,vancouver,323 - DIY Media Studio,2,free,2026-08-20,2026-08-20 10:00:00,2026-08-20 18:00:00,480,2026-08-11T08:33:32Z
12463,1811,"Music, Art & Architecture Library (IKB)",IBLC,vancouver,323 - DIY Media Studio,2,unavailable,2026-08-20,2026-08-20 18:00:00,2026-08-20 18:30:00,30,2026-08-11T08:33:32Z
12463,1811,"Music, Art & Architecture Library (IKB)",IBLC,vancouver,323 - DIY Media Studio,2,free,2026-08-21,2026-08-21 10:00:00,2026-08-21 17:00:00,420,2026-08-11T08:33:32Z
12463,1811,"Music, Art & Architecture Library (IKB)",IBLC,vancouver,323 - DIY Media Studio,2,unavailable,2026-08-21,2026-08-21 17:00:00,2026-08-21 17:30:00,30,2026-08-11T08:33:32Z
12463,1811,"Music, Art & Architecture Library (IKB)",IBLC,vancouver,323 - DIY Media Studio,2,free,2026-08-22,2026-08-22 11:00:00,2026-08-22 17:00:00,360,2026-08-11T08:33:32Z
12463,1811,"Music, Art & Architecture Library (IKB)",IBLC,vancouver,323 - DIY Media Studio,2,unavailable,2026-08-22,2026-08-22 17:00:00,2026-08-22 17:30:00,30,2026-08-11T08:33:32Z
12463,1811,"Music, Art & Architecture Library (IKB)",IBLC,vancouver,323 - DIY Media Studio,2,free,2026-08-24,2026-08-24 10:00:00,2026-08-24 17:00:00,420,2026-08-11T08:33:32Z
12463,1811,"Music, Art & Architecture Library (IKB)",IBLC,vancouver,323 - DIY Media Studio,2,unavailable,2026-08-24,2026-08-24 17:00:00,2026-08-24 17:30:00,30,2026-08-11T08:33:32Z
12343,1821,Research Commons,IBLC,vancouver,454,5,free,2026-08-11,2026-08-11 08:00:00,2026-08-11 13:15:00,315,2026-08-11T08:33:32Z
12343,1821,Research Commons,IBLC,vancouver,454,5,unavailable,2026-08-11,2026-08-11 13:15:00,2026-08-11 13:30:00,15,2026-08-11T08:33:32Z
12343,1821,Research Commons,IBLC,vancouver,454,5,booked,2026-08-11,2026-08-11 13:30:00,2026-08-11 15:15:00,105,2026-08-11T08:33:32Z
12343,1821,Research Commons,IBLC,vancouver,454,5,free,2026-08-11,2026-08-11 15:15:00,2026-08-11 17:45:00,150,2026-08-11T08:33:32Z
12343,1821,Research Commons,IBLC,vancouver,454,5,unavailable,2026-08-11,2026-08-11 17:45:00,2026-08-11 18:00:00,15,2026-08-11T08:33:32Z
12343,1821,Research Commons,IBLC,vancouver,454,5,free,2026-08-12,2026-08-12 08:00:00,2026-08-12 17:45:00,585,2026-08-11T08:33:32Z
12343,1821,Research Commons,IBLC,vancouver,454,5,unavailable,2026-08-12,2026-08-12 17:45:00,2026-08-12 18:00:00,15,2026-08-11T08:33:32Z
12343,1821,Research Commons,IBLC,vancouver,454,5,free,2026-08-13,2026-08-13 08:00:00,2026-08-13 17:45:00,585,2026-08-11T08:33:32Z
12343,1821,Research Commons,IBLC,vancouver,454,5,unavailable,2026-08-13,2026-08-13 17:45:00,2026-08-13 18:00:00,15,2026-08-11T08:33:32Z
12343,1821,Research Commons,IBLC,vancouver,454,5,free,2026-08-14,2026-08-14 08:00:00,2026-08-14 17:45:00,585,2026-08-11T08:33:32Z
12343,1821,Research Commons,IBLC,vancouver,454,5,unavailable,2026-08-14,2026-08-14 17:45:00,2026-08-14 18:00:00,15,2026-08-11T08:33:32Z
12343,1821,Research Commons,IBLC,vancouver,454,5,free,2026-08-15,2026-08-15 11:00:00,2026-08-15 17:45:00,405,2026-08-11T08:33:32Z
12343,1821,Research Commons,IBLC,vancouver,454,5,unavailable,2026-08-15,2026-08-15 17:45:00,2026-08-15 18:00:00,15,2026-08-11T08:33:32Z
12343,1821,Research Commons,IBLC,vancouver,454,5,free,2026-08-17,2026-08-17 08:00:00,2026-08-17 17:45:00,585,2026-08-11T08:33:32Z
12343,1821,Research Commons,IBLC,vancouver,454,5,unavailable,2026-08-17,2026-08-17 17:45:00,2026-08-17 18:00:00,15,2026-08-11T08:33:32Z
12343,1821,Research Commons,IBLC,vancouver,454,5,free,2026-08-18,2026-08-18 08:00:00,2026-08-18 17:45:00,585,2026-08-11T08:33:32Z
12343,1821,Research Commons,IBLC,vancouver,454,5,unavailable,2026-08-18,2026-08-18 17:45:00,2026-08-18 18:00:00,15,2026-08-11T08:33:32Z
12343,1821,Research Commons,IBLC,vancouver,454,5,free,2026-08-19,2026-08-19 08:00:00,2026-08-19 17:45:00,585,2026-08-11T08:33:32Z
12343,1821,Research Commons,IBLC,vancouver,454,5,unavailable,2026-08-19,2026-08-19 17:45:00,2026-08-19 18:00:00,15,2026-08-11T08:33:32Z
12343,1821,Research Commons,IBLC,vancouver,454,5,free,2026-08-20,2026-08-20 08:00:00,2026-08-20 17:45:00,585,2026-08-11T08:33:32Z
12343,1821,Research Commons,IBLC,vancouver,454,5,unavailable,2026-08-20,2026-08-20 17:45:00,2026-08-20 18:00:00,15,2026-08-11T08:33:32Z
12343,1821,Research Commons,IBLC,vancouver,454,5,free,2026-08-21,2026-08-21 08:00:00,2026-08-21 17:45:00,585,2026-08-11T08:33:32Z
12343,1821,Research Commons,IBLC,vancouver,454,5,unavailable,2026-08-21,2026-08-21 17:45:00,2026-08-21 18:00:00,15,2026-08-11T08:33:32Z
12343,1821,Research Commons,IBLC,vancouver,454,5,free,2026-08-24,2026-08-24 08:00:00,2026-08-24 17:45:00,585,2026-08-11T08:33:32Z
12343,1821,Research Commons,IBLC,vancouver,454,5,unavailable,2026-08-24,2026-08-24 17:45:00,2026-08-24 18:00:00,15,2026-08-11T08:33:32Z
12344,1821,Research Commons,IBLC,vancouver,456,5,free,2026-08-11,2026-08-11 08:00:00,2026-08-11 17:45:00,585,2026-08-11T08:33:32Z
12344,1821,Research Commons,IBLC,vancouver,456,5,unavailable,2026-08-11,2026-08-11 17:45:00,2026-08-11 18:00:00,15,2026-08-11T08:33:32Z
12344,1821,Research Commons,IBLC,vancouver,456,5,free,2026-08-12,2026-08-12 08:00:00,2026-08-12 17:45:00,585,2026-08-11T08:33:32Z
12344,1821,Research Commons,IBLC,vancouver,456,5,unavailable,2026-08-12,2026-08-12 17:45:00,2026-08-12 18:00:00,15,2026-08-11T08:33:32Z
12344,1821,Research Commons,IBLC,vancouver,456,5,free,2026-08-13,2026-08-13 08:00:00,2026-08-13 17:45:00,585,2026-08-11T08:33:32Z
12344,1821,Research Commons,IBLC,vancouver,456,5,unavailable,2026-08-13,2026-08-13 17:45:00,2026-08-13 18:00:00,15,2026-08-11T08:33:32Z
12344,1821,Research Commons,IBLC,vancouver,456,5,free,2026-08-14,2026-08-14 08:00:00,2026-08-14 17:45:00,585,2026-08-11T08:33:32Z
12344,1821,Research Commons,IBLC,vancouver,456,5,unavailable,2026-08-14,2026-08-14 17:45:00,2026-08-14 18:00:00,15,2026-08-11T08:33:32Z
12344,1821,Research Commons,IBLC,vancouver,456,5,free,2026-08-15,2026-08-15 11:00:00,2026-08-15 17:45:00,405,2026-08-11T08:33:32Z
12344,1821,Research Commons,IBLC,vancouver,456,5,unavailable,2026-08-15,2026-08-15 17:45:00,2026-08-15 18:00:00,15,2026-08-11T08:33:32Z
12344,1821,Research Commons,IBLC,vancouver,456,5,free,2026-08-17,2026-08-17 08:00:00,2026-08-17 17:45:00,585,2026-08-11T08:33:32Z
12344,1821,Research Commons,IBLC,vancouver,456,5,unavailable,2026-08-17,2026-08-17 17:45:00,2026-08-17 18:00:00,15,2026-08-11T08:33:32Z
12344,1821,Research Commons,IBLC,vancouver,456,5,free,2026-08-18,2026-08-18 08:00:00,2026-08-18 17:45:00,585,2026-08-11T08:33:32Z
12344,1821,Research Commons,IBLC,vancouver,456,5,unavailable,2026-08-18,2026-08-18 17:45:00,2026-08-18 18:00:00,15,2026-08-11T08:33:32Z
12344,1821,Research Commons,IBLC,vancouver,456,5,free,2026-08-19,2026-08-19 08:00:00,2026-08-19 17:45:00,585,2026-08-11T08:33:32Z
12344,1821,Research Commons,IBLC,vancouver,456,5,unavailable,2026-08-19,2026-08-19 17:45:00,2026-08-19 18:00:00,15,2026-08-11T08:33:32Z
12344,1821,Research Commons,IBLC,vancouver,456,5,free,2026-08-20,2026-08-20 08:00:00,2026-08-20 17:45:00,585,2026-08-11T08:33:32Z
12344,1821,Research Commons,IBLC,vancouver,456,5,unavailable,2026-08-20,2026-08-20 17:45:00,2026-08-20 18:00:00,15,2026-08-11T08:33:32Z
12344,1821,Research Commons,IBLC,vancouver,456,5,free,2026-08-21,2026-08-21 08:00:00,2026-08-21 17:45:00,585,2026-08-11T08:33:32Z
12344,1821,Research Commons,IBLC,vancouver,456,5,unavailable,2026-08-21,2026-08-21 17:45:00,2026-08-21 18:00:00,15,2026-08-11T08:33:32Z
12344,1821,Research Commons,IBLC,vancouver,456,5,free,2026-08-24,2026-08-24 08:00:00,2026-08-24 17:45:00,585,2026-08-11T08:33:32Z
12344,1821,Research Commons,IBLC,vancouver,456,5,unavailable,2026-08-24,2026-08-24 17:45:00,2026-08-24 18:00:00,15,2026-08-11T08:33:32Z
12346,1821,Research Commons,IBLC,vancouver,496,4,free,2026-08-11,2026-08-11 08:00:00,2026-08-11 13:00:00,300,2026-08-11T08:33:32Z
12346,1821,Research Commons,IBLC,vancouver,496,4,unavailable,2026-08-11,2026-08-11 13:00:00,2026-08-11 13:15:00,15,2026-08-11T08:33:32Z
12346,1821,Research Commons,IBLC,vancouver,496,4,booked,2026-08-11,2026-08-11 13:15:00,2026-08-11 17:15:00,240,2026-08-11T08:33:32Z
12346,1821,Research Commons,IBLC,vancouver,496,4,free,2026-08-11,2026-08-11 17:15:00,2026-08-11 17:45:00,30,2026-08-11T08:33:32Z
12346,1821,Research Commons,IBLC,vancouver,496,4,unavailable,2026-08-11,2026-08-11 17:45:00,2026-08-11 18:00:00,15,2026-08-11T08:33:32Z
12346,1821,Research Commons,IBLC,vancouver,496,4,free,2026-08-12,2026-08-12 08:00:00,2026-08-12 17:45:00,585,2026-08-11T08:33:32Z
12346,1821,Research Commons,IBLC,vancouver,496,4,unavailable,2026-08-12,2026-08-12 17:45:00,2026-08-12 18:00:00,15,2026-08-11T08:33:32Z
12346,1821,Research Commons,IBLC,vancouver,496,4,free,2026-08-13,2026-08-13 08:00:00,2026-08-13 17:45:00,585,2026-08-11T08:33:32Z
12346,1821,Research Commons,IBLC,vancouver,496,4,unavailable,2026-08-13,2026-08-13 17:45:00,2026-08-13 18:00:00,15,2026-08-11T08:33:32Z
12346,1821,Research Commons,IBLC,vancouver,496,4,free,2026-08-14,2026-08-14 08:00:00,2026-08-14 17:45:00,585,2026-08-11T08:33:32Z
12346,1821,Research Commons,IBLC,vancouver,496,4,unavailable,2026-08-14,2026-08-14 17:45:00,2026-08-14 18:00:00,15,2026-08-11T08:33:32Z
12346,1821,Research Commons,IBLC,vancouver,496,4,free,2026-08-15,2026-08-15 11:00:00,2026-08-15 17:45:00,405,2026-08-11T08:33:32Z
12346,1821,Research Commons,IBLC,vancouver,496,4,unavailable,2026-08-15,2026-08-15 17:45:00,2026-08-15 18:00:00,15,2026-08-11T08:33:32Z
12346,1821,Research Commons,IBLC,vancouver,496,4,free,2026-08-17,2026-08-17 08:00:00,2026-08-17 17:45:00,585,2026-08-11T08:33:32Z
12346,1821,Research Commons,IBLC,vancouver,496,4,unavailable,2026-08-17,2026-08-17 17:45:00,2026-08-17 18:00:00,15,2026-08-11T08:33:32Z
12346,1821,Research Commons,IBLC,vancouver,496,4,free,2026-08-18,2026-08-18 08:00:00,2026-08-18 17:45:00,585,2026-08-11T08:33:32Z
12346,1821,Research Commons,IBLC,vancouver,496,4,unavailable,2026-08-18,2026-08-18 17:45:00,2026-08-18 18:00:00,15,2026-08-11T08:33:32Z
12346,1821,Research Commons,IBLC,vancouver,496,4,free,2026-08-19,2026-08-19 08:00:00,2026-08-19 17:45:00,585,2026-08-11T08:33:32Z
12346,1821,Research Commons,IBLC,vancouver,496,4,unavailable,2026-08-19,2026-08-19 17:45:00,2026-08-19 18:00:00,15,2026-08-11T08:33:32Z
12346,1821,Research Commons,IBLC,vancouver,496,4,free,2026-08-20,2026-08-20 08:00:00,2026-08-20 17:45:00,585,2026-08-11T08:33:32Z
12346,1821,Research Commons,IBLC,vancouver,496,4,unavailable,2026-08-20,2026-08-20 17:45:00,2026-08-20 18:00:00,15,2026-08-11T08:33:32Z
12346,1821,Research Commons,IBLC,vancouver,496,4,free,2026-08-21,2026-08-21 08:00:00,2026-08-21 17:45:00,585,2026-08-11T08:33:32Z
12346,1821,Research Commons,IBLC,vancouver,496,4,unavailable,2026-08-21,2026-08-21 17:45:00,2026-08-21 18:00:00,15,2026-08-11T08:33:32Z
12346,1821,Research Commons,IBLC,vancouver,496,4,free,2026-08-24,2026-08-24 08:00:00,2026-08-24 17:45:00,585,2026-08-11T08:33:32Z
12346,1821,Research Commons,IBLC,vancouver,496,4,unavailable,2026-08-24,2026-08-24 17:45:00,2026-08-24 18:00:00,15,2026-08-11T08:33:32Z
12347,1821,Research Commons,IBLC,vancouver,499,5,free,2026-08-11,2026-08-11 08:00:00,2026-08-11 17:45:00,585,2026-08-11T08:33:32Z
12347,1821,Research Commons,IBLC,vancouver,499,5,unavailable,2026-08-11,2026-08-11 17:45:00,2026-08-11 18:00:00,15,2026-08-11T08:33:32Z
12347,1821,Research Commons,IBLC,vancouver,499,5,free,2026-08-12,2026-08-12 08:00:00,2026-08-12 13:15:00,315,2026-08-11T08:33:32Z
12347,1821,Research Commons,IBLC,vancouver,499,5,unavailable,2026-08-12,2026-08-12 13:15:00,2026-08-12 13:30:00,15,2026-08-11T08:33:32Z
12347,1821,Research Commons,IBLC,vancouver,499,5,booked,2026-08-12,2026-08-12 13:30:00,2026-08-12 17:30:00,240,2026-08-11T08:33:32Z
12347,1821,Research Commons,IBLC,vancouver,499,5,free,2026-08-12,2026-08-12 17:30:00,2026-08-12 17:45:00,15,2026-08-11T08:33:32Z
12347,1821,Research Commons,IBLC,vancouver,499,5,unavailable,2026-08-12,2026-08-12 17:45:00,2026-08-12 18:00:00,15,2026-08-11T08:33:32Z
12347,1821,Research Commons,IBLC,vancouver,499,5,free,2026-08-13,2026-08-13 08:00:00,2026-08-13 17:45:00,585,2026-08-11T08:33:32Z
12347,1821,Research Commons,IBLC,vancouver,499,5,unavailable,2026-08-13,2026-08-13 17:45:00,2026-08-13 18:00:00,15,2026-08-11T08:33:32Z
12347,1821,Research Commons,IBLC,vancouver,499,5,free,2026-08-14,2026-08-14 08:00:00,2026-08-14 17:45:00,585,2026-08-11T08:33:32Z
12347,1821,Research Commons,IBLC,vancouver,499,5,unavailable,2026-08-14,2026-08-14 17:45:00,2026-08-14 18:00:00,15,2026-08-11T08:33:32Z
12347,1821,Research Commons,IBLC,vancouver,499,5,free,2026-08-15,2026-08-15 11:00:00,2026-08-15 17:45:00,405,2026-08-11T08:33:32Z
12347,1821,Research Commons,IBLC,vancouver,499,5,unavailable,2026-08-15,2026-08-15 17:45:00,2026-08-15 18:00:00,15,2026-08-11T08:33:32Z
12347,1821,Research Commons,IBLC,vancouver,499,5,free,2026-08-17,2026-08-17 08:00:00,2026-08-17 17:45:00,585,2026-08-11T08:33:32Z
12347,1821,Research Commons,IBLC,vancouver,499,5,unavailable,2026-08-17,2026-08-17 17:45:00,2026-08-17 18:00:00,15,2026-08-11T08:33:32Z
12347,1821,Research Commons,IBLC,vancouver,499,5,free,2026-08-18,2026-08-18 08:00:00,2026-08-18 17:45:00,585,2026-08-11T08:33:32Z
12347,1821,Research Commons,IBLC,vancouver,499,5,unavailable,2026-08-18,2026-08-18 17:45:00,2026-08-18 18:00:00,15,2026-08-11T08:33:32Z
12347,1821,Research Commons,IBLC,vancouver,499,5,free,2026-08-19,2026-08-19 08:00:00,2026-08-19 17:45:00,585,2026-08-11T08:33:32Z
12347,1821,Research Commons,IBLC,vancouver,499,5,unavailable,2026-08-19,2026-08-19 17:45:00,2026-08-19 18:00:00,15,2026-08-11T08:33:32Z
12347,1821,Research Commons,IBLC,vancouver,499,5,free,2026-08-20,2026-08-20 08:00:00,2026-08-20 17:45:00,585,2026-08-11T08:33:32Z
12347,1821,Research Commons,IBLC,vancouver,499,5,unavailable,2026-08-20,2026-08-20 17:45:00,2026-08-20 18:00:00,15,2026-08-11T08:33:32Z
12347,1821,Research Commons,IBLC,vancouver,499,5,free,2026-08-21,2026-08-21 08:00:00,2026-08-21 17:45:00,585,2026-08-11T08:33:32Z
12347,1821,Research Commons,IBLC,vancouver,499,5,unavailable,2026-08-21,2026-08-21 17:45:00,2026-08-21 18:00:00,15,2026-08-11T08:33:32Z
12347,1821,Research Commons,IBLC,vancouver,499,5,free,2026-08-24,2026-08-24 08:00:00,2026-08-24 17:45:00,585,2026-08-11T08:33:32Z
12347,1821,Research Commons,IBLC,vancouver,499,5,unavailable,2026-08-24,2026-08-24 17:45:00,2026-08-24 18:00:00,15,2026-08-11T08:33:32Z
12348,1821,Research Commons,IBLC,vancouver,555,6,free,2026-08-11,2026-08-11 08:00:00,2026-08-11 17:45:00,585,2026-08-11T08:33:32Z
12348,1821,Research Commons,IBLC,vancouver,555,6,unavailable,2026-08-11,2026-08-11 17:45:00,2026-08-11 18:00:00,15,2026-08-11T08:33:32Z
12348,1821,Research Commons,IBLC,vancouver,555,6,free,2026-08-12,2026-08-12 08:00:00,2026-08-12 17:45:00,585,2026-08-11T08:33:32Z
12348,1821,Research Commons,IBLC,vancouver,555,6,unavailable,2026-08-12,2026-08-12 17:45:00,2026-08-12 18:00:00,15,2026-08-11T08:33:32Z
12348,1821,Research Commons,IBLC,vancouver,555,6,free,2026-08-13,2026-08-13 08:00:00,2026-08-13 17:45:00,585,2026-08-11T08:33:32Z
12348,1821,Research Commons,IBLC,vancouver,555,6,unavailable,2026-08-13,2026-08-13 17:45:00,2026-08-13 18:00:00,15,2026-08-11T08:33:32Z
12348,1821,Research Commons,IBLC,vancouver,555,6,free,2026-08-14,2026-08-14 08:00:00,2026-08-14 17:45:00,585,2026-08-11T08:33:32Z
12348,1821,Research Commons,IBLC,vancouver,555,6,unavailable,2026-08-14,2026-08-14 17:45:00,2026-08-14 18:00:00,15,2026-08-11T08:33:32Z
12348,1821,Research Commons,IBLC,vancouver,555,6,free,2026-08-15,2026-08-15 11:00:00,2026-08-15 17:45:00,405,2026-08-11T08:33:32Z
12348,1821,Research Commons,IBLC,vancouver,555,6,unavailable,2026-08-15,2026-08-15 17:45:00,2026-08-15 18:00:00,15,2026-08-11T08:33:32Z
12348,1821,Research Commons,IBLC,vancouver,555,6,free,2026-08-17,2026-08-17 08:00:00,2026-08-17 17:45:00,585,2026-08-11T08:33:32Z
12348,1821,Research Commons,IBLC,vancouver,555,6,unavailable,2026-08-17,2026-08-17 17:45:00,2026-08-17 18:00:00,15,2026-08-11T08:33:32Z
12348,1821,Research Commons,IBLC,vancouver,555,6,free,2026-08-18,2026-08-18 08:00:00,2026-08-18 17:45:00,585,2026-08-11T08:33:32Z
12348,1821,Research Commons,IBLC,vancouver,555,6,unavailable,2026-08-18,2026-08-18 17:45:00,2026-08-18 18:00:00,15,2026-08-11T08:33:32Z
12348,1821,Research Commons,IBLC,vancouver,555,6,free,2026-08-19,2026-08-19 08:00:00,2026-08-19 17:45:00,585,2026-08-11T08:33:32Z
12348,1821,Research Commons,IBLC,vancouver,555,6,unavailable,2026-08-19,2026-08-19 17:45:00,2026-08-19 18:00:00,15,2026-08-11T08:33:32Z
12348,1821,Research Commons,IBLC,vancouver,555,6,free,2026-08-20,2026-08-20 08:00:00,2026-08-20 17:45:00,585,2026-08-11T08:33:32Z
12348,1821,Research Commons,IBLC,vancouver,555,6,unavailable,2026-08-20,2026-08-20 17:45:00,2026-08-20 18:00:00,15,2026-08-11T08:33:32Z
12348,1821,Research Commons,IBLC,vancouver,555,6,free,2026-08-21,2026-08-21 08:00:00,2026-08-21 17:45:00,585,2026-08-11T08:33:32Z
12348,1821,Research Commons,IBLC,vancouver,555,6,unavailable,2026-08-21,2026-08-21 17:45:00,2026-08-21 18:00:00,15,2026-08-11T08:33:32Z
12348,1821,Research Commons,IBLC,vancouver,555,6,free,2026-08-24,2026-08-24 08:00:00,2026-08-24 08:45:00,45,2026-08-11T08:33:32Z
12348,1821,Research Commons,IBLC,vancouver,555,6,unavailable,2026-08-24,2026-08-24 08:45:00,2026-08-24 09:00:00,15,2026-08-11T08:33:32Z
12348,1821,Research Commons,IBLC,vancouver,555,6,booked,2026-08-24,2026-08-24 09:00:00,2026-08-24 16:00:00,420,2026-08-11T08:33:32Z
12348,1821,Research Commons,IBLC,vancouver,555,6,free,2026-08-24,2026-08-24 16:00:00,2026-08-24 17:45:00,105,2026-08-11T08:33:32Z
12348,1821,Research Commons,IBLC,vancouver,555,6,unavailable,2026-08-24,2026-08-24 17:45:00,2026-08-24 18:00:00,15,2026-08-11T08:33:32Z
12349,1821,Research Commons,IBLC,vancouver,553,4,free,2026-08-11,2026-08-11 08:00:00,2026-08-11 09:45:00,105,2026-08-11T08:33:32Z
12349,1821,Research Commons,IBLC,vancouver,553,4,unavailable,2026-08-11,2026-08-11 09:45:00,2026-08-11 10:00:00,15,2026-08-11T08:33:32Z
12349,1821,Research Commons,IBLC,vancouver,553,4,booked,2026-08-11,2026-08-11 10:00:00,2026-08-11 14:00:00,240,2026-08-11T08:33:32Z
12349,1821,Research Commons,IBLC,vancouver,553,4,free,2026-08-11,2026-08-11 14:00:00,2026-08-11 17:45:00,225,2026-08-11T08:33:32Z
12349,1821,Research Commons,IBLC,vancouver,553,4,unavailable,2026-08-11,2026-08-11 17:45:00,2026-08-11 18:00:00,15,2026-08-11T08:33:32Z
12349,1821,Research Commons,IBLC,vancouver,553,4,free,2026-08-12,2026-08-12 08:00:00,2026-08-12 17:45:00,585,2026-08-11T08:33:32Z
12349,1821,Research Commons,IBLC,vancouver,553,4,unavailable,2026-08-12,2026-08-12 17:45:00,2026-08-12 18:00:00,15,2026-08-11T08:33:32Z
12349,1821,Research Commons,IBLC,vancouver,553,4,free,2026-08-13,2026-08-13 08:00:00,2026-08-13 17:45:00,585,2026-08-11T08:33:32Z
12349,1821,Research Commons,IBLC,vancouver,553,4,unavailable,2026-08-13,2026-08-13 17:45:00,2026-08-13 18:00:00,15,2026-08-11T08:33:32Z
12349,1821,Research Commons,IBLC,vancouver,553,4,free,2026-08-14,2026-08-14 08:00:00,2026-08-14 17:45:00,585,2026-08-11T08:33:32Z
12349,1821,Research Commons,IBLC,vancouver,553,4,unavailable,2026-08-14,2026-08-14 17:45:00,2026-08-14 18:00:00,15,2026-08-11T08:33:32Z
12349,1821,Research Commons,IBLC,vancouver,553,4,free,2026-08-15,2026-08-15 11:00:00,2026-08-15 17:45:00,405,2026-08-11T08:33:32Z
12349,1821,Research Commons,IBLC,vancouver,553,4,unavailable,2026-08-15,2026-08-15 17:45:00,2026-08-15 18:00:00,15,2026-08-11T08:33:32Z
12349,1821,Research Commons,IBLC,vancouver,553,4,free,2026-08-17,2026-08-17 08:00:00,2026-08-17 17:45:00,585,2026-08-11T08:33:32Z
12349,1821,Research Commons,IBLC,vancouver,553,4,unavailable,2026-08-17,2026-08-17 17:45:00,2026-08-17 18:00:00,15,2026-08-11T08:33:32Z
12349,1821,Research Commons,IBLC,vancouver,553,4,free,2026-08-18,2026-08-18 08:00:00,2026-08-18 17:45:00,585,2026-08-11T08:33:32Z
12349,1821,Research Commons,IBLC,vancouver,553,4,unavailable,2026-08-18,2026-08-18 17:45:00,2026-08-18 18:00:00,15,2026-08-11T08:33:32Z
12349,1821,Research Commons,IBLC,vancouver,553,4,free,2026-08-19,2026-08-19 08:00:00,2026-08-19 17:45:00,585,2026-08-11T08:33:32Z
12349,1821,Research Commons,IBLC,vancouver,553,4,unavailable,2026-08-19,2026-08-19 17:45:00,2026-08-19 18:00:00,15,2026-08-11T08:33:32Z
12349,1821,Research Commons,IBLC,vancouver,553,4,free,2026-08-20,2026-08-20 08:00:00,2026-08-20 17:45:00,585,2026-08-11T08:33:32Z
12349,1821,Research Commons,IBLC,vancouver,553,4,unavailable,2026-08-20,2026-08-20 17:45:00,2026-08-20 18:00:00,15,2026-08-11T08:33:32Z
12349,1821,Research Commons,IBLC,vancouver,553,4,free,2026-08-21,2026-08-21 08:00:00,2026-08-21 17:45:00,585,2026-08-11T08:33:32Z
12349,1821,Research Commons,IBLC,vancouver,553,4,unavailable,2026-08-21,2026-08-21 17:45:00,2026-08-21 18:00:00,15,2026-08-11T08:33:32Z
12349,1821,Research Commons,IBLC,vancouver,553,4,free,2026-08-24,2026-08-24 08:00:00,2026-08-24 17:45:00,585,2026-08-11T08:33:32Z
12349,1821,Research Commons,IBLC,vancouver,553,4,unavailable,2026-08-24,2026-08-24 17:45:00,2026-08-24 18:00:00,15,2026-08-11T08:33:32Z
12350,1821,Research Commons,IBLC,vancouver,440 - Study Table Seating Area,,free,2026-08-11,2026-08-11 08:00:00,2026-08-11 18:00:00,600,2026-08-11T08:33:32Z
12350,1821,Research Commons,IBLC,vancouver,440 - Study Table Seating Area,,free,2026-08-12,2026-08-12 08:00:00,2026-08-12 18:00:00,600,2026-08-11T08:33:32Z
12350,1821,Research Commons,IBLC,vancouver,440 - Study Table Seating Area,,free,2026-08-13,2026-08-13 08:00:00,2026-08-13 18:00:00,600,2026-08-11T08:33:32Z
12350,1821,Research Commons,IBLC,vancouver,440 - Study Table Seating Area,,free,2026-08-14,2026-08-14 08:00:00,2026-08-14 18:00:00,600,2026-08-11T08:33:32Z
12350,1821,Research Commons,IBLC,vancouver,440 - Study Table Seating Area,,free,2026-08-15,2026-08-15 11:00:00,2026-08-15 18:00:00,420,2026-08-11T08:33:32Z
12350,1821,Research Commons,IBLC,vancouver,440 - Study Table Seating Area,,free,2026-08-17,2026-08-17 08:00:00,2026-08-17 18:00:00,600,2026-08-11T08:33:32Z
12350,1821,Research Commons,IBLC,vancouver,440 - Study Table Seating Area,,free,2026-08-18,2026-08-18 08:00:00,2026-08-18 18:00:00,600,2026-08-11T08:33:32Z
12350,1821,Research Commons,IBLC,vancouver,440 - Study Table Seating Area,,free,2026-08-19,2026-08-19 08:00:00,2026-08-19 18:00:00,600,2026-08-11T08:33:32Z
12350,1821,Research Commons,IBLC,vancouver,440 - Study Table Seating Area,,free,2026-08-20,2026-08-20 08:00:00,2026-08-20 18:00:00,600,2026-08-11T08:33:32Z
12350,1821,Research Commons,IBLC,vancouver,440 - Study Table Seating Area,,free,2026-08-21,2026-08-21 08:00:00,2026-08-21 18:00:00,600,2026-08-11T08:33:32Z
12350,1821,Research Commons,IBLC,vancouver,440 - Study Table Seating Area,,free,2026-08-24,2026-08-24 08:00:00,2026-08-24 18:00:00,600,2026-08-11T08:33:32Z
12352,1821,Research Commons,IBLC,vancouver,540 - Graduate Students Event Space,,free,2026-08-11,2026-08-11 08:00:00,2026-08-11 18:00:00,600,2026-08-11T08:33:32Z
12352,1821,Research Commons,IBLC,vancouver,540 - Graduate Students Event Space,,free,2026-08-12,2026-08-12 08:00:00,2026-08-12 18:00:00,600,2026-08-11T08:33:32Z
12352,1821,Research Commons,IBLC,vancouver,540 - Graduate Students Event Space,,free,2026-08-13,2026-08-13 08:00:00,2026-08-13 18:00:00,600,2026-08-11T08:33:32Z
12352,1821,Research Commons,IBLC,vancouver,540 - Graduate Students Event Space,,free,2026-08-14,2026-08-14 08:00:00,2026-08-14 18:00:00,600,2026-08-11T08:33:32Z
12352,1821,Research Commons,IBLC,vancouver,540 - Graduate Students Event Space,,free,2026-08-15,2026-08-15 11:00:00,2026-08-15 18:00:00,420,2026-08-11T08:33:32Z
12352,1821,Research Commons,IBLC,vancouver,540 - Graduate Students Event Space,,free,2026-08-17,2026-08-17 08:00:00,2026-08-17 18:00:00,600,2026-08-11T08:33:32Z
12352,1821,Research Commons,IBLC,vancouver,540 - Graduate Students Event Space,,free,2026-08-18,2026-08-18 08:00:00,2026-08-18 18:00:00,600,2026-08-11T08:33:32Z
12352,1821,Research Commons,IBLC,vancouver,540 - Graduate Students Event Space,,free,2026-08-19,2026-08-19 08:00:00,2026-08-19 18:00:00,600,2026-08-11T08:33:32Z
12352,1821,Research Commons,IBLC,vancouver,540 - Graduate Students Event Space,,free,2026-08-20,2026-08-20 08:00:00,2026-08-20 18:00:00,600,2026-08-11T08:33:32Z
12352,1821,Research Commons,IBLC,vancouver,540 - Graduate Students Event Space,,free,2026-08-21,2026-08-21 08:00:00,2026-08-21 18:00:00,600,2026-08-11T08:33:32Z
12352,1821,Research Commons,IBLC,vancouver,540 - Graduate Students Event Space,,free,2026-08-24,2026-08-24 08:00:00,2026-08-24 18:00:00,600,2026-08-11T08:33:32Z
12356,1821,Research Commons,IBLC,vancouver,497 - Digital Scholarship Lab,20,free,2026-08-11,2026-08-11 08:00:00,2026-08-11 18:00:00,600,2026-08-11T08:33:32Z
12356,1821,Research Commons,IBLC,vancouver,497 - Digital Scholarship Lab,20,free,2026-08-12,2026-08-12 08:00:00,2026-08-12 18:00:00,600,2026-08-11T08:33:32Z
12356,1821,Research Commons,IBLC,vancouver,497 - Digital Scholarship Lab,20,free,2026-08-13,2026-08-13 08:00:00,2026-08-13 18:00:00,600,2026-08-11T08:33:32Z
12356,1821,Research Commons,IBLC,vancouver,497 - Digital Scholarship Lab,20,free,2026-08-14,2026-08-14 08:00:00,2026-08-14 18:00:00,600,2026-08-11T08:33:32Z
12356,1821,Research Commons,IBLC,vancouver,497 - Digital Scholarship Lab,20,free,2026-08-15,2026-08-15 11:00:00,2026-08-15 18:00:00,420,2026-08-11T08:33:32Z
12356,1821,Research Commons,IBLC,vancouver,497 - Digital Scholarship Lab,20,free,2026-08-17,2026-08-17 08:00:00,2026-08-17 18:00:00,600,2026-08-11T08:33:32Z
12356,1821,Research Commons,IBLC,vancouver,497 - Digital Scholarship Lab,20,free,2026-08-18,2026-08-18 08:00:00,2026-08-18 18:00:00,600,2026-08-11T08:33:32Z
12356,1821,Research Commons,IBLC,vancouver,497 - Digital Scholarship Lab,20,free,2026-08-19,2026-08-19 08:00:00,2026-08-19 18:00:00,600,2026-08-11T08:33:32Z
12356,1821,Research Commons,IBLC,vancouver,497 - Digital Scholarship Lab,20,free,2026-08-20,2026-08-20 08:00:00,2026-08-20 18:00:00,600,2026-08-11T08:33:32Z
12356,1821,Research Commons,IBLC,vancouver,497 - Digital Scholarship Lab,20,free,2026-08-21,2026-08-21 08:00:00,2026-08-21 18:00:00,600,2026-08-11T08:33:32Z
12356,1821,Research Commons,IBLC,vancouver,497 - Digital Scholarship Lab,20,free,2026-08-24,2026-08-24 08:00:00,2026-08-24 18:00:00,600,2026-08-11T08:33:32Z
12357,1821,Research Commons,IBLC,vancouver,548 and 552 - Presentation Room,26,free,2026-08-11,2026-08-11 08:00:00,2026-08-11 10:30:00,150,2026-08-11T08:33:32Z
12357,1821,Research Commons,IBLC,vancouver,548 and 552 - Presentation Room,26,booked,2026-08-11,2026-08-11 10:30:00,2026-08-11 12:30:00,120,2026-08-11T08:33:32Z
12357,1821,Research Commons,IBLC,vancouver,548 and 552 - Presentation Room,26,free,2026-08-11,2026-08-11 12:30:00,2026-08-11 18:00:00,330,2026-08-11T08:33:32Z
12357,1821,Research Commons,IBLC,vancouver,548 and 552 - Presentation Room,26,free,2026-08-12,2026-08-12 08:00:00,2026-08-12 18:00:00,600,2026-08-11T08:33:32Z
12357,1821,Research Commons,IBLC,vancouver,548 and 552 - Presentation Room,26,free,2026-08-13,2026-08-13 08:00:00,2026-08-13 18:00:00,600,2026-08-11T08:33:32Z
12357,1821,Research Commons,IBLC,vancouver,548 and 552 - Presentation Room,26,free,2026-08-14,2026-08-14 08:00:00,2026-08-14 18:00:00,600,2026-08-11T08:33:32Z
12357,1821,Research Commons,IBLC,vancouver,548 and 552 - Presentation Room,26,free,2026-08-15,2026-08-15 11:00:00,2026-08-15 18:00:00,420,2026-08-11T08:33:32Z
12357,1821,Research Commons,IBLC,vancouver,548 and 552 - Presentation Room,26,free,2026-08-17,2026-08-17 08:00:00,2026-08-17 10:00:00,120,2026-08-11T08:33:32Z
12357,1821,Research Commons,IBLC,vancouver,548 and 552 - Presentation Room,26,booked,2026-08-17,2026-08-17 10:00:00,2026-08-17 12:00:00,120,2026-08-11T08:33:32Z
12357,1821,Research Commons,IBLC,vancouver,548 and 552 - Presentation Room,26,free,2026-08-17,2026-08-17 12:00:00,2026-08-17 13:00:00,60,2026-08-11T08:33:32Z
12357,1821,Research Commons,IBLC,vancouver,548 and 552 - Presentation Room,26,booked,2026-08-17,2026-08-17 13:00:00,2026-08-17 15:00:00,120,2026-08-11T08:33:32Z
12357,1821,Research Commons,IBLC,vancouver,548 and 552 - Presentation Room,26,free,2026-08-17,2026-08-17 15:00:00,2026-08-17 18:00:00,180,2026-08-11T08:33:32Z
12357,1821,Research Commons,IBLC,vancouver,548 and 552 - Presentation Room,26,free,2026-08-18,2026-08-18 08:00:00,2026-08-18 09:30:00,90,2026-08-11T08:33:32Z
12357,1821,Research Commons,IBLC,vancouver,548 and 552 - Presentation Room,26,booked,2026-08-18,2026-08-18 09:30:00,2026-08-18 11:30:00,120,2026-08-11T08:33:32Z
12357,1821,Research Commons,IBLC,vancouver,548 and 552 - Presentation Room,26,free,2026-08-18,2026-08-18 11:30:00,2026-08-18 14:00:00,150,2026-08-11T08:33:32Z
12357,1821,Research Commons,IBLC,vancouver,548 and 552 - Presentation Room,26,booked,2026-08-18,2026-08-18 14:00:00,2026-08-18 15:00:00,60,2026-08-11T08:33:32Z
12357,1821,Research Commons,IBLC,vancouver,548 and 552 - Presentation Room,26,free,2026-08-18,2026-08-18 15:00:00,2026-08-18 18:00:00,180,2026-08-11T08:33:32Z
12357,1821,Research Commons,IBLC,vancouver,548 and 552 - Presentation Room,26,free,2026-08-19,2026-08-19 08:00:00,2026-08-19 18:00:00,600,2026-08-11T08:33:32Z
12357,1821,Research Commons,IBLC,vancouver,548 and 552 - Presentation Room,26,free,2026-08-20,2026-08-20 08:00:00,2026-08-20 11:00:00,180,2026-08-11T08:33:32Z
12357,1821,Research Commons,IBLC,vancouver,548 and 552 - Presentation Room,26,booked,2026-08-20,2026-08-20 11:00:00,2026-08-20 12:00:00,60,2026-08-11T08:33:32Z
12357,1821,Research Commons,IBLC,vancouver,548 and 552 - Presentation Room,26,free,2026-08-20,2026-08-20 12:00:00,2026-08-20 18:00:00,360,2026-08-11T08:33:32Z
12357,1821,Research Commons,IBLC,vancouver,548 and 552 - Presentation Room,26,free,2026-08-21,2026-08-21 08:00:00,2026-08-21 18:00:00,600,2026-08-11T08:33:32Z
12357,1821,Research Commons,IBLC,vancouver,548 and 552 - Presentation Room,26,free,2026-08-24,2026-08-24 08:00:00,2026-08-24 18:00:00,600,2026-08-11T08:33:32Z
12358,1821,Research Commons,IBLC,vancouver,548 - Presentation Room (Back Half),,free,2026-08-11,2026-08-11 08:00:00,2026-08-11 10:30:00,150,2026-08-11T08:33:32Z
12358,1821,Research Commons,IBLC,vancouver,548 - Presentation Room (Back Half),,booked,2026-08-11,2026-08-11 10:30:00,2026-08-11 12:30:00,120,2026-08-11T08:33:32Z
12358,1821,Research Commons,IBLC,vancouver,548 - Presentation Room (Back Half),,free,2026-08-11,2026-08-11 12:30:00,2026-08-11 18:00:00,330,2026-08-11T08:33:32Z
12358,1821,Research Commons,IBLC,vancouver,548 - Presentation Room (Back Half),,free,2026-08-12,2026-08-12 08:00:00,2026-08-12 18:00:00,600,2026-08-11T08:33:32Z
12358,1821,Research Commons,IBLC,vancouver,548 - Presentation Room (Back Half),,free,2026-08-13,2026-08-13 08:00:00,2026-08-13 18:00:00,600,2026-08-11T08:33:32Z
12358,1821,Research Commons,IBLC,vancouver,548 - Presentation Room (Back Half),,free,2026-08-14,2026-08-14 08:00:00,2026-08-14 18:00:00,600,2026-08-11T08:33:32Z
12358,1821,Research Commons,IBLC,vancouver,548 - Presentation Room (Back Half),,free,2026-08-15,2026-08-15 11:00:00,2026-08-15 18:00:00,420,2026-08-11T08:33:32Z
12358,1821,Research Commons,IBLC,vancouver,548 - Presentation Room (Back Half),,free,2026-08-17,2026-08-17 08:00:00,2026-08-17 10:00:00,120,2026-08-11T08:33:32Z
12358,1821,Research Commons,IBLC,vancouver,548 - Presentation Room (Back Half),,booked,2026-08-17,2026-08-17 10:00:00,2026-08-17 12:00:00,120,2026-08-11T08:33:32Z
12358,1821,Research Commons,IBLC,vancouver,548 - Presentation Room (Back Half),,free,2026-08-17,2026-08-17 12:00:00,2026-08-17 13:00:00,60,2026-08-11T08:33:32Z
12358,1821,Research Commons,IBLC,vancouver,548 - Presentation Room (Back Half),,booked,2026-08-17,2026-08-17 13:00:00,2026-08-17 15:00:00,120,2026-08-11T08:33:32Z
12358,1821,Research Commons,IBLC,vancouver,548 - Presentation Room (Back Half),,free,2026-08-17,2026-08-17 15:00:00,2026-08-17 18:00:00,180,2026-08-11T08:33:32Z
12358,1821,Research Commons,IBLC,vancouver,548 - Presentation Room (Back Half),,free,2026-08-18,2026-08-18 08:00:00,2026-08-18 09:30:00,90,2026-08-11T08:33:32Z
12358,1821,Research Commons,IBLC,vancouver,548 - Presentation Room (Back Half),,booked,2026-08-18,2026-08-18 09:30:00,2026-08-18 11:30:00,120,2026-08-11T08:33:32Z
12358,1821,Research Commons,IBLC,vancouver,548 - Presentation Room (Back Half),,free,2026-08-18,2026-08-18 11:30:00,2026-08-18 14:00:00,150,2026-08-11T08:33:32Z
12358,1821,Research Commons,IBLC,vancouver,548 - Presentation Room (Back Half),,booked,2026-08-18,2026-08-18 14:00:00,2026-08-18 15:00:00,60,2026-08-11T08:33:32Z
12358,1821,Research Commons,IBLC,vancouver,548 - Presentation Room (Back Half),,free,2026-08-18,2026-08-18 15:00:00,2026-08-18 18:00:00,180,2026-08-11T08:33:32Z
12358,1821,Research Commons,IBLC,vancouver,548 - Presentation Room (Back Half),,free,2026-08-19,2026-08-19 08:00:00,2026-08-19 18:00:00,600,2026-08-11T08:33:32Z
12358,1821,Research Commons,IBLC,vancouver,548 - Presentation Room (Back Half),,free,2026-08-20,2026-08-20 08:00:00,2026-08-20 11:00:00,180,2026-08-11T08:33:32Z
12358,1821,Research Commons,IBLC,vancouver,548 - Presentation Room (Back Half),,booked,2026-08-20,2026-08-20 11:00:00,2026-08-20 12:00:00,60,2026-08-11T08:33:32Z
12358,1821,Research Commons,IBLC,vancouver,548 - Presentation Room (Back Half),,free,2026-08-20,2026-08-20 12:00:00,2026-08-20 18:00:00,360,2026-08-11T08:33:32Z
12358,1821,Research Commons,IBLC,vancouver,548 - Presentation Room (Back Half),,free,2026-08-21,2026-08-21 08:00:00,2026-08-21 18:00:00,600,2026-08-11T08:33:32Z
12358,1821,Research Commons,IBLC,vancouver,548 - Presentation Room (Back Half),,free,2026-08-24,2026-08-24 08:00:00,2026-08-24 18:00:00,600,2026-08-11T08:33:32Z
12359,1821,Research Commons,IBLC,vancouver,552 - Presentation Room (Front Half),,free,2026-08-11,2026-08-11 08:00:00,2026-08-11 10:30:00,150,2026-08-11T08:33:32Z
12359,1821,Research Commons,IBLC,vancouver,552 - Presentation Room (Front Half),,booked,2026-08-11,2026-08-11 10:30:00,2026-08-11 12:30:00,120,2026-08-11T08:33:32Z
12359,1821,Research Commons,IBLC,vancouver,552 - Presentation Room (Front Half),,free,2026-08-11,2026-08-11 12:30:00,2026-08-11 18:00:00,330,2026-08-11T08:33:32Z
12359,1821,Research Commons,IBLC,vancouver,552 - Presentation Room (Front Half),,free,2026-08-12,2026-08-12 08:00:00,2026-08-12 18:00:00,600,2026-08-11T08:33:32Z
12359,1821,Research Commons,IBLC,vancouver,552 - Presentation Room (Front Half),,free,2026-08-13,2026-08-13 08:00:00,2026-08-13 18:00:00,600,2026-08-11T08:33:32Z
12359,1821,Research Commons,IBLC,vancouver,552 - Presentation Room (Front Half),,free,2026-08-14,2026-08-14 08:00:00,2026-08-14 18:00:00,600,2026-08-11T08:33:32Z
12359,1821,Research Commons,IBLC,vancouver,552 - Presentation Room (Front Half),,free,2026-08-15,2026-08-15 11:00:00,2026-08-15 18:00:00,420,2026-08-11T08:33:32Z
12359,1821,Research Commons,IBLC,vancouver,552 - Presentation Room (Front Half),,free,2026-08-17,2026-08-17 08:00:00,2026-08-17 10:00:00,120,2026-08-11T08:33:32Z
12359,1821,Research Commons,IBLC,vancouver,552 - Presentation Room (Front Half),,booked,2026-08-17,2026-08-17 10:00:00,2026-08-17 12:00:00,120,2026-08-11T08:33:32Z
12359,1821,Research Commons,IBLC,vancouver,552 - Presentation Room (Front Half),,free,2026-08-17,2026-08-17 12:00:00,2026-08-17 13:00:00,60,2026-08-11T08:33:32Z
12359,1821,Research Commons,IBLC,vancouver,552 - Presentation Room (Front Half),,booked,2026-08-17,2026-08-17 13:00:00,2026-08-17 15:00:00,120,2026-08-11T08:33:32Z
12359,1821,Research Commons,IBLC,vancouver,552 - Presentation Room (Front Half),,free,2026-08-17,2026-08-17 15:00:00,2026-08-17 18:00:00,180,2026-08-11T08:33:32Z
12359,1821,Research Commons,IBLC,vancouver,552 - Presentation Room (Front Half),,free,2026-08-18,2026-08-18 08:00:00,2026-08-18 09:30:00,90,2026-08-11T08:33:32Z
12359,1821,Research Commons,IBLC,vancouver,552 - Presentation Room (Front Half),,booked,2026-08-18,2026-08-18 09:30:00,2026-08-18 11:30:00,120,2026-08-11T08:33:32Z
12359,1821,Research Commons,IBLC,vancouver,552 - Presentation Room (Front Half),,free,2026-08-18,2026-08-18 11:30:00,2026-08-18 14:00:00,150,2026-08-11T08:33:32Z
12359,1821,Research Commons,IBLC,vancouver,552 - Presentation Room (Front Half),,booked,2026-08-18,2026-08-18 14:00:00,2026-08-18 15:00:00,60,2026-08-11T08:33:32Z
12359,1821,Research Commons,IBLC,vancouver,552 - Presentation Room (Front Half),,free,2026-08-18,2026-08-18 15:00:00,2026-08-18 18:00:00,180,2026-08-11T08:33:32Z
12359,1821,Research Commons,IBLC,vancouver,552 - Presentation Room (Front Half),,free,2026-08-19,2026-08-19 08:00:00,2026-08-19 18:00:00,600,2026-08-11T08:33:32Z
12359,1821,Research Commons,IBLC,vancouver,552 - Presentation Room (Front Half),,free,2026-08-20,2026-08-20 08:00:00,2026-08-20 11:00:00,180,2026-08-11T08:33:32Z
12359,1821,Research Commons,IBLC,vancouver,552 - Presentation Room (Front Half),,booked,2026-08-20,2026-08-20 11:00:00,2026-08-20 12:00:00,60,2026-08-11T08:33:32Z
12359,1821,Research Commons,IBLC,vancouver,552 - Presentation Room (Front Half),,free,2026-08-20,2026-08-20 12:00:00,2026-08-20 18:00:00,360,2026-08-11T08:33:32Z
12359,1821,Research Commons,IBLC,vancouver,552 - Presentation Room (Front Half),,free,2026-08-21,2026-08-21 08:00:00,2026-08-21 18:00:00,600,2026-08-11T08:33:32Z
12359,1821,Research Commons,IBLC,vancouver,552 - Presentation Room (Front Half),,free,2026-08-24,2026-08-24 08:00:00,2026-08-24 18:00:00,600,2026-08-11T08:33:32Z
24133,1821,Research Commons,IBLC,vancouver,446 - Consultation Room,4,free,2026-08-11,2026-08-11 08:00:00,2026-08-11 18:00:00,600,2026-08-11T08:33:32Z
24133,1821,Research Commons,IBLC,vancouver,446 - Consultation Room,4,free,2026-08-12,2026-08-12 08:00:00,2026-08-12 18:00:00,600,2026-08-11T08:33:32Z
24133,1821,Research Commons,IBLC,vancouver,446 - Consultation Room,4,free,2026-08-13,2026-08-13 08:00:00,2026-08-13 18:00:00,600,2026-08-11T08:33:32Z
24133,1821,Research Commons,IBLC,vancouver,446 - Consultation Room,4,free,2026-08-14,2026-08-14 08:00:00,2026-08-14 18:00:00,600,2026-08-11T08:33:32Z
24133,1821,Research Commons,IBLC,vancouver,446 - Consultation Room,4,free,2026-08-15,2026-08-15 11:00:00,2026-08-15 18:00:00,420,2026-08-11T08:33:32Z
24133,1821,Research Commons,IBLC,vancouver,446 - Consultation Room,4,free,2026-08-17,2026-08-17 08:00:00,2026-08-17 18:00:00,600,2026-08-11T08:33:32Z
24133,1821,Research Commons,IBLC,vancouver,446 - Consultation Room,4,free,2026-08-18,2026-08-18 08:00:00,2026-08-18 18:00:00,600,2026-08-11T08:33:32Z
24133,1821,Research Commons,IBLC,vancouver,446 - Consultation Room,4,free,2026-08-19,2026-08-19 08:00:00,2026-08-19 18:00:00,600,2026-08-11T08:33:32Z
24133,1821,Research Commons,IBLC,vancouver,446 - Consultation Room,4,free,2026-08-20,2026-08-20 08:00:00,2026-08-20 18:00:00,600,2026-08-11T08:33:32Z
24133,1821,Research Commons,IBLC,vancouver,446 - Consultation Room,4,free,2026-08-21,2026-08-21 08:00:00,2026-08-21 18:00:00,600,2026-08-11T08:33:32Z
24133,1821,Research Commons,IBLC,vancouver,446 - Consultation Room,4,free,2026-08-24,2026-08-24 08:00:00,2026-08-24 18:00:00,600,2026-08-11T08:33:32Z
24134,1821,Research Commons,IBLC,vancouver,448 - Consultation Room,4,free,2026-08-11,2026-08-11 08:00:00,2026-08-11 18:00:00,600,2026-08-11T08:33:32Z
24134,1821,Research Commons,IBLC,vancouver,448 - Consultation Room,4,free,2026-08-12,2026-08-12 08:00:00,2026-08-12 18:00:00,600,2026-08-11T08:33:32Z
24134,1821,Research Commons,IBLC,vancouver,448 - Consultation Room,4,free,2026-08-13,2026-08-13 08:00:00,2026-08-13 18:00:00,600,2026-08-11T08:33:32Z
24134,1821,Research Commons,IBLC,vancouver,448 - Consultation Room,4,free,2026-08-14,2026-08-14 08:00:00,2026-08-14 18:00:00,600,2026-08-11T08:33:32Z
24134,1821,Research Commons,IBLC,vancouver,448 - Consultation Room,4,free,2026-08-15,2026-08-15 11:00:00,2026-08-15 18:00:00,420,2026-08-11T08:33:32Z
24134,1821,Research Commons,IBLC,vancouver,448 - Consultation Room,4,free,2026-08-17,2026-08-17 08:00:00,2026-08-17 18:00:00,600,2026-08-11T08:33:32Z
24134,1821,Research Commons,IBLC,vancouver,448 - Consultation Room,4,free,2026-08-18,2026-08-18 08:00:00,2026-08-18 18:00:00,600,2026-08-11T08:33:32Z
24134,1821,Research Commons,IBLC,vancouver,448 - Consultation Room,4,free,2026-08-19,2026-08-19 08:00:00,2026-08-19 18:00:00,600,2026-08-11T08:33:32Z
24134,1821,Research Commons,IBLC,vancouver,448 - Consultation Room,4,free,2026-08-20,2026-08-20 08:00:00,2026-08-20 18:00:00,600,2026-08-11T08:33:32Z
24134,1821,Research Commons,IBLC,vancouver,448 - Consultation Room,4,free,2026-08-21,2026-08-21 08:00:00,2026-08-21 18:00:00,600,2026-08-11T08:33:32Z
24134,1821,Research Commons,IBLC,vancouver,448 - Consultation Room,4,free,2026-08-24,2026-08-24 08:00:00,2026-08-24 18:00:00,600,2026-08-11T08:33:32Z
24135,1821,Research Commons,IBLC,vancouver,457,4,free,2026-08-11,2026-08-11 08:00:00,2026-08-11 15:30:00,450,2026-08-11T08:33:32Z
24135,1821,Research Commons,IBLC,vancouver,457,4,unavailable,2026-08-11,2026-08-11 15:30:00,2026-08-11 15:45:00,15,2026-08-11T08:33:32Z
24135,1821,Research Commons,IBLC,vancouver,457,4,booked,2026-08-11,2026-08-11 15:45:00,2026-08-11 17:45:00,120,2026-08-11T08:33:32Z
24135,1821,Research Commons,IBLC,vancouver,457,4,unavailable,2026-08-11,2026-08-11 17:45:00,2026-08-11 18:00:00,15,2026-08-11T08:33:32Z
24135,1821,Research Commons,IBLC,vancouver,457,4,free,2026-08-12,2026-08-12 08:00:00,2026-08-12 17:45:00,585,2026-08-11T08:33:32Z
24135,1821,Research Commons,IBLC,vancouver,457,4,unavailable,2026-08-12,2026-08-12 17:45:00,2026-08-12 18:00:00,15,2026-08-11T08:33:32Z
24135,1821,Research Commons,IBLC,vancouver,457,4,free,2026-08-13,2026-08-13 08:00:00,2026-08-13 17:45:00,585,2026-08-11T08:33:32Z
24135,1821,Research Commons,IBLC,vancouver,457,4,unavailable,2026-08-13,2026-08-13 17:45:00,2026-08-13 18:00:00,15,2026-08-11T08:33:32Z
24135,1821,Research Commons,IBLC,vancouver,457,4,free,2026-08-14,2026-08-14 08:00:00,2026-08-14 17:45:00,585,2026-08-11T08:33:32Z
24135,1821,Research Commons,IBLC,vancouver,457,4,unavailable,2026-08-14,2026-08-14 17:45:00,2026-08-14 18:00:00,15,2026-08-11T08:33:32Z
24135,1821,Research Commons,IBLC,vancouver,457,4,free,2026-08-15,2026-08-15 11:00:00,2026-08-15 17:45:00,405,2026-08-11T08:33:32Z
24135,1821,Research Commons,IBLC,vancouver,457,4,unavailable,2026-08-15,2026-08-15 17:45:00,2026-08-15 18:00:00,15,2026-08-11T08:33:32Z
24135,1821,Research Commons,IBLC,vancouver,457,4,free,2026-08-17,2026-08-17 08:00:00,2026-08-17 17:45:00,585,2026-08-11T08:33:32Z
24135,1821,Research Commons,IBLC,vancouver,457,4,unavailable,2026-08-17,2026-08-17 17:45:00,2026-08-17 18:00:00,15,2026-08-11T08:33:32Z
24135,1821,Research Commons,IBLC,vancouver,457,4,free,2026-08-18,2026-08-18 08:00:00,2026-08-18 17:45:00,585,2026-08-11T08:33:32Z
24135,1821,Research Commons,IBLC,vancouver,457,4,unavailable,2026-08-18,2026-08-18 17:45:00,2026-08-18 18:00:00,15,2026-08-11T08:33:32Z
24135,1821,Research Commons,IBLC,vancouver,457,4,free,2026-08-19,2026-08-19 08:00:00,2026-08-19 17:45:00,585,2026-08-11T08:33:32Z
24135,1821,Research Commons,IBLC,vancouver,457,4,unavailable,2026-08-19,2026-08-19 17:45:00,2026-08-19 18:00:00,15,2026-08-11T08:33:32Z
24135,1821,Research Commons,IBLC,vancouver,457,4,free,2026-08-20,2026-08-20 08:00:00,2026-08-20 17:45:00,585,2026-08-11T08:33:32Z
24135,1821,Research Commons,IBLC,vancouver,457,4,unavailable,2026-08-20,2026-08-20 17:45:00,2026-08-20 18:00:00,15,2026-08-11T08:33:32Z
24135,1821,Research Commons,IBLC,vancouver,457,4,free,2026-08-21,2026-08-21 08:00:00,2026-08-21 17:45:00,585,2026-08-11T08:33:32Z
24135,1821,Research Commons,IBLC,vancouver,457,4,unavailable,2026-08-21,2026-08-21 17:45:00,2026-08-21 18:00:00,15,2026-08-11T08:33:32Z
24135,1821,Research Commons,IBLC,vancouver,457,4,free,2026-08-24,2026-08-24 08:00:00,2026-08-24 17:45:00,585,2026-08-11T08:33:32Z
24135,1821,Research Commons,IBLC,vancouver,457,4,unavailable,2026-08-24,2026-08-24 17:45:00,2026-08-24 18:00:00,15,2026-08-11T08:33:32Z
24136,1821,Research Commons,IBLC,vancouver,458,4,free,2026-08-11,2026-08-11 08:00:00,2026-08-11 17:45:00,585,2026-08-11T08:33:32Z
24136,1821,Research Commons,IBLC,vancouver,458,4,unavailable,2026-08-11,2026-08-11 17:45:00,2026-08-11 18:00:00,15,2026-08-11T08:33:32Z
24136,1821,Research Commons,IBLC,vancouver,458,4,free,2026-08-12,2026-08-12 08:00:00,2026-08-12 17:45:00,585,2026-08-11T08:33:32Z
24136,1821,Research Commons,IBLC,vancouver,458,4,unavailable,2026-08-12,2026-08-12 17:45:00,2026-08-12 18:00:00,15,2026-08-11T08:33:32Z
24136,1821,Research Commons,IBLC,vancouver,458,4,free,2026-08-13,2026-08-13 08:00:00,2026-08-13 17:45:00,585,2026-08-11T08:33:32Z
24136,1821,Research Commons,IBLC,vancouver,458,4,unavailable,2026-08-13,2026-08-13 17:45:00,2026-08-13 18:00:00,15,2026-08-11T08:33:32Z
24136,1821,Research Commons,IBLC,vancouver,458,4,free,2026-08-14,2026-08-14 08:00:00,2026-08-14 17:45:00,585,2026-08-11T08:33:32Z
24136,1821,Research Commons,IBLC,vancouver,458,4,unavailable,2026-08-14,2026-08-14 17:45:00,2026-08-14 18:00:00,15,2026-08-11T08:33:32Z
24136,1821,Research Commons,IBLC,vancouver,458,4,free,2026-08-15,2026-08-15 11:00:00,2026-08-15 17:45:00,405,2026-08-11T08:33:32Z
24136,1821,Research Commons,IBLC,vancouver,458,4,unavailable,2026-08-15,2026-08-15 17:45:00,2026-08-15 18:00:00,15,2026-08-11T08:33:32Z
24136,1821,Research Commons,IBLC,vancouver,458,4,free,2026-08-17,2026-08-17 08:00:00,2026-08-17 17:45:00,585,2026-08-11T08:33:32Z
24136,1821,Research Commons,IBLC,vancouver,458,4,unavailable,2026-08-17,2026-08-17 17:45:00,2026-08-17 18:00:00,15,2026-08-11T08:33:32Z
24136,1821,Research Commons,IBLC,vancouver,458,4,free,2026-08-18,2026-08-18 08:00:00,2026-08-18 17:45:00,585,2026-08-11T08:33:32Z
24136,1821,Research Commons,IBLC,vancouver,458,4,unavailable,2026-08-18,2026-08-18 17:45:00,2026-08-18 18:00:00,15,2026-08-11T08:33:32Z
24136,1821,Research Commons,IBLC,vancouver,458,4,free,2026-08-19,2026-08-19 08:00:00,2026-08-19 17:45:00,585,2026-08-11T08:33:32Z
24136,1821,Research Commons,IBLC,vancouver,458,4,unavailable,2026-08-19,2026-08-19 17:45:00,2026-08-19 18:00:00,15,2026-08-11T08:33:32Z
24136,1821,Research Commons,IBLC,vancouver,458,4,free,2026-08-20,2026-08-20 08:00:00,2026-08-20 17:45:00,585,2026-08-11T08:33:32Z
24136,1821,Research Commons,IBLC,vancouver,458,4,unavailable,2026-08-20,2026-08-20 17:45:00,2026-08-20 18:00:00,15,2026-08-11T08:33:32Z
24136,1821,Research Commons,IBLC,vancouver,458,4,free,2026-08-21,2026-08-21 08:00:00,2026-08-21 17:45:00,585,2026-08-11T08:33:32Z
24136,1821,Research Commons,IBLC,vancouver,458,4,unavailable,2026-08-21,2026-08-21 17:45:00,2026-08-21 18:00:00,15,2026-08-11T08:33:32Z
24136,1821,Research Commons,IBLC,vancouver,458,4,free,2026-08-24,2026-08-24 08:00:00,2026-08-24 17:45:00,585,2026-08-11T08:33:32Z
24136,1821,Research Commons,IBLC,vancouver,458,4,unavailable,2026-08-24,2026-08-24 17:45:00,2026-08-24 18:00:00,15,2026-08-11T08:33:32Z
24686,1821,Research Commons,IBLC,vancouver,495,4,booked,2026-08-11,2026-08-11 08:00:00,2026-08-11 16:00:00,480,2026-08-11T08:33:32Z
24686,1821,Research Commons,IBLC,vancouver,495,4,free,2026-08-11,2026-08-11 16:00:00,2026-08-11 17:45:00,105,2026-08-11T08:33:32Z
24686,1821,Research Commons,IBLC,vancouver,495,4,unavailable,2026-08-11,2026-08-11 17:45:00,2026-08-11 18:00:00,15,2026-08-11T08:33:32Z
24686,1821,Research Commons,IBLC,vancouver,495,4,free,2026-08-12,2026-08-12 08:00:00,2026-08-12 17:45:00,585,2026-08-11T08:33:32Z
24686,1821,Research Commons,IBLC,vancouver,495,4,unavailable,2026-08-12,2026-08-12 17:45:00,2026-08-12 18:00:00,15,2026-08-11T08:33:32Z
24686,1821,Research Commons,IBLC,vancouver,495,4,free,2026-08-13,2026-08-13 08:00:00,2026-08-13 17:45:00,585,2026-08-11T08:33:32Z
24686,1821,Research Commons,IBLC,vancouver,495,4,unavailable,2026-08-13,2026-08-13 17:45:00,2026-08-13 18:00:00,15,2026-08-11T08:33:32Z
24686,1821,Research Commons,IBLC,vancouver,495,4,free,2026-08-14,2026-08-14 08:00:00,2026-08-14 17:45:00,585,2026-08-11T08:33:32Z
24686,1821,Research Commons,IBLC,vancouver,495,4,unavailable,2026-08-14,2026-08-14 17:45:00,2026-08-14 18:00:00,15,2026-08-11T08:33:32Z
24686,1821,Research Commons,IBLC,vancouver,495,4,free,2026-08-15,2026-08-15 11:00:00,2026-08-15 17:45:00,405,2026-08-11T08:33:32Z
24686,1821,Research Commons,IBLC,vancouver,495,4,unavailable,2026-08-15,2026-08-15 17:45:00,2026-08-15 18:00:00,15,2026-08-11T08:33:32Z
24686,1821,Research Commons,IBLC,vancouver,495,4,free,2026-08-17,2026-08-17 08:00:00,2026-08-17 17:45:00,585,2026-08-11T08:33:32Z
24686,1821,Research Commons,IBLC,vancouver,495,4,unavailable,2026-08-17,2026-08-17 17:45:00,2026-08-17 18:00:00,15,2026-08-11T08:33:32Z
24686,1821,Research Commons,IBLC,vancouver,495,4,free,2026-08-18,2026-08-18 08:00:00,2026-08-18 17:45:00,585,2026-08-11T08:33:32Z
24686,1821,Research Commons,IBLC,vancouver,495,4,unavailable,2026-08-18,2026-08-18 17:45:00,2026-08-18 18:00:00,15,2026-08-11T08:33:32Z
24686,1821,Research Commons,IBLC,vancouver,495,4,free,2026-08-19,2026-08-19 08:00:00,2026-08-19 17:45:00,585,2026-08-11T08:33:32Z
24686,1821,Research Commons,IBLC,vancouver,495,4,unavailable,2026-08-19,2026-08-19 17:45:00,2026-08-19 18:00:00,15,2026-08-11T08:33:32Z
24686,1821,Research Commons,IBLC,vancouver,495,4,free,2026-08-20,2026-08-20 08:00:00,2026-08-20 17:45:00,585,2026-08-11T08:33:32Z
24686,1821,Research Commons,IBLC,vancouver,495,4,unavailable,2026-08-20,2026-08-20 17:45:00,2026-08-20 18:00:00,15,2026-08-11T08:33:32Z
24686,1821,Research Commons,IBLC,vancouver,495,4,free,2026-08-21,2026-08-21 08:00:00,2026-08-21 17:45:00,585,2026-08-11T08:33:32Z
24686,1821,Research Commons,IBLC,vancouver,495,4,unavailable,2026-08-21,2026-08-21 17:45:00,2026-08-21 18:00:00,15,2026-08-11T08:33:32Z
24686,1821,Research Commons,IBLC,vancouver,495,4,free,2026-08-24,2026-08-24 08:00:00,2026-08-24 17:45:00,585,2026-08-11T08:33:32Z
24686,1821,Research Commons,IBLC,vancouver,495,4,unavailable,2026-08-24,2026-08-24 17:45:00,2026-08-24 18:00:00,15,2026-08-11T08:33:32Z
24898,1821,Research Commons,IBLC,vancouver,491 - Hoteling Office,1,free,2026-08-11,2026-08-11 08:00:00,2026-08-11 18:00:00,600,2026-08-11T08:33:32Z
24898,1821,Research Commons,IBLC,vancouver,491 - Hoteling Office,1,free,2026-08-12,2026-08-12 08:00:00,2026-08-12 18:00:00,600,2026-08-11T08:33:32Z
24898,1821,Research Commons,IBLC,vancouver,491 - Hoteling Office,1,free,2026-08-13,2026-08-13 08:00:00,2026-08-13 18:00:00,600,2026-08-11T08:33:32Z
24898,1821,Research Commons,IBLC,vancouver,491 - Hoteling Office,1,free,2026-08-14,2026-08-14 08:00:00,2026-08-14 18:00:00,600,2026-08-11T08:33:32Z
24898,1821,Research Commons,IBLC,vancouver,491 - Hoteling Office,1,free,2026-08-15,2026-08-15 11:00:00,2026-08-15 18:00:00,420,2026-08-11T08:33:32Z
24898,1821,Research Commons,IBLC,vancouver,491 - Hoteling Office,1,free,2026-08-17,2026-08-17 08:00:00,2026-08-17 10:45:00,165,2026-08-11T08:33:32Z
24898,1821,Research Commons,IBLC,vancouver,491 - Hoteling Office,1,booked,2026-08-17,2026-08-17 10:45:00,2026-08-17 12:15:00,90,2026-08-11T08:33:32Z
24898,1821,Research Commons,IBLC,vancouver,491 - Hoteling Office,1,free,2026-08-17,2026-08-17 12:15:00,2026-08-17 18:00:00,345,2026-08-11T08:33:32Z
24898,1821,Research Commons,IBLC,vancouver,491 - Hoteling Office,1,free,2026-08-18,2026-08-18 08:00:00,2026-08-18 18:00:00,600,2026-08-11T08:33:32Z
24898,1821,Research Commons,IBLC,vancouver,491 - Hoteling Office,1,free,2026-08-19,2026-08-19 08:00:00,2026-08-19 18:00:00,600,2026-08-11T08:33:32Z
24898,1821,Research Commons,IBLC,vancouver,491 - Hoteling Office,1,free,2026-08-20,2026-08-20 08:00:00,2026-08-20 18:00:00,600,2026-08-11T08:33:32Z
24898,1821,Research Commons,IBLC,vancouver,491 - Hoteling Office,1,free,2026-08-21,2026-08-21 08:00:00,2026-08-21 18:00:00,600,2026-08-11T08:33:32Z
24898,1821,Research Commons,IBLC,vancouver,491 - Hoteling Office,1,free,2026-08-24,2026-08-24 08:00:00,2026-08-24 18:00:00,600,2026-08-11T08:33:32Z
12032,2174,Irving K. Barber Learning Centre,IBLC,vancouver,263,8,free,2026-08-11,2026-08-11 06:00:00,2026-08-11 13:00:00,420,2026-08-11T08:33:32Z
12032,2174,Irving K. Barber Learning Centre,IBLC,vancouver,263,8,unavailable,2026-08-11,2026-08-11 13:00:00,2026-08-11 13:15:00,15,2026-08-11T08:33:32Z
12032,2174,Irving K. Barber Learning Centre,IBLC,vancouver,263,8,booked,2026-08-11,2026-08-11 13:15:00,2026-08-11 15:15:00,120,2026-08-11T08:33:32Z
12032,2174,Irving K. Barber Learning Centre,IBLC,vancouver,263,8,free,2026-08-11,2026-08-11 15:15:00,2026-08-11 23:30:00,495,2026-08-11T08:33:32Z
12032,2174,Irving K. Barber Learning Centre,IBLC,vancouver,263,8,unavailable,2026-08-11,2026-08-11 23:30:00,2026-08-11 23:45:00,15,2026-08-11T08:33:32Z
12032,2174,Irving K. Barber Learning Centre,IBLC,vancouver,263,8,free,2026-08-12,2026-08-12 06:00:00,2026-08-12 23:30:00,1050,2026-08-11T08:33:32Z
12032,2174,Irving K. Barber Learning Centre,IBLC,vancouver,263,8,unavailable,2026-08-12,2026-08-12 23:30:00,2026-08-12 23:45:00,15,2026-08-11T08:33:32Z
12032,2174,Irving K. Barber Learning Centre,IBLC,vancouver,263,8,free,2026-08-13,2026-08-13 06:00:00,2026-08-13 23:30:00,1050,2026-08-11T08:33:32Z
12032,2174,Irving K. Barber Learning Centre,IBLC,vancouver,263,8,unavailable,2026-08-13,2026-08-13 23:30:00,2026-08-13 23:45:00,15,2026-08-11T08:33:32Z
12032,2174,Irving K. Barber Learning Centre,IBLC,vancouver,263,8,free,2026-08-14,2026-08-14 06:00:00,2026-08-14 23:30:00,1050,2026-08-11T08:33:32Z
12032,2174,Irving K. Barber Learning Centre,IBLC,vancouver,263,8,unavailable,2026-08-14,2026-08-14 23:30:00,2026-08-14 23:45:00,15,2026-08-11T08:33:32Z
12032,2174,Irving K. Barber Learning Centre,IBLC,vancouver,263,8,free,2026-08-15,2026-08-15 06:00:00,2026-08-15 23:30:00,1050,2026-08-11T08:33:32Z
12032,2174,Irving K. Barber Learning Centre,IBLC,vancouver,263,8,unavailable,2026-08-15,2026-08-15 23:30:00,2026-08-15 23:45:00,15,2026-08-11T08:33:32Z
12032,2174,Irving K. Barber Learning Centre,IBLC,vancouver,263,8,free,2026-08-16,2026-08-16 06:00:00,2026-08-16 23:30:00,1050,2026-08-11T08:33:32Z
12032,2174,Irving K. Barber Learning Centre,IBLC,vancouver,263,8,unavailable,2026-08-16,2026-08-16 23:30:00,2026-08-16 23:45:00,15,2026-08-11T08:33:32Z
12032,2174,Irving K. Barber Learning Centre,IBLC,vancouver,263,8,free,2026-08-17,2026-08-17 06:00:00,2026-08-17 23:30:00,1050,2026-08-11T08:33:32Z
12032,2174,Irving K. Barber Learning Centre,IBLC,vancouver,263,8,unavailable,2026-08-17,2026-08-17 23:30:00,2026-08-17 23:45:00,15,2026-08-11T08:33:32Z
12032,2174,Irving K. Barber Learning Centre,IBLC,vancouver,263,8,free,2026-08-18,2026-08-18 06:00:00,2026-08-18 23:30:00,1050,2026-08-11T08:33:32Z
12032,2174,Irving K. Barber Learning Centre,IBLC,vancouver,263,8,unavailable,2026-08-18,2026-08-18 23:30:00,2026-08-18 23:45:00,15,2026-08-11T08:33:32Z
12033,2174,Irving K. Barber Learning Centre,IBLC,vancouver,264,12,free,2026-08-11,2026-08-11 06:00:00,2026-08-11 10:45:00,285,2026-08-11T08:33:32Z
12033,2174,Irving K. Barber Learning Centre,IBLC,vancouver,264,12,unavailable,2026-08-11,2026-08-11 10:45:00,2026-08-11 11:00:00,15,2026-08-11T08:33:32Z
12033,2174,Irving K. Barber Learning Centre,IBLC,vancouver,264,12,booked,2026-08-11,2026-08-11 11:00:00,2026-08-11 17:00:00,360,2026-08-11T08:33:32Z
12033,2174,Irving K. Barber Learning Centre,IBLC,vancouver,264,12,free,2026-08-11,2026-08-11 17:00:00,2026-08-11 23:30:00,390,2026-08-11T08:33:32Z
12033,2174,Irving K. Barber Learning Centre,IBLC,vancouver,264,12,unavailable,2026-08-11,2026-08-11 23:30:00,2026-08-11 23:45:00,15,2026-08-11T08:33:32Z
12033,2174,Irving K. Barber Learning Centre,IBLC,vancouver,264,12,free,2026-08-12,2026-08-12 06:00:00,2026-08-12 13:45:00,465,2026-08-11T08:33:32Z
12033,2174,Irving K. Barber Learning Centre,IBLC,vancouver,264,12,unavailable,2026-08-12,2026-08-12 13:45:00,2026-08-12 14:00:00,15,2026-08-11T08:33:32Z
12033,2174,Irving K. Barber Learning Centre,IBLC,vancouver,264,12,booked,2026-08-12,2026-08-12 14:00:00,2026-08-12 17:00:00,180,2026-08-11T08:33:32Z
12033,2174,Irving K. Barber Learning Centre,IBLC,vancouver,264,12,free,2026-08-12,2026-08-12 17:00:00,2026-08-12 23:30:00,390,2026-08-11T08:33:32Z
12033,2174,Irving K. Barber Learning Centre,IBLC,vancouver,264,12,unavailable,2026-08-12,2026-08-12 23:30:00,2026-08-12 23:45:00,15,2026-08-11T08:33:32Z
12033,2174,Irving K. Barber Learning Centre,IBLC,vancouver,264,12,free,2026-08-13,2026-08-13 06:00:00,2026-08-13 23:30:00,1050,2026-08-11T08:33:32Z
12033,2174,Irving K. Barber Learning Centre,IBLC,vancouver,264,12,unavailable,2026-08-13,2026-08-13 23:30:00,2026-08-13 23:45:00,15,2026-08-11T08:33:32Z
12033,2174,Irving K. Barber Learning Centre,IBLC,vancouver,264,12,free,2026-08-14,2026-08-14 06:00:00,2026-08-14 23:30:00,1050,2026-08-11T08:33:32Z
12033,2174,Irving K. Barber Learning Centre,IBLC,vancouver,264,12,unavailable,2026-08-14,2026-08-14 23:30:00,2026-08-14 23:45:00,15,2026-08-11T08:33:32Z
12033,2174,Irving K. Barber Learning Centre,IBLC,vancouver,264,12,free,2026-08-15,2026-08-15 06:00:00,2026-08-15 23:30:00,1050,2026-08-11T08:33:32Z
12033,2174,Irving K. Barber Learning Centre,IBLC,vancouver,264,12,unavailable,2026-08-15,2026-08-15 23:30:00,2026-08-15 23:45:00,15,2026-08-11T08:33:32Z
12033,2174,Irving K. Barber Learning Centre,IBLC,vancouver,264,12,free,2026-08-16,2026-08-16 06:00:00,2026-08-16 23:30:00,1050,2026-08-11T08:33:32Z
12033,2174,Irving K. Barber Learning Centre,IBLC,vancouver,264,12,unavailable,2026-08-16,2026-08-16 23:30:00,2026-08-16 23:45:00,15,2026-08-11T08:33:32Z
12033,2174,Irving K. Barber Learning Centre,IBLC,vancouver,264,12,free,2026-08-17,2026-08-17 06:00:00,2026-08-17 23:30:00,1050,2026-08-11T08:33:32Z
12033,2174,Irving K. Barber Learning Centre,IBLC,vancouver,264,12,unavailable,2026-08-17,2026-08-17 23:30:00,2026-08-17 23:45:00,15,2026-08-11T08:33:32Z
12033,2174,Irving K. Barber Learning Centre,IBLC,vancouver,264,12,free,2026-08-18,2026-08-18 06:00:00,2026-08-18 23:30:00,1050,2026-08-11T08:33:32Z
12033,2174,Irving K. Barber Learning Centre,IBLC,vancouver,264,12,unavailable,2026-08-18,2026-08-18 23:30:00,2026-08-18 23:45:00,15,2026-08-11T08:33:32Z
12034,2174,Irving K. Barber Learning Centre,IBLC,vancouver,265,10,free,2026-08-11,2026-08-11 06:00:00,2026-08-11 10:45:00,285,2026-08-11T08:33:32Z
12034,2174,Irving K. Barber Learning Centre,IBLC,vancouver,265,10,unavailable,2026-08-11,2026-08-11 10:45:00,2026-08-11 11:00:00,15,2026-08-11T08:33:32Z
12034,2174,Irving K. Barber Learning Centre,IBLC,vancouver,265,10,booked,2026-08-11,2026-08-11 11:00:00,2026-08-11 12:00:00,60,2026-08-11T08:33:32Z
12034,2174,Irving K. Barber Learning Centre,IBLC,vancouver,265,10,free,2026-08-11,2026-08-11 12:00:00,2026-08-11 23:30:00,690,2026-08-11T08:33:32Z
12034,2174,Irving K. Barber Learning Centre,IBLC,vancouver,265,10,unavailable,2026-08-11,2026-08-11 23:30:00,2026-08-11 23:45:00,15,2026-08-11T08:33:32Z
12034,2174,Irving K. Barber Learning Centre,IBLC,vancouver,265,10,free,2026-08-12,2026-08-12 06:00:00,2026-08-12 09:45:00,225,2026-08-11T08:33:32Z
12034,2174,Irving K. Barber Learning Centre,IBLC,vancouver,265,10,unavailable,2026-08-12,2026-08-12 09:45:00,2026-08-12 10:00:00,15,2026-08-11T08:33:32Z
12034,2174,Irving K. Barber Learning Centre,IBLC,vancouver,265,10,booked,2026-08-12,2026-08-12 10:00:00,2026-08-12 12:00:00,120,2026-08-11T08:33:32Z
12034,2174,Irving K. Barber Learning Centre,IBLC,vancouver,265,10,free,2026-08-12,2026-08-12 12:00:00,2026-08-12 18:15:00,375,2026-08-11T08:33:32Z
12034,2174,Irving K. Barber Learning Centre,IBLC,vancouver,265,10,unavailable,2026-08-12,2026-08-12 18:15:00,2026-08-12 18:30:00,15,2026-08-11T08:33:32Z
12034,2174,Irving K. Barber Learning Centre,IBLC,vancouver,265,10,booked,2026-08-12,2026-08-12 18:30:00,2026-08-12 20:30:00,120,2026-08-11T08:33:32Z
12034,2174,Irving K. Barber Learning Centre,IBLC,vancouver,265,10,free,2026-08-12,2026-08-12 20:30:00,2026-08-12 23:30:00,180,2026-08-11T08:33:32Z
12034,2174,Irving K. Barber Learning Centre,IBLC,vancouver,265,10,unavailable,2026-08-12,2026-08-12 23:30:00,2026-08-12 23:45:00,15,2026-08-11T08:33:32Z
12034,2174,Irving K. Barber Learning Centre,IBLC,vancouver,265,10,free,2026-08-13,2026-08-13 06:00:00,2026-08-13 23:30:00,1050,2026-08-11T08:33:32Z
12034,2174,Irving K. Barber Learning Centre,IBLC,vancouver,265,10,unavailable,2026-08-13,2026-08-13 23:30:00,2026-08-13 23:45:00,15,2026-08-11T08:33:32Z
12034,2174,Irving K. Barber Learning Centre,IBLC,vancouver,265,10,free,2026-08-14,2026-08-14 06:00:00,2026-08-14 09:45:00,225,2026-08-11T08:33:32Z
12034,2174,Irving K. Barber Learning Centre,IBLC,vancouver,265,10,unavailable,2026-08-14,2026-08-14 09:45:00,2026-08-14 10:00:00,15,2026-08-11T08:33:32Z
12034,2174,Irving K. Barber Learning Centre,IBLC,vancouver,265,10,booked,2026-08-14,2026-08-14 10:00:00,2026-08-14 12:00:00,120,2026-08-11T08:33:32Z
12034,2174,Irving K. Barber Learning Centre,IBLC,vancouver,265,10,free,2026-08-14,2026-08-14 12:00:00,2026-08-14 23:30:00,690,2026-08-11T08:33:32Z
12034,2174,Irving K. Barber Learning Centre,IBLC,vancouver,265,10,unavailable,2026-08-14,2026-08-14 23:30:00,2026-08-14 23:45:00,15,2026-08-11T08:33:32Z
12034,2174,Irving K. Barber Learning Centre,IBLC,vancouver,265,10,free,2026-08-15,2026-08-15 06:00:00,2026-08-15 23:30:00,1050,2026-08-11T08:33:32Z
12034,2174,Irving K. Barber Learning Centre,IBLC,vancouver,265,10,unavailable,2026-08-15,2026-08-15 23:30:00,2026-08-15 23:45:00,15,2026-08-11T08:33:32Z
12034,2174,Irving K. Barber Learning Centre,IBLC,vancouver,265,10,free,2026-08-16,2026-08-16 06:00:00,2026-08-16 23:30:00,1050,2026-08-11T08:33:32Z
12034,2174,Irving K. Barber Learning Centre,IBLC,vancouver,265,10,unavailable,2026-08-16,2026-08-16 23:30:00,2026-08-16 23:45:00,15,2026-08-11T08:33:32Z
12034,2174,Irving K. Barber Learning Centre,IBLC,vancouver,265,10,free,2026-08-17,2026-08-17 06:00:00,2026-08-17 23:30:00,1050,2026-08-11T08:33:32Z
12034,2174,Irving K. Barber Learning Centre,IBLC,vancouver,265,10,unavailable,2026-08-17,2026-08-17 23:30:00,2026-08-17 23:45:00,15,2026-08-11T08:33:32Z
12034,2174,Irving K. Barber Learning Centre,IBLC,vancouver,265,10,free,2026-08-18,2026-08-18 06:00:00,2026-08-18 23:30:00,1050,2026-08-11T08:33:32Z
12034,2174,Irving K. Barber Learning Centre,IBLC,vancouver,265,10,unavailable,2026-08-18,2026-08-18 23:30:00,2026-08-18 23:45:00,15,2026-08-11T08:33:32Z
12035,2174,Irving K. Barber Learning Centre,IBLC,vancouver,266,8,free,2026-08-11,2026-08-11 06:00:00,2026-08-11 12:45:00,405,2026-08-11T08:33:32Z
12035,2174,Irving K. Barber Learning Centre,IBLC,vancouver,266,8,unavailable,2026-08-11,2026-08-11 12:45:00,2026-08-11 13:00:00,15,2026-08-11T08:33:32Z
12035,2174,Irving K. Barber Learning Centre,IBLC,vancouver,266,8,booked,2026-08-11,2026-08-11 13:00:00,2026-08-11 15:00:00,120,2026-08-11T08:33:32Z
12035,2174,Irving K. Barber Learning Centre,IBLC,vancouver,266,8,free,2026-08-11,2026-08-11 15:00:00,2026-08-11 23:30:00,510,2026-08-11T08:33:32Z
12035,2174,Irving K. Barber Learning Centre,IBLC,vancouver,266,8,unavailable,2026-08-11,2026-08-11 23:30:00,2026-08-11 23:45:00,15,2026-08-11T08:33:32Z
12035,2174,Irving K. Barber Learning Centre,IBLC,vancouver,266,8,free,2026-08-12,2026-08-12 06:00:00,2026-08-12 14:15:00,495,2026-08-11T08:33:32Z
12035,2174,Irving K. Barber Learning Centre,IBLC,vancouver,266,8,unavailable,2026-08-12,2026-08-12 14:15:00,2026-08-12 14:30:00,15,2026-08-11T08:33:32Z
12035,2174,Irving K. Barber Learning Centre,IBLC,vancouver,266,8,booked,2026-08-12,2026-08-12 14:30:00,2026-08-12 16:30:00,120,2026-08-11T08:33:32Z
12035,2174,Irving K. Barber Learning Centre,IBLC,vancouver,266,8,free,2026-08-12,2026-08-12 16:30:00,2026-08-12 23:30:00,420,2026-08-11T08:33:32Z
12035,2174,Irving K. Barber Learning Centre,IBLC,vancouver,266,8,unavailable,2026-08-12,2026-08-12 23:30:00,2026-08-12 23:45:00,15,2026-08-11T08:33:32Z
12035,2174,Irving K. Barber Learning Centre,IBLC,vancouver,266,8,free,2026-08-13,2026-08-13 06:00:00,2026-08-13 23:30:00,1050,2026-08-11T08:33:32Z
12035,2174,Irving K. Barber Learning Centre,IBLC,vancouver,266,8,unavailable,2026-08-13,2026-08-13 23:30:00,2026-08-13 23:45:00,15,2026-08-11T08:33:32Z
12035,2174,Irving K. Barber Learning Centre,IBLC,vancouver,266,8,free,2026-08-14,2026-08-14 06:00:00,2026-08-14 23:30:00,1050,2026-08-11T08:33:32Z
12035,2174,Irving K. Barber Learning Centre,IBLC,vancouver,266,8,unavailable,2026-08-14,2026-08-14 23:30:00,2026-08-14 23:45:00,15,2026-08-11T08:33:32Z
12035,2174,Irving K. Barber Learning Centre,IBLC,vancouver,266,8,free,2026-08-15,2026-08-15 06:00:00,2026-08-15 23:30:00,1050,2026-08-11T08:33:32Z
12035,2174,Irving K. Barber Learning Centre,IBLC,vancouver,266,8,unavailable,2026-08-15,2026-08-15 23:30:00,2026-08-15 23:45:00,15,2026-08-11T08:33:32Z
12035,2174,Irving K. Barber Learning Centre,IBLC,vancouver,266,8,free,2026-08-16,2026-08-16 06:00:00,2026-08-16 23:30:00,1050,2026-08-11T08:33:32Z
12035,2174,Irving K. Barber Learning Centre,IBLC,vancouver,266,8,unavailable,2026-08-16,2026-08-16 23:30:00,2026-08-16 23:45:00,15,2026-08-11T08:33:32Z
12035,2174,Irving K. Barber Learning Centre,IBLC,vancouver,266,8,free,2026-08-17,2026-08-17 06:00:00,2026-08-17 23:30:00,1050,2026-08-11T08:33:32Z
12035,2174,Irving K. Barber Learning Centre,IBLC,vancouver,266,8,unavailable,2026-08-17,2026-08-17 23:30:00,2026-08-17 23:45:00,15,2026-08-11T08:33:32Z
12035,2174,Irving K. Barber Learning Centre,IBLC,vancouver,266,8,free,2026-08-18,2026-08-18 06:00:00,2026-08-18 23:30:00,1050,2026-08-11T08:33:32Z
12035,2174,Irving K. Barber Learning Centre,IBLC,vancouver,266,8,unavailable,2026-08-18,2026-08-18 23:30:00,2026-08-18 23:45:00,15,2026-08-11T08:33:32Z
15709,2174,Irving K. Barber Learning Centre,IBLC,vancouver,404,,free,2026-08-11,2026-08-11 06:00:00,2026-08-11 23:00:00,1020,2026-08-11T08:33:32Z
15709,2174,Irving K. Barber Learning Centre,IBLC,vancouver,404,,unavailable,2026-08-11,2026-08-11 23:00:00,2026-08-11 23:45:00,45,2026-08-11T08:33:32Z
15709,2174,Irving K. Barber Learning Centre,IBLC,vancouver,404,,free,2026-08-12,2026-08-12 06:00:00,2026-08-12 23:00:00,1020,2026-08-11T08:33:32Z
15709,2174,Irving K. Barber Learning Centre,IBLC,vancouver,404,,unavailable,2026-08-12,2026-08-12 23:00:00,2026-08-12 23:45:00,45,2026-08-11T08:33:32Z
15709,2174,Irving K. Barber Learning Centre,IBLC,vancouver,404,,free,2026-08-13,2026-08-13 06:00:00,2026-08-13 23:00:00,1020,2026-08-11T08:33:32Z
15709,2174,Irving K. Barber Learning Centre,IBLC,vancouver,404,,unavailable,2026-08-13,2026-08-13 23:00:00,2026-08-13 23:45:00,45,2026-08-11T08:33:32Z
15709,2174,Irving K. Barber Learning Centre,IBLC,vancouver,404,,free,2026-08-14,2026-08-14 06:00:00,2026-08-14 23:00:00,1020,2026-08-11T08:33:32Z
15709,2174,Irving K. Barber Learning Centre,IBLC,vancouver,404,,unavailable,2026-08-14,2026-08-14 23:00:00,2026-08-14 23:45:00,45,2026-08-11T08:33:32Z
15709,2174,Irving K. Barber Learning Centre,IBLC,vancouver,404,,free,2026-08-15,2026-08-15 06:00:00,2026-08-15 23:00:00,1020,2026-08-11T08:33:32Z
15709,2174,Irving K. Barber Learning Centre,IBLC,vancouver,404,,unavailable,2026-08-15,2026-08-15 23:00:00,2026-08-15 23:45:00,45,2026-08-11T08:33:32Z
15709,2174,Irving K. Barber Learning Centre,IBLC,vancouver,404,,free,2026-08-16,2026-08-16 06:00:00,2026-08-16 23:00:00,1020,2026-08-11T08:33:32Z
15709,2174,Irving K. Barber Learning Centre,IBLC,vancouver,404,,unavailable,2026-08-16,2026-08-16 23:00:00,2026-08-16 23:45:00,45,2026-08-11T08:33:32Z
15709,2174,Irving K. Barber Learning Centre,IBLC,vancouver,404,,free,2026-08-17,2026-08-17 06:00:00,2026-08-17 23:00:00,1020,2026-08-11T08:33:32Z
15709,2174,Irving K. Barber Learning Centre,IBLC,vancouver,404,,unavailable,2026-08-17,2026-08-17 23:00:00,2026-08-17 23:45:00,45,2026-08-11T08:33:32Z
15709,2174,Irving K. Barber Learning Centre,IBLC,vancouver,404,,free,2026-08-18,2026-08-18 06:00:00,2026-08-18 23:00:00,1020,2026-08-11T08:33:32Z
15709,2174,Irving K. Barber Learning Centre,IBLC,vancouver,404,,unavailable,2026-08-18,2026-08-18 23:00:00,2026-08-18 23:45:00,45,2026-08-11T08:33:32Z
18998,2174,Irving K. Barber Learning Centre,IBLC,vancouver,192,8,free,2026-08-11,2026-08-11 06:00:00,2026-08-11 11:45:00,345,2026-08-11T08:33:32Z
18998,2174,Irving K. Barber Learning Centre,IBLC,vancouver,192,8,unavailable,2026-08-11,2026-08-11 11:45:00,2026-08-11 12:00:00,15,2026-08-11T08:33:32Z
18998,2174,Irving K. Barber Learning Centre,IBLC,vancouver,192,8,booked,2026-08-11,2026-08-11 12:00:00,2026-08-11 14:00:00,120,2026-08-11T08:33:32Z
18998,2174,Irving K. Barber Learning Centre,IBLC,vancouver,192,8,free,2026-08-11,2026-08-11 14:00:00,2026-08-11 23:30:00,570,2026-08-11T08:33:32Z
18998,2174,Irving K. Barber Learning Centre,IBLC,vancouver,192,8,unavailable,2026-08-11,2026-08-11 23:30:00,2026-08-11 23:45:00,15,2026-08-11T08:33:32Z
18998,2174,Irving K. Barber Learning Centre,IBLC,vancouver,192,8,free,2026-08-12,2026-08-12 06:00:00,2026-08-12 23:30:00,1050,2026-08-11T08:33:32Z
18998,2174,Irving K. Barber Learning Centre,IBLC,vancouver,192,8,unavailable,2026-08-12,2026-08-12 23:30:00,2026-08-12 23:45:00,15,2026-08-11T08:33:32Z
18998,2174,Irving K. Barber Learning Centre,IBLC,vancouver,192,8,free,2026-08-13,2026-08-13 06:00:00,2026-08-13 23:30:00,1050,2026-08-11T08:33:32Z
18998,2174,Irving K. Barber Learning Centre,IBLC,vancouver,192,8,unavailable,2026-08-13,2026-08-13 23:30:00,2026-08-13 23:45:00,15,2026-08-11T08:33:32Z
18998,2174,Irving K. Barber Learning Centre,IBLC,vancouver,192,8,free,2026-08-14,2026-08-14 06:00:00,2026-08-14 23:30:00,1050,2026-08-11T08:33:32Z
18998,2174,Irving K. Barber Learning Centre,IBLC,vancouver,192,8,unavailable,2026-08-14,2026-08-14 23:30:00,2026-08-14 23:45:00,15,2026-08-11T08:33:32Z
18998,2174,Irving K. Barber Learning Centre,IBLC,vancouver,192,8,free,2026-08-15,2026-08-15 06:00:00,2026-08-15 23:30:00,1050,2026-08-11T08:33:32Z
18998,2174,Irving K. Barber Learning Centre,IBLC,vancouver,192,8,unavailable,2026-08-15,2026-08-15 23:30:00,2026-08-15 23:45:00,15,2026-08-11T08:33:32Z
18998,2174,Irving K. Barber Learning Centre,IBLC,vancouver,192,8,free,2026-08-16,2026-08-16 06:00:00,2026-08-16 23:30:00,1050,2026-08-11T08:33:32Z
18998,2174,Irving K. Barber Learning Centre,IBLC,vancouver,192,8,unavailable,2026-08-16,2026-08-16 23:30:00,2026-08-16 23:45:00,15,2026-08-11T08:33:32Z
18998,2174,Irving K. Barber Learning Centre,IBLC,vancouver,192,8,free,2026-08-17,2026-08-17 06:00:00,2026-08-17 23:30:00,1050,2026-08-11T08:33:32Z
18998,2174,Irving K. Barber Learning Centre,IBLC,vancouver,192,8,unavailable,2026-08-17,2026-08-17 23:30:00,2026-08-17 23:45:00,15,2026-08-11T08:33:32Z
18998,2174,Irving K. Barber Learning Centre,IBLC,vancouver,192,8,free,2026-08-18,2026-08-18 06:00:00,2026-08-18 23:30:00,1050,2026-08-11T08:33:32Z
18998,2174,Irving K. Barber Learning Centre,IBLC,vancouver,192,8,unavailable,2026-08-18,2026-08-18 23:30:00,2026-08-18 23:45:00,15,2026-08-11T08:33:32Z
18999,2174,Irving K. Barber Learning Centre,IBLC,vancouver,193,8,free,2026-08-11,2026-08-11 06:00:00,2026-08-11 12:45:00,405,2026-08-11T08:33:32Z
18999,2174,Irving K. Barber Learning Centre,IBLC,vancouver,193,8,unavailable,2026-08-11,2026-08-11 12:45:00,2026-08-11 13:00:00,15,2026-08-11T08:33:32Z
18999,2174,Irving K. Barber Learning Centre,IBLC,vancouver,193,8,booked,2026-08-11,2026-08-11 13:00:00,2026-08-11 14:00:00,60,2026-08-11T08:33:32Z
18999,2174,Irving K. Barber Learning Centre,IBLC,vancouver,193,8,free,2026-08-11,2026-08-11 14:00:00,2026-08-11 23:30:00,570,2026-08-11T08:33:32Z
18999,2174,Irving K. Barber Learning Centre,IBLC,vancouver,193,8,unavailable,2026-08-11,2026-08-11 23:30:00,2026-08-11 23:45:00,15,2026-08-11T08:33:32Z
18999,2174,Irving K. Barber Learning Centre,IBLC,vancouver,193,8,free,2026-08-12,2026-08-12 06:00:00,2026-08-12 08:00:00,120,2026-08-11T08:33:32Z
18999,2174,Irving K. Barber Learning Centre,IBLC,vancouver,193,8,unavailable,2026-08-12,2026-08-12 08:00:00,2026-08-12 08:15:00,15,2026-08-11T08:33:32Z
18999,2174,Irving K. Barber Learning Centre,IBLC,vancouver,193,8,booked,2026-08-12,2026-08-12 08:15:00,2026-08-12 10:15:00,120,2026-08-11T08:33:32Z
18999,2174,Irving K. Barber Learning Centre,IBLC,vancouver,193,8,free,2026-08-12,2026-08-12 10:15:00,2026-08-12 12:45:00,150,2026-08-11T08:33:32Z
18999,2174,Irving K. Barber Learning Centre,IBLC,vancouver,193,8,unavailable,2026-08-12,2026-08-12 12:45:00,2026-08-12 13:00:00,15,2026-08-11T08:33:32Z
18999,2174,Irving K. Barber Learning Centre,IBLC,vancouver,193,8,booked,2026-08-12,2026-08-12 13:00:00,2026-08-12 14:00:00,60,2026-08-11T08:33:32Z
18999,2174,Irving K. Barber Learning Centre,IBLC,vancouver,193,8,free,2026-08-12,2026-08-12 14:00:00,2026-08-12 23:30:00,570,2026-08-11T08:33:32Z
18999,2174,Irving K. Barber Learning Centre,IBLC,vancouver,193,8,unavailable,2026-08-12,2026-08-12 23:30:00,2026-08-12 23:45:00,15,2026-08-11T08:33:32Z
18999,2174,Irving K. Barber Learning Centre,IBLC,vancouver,193,8,free,2026-08-13,2026-08-13 06:00:00,2026-08-13 12:45:00,405,2026-08-11T08:33:32Z
18999,2174,Irving K. Barber Learning Centre,IBLC,vancouver,193,8,unavailable,2026-08-13,2026-08-13 12:45:00,2026-08-13 13:00:00,15,2026-08-11T08:33:32Z
18999,2174,Irving K. Barber Learning Centre,IBLC,vancouver,193,8,booked,2026-08-13,2026-08-13 13:00:00,2026-08-13 14:00:00,60,2026-08-11T08:33:32Z
18999,2174,Irving K. Barber Learning Centre,IBLC,vancouver,193,8,free,2026-08-13,2026-08-13 14:00:00,2026-08-13 23:30:00,570,2026-08-11T08:33:32Z
18999,2174,Irving K. Barber Learning Centre,IBLC,vancouver,193,8,unavailable,2026-08-13,2026-08-13 23:30:00,2026-08-13 23:45:00,15,2026-08-11T08:33:32Z
18999,2174,Irving K. Barber Learning Centre,IBLC,vancouver,193,8,free,2026-08-14,2026-08-14 06:00:00,2026-08-14 12:45:00,405,2026-08-11T08:33:32Z
18999,2174,Irving K. Barber Learning Centre,IBLC,vancouver,193,8,unavailable,2026-08-14,2026-08-14 12:45:00,2026-08-14 13:00:00,15,2026-08-11T08:33:32Z
18999,2174,Irving K. Barber Learning Centre,IBLC,vancouver,193,8,booked,2026-08-14,2026-08-14 13:00:00,2026-08-14 14:00:00,60,2026-08-11T08:33:32Z
18999,2174,Irving K. Barber Learning Centre,IBLC,vancouver,193,8,free,2026-08-14,2026-08-14 14:00:00,2026-08-14 23:30:00,570,2026-08-11T08:33:32Z
18999,2174,Irving K. Barber Learning Centre,IBLC,vancouver,193,8,unavailable,2026-08-14,2026-08-14 23:30:00,2026-08-14 23:45:00,15,2026-08-11T08:33:32Z
18999,2174,Irving K. Barber Learning Centre,IBLC,vancouver,193,8,free,2026-08-15,2026-08-15 06:00:00,2026-08-15 23:30:00,1050,2026-08-11T08:33:32Z
18999,2174,Irving K. Barber Learning Centre,IBLC,vancouver,193,8,unavailable,2026-08-15,2026-08-15 23:30:00,2026-08-15 23:45:00,15,2026-08-11T08:33:32Z
18999,2174,Irving K. Barber Learning Centre,IBLC,vancouver,193,8,free,2026-08-16,2026-08-16 06:00:00,2026-08-16 23:30:00,1050,2026-08-11T08:33:32Z
18999,2174,Irving K. Barber Learning Centre,IBLC,vancouver,193,8,unavailable,2026-08-16,2026-08-16 23:30:00,2026-08-16 23:45:00,15,2026-08-11T08:33:32Z
18999,2174,Irving K. Barber Learning Centre,IBLC,vancouver,193,8,free,2026-08-17,2026-08-17 06:00:00,2026-08-17 12:45:00,405,2026-08-11T08:33:32Z
18999,2174,Irving K. Barber Learning Centre,IBLC,vancouver,193,8,unavailable,2026-08-17,2026-08-17 12:45:00,2026-08-17 13:00:00,15,2026-08-11T08:33:32Z
18999,2174,Irving K. Barber Learning Centre,IBLC,vancouver,193,8,booked,2026-08-17,2026-08-17 13:00:00,2026-08-17 14:00:00,60,2026-08-11T08:33:32Z
18999,2174,Irving K. Barber Learning Centre,IBLC,vancouver,193,8,free,2026-08-17,2026-08-17 14:00:00,2026-08-17 23:30:00,570,2026-08-11T08:33:32Z
18999,2174,Irving K. Barber Learning Centre,IBLC,vancouver,193,8,unavailable,2026-08-17,2026-08-17 23:30:00,2026-08-17 23:45:00,15,2026-08-11T08:33:32Z
18999,2174,Irving K. Barber Learning Centre,IBLC,vancouver,193,8,free,2026-08-18,2026-08-18 06:00:00,2026-08-18 12:45:00,405,2026-08-11T08:33:32Z
18999,2174,Irving K. Barber Learning Centre,IBLC,vancouver,193,8,unavailable,2026-08-18,2026-08-18 12:45:00,2026-08-18 13:00:00,15,2026-08-11T08:33:32Z
18999,2174,Irving K. Barber Learning Centre,IBLC,vancouver,193,8,booked,2026-08-18,2026-08-18 13:00:00,2026-08-18 14:00:00,60,2026-08-11T08:33:32Z
18999,2174,Irving K. Barber Learning Centre,IBLC,vancouver,193,8,free,2026-08-18,2026-08-18 14:00:00,2026-08-18 23:30:00,570,2026-08-11T08:33:32Z
18999,2174,Irving K. Barber Learning Centre,IBLC,vancouver,193,8,unavailable,2026-08-18,2026-08-18 23:30:00,2026-08-18 23:45:00,15,2026-08-11T08:33:32Z
19000,2174,Irving K. Barber Learning Centre,IBLC,vancouver,194,8,free,2026-08-11,2026-08-11 06:00:00,2026-08-11 08:45:00,165,2026-08-11T08:33:32Z
19000,2174,Irving K. Barber Learning Centre,IBLC,vancouver,194,8,unavailable,2026-08-11,2026-08-11 08:45:00,2026-08-11 09:00:00,15,2026-08-11T08:33:32Z
19000,2174,Irving K. Barber Learning Centre,IBLC,vancouver,194,8,booked,2026-08-11,2026-08-11 09:00:00,2026-08-11 11:00:00,120,2026-08-11T08:33:32Z
19000,2174,Irving K. Barber Learning Centre,IBLC,vancouver,194,8,free,2026-08-11,2026-08-11 11:00:00,2026-08-11 13:30:00,150,2026-08-11T08:33:32Z
19000,2174,Irving K. Barber Learning Centre,IBLC,vancouver,194,8,unavailable,2026-08-11,2026-08-11 13:30:00,2026-08-11 13:45:00,15,2026-08-11T08:33:32Z
19000,2174,Irving K. Barber Learning Centre,IBLC,vancouver,194,8,booked,2026-08-11,2026-08-11 13:45:00,2026-08-11 15:15:00,90,2026-08-11T08:33:32Z
19000,2174,Irving K. Barber Learning Centre,IBLC,vancouver,194,8,free,2026-08-11,2026-08-11 15:15:00,2026-08-11 23:30:00,495,2026-08-11T08:33:32Z
19000,2174,Irving K. Barber Learning Centre,IBLC,vancouver,194,8,unavailable,2026-08-11,2026-08-11 23:30:00,2026-08-11 23:45:00,15,2026-08-11T08:33:32Z
19000,2174,Irving K. Barber Learning Centre,IBLC,vancouver,194,8,free,2026-08-12,2026-08-12 06:00:00,2026-08-12 23:30:00,1050,2026-08-11T08:33:32Z
19000,2174,Irving K. Barber Learning Centre,IBLC,vancouver,194,8,unavailable,2026-08-12,2026-08-12 23:30:00,2026-08-12 23:45:00,15,2026-08-11T08:33:32Z
19000,2174,Irving K. Barber Learning Centre,IBLC,vancouver,194,8,free,2026-08-13,2026-08-13 06:00:00,2026-08-13 23:30:00,1050,2026-08-11T08:33:32Z
19000,2174,Irving K. Barber Learning Centre,IBLC,vancouver,194,8,unavailable,2026-08-13,2026-08-13 23:30:00,2026-08-13 23:45:00,15,2026-08-11T08:33:32Z
19000,2174,Irving K. Barber Learning Centre,IBLC,vancouver,194,8,free,2026-08-14,2026-08-14 06:00:00,2026-08-14 23:30:00,1050,2026-08-11T08:33:32Z
19000,2174,Irving K. Barber Learning Centre,IBLC,vancouver,194,8,unavailable,2026-08-14,2026-08-14 23:30:00,2026-08-14 23:45:00,15,2026-08-11T08:33:32Z
19000,2174,Irving K. Barber Learning Centre,IBLC,vancouver,194,8,free,2026-08-15,2026-08-15 06:00:00,2026-08-15 23:30:00,1050,2026-08-11T08:33:32Z
19000,2174,Irving K. Barber Learning Centre,IBLC,vancouver,194,8,unavailable,2026-08-15,2026-08-15 23:30:00,2026-08-15 23:45:00,15,2026-08-11T08:33:32Z
19000,2174,Irving K. Barber Learning Centre,IBLC,vancouver,194,8,free,2026-08-16,2026-08-16 06:00:00,2026-08-16 23:30:00,1050,2026-08-11T08:33:32Z
19000,2174,Irving K. Barber Learning Centre,IBLC,vancouver,194,8,unavailable,2026-08-16,2026-08-16 23:30:00,2026-08-16 23:45:00,15,2026-08-11T08:33:32Z
19000,2174,Irving K. Barber Learning Centre,IBLC,vancouver,194,8,free,2026-08-17,2026-08-17 06:00:00,2026-08-17 23:30:00,1050,2026-08-11T08:33:32Z
19000,2174,Irving K. Barber Learning Centre,IBLC,vancouver,194,8,unavailable,2026-08-17,2026-08-17 23:30:00,2026-08-17 23:45:00,15,2026-08-11T08:33:32Z
19000,2174,Irving K. Barber Learning Centre,IBLC,vancouver,194,8,free,2026-08-18,2026-08-18 06:00:00,2026-08-18 23:30:00,1050,2026-08-11T08:33:32Z
19000,2174,Irving K. Barber Learning Centre,IBLC,vancouver,194,8,unavailable,2026-08-18,2026-08-18 23:30:00,2026-08-18 23:45:00,15,2026-08-11T08:33:32Z
