id,type,nid,status,title,created,changed,alias,body,related,campus
9daeab1b-b12d-421b-ac89-23b2e590d5cb,node--academic_year,16105,True,Academic Year 1999/00 - September,2023-04-13T20:49:11+00:00,2023-04-13T20:49:00+00:00,/academic-year-199900/academic-year-199900-september,,"{""node_type"": ""53783729-2e4c-4d95-b3b9-5a5c46531869"", ""revision_uid"": ""3e7cb6cf-3e28-462b-9821-30746a7583c2"", ""uid"": ""3e7cb6cf-3e28-462b-9821-30746a7583c2"", ""academic_year_events"": [""27cc9e59-8d77-4560-af76-890c1681cbdd"", ""02a6a6d9-7c04-4d5a-af23-c3f9bbbd1562"", ""d5eea475-ee44-41c8-8434-686b59f92607"", ""5b9a1288-94b1-4ab7-905f-1365af34d407"", ""d0962667-838c-4bba-899b-4658a1548a2f"", ""e4f6bb41-0638-4833-b91a-fc98a52a0502"", ""259e17d4-b61b-4c2b-a511-c369d60f1733"", ""ed92489c-3061-4958-bbcb-00b3963d2d28"", ""84532a5d-fa69-4e2f-b188-edf3ff55bbce"", ""1b653aad-bb47-49e2-a6f0-c4f4f7ec7cb4""], ""academic_year"": ""6cc72c08-8554-4a3f-b80c-446323261f57""}",vancouver
cd5abb3e-545b-4e03-ae89-e85e518e1aa9,node--academic_year,16106,True,Academic Year 1999/00 - December,2023-04-13T20:49:13+00:00,2023-04-13T20:49:00+00:00,/academic-year-199900/academic-year-199900-december,,"{""node_type"": ""53783729-2e4c-4d95-b3b9-5a5c46531869"", ""revision_uid"": ""3e7cb6cf-3e28-462b-9821-30746a7583c2"", ""uid"": ""3e7cb6cf-3e28-462b-9821-30746a7583c2"", ""academic_year_events"": [""50638a98-6ba6-4115-8d5c-58f55e47d85f"", ""ca2dd12f-4371-465b-990e-f4736589b66b"", ""507fcc5f-186b-4ffc-a289-c4e3ed57756b"", ""20be4e6e-65d0-4fec-9e8f-b6d5c23d2ac5"", ""7a6821c2-87d1-4b5e-9d89-e2d62f4d2a24"", ""bc230b28-9880-4db7-a297-fb927579efb3"", ""ad40f535-98ec-4242-9322-a23874814a0d"", ""fe872244-57fb-4977-bcdf-8ce1bd1e7c54"", ""9ee5fcb5-33a7-4c26-9460-54a20a9933a4"", ""6782c490-dab0-44e4-9ea4-05a214fcb548"", ""597dfa1c-2ada-4c58-b10f-ba58b19722b2"", ""3db3bd20-d734-4233-bd6e-d7436fc16f82""], ""academic_year"": ""6cc72c08-8554-4a3f-b80c-446323261f57""}",vancouver
1a7e5c95-284e-47c1-a986-5ac8123c2a41,node--academic_year,16107,True,Academic Year 1999/00 - November,2023-04-13T20:49:13+00:00,2023-04-13T20:49:00+00:00,/academic-year-199900/academic-year-199900-november,,"{""node_type"": ""53783729-2e4c-4d95-b3b9-5a5c46531869"", ""revision_uid"": ""3e7cb6cf-3e28-462b-9821-30746a7583c2"", ""uid"": ""3e7cb6cf-3e28-462b-9821-30746a7583c2"", ""academic_year_events"": [""0f589a3a-9192-4429-907a-a50ebacae98f"", ""1d5ec6d6-b5cc-452d-b648-0dc56dba1c3e"", ""86da9685-e0ea-41ad-83ee-9a7e561fe126"", ""6b099d8f-2016-4dbb-87ac-91ce4167be2c"", ""e445e81b-9f6e-43f1-b859-e106e13187ba"", ""8852cc20-ab0e-46a9-881b-ce5c2b2057bc"", ""86b119a0-845a-43c7-89eb-2452c7c89559"", ""002040a9-aaa5-4913-be00-8e7d1f28d094"", ""c4fbcae3-787c-4636-a968-1bc4e421e60e""], ""academic_year"": ""6cc72c08-8554-4a3f-b80c-446323261f57""}",vancouver
496936c0-5f59-486e-a66b-a06c8d08ebdb,node--academic_year,16108,True,Academic Year 1999/00 - October,2023-04-13T20:49:13+00:00,2023-04-13T20:49:00+00:00,/academic-year-199900/academic-year-199900-october,,"{""node_type"": ""53783729-2e4c-4d95-b3b9-5a5c46531869"", ""revision_uid"": ""3e7cb6cf-3e28-462b-9821-30746a7583c2"", ""uid"": ""3e7cb6cf-3e28-462b-9821-30746a7583c2"", ""academic_year_events"": [""1b18ff6a-6fe6-4f0f-aea1-ff00a045e5dc"", ""141e68ab-c83b-4ac8-814e-e5772640ce8d"", ""7a6ecf6b-a4b0-41c8-9e49-5c2652b8a776"", ""38f816aa-5433-4665-a34d-2c9b0e527240"", ""e40c3097-8ca6-4168-a55a-246dcabb4576"", ""b2a4ec7d-1310-4342-bc7e-be58e6735ce9"", ""e44a6085-8a68-4028-8907-38fc6a581fd1"", ""46fa88b7-8368-4154-b4c5-abe141374eac""], ""academic_year"": ""6cc72c08-8554-4a3f-b80c-446323261f57""}",vancouver
111c68e9-aa80-4d76-a117-18fe185e52b6,node--academic_year,16109,True,Academic Year 1999/00 - August,2023-04-13T20:49:14+00:00,2023-04-13T20:49:00+00:00,/academic-year-199900/academic-year-199900-august,,"{""node_type"": ""53783729-2e4c-4d95-b3b9-5a5c46531869"", ""revision_uid"": ""3e7cb6cf-3e28-462b-9821-30746a7583c2"", ""uid"": ""3e7cb6cf-3e28-462b-9821-30746a7583c2"", ""academic_year_events"": [""3916f7fc-236a-427a-9e3c-cbc400d80ba4"", ""c8e16639-4a99-4b31-bfbf-94f8187db6c1"", ""4c94c442-529a-4f91-81bf-e72da20d8445"", ""58909cb5-ee3f-4c6a-b258-06a1b1cb7331"", ""f559feae-8dad-4cf8-9fe0-c650ed5dfe5a"", ""3e0f73d7-2cd6-4802-8f44-15faa5876713"", ""3e2a0892-647b-45bc-85e0-590edb4e1e92"", ""14b0c349-ebe7-443a-8fb8-c814dc57b0f5"", ""76984011-f008-4188-9d43-34ad590b4ecd"", ""f27fb783-dcd7-463a-bdaa-399b61f2e290"", ""c3751525-fb33-4093-a9f4-85805ed68b21"", ""7810ea95-d818-490a-8a4a-f46f0bbdc943"", ""ddeea6e2-f156-491a-9a1b-c314d302ff54"", ""80e8ae20-9a22-4cf3-8262-33d92e46c6b6"", ""6012d630-eed1-4450-920b-c6e3fcfd5550""], ""academic_year"": ""6cc72c08-8554-4a3f-b80c-446323261f57""}",vancouver
14f71292-b5c7-4b7d-961e-763ccdac6273,node--academic_year,16110,True,Academic Year 1999/00 - July,2023-04-13T20:49:14+00:00,2023-04-13T20:49:00+00:00,/academic-year-199900/academic-year-199900-july,,"{""node_type"": ""53783729-2e4c-4d95-b3b9-5a5c46531869"", ""revision_uid"": ""3e7cb6cf-3e28-462b-9821-30746a7583c2"", ""uid"": ""3e7cb6cf-3e28-462b-9821-30746a7583c2"", ""academic_year_events"": [""b2312c0d-170d-4e9f-a35c-691ead9345c1"", ""d1f1dceb-3e46-4820-8355-5ce3190d8545"", ""96468718-26c1-49f3-8371-3c7e20446586"", ""ed82f1d1-8501-4664-9040-4677b2665dd1"", ""157cd334-11b7-4594-a3f3-afbabaab348a"", ""4d4bfc36-7b05-48ae-938e-96a11207aba8"", ""52684062-7325-4901-9a7f-b5da677535bd"", ""12e5de24-14f7-4c26-8396-e3512a4f8dd6""], ""academic_year"": ""6cc72c08-8554-4a3f-b80c-446323261f57""}",vancouver
381e0cd0-1b04-4a99-bac8-436563370bbd,node--academic_year,16111,True,Academic Year 1999/00 - June,2023-04-13T20:49:15+00:00,2023-04-13T20:49:00+00:00,/academic-year-199900/academic-year-199900-june,,"{""node_type"": ""53783729-2e4c-4d95-b3b9-5a5c46531869"", ""revision_uid"": ""3e7cb6cf-3e28-462b-9821-30746a7583c2"", ""uid"": ""3e7cb6cf-3e28-462b-9821-30746a7583c2"", ""academic_year_events"": [""d40cc8b7-144c-41ae-af84-64c512284100"", ""bdc5bfc7-4efa-48ee-ade9-a4daa0d584a0"", ""5a470b08-bb2a-4c31-9292-40a4c9545593"", ""921e2ccc-0c62-499a-8ec5-46681f92a5de"", ""cadbb5bf-5c85-41ec-8d3f-8aceef1ccd00"", ""b753f84b-91dd-4c9c-b565-9f77887b6454"", ""ca0579e3-45e4-491b-8a36-b346cb0d6f14"", ""54fec308-d968-4fc3-9154-8a7a7c3d57c6"", ""831befd5-d406-4a39-9c46-b4e005df3e51"", ""3a534ecc-1d8d-44da-a1c7-a7816fcaac8b"", ""ff249c6b-a1ba-4803-8612-b4d5373dc304""], ""academic_year"": ""6cc72c08-8554-4a3f-b80c-446323261f57""}",vancouver
cb3b1742-4405-4fe3-83aa-86f010fa1486,node--academic_year,16112,True,Academic Year 1999/00 - January,2023-04-13T20:49:15+00:00,2023-04-13T20:49:00+00:00,/academic-year-199900/academic-year-199900-january,,"{""node_type"": ""53783729-2e4c-4d95-b3b9-5a5c46531869"", ""revision_uid"": ""3e7cb6cf-3e28-462b-9821-30746a7583c2"", ""uid"": ""3e7cb6cf-3e28-462b-9821-30746a7583c2"", ""academic_year_events"": [""0dadb14f-b088-40f8-a0a8-92c88341cfde"", ""ff9f4ef0-86c4-4d64-90d7-2f3ce4956eb4"", ""a065a448-af0d-45c2-a654-ec311bfe9a74"", ""9a47078e-c4b7-4f2d-b488-d8dc0b65f015"", ""d58e061c-2a07-4275-82b9-847f4e619353"", ""589e3cef-839e-45bb-b597-121d38747bd1"", ""1a780bae-419d-4b80-87b8-541c02c22541"", ""727eec0e-746b-4904-8c71-a8550954e7af""], ""academic_year"": ""6cc72c08-8554-4a3f-b80c-446323261f57""}",vancouver
77330727-aa6e-4a3e-abd5-82b5b4c48d32,node--academic_year,16113,True,Academic Year 1999/00 - February,2023-04-13T20:49:16+00:00,2023-04-13T20:49:00+00:00,/academic-year-199900/academic-year-199900-february,,"{""node_type"": ""53783729-2e4c-4d95-b3b9-5a5c46531869"", ""revision_uid"": ""3e7cb6cf-3e28-462b-9821-30746a7583c2"", ""uid"": ""3e7cb6cf-3e28-462b-9821-30746a7583c2"", ""academic_year_events"": [""956a7815-88f2-480e-8dd9-99f30da5ba65"", ""14f84d0d-5d90-48e7-b537-a8f7c50d256c"", ""e78c101f-d32e-4710-951c-02bf65c525c8"", ""6d1a0ae7-a79d-4193-9acc-928aaabe96e4"", ""8b0fccf3-a78b-47c8-9653-6dd17bab75a9"", ""d5e6e73d-5359-4818-b958-0587459d0d02"", ""a2ef8117-de1d-48fc-9b71-b2165861c30b"", ""34b2ed1e-43b0-45dc-b56d-b0c1138d8b92"", ""83ae9c1a-82f2-4fae-bfa3-a1239d283723""], ""academic_year"": ""6cc72c08-8554-4a3f-b80c-446323261f57""}",vancouver
bee3e09a-4785-4f4e-a12a-d4ed118c7e3a,node--academic_year,16114,True,Academic Year 1999/00 - March,2023-04-13T20:49:16+00:00,2023-04-13T20:49:00+00:00,/academic-year-199900/academic-year-199900-march,,"{""node_type"": ""53783729-2e4c-4d95-b3b9-5a5c46531869"", ""revision_uid"": ""3e7cb6cf-3e28-462b-9821-30746a7583c2"", ""uid"": ""3e7cb6cf-3e28-462b-9821-30746a7583c2"", ""academic_year_events"": [""199e7027-8dc3-4a82-80f6-017166d06f63"", ""9aa1a517-f652-4cb9-af34-2091851bd1f7"", ""5f4e4bfc-1233-458e-95ca-49694aafd911"", ""c27be40e-7a27-4f27-b451-01ecde9f47bb"", ""0aed5f38-085a-4b91-bb79-48084c3a6845"", ""b9f13672-0835-4772-8ddc-c91eedcf5508"", ""3989ed18-82e2-4d52-8998-15a44d174e6d"", ""a3b96cd2-a186-4dd0-ad4e-37e38d7fab69"", ""49f0f0f0-b572-4a8c-8f37-476cc5ef3b12"", ""b8e9acaf-ae9f-42f6-aaa3-2106e25928ae"", ""c4eebb58-21b3-4229-aec6-14f3891ec5bc"", ""d499db46-dc46-4102-a85d-470515c317aa""], ""academic_year"": ""6cc72c08-8554-4a3f-b80c-446323261f57""}",vancouver
79ec52a6-41e2-4156-b5d6-afe693916467,node--academic_year,16115,True,Academic Year 1999/00 - April,2023-04-13T20:49:17+00:00,2023-04-13T20:49:00+00:00,/academic-year-199900/academic-year-199900-april,,"{""node_type"": ""53783729-2e4c-4d95-b3b9-5a5c46531869"", ""revision_uid"": ""3e7cb6cf-3e28-462b-9821-30746a7583c2"", ""uid"": ""3e7cb6cf-3e28-462b-9821-30746a7583c2"", ""academic_year_events"": [""132d9868-86cc-4555-bc44-eb75fbb7fe0c"", ""08715dff-0f4f-4d30-94a7-12f54c5203b1"", ""ea4fe995-db19-4846-a82d-8cbf5a4c7c66"", ""a6067385-d448-4ea3-81ee-dfcdcbc72119"", ""109c39f1-0640-4993-94bc-5cdd9b9af827"", ""a27a5bdb-747e-4d24-a918-f499c8c3f31e"", ""96f9f355-8393-4146-8081-3f47aaaf9450"", ""0443bc0f-f5ea-479a-b322-22d646423eea"", ""c1430ea2-1918-43e0-a08f-2940dddce1fc"", ""841cfb1d-2a45-4709-b62a-c37a16edf572"", ""c6bb2fa9-d6ce-4494-bd03-a372b83e405d"", ""38279728-4602-41c5-881f-db3b4c98e698"", ""1ad94f60-b60b-4b6c-a2eb-a52664a36be8"", ""95d0e920-c68a-4d4b-9c1a-ed00df3d3351"", ""f2f1f864-7442-4a4e-bbf5-4dad584c249c"", ""e574cac4-676d-415b-a3b7-00429abc5934"", ""a0db5eb1-b30a-40a4-a1ff-17b0eec9265c""], ""academic_year"": ""6cc72c08-8554-4a3f-b80c-446323261f57""}",vancouver
c43200da-edcc-4b79-ac37-cad4efea273a,node--academic_year,16116,True,Academic Year 1999/00 - May,2023-04-13T20:49:18+00:00,2023-04-13T20:49:00+00:00,/academic-year-199900/academic-year-199900-may,,"{""node_type"": ""53783729-2e4c-4d95-b3b9-5a5c46531869"", ""revision_uid"": ""3e7cb6cf-3e28-462b-9821-30746a7583c2"", ""uid"": ""3e7cb6cf-3e28-462b-9821-30746a7583c2"", ""academic_year_events"": [""ee144db3-1665-4ddd-b3b5-32d9243d61af"", ""3c5ecbb5-a2a8-4cc4-bbb5-4bf51823524c"", ""56cab365-01ba-4bb6-a969-773d762f9591"", ""71f53a05-42b6-42b1-aa52-8468162af59d"", ""9a3c10ed-b4c4-45d3-b11a-4afffb197756"", ""586b3ba5-003d-45e5-a102-bfddbc5bfdd8"", ""03faa56c-16ba-46f5-9b89-672ce973278b"", ""0d1fa073-f331-4ed9-ae93-608a8348f00b"", ""a3f0a992-bd16-41fb-bfc2-640b28b36207"", ""93138faa-4699-4307-8fed-0a5fd0820000"", ""6cbbcbc5-7aad-4bed-9a8f-e6e314f32bc6"", ""16683a8e-006b-4a98-88d3-32df6b327b67"", ""cf0e39bb-16a1-4a53-9a83-f650a2e46151"", ""79365b7f-1067-451a-8599-b281911b75bf"", ""ad4c03f4-7110-4a14-ad1c-e06ac53017cb"", ""2a72e716-95ce-4d33-a52c-b64e0937880d""], ""academic_year"": ""6cc72c08-8554-4a3f-b80c-446323261f57""}",vancouver
4d02be40-a7e5-44d6-95af-69e16e02fefc,node--academic_year,16117,True,Academic Year 2000/01 - December,2023-04-13T20:49:19+00:00,2023-04-13T20:49:00+00:00,/academic-year-200001/academic-year-200001-december,,"{""node_type"": ""53783729-2e4c-4d95-b3b9-5a5c46531869"", ""revision_uid"": ""3e7cb6cf-3e28-462b-9821-30746a7583c2"", ""uid"": ""3e7cb6cf-3e28-462b-9821-30746a7583c2"", ""academic_year_events"": [""7478c854-5d0b-443a-9cc3-1eb25737e4fb"", ""1829ebe0-4159-490d-bfed-8de5e05a0ba8"", ""f02fbe8e-d876-461a-bcf3-f8617883eed0"", ""e538a7bc-58d9-4f7e-9117-48ba3ff760f4"", ""b865931c-93b8-4baf-9904-60a1b23b4228"", ""bce2e819-6069-4221-ae30-abbf13cbd634"", ""b666cece-e014-46b9-8c09-5424f317de71"", ""8fae03da-1683-4367-942a-a9ef6631ecd8"", ""22380b1b-f862-4ee0-b146-d820f26d14ed"", ""04b0a2d5-4950-4ffd-8871-d64a067cefa7"", ""fd03a41a-a33e-4911-b8b8-ac423aa953cb""], ""academic_year"": ""160c1938-3636-4a39-8c8b-357ade769a23""}",vancouver
01f03af4-7bfe-49ce-b032-dc32b111379b,node--academic_year,16118,True,Academic Year 2000/01 - November,2023-04-13T20:49:20+00:00,2023-04-13T20:49:00+00:00,/academic-year-200001/academic-year-200001-november,,"{""node_type"": ""53783729-2e4c-4d95-b3b9-5a5c46531869"", ""revision_uid"": ""3e7cb6cf-3e28-462b-9821-30746a7583c2"", ""uid"": ""3e7cb6cf-3e28-462b-9821-30746a7583c2"", ""academic_year_events"": [""f5f51b55-fd7a-4915-9ba5-8a8709b71c38"", ""0ef87451-e180-4c25-baa3-83a753584033"", ""45609213-3bcf-41e5-bd7d-a95b17043a13"", ""e99f07e1-25b9-4cbc-8b63-6c70f3184a5a"", ""3c16c762-b609-4ee6-b80f-bb68c4c025ac"", ""1f953d91-cac8-4b26-8a5e-03a2720e0a0c"", ""a0c2421d-bbaf-402f-9fd7-3be10f1fab05"", ""8543e0b3-c166-4b26-bfe8-c4fabd8656d8""], ""academic_year"": ""160c1938-3636-4a39-8c8b-357ade769a23""}",vancouver
873ef652-29e4-4707-9c7c-16850931d227,node--academic_year,16119,True,Academic Year 2000/01 - October,2023-04-13T20:49:20+00:00,2023-04-13T20:49:00+00:00,/academic-year-200001/academic-year-200001-october,,"{""node_type"": ""53783729-2e4c-4d95-b3b9-5a5c46531869"", ""revision_uid"": ""3e7cb6cf-3e28-462b-9821-30746a7583c2"", ""uid"": ""3e7cb6cf-3e28-462b-9821-30746a7583c2"", ""academic_year_events"": [""e8da1612-c9d2-47ea-8f3e-7ff30d546e8b"", ""fd94bab5-ddfc-4826-8199-7d47af864460"", ""1abf8ce6-3a5d-4392-bb40-46555cdef127"", ""a4d53cd2-497a-4480-bafb-99841c7cc00a"", ""67bbf217-9a29-48a2-9c74-7eb2d2a5e8f9"", ""bf522a2b-94d8-4a26-af21-7bf1d520eccd"", ""49504065-d4dc-4f06-b32a-c067c2176841"", ""c587434c-f4e2-4999-82b3-7fe80cd1942e"", ""d828cc02-9a65-4ba4-89cf-51d35b4d7b75"", ""0e226a3f-27f4-4265-b43f-292179324c86""], ""academic_year"": ""160c1938-3636-4a39-8c8b-357ade769a23""}",vancouver
ae302aa6-ac13-47bc-aada-4a672ccbf871,node--academic_year,16120,True,Academic Year 2000/01 - September,2023-04-13T20:49:21+00:00,2023-04-13T20:49:00+00:00,/academic-year-200001/academic-year-200001-september,,"{""node_type"": ""53783729-2e4c-4d95-b3b9-5a5c46531869"", ""revision_uid"": ""3e7cb6cf-3e28-462b-9821-30746a7583c2"", ""uid"": ""3e7cb6cf-3e28-462b-9821-30746a7583c2"", ""academic_year_events"": [""bde465e8-d927-4f5a-93be-f3b110ccd8e5"", ""e0028483-3ead-4835-b50e-1ebe06abcf23"", ""b0798f05-30ae-4709-a048-9e3dc116b902"", ""fd87b407-5203-4832-9715-aae85fc0460c"", ""abb38d19-bdd4-43ee-af22-596b98f9b8d1"", ""fca8b418-0bec-4034-8506-01c606240970"", ""989f3e01-5e35-4eeb-bcce-6f48a5f3bf8e"", ""c1f43d01-490c-4427-a6c8-56d84d44ea56"", ""45975e46-5a45-4e70-8b92-e3e506df28c9"", ""46fcf059-ff7a-4739-9607-558ab51d6585"", ""0ad27e21-11b6-4579-a957-49e84ba12642"", ""dfd4fa32-44fb-439f-ae71-76959670c44e""], ""academic_year"": ""160c1938-3636-4a39-8c8b-357ade769a23""}",vancouver
4738d29d-53a7-4e1f-bc85-dcacb0859c72,node--academic_year,16121,True,Academic Year 2000/01 - August,2023-04-13T20:49:22+00:00,2023-04-13T20:49:00+00:00,/academic-year-200001/academic-year-200001-august,,"{""node_type"": ""53783729-2e4c-4d95-b3b9-5a5c46531869"", ""revision_uid"": ""3e7cb6cf-3e28-462b-9821-30746a7583c2"", ""uid"": ""3e7cb6cf-3e28-462b-9821-30746a7583c2"", ""academic_year_events"": [""2da14c94-d806-4fde-a895-8fddb13057fd"", ""9bc838e0-0ba9-480d-b279-ac872e5045ea"", ""4b082fe5-81e7-4cdd-8e5c-d9265535f330"", ""f1f1f031-692f-439b-9f67-971b4be4c069"", ""26a7a4dc-ef7a-4e7c-a771-08e6966754d4"", ""ec5b7a0b-1da9-46f1-b185-763fca3f242e"", ""53fc82c6-2b53-484c-9d04-ccff86338eb0"", ""418bc67f-2754-40f4-89ad-396f75ead597"", ""e19ccb5e-eeee-4924-bf7b-eddd91dfb3c6"", ""f927b41c-5ee9-43e5-aa70-5eea1927d86a"", ""f39ee8d9-bdb7-499c-8a34-c8f300f71aac"", ""a19f9a4e-ee9a-4b9d-a809-9c4ef79c3285"", ""491f7c27-282d-4ca6-a24a-0d135b5d8f63""], ""academic_year"": ""160c1938-3636-4a39-8c8b-357ade769a23""}",vancouver
3bf43ffb-64b4-4b9b-a956-01b6e5bef6df,node--academic_year,16122,True,Academic Year 2000/01 - July,2023-04-13T20:49:23+00:00,2023-04-13T20:49:00+00:00,/academic-year-200001/academic-year-200001-july,,"{""node_type"": ""53783729-2e4c-4d95-b3b9-5a5c46531869"", ""revision_uid"": ""3e7cb6cf-3e28-462b-9821-30746a7583c2"", ""uid"": ""3e7cb6cf-3e28-462b-9821-30746a7583c2"", ""academic_year_events"": [""ec396f2f-b1b1-400a-a58a-63455c2347d9"", ""4ca1a7fe-f2e7-4e39-b875-ad63fd4099d0"", ""c0b064ea-7e4c-42e1-94a6-b39d7465f19c"", ""d5821d02-f107-4f7e-b209-d3e5faca861d"", ""33642e67-d686-40c0-aa4d-4d33ec608dd8"", ""54b982e7-c5b6-4f07-b485-4c6f860954e9"", ""21cda47c-4082-4cd6-b399-516129eb6a03"", ""8fb7ddf5-90d0-4786-8242-1ebf3148cdb7"", ""6a949dd9-0efb-487a-9f6a-b72b43a003d6"", ""ccc1976d-919a-48b3-8360-2d633875fa8e"", ""0e531875-da51-4a5b-88c2-a100e4e76702"", ""502a42c2-385d-4447-bc4a-89fea5fb85f2"", ""dcd74951-5ca3-44ee-9c70-0100114024eb"", ""21d09e87-91a0-4733-9aab-0a42bd637a7d""], ""academic_year"": ""160c1938-3636-4a39-8c8b-357ade769a23""}",vancouver
4ffdce35-0024-4830-8c68-23bae1ee3581,node--academic_year,16123,True,Academic Year 2000/01 - June,2023-04-13T20:49:24+00:00,2023-04-13T20:49:00+00:00,/academic-year-200001/academic-year-200001-june,,"{""node_type"": ""53783729-2e4c-4d95-b3b9-5a5c46531869"", ""revision_uid"": ""3e7cb6cf-3e28-462b-9821-30746a7583c2"", ""uid"": ""3e7cb6cf-3e28-462b-9821-30746a7583c2"", ""academic_year_events"": [""37bbdf52-161e-4916-a454-930faa63291e"", ""1e72f9c9-cf9c-4afe-aaad-4689e65dee1b"", ""bf7c14f6-d025-465f-9cab-683aedc90a0b"", ""2c7eec3f-4b1c-4c89-bc91-ba415bd228ec"", ""0e81b843-245a-4d6e-9665-ed4ce5f0d1fa"", ""6e8dace1-2c65-45ff-9c9d-a61f64bd5203"", ""32dded32-fedd-47b0-a116-c6738aa9acdc"", ""3e632a7e-2500-4399-8ee3-ba7810531dfd"", ""7f5ca535-5632-467c-a31f-4c7db0b53fec"", ""837d5e9a-8ffd-4ed5-943d-fd205cc889cc"", ""ecdf4c69-f901-46db-81ff-b99bde33388c"", ""113d7e52-c729-46c6-ade6-8abb4811e030""], ""academic_year"": ""160c1938-3636-4a39-8c8b-357ade769a23""}",vancouver
d501e8bf-133a-4197-8b1c-3e531bd94180,node--academic_year,16124,True,Academic Year 2000/01 - May,2023-04-13T20:49:25+00:00,2023-04-13T20:49:00+00:00,/academic-year-200001/academic-year-200001-may,,"{""node_type"": ""53783729-2e4c-4d95-b3b9-5a5c46531869"", ""revision_uid"": ""3e7cb6cf-3e28-462b-9821-30746a7583c2"", ""uid"": ""3e7cb6cf-3e28-462b-9821-30746a7583c2"", ""academic_year_events"": [""f7586def-a7b2-4445-ba6c-7137dbe2f9df"", ""364bfecb-9572-488b-ba0f-d528b1c2461e"", ""574eb318-3e96-424b-a72c-f33eee35bebc"", ""9be2db08-8ed8-4af5-b84b-5586277ba9c2"", ""2c61244f-ce6b-4b83-9391-6956a41a7944"", ""121de31c-6c5c-4e67-ac9c-dc341f7783b3"", ""4f57bc03-7b10-4c95-b361-2493c87223c4"", ""76a6f928-422b-47ac-ada8-c50a89115e56"", ""cdcaaf70-bf24-4bb2-9171-b20de04d2f62"", ""9f78d39a-d3ca-4222-baa9-40a92a16dce3"", ""bc27955f-5d3a-4241-bb36-6dd0bff60a76"", ""f441aefa-7f12-4cbc-95f7-ff937711df33"", ""284bcb0f-6c45-432e-a82b-7e86e114e220"", ""eba73fa1-4e43-406c-82ad-eac5369d0253"", ""794636a0-f324-4df3-8f37-1e63cbf5e0c9"", ""24119ba3-57a5-4d17-866e-7c9ab65ccdba"", ""2479b663-ff71-4848-bdef-504fbfc5ed81"", ""b2829216-3670-4e17-8bb0-aca5655542cb""], ""academic_year"": ""160c1938-3636-4a39-8c8b-357ade769a23""}",vancouver
631ac07a-22ca-4090-a4b7-b6e8b90b1e86,node--academic_year,16125,True,Academic Year 2000/01 - April,2023-04-13T20:49:25+00:00,2023-04-13T20:49:00+00:00,/academic-year-200001/academic-year-200001-april,,"{""node_type"": ""53783729-2e4c-4d95-b3b9-5a5c46531869"", ""revision_uid"": ""3e7cb6cf-3e28-462b-9821-30746a7583c2"", ""uid"": ""3e7cb6cf-3e28-462b-9821-30746a7583c2"", ""academic_year_events"": [""72533ab6-73d1-4597-8d97-a002b36bfffe"", ""f1d27916-d8d5-4da3-9780-2da28253e7ba"", ""fd3e216d-110a-431e-a45d-d17210b691d2"", ""d8c9616e-4fc9-4b0f-8e4a-60adacdf1e54"", ""1ec8c868-24af-49b8-b7e9-16f9b55c580e"", ""c6214f75-84a3-44dd-bd22-6f87a605b082"", ""fac478d3-9694-4cfe-82b8-a52aabed8443"", ""97ef7c00-b4cc-408f-a521-38ac7567264d"", ""f18ee78a-0d03-4585-9bea-ddd53178e688"", ""afc7c035-6f4d-4600-8b7f-74815ab679e1"", ""95018629-4c69-4bc0-acde-25abc60ea34f"", ""782cc0b3-503a-4457-b35c-972e7b3fb0ec"", ""4b13aecd-7ee0-4dfb-9aa7-04200f708e52"", ""f4666752-b6ab-4f5e-9727-3c8b23c9c4d5""], ""academic_year"": ""160c1938-3636-4a39-8c8b-357ade769a23""}",vancouver
23284f81-96ba-4127-a9eb-93fd315868c8,node--academic_year,16126,True,Academic Year 2000/01 - March,2023-04-13T20:49:26+00:00,2023-04-13T20:49:00+00:00,/academic-year-200001/academic-year-200001-march,,"{""node_type"": ""53783729-2e4c-4d95-b3b9-5a5c46531869"", ""revision_uid"": ""3e7cb6cf-3e28-462b-9821-30746a7583c2"", ""uid"": ""3e7cb6cf-3e28-462b-9821-30746a7583c2"", ""academic_year_events"": [""0f00c617-9123-4f6b-bc13-cbceffdd9189"", ""bf2916b2-5b5e-4111-9371-28ab179b5c97"", ""3d1a9222-409a-402e-982b-122e6b805974"", ""1e56aff7-462f-415f-8f56-2e63d3c6b77e"", ""c38a025f-e6f3-483c-b68c-4d3919199641"", ""6be84e48-4de6-4026-86a3-f1c8544b93fe"", ""ef14daca-ad37-48a1-8b15-e9edbb12583f"", ""0ee21e2d-59f5-4e77-89ae-b54374eb0687"", ""b550f0a4-439f-4afe-8857-b74014b52ea7"", ""603bfa86-1c9b-469e-8571-000b64c5fd80""], ""academic_year"": ""160c1938-3636-4a39-8c8b-357ade769a23""}",vancouver
b2a03a4c-a03b-4f63-a8e8-59099356fb40,node--academic_year,16127,True,Academic Year 2000/01 - February,2023-04-13T20:49:27+00:00,2023-04-13T20:49:00+00:00,/academic-year-200001/academic-year-200001-february,,"{""node_type"": ""53783729-2e4c-4d95-b3b9-5a5c46531869"", ""revision_uid"": ""3e7cb6cf-3e28-462b-9821-30746a7583c2"", ""uid"": ""3e7cb6cf-3e28-462b-9821-30746a7583c2"", ""academic_year_events"": [""971836d6-34a8-407b-bd74-c0d08a7a5b8c"", ""b59fc004-969a-45c4-8c0b-e600fc3e24a3"", ""8590132d-a4fb-4cf5-be93-4ecf1d695594"", ""846776f3-04f8-43cc-bcfc-1923251a3b10"", ""c9a308eb-992c-44b8-a8c2-a990ca5e0a12"", ""176a70f6-b228-4976-b51f-3135ee02b222"", ""a7da83c5-128e-4854-a2b5-784ee5ea1b8c"", ""a5b7ca83-2f4d-445d-ab6a-749a81fff5b5"", ""6a57796a-c02f-48be-9f41-a9ae998cc7b2"", ""c0a481f3-5c18-40d9-81f7-526eedab5a37""], ""academic_year"": ""160c1938-3636-4a39-8c8b-357ade769a23""}",vancouver
3899d0ee-bf8d-4a0e-b071-63ddb9904682,node--academic_year,16128,True,Academic Year 2000/01 - January,2023-04-13T20:49:27+00:00,2023-04-13T20:49:00+00:00,/academic-year-200001/academic-year-200001-january,,"{""node_type"": ""53783729-2e4c-4d95-b3b9-5a5c46531869"", ""revision_uid"": ""3e7cb6cf-3e28-462b-9821-30746a7583c2"", ""uid"": ""3e7cb6cf-3e28-462b-9821-30746a7583c2"", ""academic_year_events"": [""378da721-981f-4889-97cf-52a018da79c6"", ""e8341d56-8855-4d51-97f8-e639d877bbcb"", ""de2f8f10-a5da-41a3-8015-e241b3b0d23a"", ""228238db-0f23-426b-9224-fc6dda998c20"", ""bbd1e521-3b5b-4104-bdaa-0da2c3b63a9f"", ""af00a032-0814-426e-991b-4b00dafb0649"", ""2a65716f-707d-492e-8591-e2a7c9364ff3"", ""05dd8bf9-3b1c-44f9-a1bc-2af6a5601e36""], ""academic_year"": ""160c1938-3636-4a39-8c8b-357ade769a23""}",vancouver
8bdfb351-f0b4-47e0-a33d-4414f6390ba3,node--academic_year,16129,True,Academic Year 2001/02 - August,2023-04-13T20:49:28+00:00,2023-04-13T20:49:00+00:00,/academic-year-200102/academic-year-200102-august,,"{""node_type"": ""53783729-2e4c-4d95-b3b9-5a5c46531869"", ""revision_uid"": ""3e7cb6cf-3e28-462b-9821-30746a7583c2"", ""uid"": ""3e7cb6cf-3e28-462b-9821-30746a7583c2"", ""academic_year_events"": [""4b7461b5-a133-4012-94fe-d97106a80430"", ""6dce26f2-dda5-49ee-adac-c194818def52"", ""9b179dd9-541e-44d4-847c-1ebbe16dc3aa"", ""423482cd-65b4-48f6-ba38-c23de3dc3b63"", ""db61c72e-de85-4b5c-b0f9-bebfcb7f7f3f"", ""28a4018b-2fed-40a8-beb8-57722d72496a"", ""2c6dfefe-6f79-42fe-a03e-61c0cdc4a436"", ""d952e1f0-e8bc-4ca6-ae45-144d7661bce0"", ""cb47486e-23af-494e-8533-3bd9be5cae98"", ""c1c5fd75-e090-4fc7-a53a-21fd35fc021c"", ""eb0a8fd7-a6d7-4baf-bfea-76cd96239eef"", ""ddcd4773-8ca7-4612-86e9-02d3d5b14f0f"", ""05c91833-fd0e-4fa3-b104-83b01ea7cd18"", ""4dbe4d46-bcfa-4bac-acb5-3d629826d341""], ""academic_year"": ""70a182f2-c28f-451d-92ec-69ad0688329a""}",vancouver
70372ff1-f1a5-4168-8611-967b32cec2c0,node--academic_year,16130,True,Academic Year 2001/02 - September,2023-04-13T20:49:28+00:00,2023-04-13T20:49:00+00:00,/academic-year-200102/academic-year-200102-september,,"{""node_type"": ""53783729-2e4c-4d95-b3b9-5a5c46531869"", ""revision_uid"": ""3e7cb6cf-3e28-462b-9821-30746a7583c2"", ""uid"": ""3e7cb6cf-3e28-462b-9821-30746a7583c2"", ""academic_year_events"": [""00917a5c-0d60-45ac-8078-46e2c7e449d3"", ""34116e69-ab68-484b-8df9-20ccbee0c83a"", ""d801979f-abdd-4b77-97e7-d32b99ea0814"", ""62e77778-9b90-43bb-b8d9-411ce10c0743"", ""e7929367-0ce8-4832-b4a1-c4226dffc0c4"", ""ab9bbf52-5707-467e-b432-8c0f41c858f7"", ""fd3f1f54-26f0-43ca-b5ad-5725254c24bf"", ""75abc6a2-f604-4dad-9fc5-098b8a97bf19"", ""f1c04aa3-5337-462a-abed-67548e4f5c0c"", ""9ba6c96a-e8fa-4cb8-aecd-b0c41fae5dbc"", ""37703d16-9bd5-4af0-8c0f-bc93fa45dc85"", ""6aa4dc27-0783-4045-9ea4-db8a44466fb3"", ""6733e2fe-e6a0-4bd8-903e-a583923be414""], ""academic_year"": ""70a182f2-c28f-451d-92ec-69ad0688329a""}",vancouver
1067b6b7-e817-4b35-b1dc-286b82de92b7,node--academic_year,16131,True,Academic Year 2001/02 - October,2023-04-13T20:49:29+00:00,2023-04-13T20:49:00+00:00,/academic-year-200102/academic-year-200102-october,,"{""node_type"": ""53783729-2e4c-4d95-b3b9-5a5c46531869"", ""revision_uid"": ""3e7cb6cf-3e28-462b-9821-30746a7583c2"", ""uid"": ""3e7cb6cf-3e28-462b-9821-30746a7583c2"", ""academic_year_events"": [""527829af-6335-4df1-be1b-26f01417a345"", ""5017990b-b522-4d45-9101-573570c2352b"", ""e8ecafd9-6dcb-4de8-85c9-37fdb0a269ea"", ""f1094583-52dc-43f4-866b-863728009080"", ""a8a601f0-c6eb-455f-a219-bc31d61819e6"", ""5d0d22ed-d557-4c8e-a46e-ccc79022d3d8"", ""41d32525-ce51-4f3a-b196-eecaf93a5556"", ""a90db03d-46ff-42ef-abeb-22c015de58e8"", ""ae82358b-131d-47b3-a0c8-4a761cc02ed9"", ""1450ba3e-a8eb-4df9-835a-de2420d73ab1"", ""7cf44e75-22e6-4aba-89bd-d2f2851fd945"", ""7d77e8c1-8e1b-48c4-a148-8a300db366e3"", ""c59d3c1d-4d55-46f2-b524-8c0c304a6f01""], ""academic_year"": ""70a182f2-c28f-451d-92ec-69ad0688329a""}",vancouver
793c25a0-8d1c-4608-a02a-1ccee6d88636,node--academic_year,16132,True,Academic Year 2001/02 - November,2023-04-13T20:49:29+00:00,2023-04-13T20:49:00+00:00,/academic-year-200102/academic-year-200102-november,,"{""node_type"": ""53783729-2e4c-4d95-b3b9-5a5c46531869"", ""revision_uid"": ""3e7cb6cf-3e28-462b-9821-30746a7583c2"", ""uid"": ""3e7cb6cf-3e28-462b-9821-30746a7583c2"", ""academic_year_events"": [""d63a7f1f-0f22-47de-a19e-df9ce2ddbf6a"", ""5471a652-9a4e-46cb-b49c-52bc65dce31f"", ""dc307c3b-a7ef-4f45-b488-eee5e821bc8d"", ""bb64f699-ea00-48c8-9994-47aa6dd27c6c"", ""39d7d238-918f-4bc7-be39-5902c87c47e4"", ""aee4ecad-ec3c-4037-8891-ff9249df3ba4"", ""a1168175-8d38-436f-b8b3-3e1762984cce"", ""b1ab47d3-7585-4297-8b1a-228bc9edda05"", ""f2ae47d8-118f-4f15-98fd-7ee1e0f70245""], ""academic_year"": ""70a182f2-c28f-451d-92ec-69ad0688329a""}",vancouver
9599dc23-f509-438d-a686-c9f7fc84077e,node--academic_year,16133,True,Academic Year 2001/02 - December,2023-04-13T20:49:30+00:00,2023-04-13T20:49:00+00:00,/academic-year-200102/academic-year-200102-december,,"{""node_type"": ""53783729-2e4c-4d95-b3b9-5a5c46531869"", ""revision_uid"": ""3e7cb6cf-3e28-462b-9821-30746a7583c2"", ""uid"": ""3e7cb6cf-3e28-462b-9821-30746a7583c2"", ""academic_year_events"": [""dae8c7b2-7874-41bd-a92c-7d7a964db8b8"", ""c76ee366-fff9-47e0-aaaf-3bfe77ec23d2"", ""fd7479db-1bc3-45a9-9148-238242226059"", ""64c679b5-2355-4fe6-a798-5f9ea4a50f97"", ""e0eded64-4f98-4609-87c3-0395d26a3285"", ""446197a8-6f9a-438a-b803-fb7081e7fb0b"", ""524ccdf9-9997-479a-8674-6224a64fee17"", ""d2f2de9b-3496-4e61-8e10-f5019072402e"", ""2ae1a70c-41ab-449e-9e25-32f8982b1c79"", ""e22445ed-fe9f-43a8-8051-9d7a1a785eaf""], ""academic_year"": ""70a182f2-c28f-451d-92ec-69ad0688329a""}",vancouver
ecf69ccf-5ecb-45f1-8541-0fa2b3a49a60,node--academic_year,16134,True,Academic Year 2001/02 - July,2023-04-13T20:49:30+00:00,2023-04-13T20:49:00+00:00,/academic-year-200102/academic-year-200102-july,,"{""node_type"": ""53783729-2e4c-4d95-b3b9-5a5c46531869"", ""revision_uid"": ""3e7cb6cf-3e28-462b-9821-30746a7583c2"", ""uid"": ""3e7cb6cf-3e28-462b-9821-30746a7583c2"", ""academic_year_events"": [""0241aba8-fe65-4722-8f53-cfe03e40d488"", ""108ebc1c-6cf9-4209-8e77-2ec48a6f5ee0"", ""937e3cfc-6d19-4a9d-ab8b-104d0a053819"", ""e8d849db-0e1f-4623-aecc-e577e6839085"", ""39fe11c7-c017-4756-b847-b67275d1ea48"", ""e5385ace-4968-470d-93d0-f79ff7d84998"", ""6c6857ad-ce72-4d53-9584-68967692872a"", ""0101d2b1-9ff8-4190-b863-7212725ced93"", ""c7c6d36c-8e32-40f5-bde4-1911b34525f7"", ""584a8dcb-4ec1-4121-b6e1-6425c88c3218"", ""85939e83-0ce5-4bca-b499-df2ec0d00b19"", ""f47f5e26-5d57-459b-a1a0-2a158bb4be9a"", ""272ff9f4-1e10-40da-8636-a04d6ec5aa23"", ""10b2e4ac-be77-4ffc-a753-25f8f232c466""], ""academic_year"": ""70a182f2-c28f-451d-92ec-69ad0688329a""}",vancouver
977941f1-5fdb-4493-9efd-32a62486a180,node--academic_year,16135,True,Academic Year 2001/02 - June,2023-04-13T20:49:31+00:00,2023-04-13T20:49:00+00:00,/academic-year-200102/academic-year-200102-june,,"{""node_type"": ""53783729-2e4c-4d95-b3b9-5a5c46531869"", ""revision_uid"": ""3e7cb6cf-3e28-462b-9821-30746a7583c2"", ""uid"": ""3e7cb6cf-3e28-462b-9821-30746a7583c2"", ""academic_year_events"": [""e9aea808-4a73-4227-aea5-0079ceb49fec"", ""bce83556-1af3-444e-aef0-0991b8f8e5c7"", ""f75e3dcf-1534-46bf-80f7-66d6d52983a4"", ""66de4d61-3f68-4941-99de-9a3a71a57090"", ""9e460df8-d85c-48fb-8407-b319084e7491"", ""66d2bc5d-2ef6-4a25-ad10-3d01e15f0d97"", ""129efe66-a069-44a2-9dc5-6462b596d133"", ""d0fc9f17-8469-4a4d-86b1-2cb5e135b4e9"", ""3e4e4a79-ca3d-4fcb-8cc9-d61389748301"", ""b3825cf3-02ba-42b1-b897-9c1ab34d492e"", ""da896799-9ee7-4a2a-957c-db636b71a3fb"", ""f5c28e6c-c795-4843-bbf5-a40ae0744e25"", ""623977fb-b628-4451-8bfd-5c59a5a3eba6""], ""academic_year"": ""70a182f2-c28f-451d-92ec-69ad0688329a""}",vancouver
e1649edd-16b6-47aa-808a-17c21b32260a,node--academic_year,16136,True,Academic Year 2001/02 - January,2023-04-13T20:49:31+00:00,2023-04-13T20:49:00+00:00,/academic-year-200102/academic-year-200102-january,,"{""node_type"": ""53783729-2e4c-4d95-b3b9-5a5c46531869"", ""revision_uid"": ""3e7cb6cf-3e28-462b-9821-30746a7583c2"", ""uid"": ""3e7cb6cf-3e28-462b-9821-30746a7583c2"", ""academic_year_events"": [""f82bcea9-6688-42b2-8304-44790cd5cd06"", ""abd15c02-149e-4016-a473-140a46a24369"", ""a41bbb40-33dc-448e-97b8-92302354b32a"", ""9b87e2cf-9a28-4303-bdba-080f5b9824e7"", ""6abd6b73-a38d-4541-9870-317250f59081"", ""b25f3f02-1fdf-4025-a9d3-a32838044fe4"", ""ac9bec3d-d56b-4ea6-bae5-9f777910e2d7"", ""2b4e6454-ecd3-44e7-af2a-53bcd9b862e8"", ""3e1a0c54-ce8b-4875-b28d-0cc9a9c932f9""], ""academic_year"": ""70a182f2-c28f-451d-92ec-69ad0688329a""}",vancouver
214637cb-a6a5-4bc5-92e3-054c23937b19,node--academic_year,16137,True,Academic Year 2001/02 - February,2023-04-13T20:49:31+00:00,2023-04-13T20:49:00+00:00,/academic-year-200102/academic-year-200102-february,,"{""node_type"": ""53783729-2e4c-4d95-b3b9-5a5c46531869"", ""revision_uid"": ""3e7cb6cf-3e28-462b-9821-30746a7583c2"", ""uid"": ""3e7cb6cf-3e28-462b-9821-30746a7583c2"", ""academic_year_events"": [""e1e96089-6819-46d5-b71e-c25d5fff2ea0"", ""dc2050bf-8f7e-4e1f-90b3-079e22ae69da"", ""7ac823f7-09f5-43aa-a44c-b72cc371d1f8"", ""6da70ebf-dec6-4347-af59-89d9630a0c64"", ""b0396003-4987-44dd-b63b-47055920079e"", ""10e77198-f3f9-4762-8d16-a68d7c7f9460"", ""58a0ea11-b199-458a-92f5-cca1a3e08291"", ""39d61912-e1a5-46f7-a7c8-24afd12972f3"", ""105749a0-dde9-4570-89a1-e285e244101e"", ""310cc5a4-3512-4e87-b9ca-9621bd50d71c"", ""79b039b6-2144-4a2d-b17d-0dbc031cb783"", ""3ecd68ef-bc7b-4514-923b-6e41c084b775""], ""academic_year"": ""70a182f2-c28f-451d-92ec-69ad0688329a""}",vancouver
78ae8960-0586-4967-b99a-679c9f28f4a1,node--academic_year,16138,True,Academic Year 2001/02 - March,2023-04-13T20:49:32+00:00,2023-04-13T20:49:00+00:00,/academic-year-200102/academic-year-200102-march,,"{""node_type"": ""53783729-2e4c-4d95-b3b9-5a5c46531869"", ""revision_uid"": ""3e7cb6cf-3e28-462b-9821-30746a7583c2"", ""uid"": ""3e7cb6cf-3e28-462b-9821-30746a7583c2"", ""academic_year_events"": [""87ff0983-4fa9-4cf4-a138-6a6499b3d640"", ""77baabab-785b-4707-8548-43997d5cabfd"", ""85ccbca4-53da-44bb-8341-cab6daf90929"", ""7d04d212-36a3-4c2c-9930-1bdb1e0a0e64"", ""bf937d84-2574-4859-a96d-9fb84752ff98"", ""c9e39341-dbe3-41c1-846e-555589733c9f"", ""91017409-eae3-4c40-a087-8694ba35ec35"", ""2ac8ec7f-ba99-4d4c-b64d-2041141bc9e9"", ""132fd90c-5b6b-4c85-82f8-d8c1a3318918"", ""8b7c77b6-fbbb-46dd-b482-3401011140e7""], ""academic_year"": ""70a182f2-c28f-451d-92ec-69ad0688329a""}",vancouver
f80da48f-88f3-4d3d-9e20-ee934f55ed8e,node--academic_year,16139,True,Academic Year 2001/02 - April,2023-04-13T20:49:33+00:00,2023-04-13T20:49:00+00:00,/academic-year-200102/academic-year-200102-april,,"{""node_type"": ""53783729-2e4c-4d95-b3b9-5a5c46531869"", ""revision_uid"": ""3e7cb6cf-3e28-462b-9821-30746a7583c2"", ""uid"": ""3e7cb6cf-3e28-462b-9821-30746a7583c2"", ""academic_year_events"": [""f95afe65-78af-4b19-a86f-9cebeb7828bb"", ""2cca07db-ee8c-47fe-af9b-75981310da6b"", ""e7a72390-999b-432c-9033-f98d67e1c5ff"", ""e4fb660a-5e54-4455-9eb0-7b1614ed4f93"", ""a2b8582e-611b-4b35-8570-224f05250648"", ""68970403-9ba7-4f30-8628-bc204efcdc44"", ""03269c11-5f6b-4e13-a411-a1cea7226e76"", ""f7928327-7ed8-4e7a-b9aa-7fdac86fffef"", ""852d5670-b864-4f7b-b312-e7ca44a221f9"", ""e3ec3547-2566-4546-8d34-d38b49d830b4"", ""77f3b2c7-a5a5-4b85-9c4c-1d30b924eff8"", ""780a26ca-dcbf-404e-8a1b-06967d5883fa"", ""8404d862-b809-46c6-9455-9527d157a180""], ""academic_year"": ""70a182f2-c28f-451d-92ec-69ad0688329a""}",vancouver
6be804ba-2b3c-4d4a-9f6d-f8fe1a30e906,node--academic_year,16140,True,Academic Year 2001/02 - May,2023-04-13T20:49:33+00:00,2023-04-13T20:49:00+00:00,/academic-year-200102/academic-year-200102-may,,"{""node_type"": ""53783729-2e4c-4d95-b3b9-5a5c46531869"", ""revision_uid"": ""3e7cb6cf-3e28-462b-9821-30746a7583c2"", ""uid"": ""3e7cb6cf-3e28-462b-9821-30746a7583c2"", ""academic_year_events"": [""3d40bed4-897d-4479-83e0-de60f1f51d6e"", ""8a47e8f3-5a9d-4e18-a078-51302bfa144d"", ""b967133b-c2a3-4204-9112-7b87d89d0ed8"", ""ccaf79f3-3502-4ce9-85ae-0aa9149e4042"", ""3a58b72e-e0da-4ac2-81f4-ba2ac9c66292"", ""ee036176-f523-4b78-8981-360c07e13a5c"", ""418ece26-cd55-4e96-b507-a84bab366826"", ""53cac4de-7788-4dca-a426-13188bee339a"", ""afdd1f5b-c76b-4249-afd1-03faa057a098"", ""dcfe5dd9-2266-48a6-8a1d-aaf08d5b3c15"", ""36dcb2b3-1c87-47aa-824c-094cd660d6b1"", ""0810779e-a65a-4fd1-ac03-61f0348f1db3"", ""8a470e3c-0c99-4f98-8ecc-7333dafd3354"", ""1e5b9402-9b63-4300-a7d7-bcddbaf7df1f"", ""0c01b700-be31-49fc-8371-a42301b18b86"", ""1bb21b69-69cd-49a7-9292-a41e50b74739""], ""academic_year"": ""70a182f2-c28f-451d-92ec-69ad0688329a""}",vancouver
75bee86a-9c05-43b2-ba0f-e1c25d9a2bc3,node--academic_year,16141,True,Academic Year 2002/03 - September,2023-04-13T20:49:34+00:00,2023-04-13T20:49:00+00:00,/academic-year-200203/academic-year-200203-september,,"{""node_type"": ""53783729-2e4c-4d95-b3b9-5a5c46531869"", ""revision_uid"": ""3e7cb6cf-3e28-462b-9821-30746a7583c2"", ""uid"": ""3e7cb6cf-3e28-462b-9821-30746a7583c2"", ""academic_year_events"": [""2cd20c17-5e96-4acf-a822-b214e0a253d5"", ""38a9bb88-5f2e-4de9-b8fa-2645af92e041"", ""a19e9ff4-8def-433e-a5e7-b7b837b14b55"", ""cb15faa9-a47d-4183-a84b-bb7e6b2519b7"", ""42055e25-bef5-4e64-8f1f-18f5a9aeae46"", ""303a0fb7-eacb-4049-a6af-5f2490cb5aab"", ""dc345384-8569-475f-95c0-d8f03db86d79"", ""c72dfb50-66b0-43df-aca7-3d2b5fa88cea"", ""1e3ac7a6-5373-47c5-a718-f73751d9981e"", ""940fcada-9f4b-4468-982e-f9c61da30a7e"", ""e51ea622-b214-49dc-8c20-749c7e55369f"", ""b8948fe0-b8ac-4679-afb8-4c6c0c1d3f35""], ""academic_year"": ""eb260891-577a-41a3-845b-d79cbbcee2d7""}",vancouver
7a3429df-31dc-45cb-b074-4b532cf94aad,node--academic_year,16142,True,Academic Year 2002/03 - October,2023-04-13T20:49:34+00:00,2023-04-13T20:49:00+00:00,/academic-year-200203/academic-year-200203-october,,"{""node_type"": ""53783729-2e4c-4d95-b3b9-5a5c46531869"", ""revision_uid"": ""3e7cb6cf-3e28-462b-9821-30746a7583c2"", ""uid"": ""3e7cb6cf-3e28-462b-9821-30746a7583c2"", ""academic_year_events"": [""4cdd7548-716c-4ef8-8022-9a9f072ad7b2"", ""f3d310d7-71a7-4a9f-9344-1ca046706be0"", ""df1a489e-d5a1-4a11-a384-61c2ac71bd82"", ""2ccfe16f-5eaf-4f3b-b675-0b00046ee584"", ""b96b0d98-f458-43f2-bcc3-33ce8b87fe14"", ""55f1294c-8795-49c6-b852-47f54ccf58df"", ""f2f3fb93-27b3-49bb-b85c-a67046723a23"", ""29142fa1-06cd-4bb5-9589-8652ebd1783c"", ""b90d5fc0-813c-41f0-b873-0ee2283f1e1f"", ""2a8b8a7e-7c56-49f6-a33b-81751c646382"", ""7c9b093e-e60d-41ec-be83-33859170b5fd"", ""407bf988-21da-44f8-9a5e-8fd6aee6933f"", ""946c9a29-2c4a-4763-bc14-7aa77266af94""], ""academic_year"": ""eb260891-577a-41a3-845b-d79cbbcee2d7""}",vancouver
eed83822-f78c-4709-9d80-edfb594f8bd4,node--academic_year,16143,True,Academic Year 2002/03 - November,2023-04-13T20:49:35+00:00,2023-04-13T20:49:00+00:00,/academic-year-200203/academic-year-200203-november,,"{""node_type"": ""53783729-2e4c-4d95-b3b9-5a5c46531869"", ""revision_uid"": ""3e7cb6cf-3e28-462b-9821-30746a7583c2"", ""uid"": ""3e7cb6cf-3e28-462b-9821-30746a7583c2"", ""academic_year_events"": [""2d0e8e8b-c111-486c-bbb7-0d4035d6c72e"", ""c9d92c1b-54fb-45d7-814e-354f799bcdcd"", ""2829d11d-df16-4355-881a-e51dfd80d142"", ""3cf7d6e4-8016-422c-8219-9a2ad3ea3eac"", ""929a169d-3f16-4b1d-89e3-dd6b7f12a161"", ""9f7b8c7f-cf28-4d80-8036-fc76ca940163"", ""3e444419-2745-4eec-bc8f-98b7ab16e20b"", ""15dae27c-4a25-4a19-84b4-ddef46a967ee"", ""d26b7dc3-ea2f-474c-b8b0-c9c7a707bab3""], ""academic_year"": ""eb260891-577a-41a3-845b-d79cbbcee2d7""}",vancouver
c6f65a9e-05da-4098-9774-5a692f0e6c78,node--academic_year,16144,True,Academic Year 2002/03 - December,2023-04-13T20:49:36+00:00,2023-04-13T20:49:00+00:00,/academic-year-200203/academic-year-200203-december,,"{""node_type"": ""53783729-2e4c-4d95-b3b9-5a5c46531869"", ""revision_uid"": ""3e7cb6cf-3e28-462b-9821-30746a7583c2"", ""uid"": ""3e7cb6cf-3e28-462b-9821-30746a7583c2"", ""academic_year_events"": [""ac6547c6-22cc-4dbb-8545-f7c925c8d48d"", ""3d0af109-f00e-4c37-b3fd-6f2c7d92b035"", ""033f108d-9a59-4a95-8767-577ce241a37d"", ""3eb5ae8f-e636-4cad-9faf-c00edd16278a"", ""1b90e681-3ab1-48c7-ab1a-1ea196f7be53"", ""eabfa1ee-6da7-4b23-a5d0-4f034426d5f7"", ""8a14f72b-658a-4a7a-b3d9-2e7c91ef0fd7"", ""a1f3b531-f995-4c6f-902c-6c39248786a4"", ""e229e991-a017-4c97-b040-766abd96d6fc"", ""a1e10d49-b59a-496a-998a-147ca210154a"", ""e3392489-2763-43f2-863c-2a8acfa23855"", ""bf39d899-dc73-40fe-a8ef-86943be399fc"", ""ab3c6149-e357-4a01-99f9-abc03107cc92""], ""academic_year"": ""eb260891-577a-41a3-845b-d79cbbcee2d7""}",vancouver
b0903fe2-f1d3-47f6-aaf6-1c3d36962c6e,node--academic_year,16145,True,Academic Year 2002/03 - August,2023-04-13T20:49:36+00:00,2023-04-13T20:49:00+00:00,/academic-year-200203/academic-year-200203-august,,"{""node_type"": ""53783729-2e4c-4d95-b3b9-5a5c46531869"", ""revision_uid"": ""3e7cb6cf-3e28-462b-9821-30746a7583c2"", ""uid"": ""3e7cb6cf-3e28-462b-9821-30746a7583c2"", ""academic_year_events"": [""9ebce479-6b49-4725-bb50-bf0680fa841a"", ""e6f1c355-6c5c-4ec4-a70f-88714e0e018c"", ""c89cc068-6b3a-4c0d-bc88-9a8829cef888"", ""77568ed8-de83-41a6-9499-ab549b2bb715"", ""3f955bac-9767-4474-9789-bfe8b1b3d5f8"", ""ddbc6d1d-5e82-4b84-8a1a-bc4a1f85e6c4"", ""bb56e539-e11c-4521-9adb-02652ab47b02"", ""04080da8-3ab5-40a5-bba1-9c69e64bc0f6"", ""f3efdca5-5fa8-4256-b55b-4660e75f93ea"", ""832559dc-fc62-414e-a1cb-99540d6846e1"", ""55ccae86-c40c-4804-a4e0-3fa27356f1f5"", ""f6f6e022-250d-4772-8216-a8e65a9ed137""], ""academic_year"": ""eb260891-577a-41a3-845b-d79cbbcee2d7""}",vancouver
bb4dfefb-48ef-463a-bf0f-351c25757d56,node--academic_year,16146,True,Academic Year 2002/03 - July,2023-04-13T20:49:37+00:00,2023-04-13T20:49:00+00:00,/academic-year-200203/academic-year-200203-july,,"{""node_type"": ""53783729-2e4c-4d95-b3b9-5a5c46531869"", ""revision_uid"": ""3e7cb6cf-3e28-462b-9821-30746a7583c2"", ""uid"": ""3e7cb6cf-3e28-462b-9821-30746a7583c2"", ""academic_year_events"": [""7d851a90-23fc-4481-a981-78944a4a81c9"", ""62949158-121e-4375-9faf-f102f5f78fcd"", ""ff7104ed-a158-471c-b59a-f5992ee855f4"", ""3b3378a6-800f-48bf-a32d-ffd0bfd24b7e"", ""c23ce341-8678-48e2-856e-a905cbc9de80"", ""0f7c4d54-d53a-4f7b-93eb-41f6107c9b43"", ""1f22f685-ef34-4fcd-8c29-c39f753e0d80"", ""e50a7f13-5b82-4343-a6d8-1313453c4cbd"", ""caae879e-b5ae-41bf-8cd1-9f8256bf65ca"", ""5c639627-fbcd-40d2-9a7e-0ba20a12e014"", ""589b085c-0133-4c5e-8191-7624c9194e0c"", ""b73f9343-4ef9-465b-b071-7d2e665238c0"", ""67a336f1-7eaa-4f69-87a3-451e6e04d8a5"", ""8209bfc9-8390-48be-8862-53585ff9e27b""], ""academic_year"": ""eb260891-577a-41a3-845b-d79cbbcee2d7""}",vancouver
4d17313c-554b-4db7-9b32-952e4722bb0e,node--academic_year,16147,True,Academic Year 2002/03 - June,2023-04-13T20:49:38+00:00,2023-04-13T20:49:00+00:00,/academic-year-200203/academic-year-200203-june,,"{""node_type"": ""53783729-2e4c-4d95-b3b9-5a5c46531869"", ""revision_uid"": ""3e7cb6cf-3e28-462b-9821-30746a7583c2"", ""uid"": ""3e7cb6cf-3e28-462b-9821-30746a7583c2"", ""academic_year_events"": [""684ea915-38ce-4193-84ef-a33e4c36b71c"", ""2f1dd297-4f9e-4d44-a949-6753c32f2bd9"", ""f10634c2-b6ed-45d3-a525-0d4a161cffa5"", ""c4f61b9c-9a6b-4752-8293-3e3ce3e926fb"", ""181bcd40-2ad8-46b7-a9ee-81d7ed0813a8"", ""3b5342db-97af-41b4-a9ea-b425b284201e"", ""974048a8-1704-4882-a6d1-90d16d3ebb43"", ""1a344462-8ec0-4eea-ad2a-83a72a88eed1"", ""ae66981f-25f3-4342-84a9-426b495cdf5b"", ""f3745588-c9cd-4b22-8838-7926466a7647"", ""0fb34cb6-a215-47c7-9aa3-214e5d242ef2"", ""ecd02c0c-741f-40a0-a5ab-0bca70aef392"", ""263a42a7-22be-4224-8cda-ec63f5a55676""], ""academic_year"": ""eb260891-577a-41a3-845b-d79cbbcee2d7""}",vancouver
2181d34d-243b-4dc8-8d7b-8710c351ea47,node--academic_year,16148,True,Academic Year 2002/03 - May,2023-04-13T20:49:38+00:00,2023-04-13T20:49:00+00:00,/academic-year-200203/academic-year-200203-may,,"{""node_type"": ""53783729-2e4c-4d95-b3b9-5a5c46531869"", ""revision_uid"": ""3e7cb6cf-3e28-462b-9821-30746a7583c2"", ""uid"": ""3e7cb6cf-3e28-462b-9821-30746a7583c2"", ""academic_year_events"": [""56d7b556-b333-4594-a678-52e301de6a12"", ""3ea5c432-2136-45a0-a81a-4dcd06ac30da"", ""164b107d-4d31-4c30-b435-d571161abc2b"", ""8651aca9-fb9c-4a91-b779-c3ddbf86dc89"", ""c767a318-1065-48b0-9307-1318fb7e49e3"", ""b7c62b6e-52cb-41a5-b9f4-32802a556a0e"", ""89ea2b37-b9f4-41c8-bef2-f6edf97638ef"", ""3d71dfaa-7d7a-4903-a289-4fed192ff56f"", ""ba3b93d7-c783-48a0-aa9a-d28459a92529"", ""28e1feb6-df79-48b8-82bf-a71be5cd88b9"", ""eb22f06b-7d78-4c1b-8371-7778ed9c02a2"", ""e38fd50e-aa2a-4dc1-b630-36d9d0bf467b"", ""4bc5d819-4ca9-4a2f-b124-a97973c281be"", ""447643ba-fa8f-4176-a1e1-00940db2c864"", ""e0da2f79-33c8-46bc-a342-3ac615d53fe0"", ""a3add227-563a-45f2-88b2-ad74b93426e1"", ""ab66fa99-5def-4727-ae2c-6399d8de3af4"", ""6a861f63-4307-4d26-aae0-c30ff570c03c"", ""0ee14630-2946-46c6-88a1-99cbdcf7cb64""], ""academic_year"": ""eb260891-577a-41a3-845b-d79cbbcee2d7""}",vancouver
d86ffaa0-cf8f-49fe-844b-e07d2f1c1de5,node--academic_year,16149,True,Academic Year 2002/03 - April,2023-04-13T20:49:39+00:00,2023-04-13T20:49:00+00:00,/academic-year-200203/academic-year-200203-april,,"{""node_type"": ""53783729-2e4c-4d95-b3b9-5a5c46531869"", ""revision_uid"": ""3e7cb6cf-3e28-462b-9821-30746a7583c2"", ""uid"": ""3e7cb6cf-3e28-462b-9821-30746a7583c2"", ""academic_year_events"": [""1053dc3a-5db3-467d-94a1-93f0f57e55e7"", ""92330ed2-53b0-472a-ad27-0b1f7ee63159"", ""590df4b9-84de-4517-b69d-2be54835e3ed"", ""c3f254ce-4a3c-400c-835f-052e9044fe1f"", ""01932871-c96e-492d-949b-696bfb82c074"", ""d8f7eb75-3a1e-4d9a-8632-d0c0fc5f7cb4"", ""cb850946-e9ce-49a5-920c-14f5774f359a"", ""13d6681c-c772-4331-ab75-ab2bd021ddef"", ""42aaa27e-9535-48c4-9471-de72ca73db9c"", ""ccf534cb-8797-4f2c-bf6f-928d125195c3"", ""4e5cb068-b401-4935-96d7-1434c3841a05"", ""cf92e95c-2795-4786-9279-6cf44ecbfa76"", ""d05c8ca2-081b-41b8-8daf-04a5c5393bbe"", ""3d69c451-98ee-4dc6-96e1-2770b3f5423b"", ""846ba5ea-0ae0-4b9b-9b88-828a3c9b0209""], ""academic_year"": ""eb260891-577a-41a3-845b-d79cbbcee2d7""}",vancouver
97eac6d9-6c47-4ce7-9451-32c1ee70b688,node--academic_year,16150,True,Academic Year 2002/03 - March,2023-04-13T20:49:39+00:00,2023-04-13T20:49:00+00:00,/academic-year-200203/academic-year-200203-march,,"{""node_type"": ""53783729-2e4c-4d95-b3b9-5a5c46531869"", ""revision_uid"": ""3e7cb6cf-3e28-462b-9821-30746a7583c2"", ""uid"": ""3e7cb6cf-3e28-462b-9821-30746a7583c2"", ""academic_year_events"": [""30406090-7988-4077-92e1-348ede8ee2a8"", ""af4ce06f-db90-4812-b4ff-cc81e5f0b2ae"", ""41e7c41d-f6ad-44fb-9332-0da27808e9e1"", ""b87f2f0f-63e1-4d3a-86a9-695aef511efc"", ""4c822dbf-ec07-47ca-87aa-57ff3935e6dc"", ""8c281d11-0fb4-445a-8aec-54a681990d3b"", ""85e337d3-9fd1-4299-8a85-9b54ef29cdde"", ""b57d6365-f6a6-4b9a-a7ba-270df15cf4dc"", ""20d0f01a-0ec9-4569-bcbf-c82168d32bcb""], ""academic_year"": ""eb260891-577a-41a3-845b-d79cbbcee2d7""}",vancouver
36f4dac5-0486-449f-8566-cd445ed2e25b,node--academic_year,16151,True,Academic Year 2002/03 - February,2023-04-13T20:49:40+00:00,2023-04-13T20:49:00+00:00,/academic-year-200203/academic-year-200203-february,,"{""node_type"": ""53783729-2e4c-4d95-b3b9-5a5c46531869"", ""revision_uid"": ""3e7cb6cf-3e28-462b-9821-30746a7583c2"", ""uid"": ""3e7cb6cf-3e28-462b-9821-30746a7583c2"", ""academic_year_events"": [""98142b98-d088-41a1-807b-849bf9e4730a"", ""7960d760-20f7-4002-89a8-7d2a4525b7f6"", ""74479549-19c5-43d0-bd2c-9242c98c2bea"", ""d76225e3-82ed-4eba-9408-908425bb0d4c"", ""28079735-e0f4-4a69-b5eb-79517621b9ea"", ""d35e6bbd-49dc-49d3-870f-e6e4e1c82c9d"", ""5558dcca-b949-4a47-856d-6df122b41491"", ""ce4f05ee-e90d-4454-b3d0-46058d974aed"", ""18e411c3-9b3b-4a00-8e43-b9a31957b379"", ""f5448fbc-ce75-497e-b3d6-17e4013cf483"", ""2b01588a-26cb-4cac-9803-e6c8f5bb5ac7"", ""8e1cb1e3-2f44-447d-9781-d4b777009ff2""], ""academic_year"": ""eb260891-577a-41a3-845b-d79cbbcee2d7""}",vancouver
6e8c31ae-8d50-44da-a298-1ca49c4dd9d4,node--academic_year,16152,True,Academic Year 2002/03 - January,2023-04-13T20:49:41+00:00,2023-04-13T20:49:00+00:00,/academic-year-200203/academic-year-200203-january,,"{""node_type"": ""53783729-2e4c-4d95-b3b9-5a5c46531869"", ""revision_uid"": ""3e7cb6cf-3e28-462b-9821-30746a7583c2"", ""uid"": ""3e7cb6cf-3e28-462b-9821-30746a7583c2"", ""academic_year_events"": [""60ee8702-234d-443b-b44c-879f056434cf"", ""9b406d62-c1ea-4d5a-9050-97947148a489"", ""d0f9e4fd-98b2-4b02-8583-f05ad113ee94"", ""bdfb9481-bc55-4f8e-ab42-2138e2ca1f68"", ""99daba22-e900-45bb-9b49-a99a3f6d4947"", ""3b8f30de-fc02-45fc-bee6-b6cb7712c560"", ""5cf8df61-0d08-4152-bc82-9172125fc849"", ""e987f13c-9092-4e86-9707-5766a9f81a25"", ""040b7907-51f8-42c1-89af-94e7ee077877""], ""academic_year"": ""eb260891-577a-41a3-845b-d79cbbcee2d7""}",vancouver
2a2b2b81-0c8d-4722-a380-8d9c29e847b9,node--academic_year,16153,True,Academic Year 2003/04 - September,2023-04-13T20:49:42+00:00,2023-04-13T20:49:00+00:00,/academic-year-200304/academic-year-200304-september,,"{""node_type"": ""53783729-2e4c-4d95-b3b9-5a5c46531869"", ""revision_uid"": ""3e7cb6cf-3e28-462b-9821-30746a7583c2"", ""uid"": ""3e7cb6cf-3e28-462b-9821-30746a7583c2"", ""academic_year_events"": [""e301624a-2287-497e-b1dc-41d3afd29df3"", ""d37738e4-9e17-46d8-9486-b175fd644de7"", ""37e165f2-dac5-43b5-88ab-1c631c5c23f1"", ""395eb8dc-b71d-46e9-a2c5-756916391ac9"", ""51628eea-4849-4c62-8375-63a701ed2eec"", ""4bc37aa3-c844-4542-808b-177a379fe3e6"", ""54928109-6c5a-431e-8691-1cd0ae30c0b2"", ""acb28628-fd1c-4c14-91b6-487f554d01aa"", ""323b1b11-6945-4a5d-97a1-8dbef6777918"", ""30f31b4f-67e3-49fb-a89b-1bee777497f8"", ""2abb7105-68fd-401a-98aa-b9337c55def7"", ""5cfa7ed1-12ce-4dd6-9d9e-6f4f654d0479"", ""fa95ba76-5d0e-454a-bdb5-32757948dd1e"", ""782bb5ca-57c8-400c-a9e5-31e817a713f0""], ""academic_year"": ""ee281c22-2611-4b38-9d7e-76f925cab6d6""}",vancouver
5fad5544-4d18-4c96-9fe6-8aa2e05e57ed,node--academic_year,16154,True,Academic Year 2003/04 - October,2023-04-13T20:49:43+00:00,2023-04-13T20:49:00+00:00,/academic-year-200304/academic-year-200304-october,,"{""node_type"": ""53783729-2e4c-4d95-b3b9-5a5c46531869"", ""revision_uid"": ""3e7cb6cf-3e28-462b-9821-30746a7583c2"", ""uid"": ""3e7cb6cf-3e28-462b-9821-30746a7583c2"", ""academic_year_events"": [""9c678704-99a3-4dc0-9cdc-d2aca02fd87d"", ""1bfaeab9-0671-4c4e-a7d0-8af455902321"", ""ae4f8039-7103-42d8-ad82-930ea7b3d6a4"", ""3c489812-4a21-4d40-87a1-c2e8872272a2"", ""94da4dc3-fe15-4730-aea5-131b583f2e89"", ""2991a292-1b5e-4def-9298-f0a78bb77209"", ""e227eba2-a348-4e9e-8630-72e31777a9b8"", ""220ca6ed-caf0-47bd-ba2d-3ebdc4c92cf0"", ""9c5b74db-f6b3-4f54-92d8-89833c74b968"", ""21989473-9f7f-424b-977a-32f192e3b7c7"", ""2949b506-e7a0-49be-a32d-f48809f77dcc"", ""eb8642fa-d859-4fcb-9031-39534d4f3a5f""], ""academic_year"": ""ee281c22-2611-4b38-9d7e-76f925cab6d6""}",vancouver
d3d6d947-6be1-436b-b6db-25de1bcb253d,node--academic_year,16155,True,Academic Year 2003/04 - November,2023-04-13T20:49:43+00:00,2023-04-13T20:49:00+00:00,/academic-year-200304/academic-year-200304-november,,"{""node_type"": ""53783729-2e4c-4d95-b3b9-5a5c46531869"", ""revision_uid"": ""3e7cb6cf-3e28-462b-9821-30746a7583c2"", ""uid"": ""3e7cb6cf-3e28-462b-9821-30746a7583c2"", ""academic_year_events"": [""3715a9ca-a851-47c5-aee6-ca876ec282fa"", ""f3039d5f-7398-4e9d-ae89-f276630134f9"", ""8e6002a6-f59d-4464-a790-8505bb6f5782"", ""d885d013-302c-44ed-842e-556958360f2d"", ""d1d724ce-116a-45cb-ab5e-471660163f68"", ""fbd55be8-2e6c-4578-9fc5-e3383c0dea73"", ""6df98c45-6266-4c7f-82c0-16274509198f"", ""5efda4df-83e5-4f9b-a984-45e9a8b5e84f""], ""academic_year"": ""ee281c22-2611-4b38-9d7e-76f925cab6d6""}",vancouver
c57e54be-479d-41e5-943a-0c08e471b996,node--academic_year,16156,True,Academic Year 2003/04 - December,2023-04-13T20:49:44+00:00,2023-04-13T20:49:00+00:00,/academic-year-200304/academic-year-200304-december,,"{""node_type"": ""53783729-2e4c-4d95-b3b9-5a5c46531869"", ""revision_uid"": ""3e7cb6cf-3e28-462b-9821-30746a7583c2"", ""uid"": ""3e7cb6cf-3e28-462b-9821-30746a7583c2"", ""academic_year_events"": [""4f2b7e07-5453-454a-b56d-4728dad569d4"", ""d4277b79-4a92-43c5-8b87-9a63352284f9"", ""7a26ec20-a635-4f91-a0fc-3ffe3d67d725"", ""73d9c792-b7a7-4c2e-a01a-48ce7bb44376"", ""9a4b616e-6ec9-41b0-ad49-df7ad37e8e74"", ""5db9cd80-3943-40a0-ad62-f401647b107d"", ""5ce71ac8-5f68-46b5-89ae-036a94c4125a"", ""1fc11a9d-dbe1-4eee-aed8-0a262e7790e3"", ""86b73ab7-6627-4101-bc8e-a38a3cf4c2a1"", ""52c2183b-bcb4-4888-9ce3-d460de0af38f"", ""2af9e29c-3397-47de-812b-0de2433e6155"", ""e78845b1-ea9c-4e3d-ab68-d4b3c205cdf1"", ""de2b96c3-b8c8-46ad-9a79-c410789df707""], ""academic_year"": ""ee281c22-2611-4b38-9d7e-76f925cab6d6""}",vancouver
6cdc8433-d826-44eb-a174-f3e55a8089cb,node--academic_year,16157,True,Academic Year 2003/04 - August,2023-04-13T20:49:44+00:00,2023-04-13T20:49:00+00:00,/academic-year-200304/academic-year-200304-august,,"{""node_type"": ""53783729-2e4c-4d95-b3b9-5a5c46531869"", ""revision_uid"": ""3e7cb6cf-3e28-462b-9821-30746a7583c2"", ""uid"": ""3e7cb6cf-3e28-462b-9821-30746a7583c2"", ""academic_year_events"": [""67556fcd-3e3b-4df2-a3bb-2da85ec24b23"", ""894582bd-8693-4563-87e3-563dff074874"", ""742e0bb0-7436-4a8f-a2d1-8a45546819ea"", ""64267be9-3e8e-4078-bfb7-9e4148b3fe75"", ""21394479-01ff-4a0f-b6c6-6c26ef8f66da"", ""421d65aa-a165-4896-8886-f7981d75bba6"", ""bd4c4485-0582-4f4f-978b-c9bbd75350eb"", ""4ad8e6fe-6314-44ba-a047-6126a905cde0"", ""3d7a0443-49ee-44e5-b51e-b16a2351356c"", ""bbd1ee1c-75fd-4905-acdd-b8fb6a797090"", ""b0fb22e6-25bc-4ace-ae65-57edd986cf7d"", ""a1d51782-3dd4-45a8-b628-82a962fd6bb1"", ""534a2839-83f4-4529-992c-281622e77c0c"", ""d2ce8408-e786-4a1b-8544-f28512f8b8c7""], ""academic_year"": ""ee281c22-2611-4b38-9d7e-76f925cab6d6""}",vancouver
8cf0ed1f-3dc6-41d0-8c00-d6b74e4936b1,node--academic_year,16158,True,Academic Year 2003/04 - July,2023-04-13T20:49:45+00:00,2023-04-13T20:49:00+00:00,/academic-year-200304/academic-year-200304-july,,"{""node_type"": ""53783729-2e4c-4d95-b3b9-5a5c46531869"", ""revision_uid"": ""3e7cb6cf-3e28-462b-9821-30746a7583c2"", ""uid"": ""3e7cb6cf-3e28-462b-9821-30746a7583c2"", ""academic_year_events"": [""76742d1a-4462-40cd-a8a8-605f6c59fb23"", ""9248e3e9-006c-4540-baee-ba41ee50d3ce"", ""a2dbc139-e360-481c-a31a-016e00e428a5"", ""bbb4b0ec-91fb-4b57-9286-e8a77ae4a591"", ""37c9ef9e-9880-402c-913c-09079016c915"", ""7d04c662-0850-4e31-882a-358a40ffaa7f"", ""66b900c5-543d-4995-b3a7-17e12d23e872"", ""277d9879-c09c-4437-9a2d-e2c0f2eeeac6"", ""32ef8860-ac3f-4e26-ae0d-1fc1fe6981fa"", ""f9dfd6f8-3979-4fbd-b48e-e06e11d83889"", ""f18c06f5-3030-4560-96cc-afb0e2c42955"", ""a03df4cf-f177-4e18-9f6e-3b07f5bed9d1"", ""98ec5eb1-8013-47fe-9d3c-8d279d4dd6f3"", ""f06fb510-2f70-43cd-ae8c-f07da956eb7c""], ""academic_year"": ""ee281c22-2611-4b38-9d7e-76f925cab6d6""}",vancouver
e61328b5-089a-45da-ac08-0d35326fdacc,node--academic_year,16159,True,Academic Year 2003/04 - June,2023-04-13T20:49:46+00:00,2023-04-13T20:49:00+00:00,/academic-year-200304/academic-year-200304-june,,"{""node_type"": ""53783729-2e4c-4d95-b3b9-5a5c46531869"", ""revision_uid"": ""3e7cb6cf-3e28-462b-9821-30746a7583c2"", ""uid"": ""3e7cb6cf-3e28-462b-9821-30746a7583c2"", ""academic_year_events"": [""c0c583ea-1b6a-4a9d-9fb8-c433b2186d1f"", ""46849806-5edd-47b0-b0d5-2a94e827eeec"", ""74200376-5a9b-4317-9878-13aabb5017c6"", ""ef193f53-7b7e-4009-98a5-41ef3599c633"", ""5c158740-eb83-44db-86e8-a09fd153ee40"", ""c2f8ecfc-eb93-4054-8a10-bd84afba7180"", ""7c34557d-f811-4e2a-9f58-58b445acdbb6"", ""0df3e6f5-9b02-410d-8e7a-b0d39ae386c3"", ""e4a4f8be-5434-4d3c-a48f-78550fedfb95"", ""7085a5f3-f75a-44bb-9e47-2a88c585b602"", ""29450037-f2d7-4d18-aae0-2406130a4615"", ""9ecdbd37-ac46-4558-9528-c8dda53646fd"", ""601a51d3-a671-4c86-a2a3-b244c27d1054""], ""academic_year"": ""ee281c22-2611-4b38-9d7e-76f925cab6d6""}",vancouver
f2c55551-1887-4322-998f-a984b1e97f4f,node--academic_year,16160,True,Academic Year 2003/04 - May,2023-04-13T20:49:47+00:00,2023-04-13T20:49:00+00:00,/academic-year-200304/academic-year-200304-may,,"{""node_type"": ""53783729-2e4c-4d95-b3b9-5a5c46531869"", ""revision_uid"": ""3e7cb6cf-3e28-462b-9821-30746a7583c2"", ""uid"": ""3e7cb6cf-3e28-462b-9821-30746a7583c2"", ""academic_year_events"": [""80d8e37f-f864-4cdf-898a-c5b808e61fc9"", ""b25b7646-cc14-40ef-b561-fff819171644"", ""ef8fac7e-3f6c-4d12-9ddf-7d7270349c0f"", ""f1e6ac11-c541-46ad-aa90-dd0416e67871"", ""fe61040f-b299-4403-b865-e3f5eff803d5"", ""eb20bbd8-383d-497a-9ee1-9c2a7296f865"", ""4cf2ab89-80d5-434d-89ff-5c17f81b55bd"", ""1b0b6d7c-bb59-4238-b759-3f4922526a57"", ""d34e903d-2190-4cf3-9775-eaeba4ee00a9"", ""58d73446-9c07-469b-91df-8d8f76f73af3"", ""ff72534c-af78-4991-aadf-32fb7b982406"", ""b7b6f70d-889f-4fce-85cd-4f920525275e"", ""6db607a5-5308-4b6f-b1ce-f671f9c408ab"", ""83ecbd44-4401-497f-a53e-8c16d0417f4d"", ""6e60416d-3259-4e35-89cc-2752ea91ba67""], ""academic_year"": ""ee281c22-2611-4b38-9d7e-76f925cab6d6""}",vancouver
0ae997b2-f575-4103-87df-d085885e5976,node--academic_year,16161,True,Academic Year 2003/04 - April,2023-04-13T20:49:48+00:00,2023-04-13T20:49:00+00:00,/academic-year-200304/academic-year-200304-april,,"{""node_type"": ""53783729-2e4c-4d95-b3b9-5a5c46531869"", ""revision_uid"": ""3e7cb6cf-3e28-462b-9821-30746a7583c2"", ""uid"": ""3e7cb6cf-3e28-462b-9821-30746a7583c2"", ""academic_year_events"": [""c62d7e3b-33c7-40e4-abbb-14a6a9df3a77"", ""652f8e51-d4c0-4f1d-9406-79fb9b76c6d9"", ""2d39a0f8-5abc-4918-9d19-0e43b1b0cc86"", ""6a43d945-c19e-441e-95d1-906389f52acc"", ""18f39a93-a830-41a0-a0c8-bda4400d982e"", ""6ba48a0d-b8be-465f-8aca-ca34daf48811"", ""30b3b895-9b8a-4c64-8050-fe844d0ac660"", ""d79cf3d8-30ae-45af-aeab-921eadfb2137"", ""e4f1249a-6a80-4750-8c71-d92dda5f92e4"", ""030f416f-8587-4ee8-86c0-eab0cd872e40"", ""27723a0d-12bc-474d-b425-51998d910542"", ""1a874372-c16f-4f37-a1b2-ca9114a7dbcc"", ""836b9ba6-9050-4c2e-8108-f07b3029959e"", ""95b27347-8de6-4b4d-ad47-a19e6677e51e"", ""19566f33-48dd-45af-b356-3f3ac98d51ca"", ""ce662c6b-2548-4415-83c6-b027fdca7ab4""], ""academic_year"": ""ee281c22-2611-4b38-9d7e-76f925cab6d6""}",vancouver
51613a84-1299-433f-80a9-3befd2bae14f,node--academic_year,16162,True,Academic Year 2003/04 - March,2023-04-13T20:49:49+00:00,2023-04-13T20:49:00+00:00,/academic-year-200304/academic-year-200304-march,,"{""node_type"": ""53783729-2e4c-4d95-b3b9-5a5c46531869"", ""revision_uid"": ""3e7cb6cf-3e28-462b-9821-30746a7583c2"", ""uid"": ""3e7cb6cf-3e28-462b-9821-30746a7583c2"", ""academic_year_events"": [""6bb84d8c-f0ea-4af1-a446-7dfb863b2d73"", ""750289af-e383-40f3-bd90-b75afb2d9346"", ""72ba5b71-5381-4eec-97f2-d26cb71d4bb8"", ""9843c7e3-0d48-4ee0-9839-5526b94b79bb"", ""a2083731-ee35-457d-b700-1f7984087102"", ""da192039-c9a7-4991-a081-808ed8ee2a69"", ""bd2b383d-383d-44a3-a4a3-2fb1d6e433c9"", ""01385abb-5274-431d-85fc-3ef05474e3dd"", ""c4b7eaf0-95b6-4abd-afba-50f51add69cb""], ""academic_year"": ""ee281c22-2611-4b38-9d7e-76f925cab6d6""}",vancouver
646e02b9-e098-4a1d-9539-81cc4cfb094b,node--academic_year,16163,True,Academic Year 2003/04 - February,2023-04-13T20:49:49+00:00,2023-04-13T20:49:00+00:00,/academic-year-200304/academic-year-200304-february,,"{""node_type"": ""53783729-2e4c-4d95-b3b9-5a5c46531869"", ""revision_uid"": ""3e7cb6cf-3e28-462b-9821-30746a7583c2"", ""uid"": ""3e7cb6cf-3e28-462b-9821-30746a7583c2"", ""academic_year_events"": [""886a4444-534d-49cc-82e3-896aca0d91ed"", ""0294602f-2117-40cb-9d31-45770b2a6bf6"", ""65cf86e2-afc0-446d-9419-90d51c4cc47a"", ""56646f07-2bc2-4871-a173-db29aca7f424"", ""4be9c96d-b29d-482a-8e2f-a9e5c4c48b98"", ""ef3e8f77-c8f3-4d6e-b438-4d01939cc674"", ""e28e2169-e92d-432a-ab4d-429a42c048b9"", ""ab5a76b3-a895-4e3b-bf78-134bebdf2353"", ""83f3adc3-71cb-4be0-84e8-0094d0455582"", ""faec5b88-42ec-45b1-b949-553bcb8690b7"", ""9b5cdb5a-ae69-4901-aca7-309e451344f7"", ""97759102-c0cd-4f43-9d63-3ae87b8b5991"", ""e6a3bb69-01f8-4938-9bd5-dba2994ad186""], ""academic_year"": ""ee281c22-2611-4b38-9d7e-76f925cab6d6""}",vancouver
f4ba958b-e4cf-46b4-86da-459e19cb25bb,node--academic_year,16164,True,Academic Year 2003/04 - January,2023-04-13T20:49:49+00:00,2023-04-13T20:49:00+00:00,/academic-year-200304/academic-year-200304-january,,"{""node_type"": ""53783729-2e4c-4d95-b3b9-5a5c46531869"", ""revision_uid"": ""3e7cb6cf-3e28-462b-9821-30746a7583c2"", ""uid"": ""3e7cb6cf-3e28-462b-9821-30746a7583c2"", ""academic_year_events"": [""77513363-b22c-4a67-824e-9b224ca0cb34"", ""44284731-6d9c-4052-957d-73e89b6557dd"", ""189ee2d3-29c1-4273-8521-80964fafef5e"", ""1c9f2e6f-4826-47ba-84c1-8dd2ee91d68b"", ""18f10bed-f199-4e3d-9e9e-b67eca8a8385"", ""e88f8406-18fe-4cd0-b2c5-78ac58b32646"", ""c53d3706-9241-469a-9f4b-95927eaeef69"", ""133c89ee-87ac-41b5-8db7-08793281b97e""], ""academic_year"": ""ee281c22-2611-4b38-9d7e-76f925cab6d6""}",vancouver
725a5a57-4bc1-479b-a701-ea34212261a7,node--academic_year,16165,True,Academic Year 2004/05 - August,2023-04-13T20:49:50+00:00,2023-04-13T20:49:00+00:00,/academic-year-200405/academic-year-200405-august,,"{""node_type"": ""53783729-2e4c-4d95-b3b9-5a5c46531869"", ""revision_uid"": ""3e7cb6cf-3e28-462b-9821-30746a7583c2"", ""uid"": ""3e7cb6cf-3e28-462b-9821-30746a7583c2"", ""academic_year_events"": [""d193f815-e43a-48ea-bdad-75db184f9baf"", ""080506da-d18c-41ff-9865-703b0989ded0"", ""07e97287-d71a-4b03-9909-dc2d70754f25"", ""8fbc0839-2748-479e-b6bf-b3348d2041ed"", ""a4a45529-16b6-4685-9678-72911c5800ac"", ""6eefd205-c037-4ede-9724-90fbaeeb3f87"", ""72487f69-7e30-424c-8ef0-1b0a098dfa39"", ""40c3ee97-76b7-4854-bd70-ea5d0018b2c0"", ""7e0c7cb5-1bd0-49bc-8ae5-c9dab50246b3"", ""7f173bcc-0449-426c-82af-f790e3e7812b"", ""f72dfdc1-b518-4e15-a0eb-9c286838e1cd"", ""0172e7d2-5bda-49c3-a4f4-571f5170b40a"", ""4672cf40-d87e-45ce-8967-40da78dab703""], ""academic_year"": ""3f90153e-13f4-4ff9-9900-5ce29603ddae""}",vancouver
de030504-9748-4784-a17c-fe39c9546f05,node--academic_year,16166,True,Academic Year 2004/05 - September,2023-04-13T20:49:51+00:00,2023-04-13T20:49:00+00:00,/academic-year-200405/academic-year-200405-september,,"{""node_type"": ""53783729-2e4c-4d95-b3b9-5a5c46531869"", ""revision_uid"": ""3e7cb6cf-3e28-462b-9821-30746a7583c2"", ""uid"": ""3e7cb6cf-3e28-462b-9821-30746a7583c2"", ""academic_year_events"": [""24ba01de-b176-4551-bd30-03be1717bfd1"", ""9cc4bdeb-fdf1-4c88-983b-95927f6cd303"", ""310e9af5-987d-4b10-9fdb-e44dab95ab64"", ""4f57c8a9-89d7-4427-a778-b8c6003112db"", ""498fdccf-74cf-4995-842a-9448345955a0"", ""1e41b214-7b04-42bd-b7a7-38eb0ea02dc8"", ""b7bf4ea4-6ade-49e9-9d2d-f1bb3775f1f3"", ""e21e2611-8b4d-44dd-bd3c-677629b8996b"", ""aff75e2f-3d30-4519-91e0-bcbec4daad4a"", ""8598bc7d-ef2f-439b-8c17-253754c84998"", ""9717fcd1-f687-47ef-b7dc-136508509d0f""], ""academic_year"": ""3f90153e-13f4-4ff9-9900-5ce29603ddae""}",vancouver
794851a0-ad9a-4c4b-9873-144cb7a08bdb,node--academic_year,16167,True,Academic Year 2004/05 - October,2023-04-13T20:49:52+00:00,2023-04-13T20:49:00+00:00,/academic-year-200405/academic-year-200405-october,,"{""node_type"": ""53783729-2e4c-4d95-b3b9-5a5c46531869"", ""revision_uid"": ""3e7cb6cf-3e28-462b-9821-30746a7583c2"", ""uid"": ""3e7cb6cf-3e28-462b-9821-30746a7583c2"", ""academic_year_events"": [""6865d554-7031-4046-8e2c-a33fb357db7c"", ""410544a3-f943-45b7-ad87-58369ab3aec4"", ""00893105-42ea-43ed-a9a4-b3321d5d0814"", ""4bee21b6-20fb-4feb-b4ec-db421efb7199"", ""61b7db7d-7360-4b84-9bae-a8ac3f7afd6c"", ""6220e906-95ef-4887-8152-39e375285ece"", ""3c668dc8-f02d-47bc-8d0f-46b9abb042ff"", ""f8d47d0c-6ad7-4fff-a806-dbe21276db19"", ""05efaa02-76a6-43cc-8a8a-b2a3889c097a"", ""4566cd35-25b2-42d6-863b-08d9745c8b74"", ""5caff34b-ab17-40ff-8258-dba61b23b4db""], ""academic_year"": ""3f90153e-13f4-4ff9-9900-5ce29603ddae""}",vancouver
400ab92b-8f8f-46d7-a180-65460a90dc43,node--academic_year,16168,True,Academic Year 2004/05 - November,2023-04-13T20:49:52+00:00,2023-04-13T20:49:00+00:00,/academic-year-200405/academic-year-200405-november,,"{""node_type"": ""53783729-2e4c-4d95-b3b9-5a5c46531869"", ""revision_uid"": ""3e7cb6cf-3e28-462b-9821-30746a7583c2"", ""uid"": ""3e7cb6cf-3e28-462b-9821-30746a7583c2"", ""academic_year_events"": [""3af5fd18-1aa1-48ac-898d-259cfee5b740"", ""f0ccccfc-87dd-4704-ad23-ee9993a5eba5"", ""b7eeb6cd-215f-4bd0-b5c2-b79b915342b9"", ""3bbbc456-0d85-458e-b07b-fee6b30c4227"", ""5b551346-e946-4d33-9ad4-64942dc4c3bc"", ""e961b728-af24-4bb2-b3a1-a4483ecce6c9"", ""eff5d45c-1870-46f9-a7fb-3b100af194dd""], ""academic_year"": ""3f90153e-13f4-4ff9-9900-5ce29603ddae""}",vancouver
32bc2d04-7dfc-446d-82f9-4c1f936b9416,node--academic_year,16169,True,Academic Year 2004/05 - December,2023-04-13T20:49:53+00:00,2023-04-13T20:49:00+00:00,/academic-year-200405/academic-year-200405-december,,"{""node_type"": ""53783729-2e4c-4d95-b3b9-5a5c46531869"", ""revision_uid"": ""3e7cb6cf-3e28-462b-9821-30746a7583c2"", ""uid"": ""3e7cb6cf-3e28-462b-9821-30746a7583c2"", ""academic_year_events"": [""5975c1d1-56d7-4fff-a26e-08d02dcc6746"", ""3fe2046c-3e51-4911-966d-684ce9845c75"", ""362f74da-3d6c-495b-9925-d97d6af156d8"", ""98e8dee8-03f1-40be-981a-6e6999b8cc41"", ""24529b23-6498-46f5-a81c-47c009fc600f"", ""408f6b8c-d54d-45ee-a205-a3e9feb404b8"", ""9ed26c62-a33a-428d-b1cb-133d9e3bbdc3"", ""d369f635-4623-4790-a18a-fc49cc61820a"", ""60a03847-f512-4ac3-8950-d90bc007b56a"", ""f66db550-7dcc-4618-84c3-7e756b9cbb25"", ""01152abb-05a3-430b-8744-38ea31f7d556"", ""ae309216-6ed1-4a39-a71e-ed28f2cffca3"", ""47734938-49c9-467b-ac2a-f50da729ec65"", ""79d1971d-2a62-488d-bad9-34f2a5c743f6""], ""academic_year"": ""3f90153e-13f4-4ff9-9900-5ce29603ddae""}",vancouver
8ef903ef-77b6-45d0-a736-2f30ad16f72d,node--academic_year,16170,True,Academic Year 2004/05 - July,2023-04-13T20:49:54+00:00,2023-04-13T20:49:00+00:00,/academic-year-200405/academic-year-200405-july,,"{""node_type"": ""53783729-2e4c-4d95-b3b9-5a5c46531869"", ""revision_uid"": ""3e7cb6cf-3e28-462b-9821-30746a7583c2"", ""uid"": ""3e7cb6cf-3e28-462b-9821-30746a7583c2"", ""academic_year_events"": [""455d3c3d-1996-43d9-9f58-39c31723069f"", ""7a7fae7e-5a8a-4d75-a5ea-7baf9298068c"", ""80696650-8b46-4181-863e-d709f81fcede"", ""02e43b1c-2133-4a59-8d5a-218863e4e694"", ""1f3b2429-eaf3-4d73-990a-58346bc9aa9f"", ""98bbd4b7-31f3-4eb1-a069-f914ed2375f5"", ""f1515e46-505d-4149-9163-47c1b971d3af"", ""0c7700a3-6b6d-4541-a157-397eeadc4080"", ""ce95262f-37b4-4131-9efa-a87216e28a65"", ""c4e2929e-0c2e-4266-bfcd-a42db58b6314"", ""c6865634-4c01-409b-bad3-61f3714afd48"", ""58a00950-7d27-4255-96d2-5493cc97f120"", ""b229b98d-1590-4646-8011-a23dfe703f46"", ""7d1db7e4-e81f-4102-8056-5f485097785c"", ""4171de94-6c48-4021-b813-f420a306a463""], ""academic_year"": ""3f90153e-13f4-4ff9-9900-5ce29603ddae""}",vancouver
adfcb264-4051-4d94-8931-d65483840b14,node--academic_year,16171,True,Academic Year 2004/05 - June,2023-04-13T20:49:54+00:00,2023-04-13T20:49:00+00:00,/academic-year-200405/academic-year-200405-june,,"{""node_type"": ""53783729-2e4c-4d95-b3b9-5a5c46531869"", ""revision_uid"": ""3e7cb6cf-3e28-462b-9821-30746a7583c2"", ""uid"": ""3e7cb6cf-3e28-462b-9821-30746a7583c2"", ""academic_year_events"": [""048ffced-d3c9-44c7-986b-ba04359ec8c0"", ""bc95fe01-2793-43b5-8bdc-575107db9c81"", ""8eb47d46-c2bb-4523-bbd8-3cccaedb55d9"", ""27ee06fb-652c-4783-9bc2-58a2c3f2f8d4"", ""e77ad784-e559-4ddc-8997-b83e379b8c23"", ""1b54fc30-0848-40a0-a481-79b751711228"", ""012f33b6-c58d-45e7-83b6-e204b7da6d3f"", ""e4581f5d-b455-445a-a449-10f750ca10af"", ""1058edae-0dce-43e6-90d4-923527730d2a"", ""e549d8ec-bec9-45f6-9916-bf98e1a348a4"", ""42a720a9-3bf2-44b5-9e40-32cfab396179"", ""e20169bf-59e7-40bd-9452-f7373ba8c8bc"", ""82ca4078-7550-475a-a58a-ec6308b4c339""], ""academic_year"": ""3f90153e-13f4-4ff9-9900-5ce29603ddae""}",vancouver
9cbe37a1-eb41-47f2-b7e7-fbee248f1980,node--academic_year,16172,True,Academic Year 2004/05 - January,2023-04-13T20:49:55+00:00,2023-04-13T20:49:00+00:00,/academic-year-200405/academic-year-200405-january,,"{""node_type"": ""53783729-2e4c-4d95-b3b9-5a5c46531869"", ""revision_uid"": ""3e7cb6cf-3e28-462b-9821-30746a7583c2"", ""uid"": ""3e7cb6cf-3e28-462b-9821-30746a7583c2"", ""academic_year_events"": [""5c5458c1-dac6-40ef-8ce5-204f0bef4ab1"", ""ea53fd6f-1e42-4bd1-b2fe-98eb87014b1f"", ""8e385933-c8e4-4661-b8e8-1cd7d7360ea1"", ""7ae61cd4-d895-4d79-b8b7-d171ad1de8b0"", ""f4bcc46a-ae61-4211-b7cb-feeb4c898009"", ""0595ec58-3bca-4d6e-8859-4c4490c7f7c6"", ""e588993b-a14d-454f-bb34-4a40af491633"", ""2ba1d55b-e21f-4e9a-af99-28106755425e"", ""18c7810e-9385-4d49-9ac3-1a16789465d1"", ""d3eb234d-7668-4db4-b542-16cd4917f4a1""], ""academic_year"": ""3f90153e-13f4-4ff9-9900-5ce29603ddae""}",vancouver
ab06c6a1-ae9b-4747-a1b5-9fabe336ce1a,node--academic_year,16173,True,Academic Year 2004/05 - February,2023-04-13T20:49:56+00:00,2023-04-13T20:49:00+00:00,/academic-year-200405/academic-year-200405-february,,"{""node_type"": ""53783729-2e4c-4d95-b3b9-5a5c46531869"", ""revision_uid"": ""3e7cb6cf-3e28-462b-9821-30746a7583c2"", ""uid"": ""3e7cb6cf-3e28-462b-9821-30746a7583c2"", ""academic_year_events"": [""73cf5957-4a38-4048-b1ea-a003f6f63a66"", ""19f0fdfe-ebb9-41fb-b54c-8240e28b8a60"", ""3a1f025b-821a-4f98-839c-1068a26c1945"", ""56a0368a-a359-407c-8164-d54776b56511"", ""66522405-4df7-4d78-ab2c-3fb0816564be"", ""864be1a5-70dd-4b3b-912b-bf194a62052b"", ""598eb0fd-9f68-4c47-9b1f-31c135dd6fa8"", ""9b9370eb-8bce-439d-b089-ccb1b01f6e21"", ""4d88d310-7404-40f3-845d-6ef5cfe8e819"", ""4e1f2ab2-e4cb-48b9-8708-96c6bde50469"", ""a634cd28-3818-4f1d-b41a-9d643580209c""], ""academic_year"": ""3f90153e-13f4-4ff9-9900-5ce29603ddae""}",vancouver
f7ef7030-6ece-4cdf-8afa-5ff9b31b7613,node--academic_year,16174,True,Academic Year 2004/05 - March,2023-04-13T20:49:57+00:00,2023-04-13T20:49:00+00:00,/academic-year-200405/academic-year-200405-march,,"{""node_type"": ""53783729-2e4c-4d95-b3b9-5a5c46531869"", ""revision_uid"": ""3e7cb6cf-3e28-462b-9821-30746a7583c2"", ""uid"": ""3e7cb6cf-3e28-462b-9821-30746a7583c2"", ""academic_year_events"": [""9a1e703b-e55d-4431-ae9e-1754bd179c0d"", ""792c16bf-e6fb-4967-8733-ee07346673b5"", ""09bbcc28-a386-4367-8585-06cea38689a9"", ""54040d89-d456-4f9f-86f0-cd8025e177cc"", ""2d3c3be5-2d12-4d67-8cda-2c77663a8577"", ""4efa09f9-53a4-452a-aa5c-2b8c0e7f096c"", ""7db4db74-1f06-4fd5-b9ab-540dd346c73d"", ""106c8024-2f1c-464f-9b4f-55cc876e8feb"", ""920e62d9-63df-472c-b88b-d41192836f35"", ""d9442398-4b1f-4410-a08e-506c845199c5"", ""60661460-bfd7-46e8-8505-bb5b3308e520""], ""academic_year"": ""3f90153e-13f4-4ff9-9900-5ce29603ddae""}",vancouver
a57811ee-c82e-4a5d-88e9-570a8caf3439,node--academic_year,16175,True,Academic Year 2004/05 - April,2023-04-13T20:49:58+00:00,2023-04-13T20:49:00+00:00,/academic-year-200405/academic-year-200405-april,,"{""node_type"": ""53783729-2e4c-4d95-b3b9-5a5c46531869"", ""revision_uid"": ""3e7cb6cf-3e28-462b-9821-30746a7583c2"", ""uid"": ""3e7cb6cf-3e28-462b-9821-30746a7583c2"", ""academic_year_events"": [""13a346be-e828-4897-ab44-09f617ecb357"", ""568b19f7-9790-4185-a113-e09b662ab5f1"", ""933aff17-b5af-4227-bca7-25a3c1617a9b"", ""92a545f6-d934-4a59-b0a7-ad33b3e14cc7"", ""6b9898b3-27c3-4496-8166-1eabe28de7ef"", ""874c229b-c8b8-43a1-921f-5a5b4b7cce25"", ""c4dd84fa-9c12-4a46-a976-fa48198e2c6b"", ""75ae66b5-3500-4433-adb8-3f569c6c6105"", ""9fdf578f-10e3-4c37-b64d-aeca82540b0e"", ""fa497396-8859-498d-88e4-b6df8bb4735d"", ""1f126a4a-70e9-49b6-82ac-f2b96ad2093d"", ""f00d7a43-abd2-40e7-ae56-9ef53004338d"", ""6b1af324-86b0-4cbc-8e78-94cf0c33ec8f"", ""48c9ddc8-a1e7-4bbe-b02d-eff98eab367f"", ""41cac66d-9911-4c05-9698-947c69fe62a7"", ""fcd8ee71-7c87-491d-a9ed-1b23482ec623""], ""academic_year"": ""3f90153e-13f4-4ff9-9900-5ce29603ddae""}",vancouver
111de10a-0f2f-427a-adae-576f41cefcd0,node--academic_year,16176,True,Academic Year 2004/05 - May,2023-04-13T20:49:58+00:00,2023-04-13T20:49:00+00:00,/academic-year-200405/academic-year-200405-may,,"{""node_type"": ""53783729-2e4c-4d95-b3b9-5a5c46531869"", ""revision_uid"": ""3e7cb6cf-3e28-462b-9821-30746a7583c2"", ""uid"": ""3e7cb6cf-3e28-462b-9821-30746a7583c2"", ""academic_year_events"": [""a696adce-9fdb-4ed2-9984-97bd492fee3d"", ""4c78273b-e7ad-4695-9d9a-933504397add"", ""a8eda7b9-c319-4b51-a868-a528849cfbce"", ""dc7b0bd8-a85d-4199-a628-a6a18c637a79"", ""ff838059-7f88-40dc-9cbe-7ea507981dab"", ""90c3143f-96e5-4eaa-a5e8-fa78a07a536a"", ""32dc8ab6-e281-44a2-8561-927d04cf9826"", ""07a3a132-58f9-4026-abba-6c219aeebaba"", ""a83a0e3c-dc78-4aab-9ee1-5417da481244"", ""538f7377-8a66-4aa4-bf9d-52f9d828257e"", ""81f52b1b-441b-4f56-8641-ed40abbebe01"", ""361c3357-88c1-432a-895e-557a0608cca3"", ""4bc69748-c5b0-462b-8c17-982721ab8ed1"", ""b1e69424-f7cd-4ebe-97ae-2994008eeff4"", ""2b1f11bb-db73-4b70-afef-b0addfd767b1""], ""academic_year"": ""3f90153e-13f4-4ff9-9900-5ce29603ddae""}",vancouver
923b34c2-9853-4ac9-b981-0b9300ee61cb,node--academic_year,16177,True,Academic Year 2005/06 - September,2023-04-13T20:49:59+00:00,2023-04-13T20:49:00+00:00,/academic-year-200506/academic-year-200506-september,,"{""node_type"": ""53783729-2e4c-4d95-b3b9-5a5c46531869"", ""revision_uid"": ""3e7cb6cf-3e28-462b-9821-30746a7583c2"", ""uid"": ""3e7cb6cf-3e28-462b-9821-30746a7583c2"", ""academic_year_events"": [""dfe1d540-c914-4716-8528-c70dbf0af650"", ""a150daf8-2c72-4dae-ae69-2dde49ea4f9e"", ""602307db-b753-4b28-850b-91c8df92fef6"", ""cebb7502-464b-4291-a5d1-2221dc761964"", ""f5ed05eb-cd0b-4271-83e6-2bc97d7872bd"", ""bddb15e0-8c49-404e-ae0e-1692c88814e6"", ""3f3bc408-671b-4545-911e-f6ed91555cf0"", ""45fa4afa-c4f7-4ef0-a359-b995552e19f5"", ""b066c7fa-0f85-4fa1-8556-c13b72a0d1e1"", ""2e4d4dbc-744f-4265-8bff-083c72916169"", ""88a70b57-6c74-43e1-929e-b4388fbf1091"", ""831a4813-ae92-4723-abe5-7f45270ee52d""], ""academic_year"": ""3ed5abf1-8f65-4486-8acd-dbce8140a2bc""}",vancouver
f488656f-cce5-4bdc-9ed2-3f592fdbcd7c,node--academic_year,16178,True,Academic Year 2005/06 - October,2023-04-13T20:50:00+00:00,2023-04-13T20:49:00+00:00,/academic-year-200506/academic-year-200506-october,,"{""node_type"": ""53783729-2e4c-4d95-b3b9-5a5c46531869"", ""revision_uid"": ""3e7cb6cf-3e28-462b-9821-30746a7583c2"", ""uid"": ""3e7cb6cf-3e28-462b-9821-30746a7583c2"", ""academic_year_events"": [""590ecc4f-925e-4522-93de-3100b69d7907"", ""85d7c062-e9de-4f10-bcf4-3e58924b2186"", ""c19f60c7-be43-41b6-8ad1-6e8cfdfff209"", ""10ed89d8-ab6c-46d9-8912-6b0b33b23979"", ""06560ba8-aaea-4623-b570-f2a844ae66f2"", ""e0cb8f45-b6bc-4dcf-be86-529db804b848"", ""b84a9b94-c4aa-4c61-8ff0-3c30eaa3d6e9"", ""e3ddc7a9-8eb0-4aa3-ac78-d8ad84dcdf79"", ""163e0618-9794-4485-acc2-2c105b3649de""], ""academic_year"": ""3ed5abf1-8f65-4486-8acd-dbce8140a2bc""}",vancouver
0cd1a74d-2649-46c1-94ad-b061cd731caa,node--academic_year,16179,True,Academic Year 2005/06 - November,2023-04-13T20:50:00+00:00,2023-04-13T20:49:00+00:00,/academic-year-200506/academic-year-200506-november,,"{""node_type"": ""53783729-2e4c-4d95-b3b9-5a5c46531869"", ""revision_uid"": ""3e7cb6cf-3e28-462b-9821-30746a7583c2"", ""uid"": ""3e7cb6cf-3e28-462b-9821-30746a7583c2"", ""academic_year_events"": [""6066237a-8e22-4d2e-a87d-b59d48b9b08d"", ""f3184c90-ac36-4066-b7f8-9828519ebe70"", ""8fd8c2b9-b579-4cd3-8b6f-263dfde33bd8"", ""ad901c13-9d3d-45b6-ab37-1d80895c139b"", ""a632648f-afe8-4784-9c0a-b86cb320c440"", ""7392cd51-f970-448e-b3cb-a69791eab8ea"", ""9bf6a234-11ac-4934-9d0c-a4e2c0c19e6e"", ""bdc8566d-e829-47de-bf84-4ab59032ff55"", ""85d393b9-da8d-4d77-b50c-180aace78c98"", ""765e9a0a-b97d-48f3-8515-f435f36a17cd""], ""academic_year"": ""3ed5abf1-8f65-4486-8acd-dbce8140a2bc""}",vancouver
caee7b85-b966-4d31-8bb0-d41d13ece676,node--academic_year,16180,True,Academic Year 2005/06 - December,2023-04-13T20:50:00+00:00,2023-04-13T20:49:00+00:00,/academic-year-200506/academic-year-200506-december,,"{""node_type"": ""53783729-2e4c-4d95-b3b9-5a5c46531869"", ""revision_uid"": ""3e7cb6cf-3e28-462b-9821-30746a7583c2"", ""uid"": ""3e7cb6cf-3e28-462b-9821-30746a7583c2"", ""academic_year_events"": [""e5c906b5-ba69-452f-b5f7-793d1cc60539"", ""29baebcc-1984-425b-8881-395525a48800"", ""38404190-420a-45b1-aefe-80af4bb8c62c"", ""5ee52a55-fbe3-4222-8c84-bb2eeea0bf5f"", ""d1ab5845-59c1-4df5-ad70-d310bd7226e6"", ""81d4e6ff-3955-408c-920e-afcf1846bd37"", ""eaf61b02-0993-4f1a-971d-d2b635a88005"", ""45f5b6ca-810e-4756-94bb-de8ecd8b141e"", ""3b5305dd-6d52-4e16-ad29-f7ca509a26bf"", ""48879af0-6ba4-44d1-81f2-36f4da1b7d99"", ""c3a96c52-1ab3-4ec6-ba8a-08156bb8f785"", ""a5232ad5-4fde-4ad6-91ec-637cde108ee9"", ""7ee95211-3ae9-439b-988a-eb23be967078""], ""academic_year"": ""3ed5abf1-8f65-4486-8acd-dbce8140a2bc""}",vancouver
d2c6a881-4261-4a64-83e8-c5dd4500873b,node--academic_year,16181,True,Academic Year 2005/06 - August,2023-04-13T20:50:01+00:00,2023-04-13T20:49:00+00:00,/academic-year-200506/academic-year-200506-august,,"{""node_type"": ""53783729-2e4c-4d95-b3b9-5a5c46531869"", ""revision_uid"": ""3e7cb6cf-3e28-462b-9821-30746a7583c2"", ""uid"": ""3e7cb6cf-3e28-462b-9821-30746a7583c2"", ""academic_year_events"": [""788f5dfe-ff4c-4c1e-99b8-b3f7b9db027a"", ""fcca8a08-ac27-4d00-8441-fb1dd2419079"", ""2fc9a403-57b0-42d0-9ecb-0d4867a2e0a0"", ""a558662c-4ad9-46c7-9884-cb5cfcc63967"", ""552af0ce-3976-4837-969f-c9227407b445"", ""2c5d0e8a-27f1-4116-989c-b6ad4530a7ad"", ""9ada50b8-31ef-4334-bff6-b5c0ceb22a1e"", ""ddde9e30-4481-462a-ba4a-377a8c55df41"", ""2f462df6-c00a-4bd8-821b-218e21ee1958"", ""404cb36f-2d18-42c6-a8a5-0bc9db4a675d"", ""b185d3c1-1f15-4226-957b-dcb8253c4f8e""], ""academic_year"": ""3ed5abf1-8f65-4486-8acd-dbce8140a2bc""}",vancouver
89a4eabd-d0fb-49e6-be0b-0f1921ead1a4,node--academic_year,16182,True,Academic Year 2005/06 - July,2023-04-13T20:50:02+00:00,2023-04-13T20:49:00+00:00,/academic-year-200506/academic-year-200506-july,,"{""node_type"": ""53783729-2e4c-4d95-b3b9-5a5c46531869"", ""revision_uid"": ""3e7cb6cf-3e28-462b-9821-30746a7583c2"", ""uid"": ""3e7cb6cf-3e28-462b-9821-30746a7583c2"", ""academic_year_events"": [""233865e3-09e7-4e63-bbdc-68a5be95b477"", ""7e0c8f05-0322-493d-af97-3227570fc811"", ""a495abee-9476-46ae-81d6-f1ce8b36423d"", ""58734b64-e74e-4c7f-845b-144c1d83ea4d"", ""46b043ad-b1b1-4ae0-b79f-a2531d7c2bb6"", ""22ec5072-1275-417d-a94b-033942e7bc80"", ""fc94638f-1c3f-4a11-9545-7d2b61e268dd"", ""c0fa766f-bebf-48e1-8175-62580a4b3d9e"", ""468699fe-faa7-4d50-a0a0-040b49ca957a"", ""a033c7dc-836d-49ff-b100-b4d59abf8d3b"", ""76a0f42e-21f3-4f87-95ce-c23ec9e015c3"", ""236400ba-24ce-4a34-97a0-7489182fe63d"", ""2ee4158c-3fc9-446e-85a6-26ddf0338d88"", ""03f83b83-5408-4b7a-808a-6cd3c3c8cadd"", ""3fa9718a-8ea8-427f-8b94-a79404273c93""], ""academic_year"": ""3ed5abf1-8f65-4486-8acd-dbce8140a2bc""}",vancouver
ec2c37d5-3a59-4790-a391-57fcfdbe3f04,node--academic_year,16183,True,Academic Year 2005/06 - June,2023-04-13T20:50:03+00:00,2023-04-13T20:49:00+00:00,/academic-year-200506/academic-year-200506-june,,"{""node_type"": ""53783729-2e4c-4d95-b3b9-5a5c46531869"", ""revision_uid"": ""3e7cb6cf-3e28-462b-9821-30746a7583c2"", ""uid"": ""3e7cb6cf-3e28-462b-9821-30746a7583c2"", ""academic_year_events"": [""b3ac64ae-450a-4377-b240-65ef8e1cd7c2"", ""ebfe4aa6-2132-4b15-97df-a800f8d6bc77"", ""51517317-958e-4145-aaca-7e16a1d2c8d0"", ""657353da-e3d5-49f7-9144-46b4c26c51ce"", ""4888a2dc-7376-4b6b-a16c-f637f5d82dd9"", ""0d3427f6-b7e7-4011-842b-d2ca3533358b"", ""5c78f179-889c-423d-bf91-b0a5aae5a98f"", ""927e8c6f-bbce-4281-8d7d-247c7cea9c2d"", ""1c946ca9-b996-47f8-9238-102e9df9ad7e"", ""c66e084c-28fa-4388-a68d-3a5fb8d3092b"", ""025c2dc8-8543-48f6-ac52-7a4a4094158f""], ""academic_year"": ""3ed5abf1-8f65-4486-8acd-dbce8140a2bc""}",vancouver
8c37bae5-ef32-4723-9146-35f62d3aeddb,node--academic_year,16184,True,Academic Year 2005/06 - May,2023-04-13T20:50:03+00:00,2023-04-13T20:49:00+00:00,/academic-year-200506/academic-year-200506-may,,"{""node_type"": ""53783729-2e4c-4d95-b3b9-5a5c46531869"", ""revision_uid"": ""3e7cb6cf-3e28-462b-9821-30746a7583c2"", ""uid"": ""3e7cb6cf-3e28-462b-9821-30746a7583c2"", ""academic_year_events"": [""e11e4c65-4091-4215-b29e-c05e427691fb"", ""887879c4-13e4-4914-a933-06ca65f70a38"", ""49a4cfb9-63ad-442d-99e0-9f1623efc8c8"", ""39b1b81d-c069-4d83-a7b4-1946e5d55be4"", ""f09ba3fb-11b8-4ec2-88f1-643d8f79ff1b"", ""fd129af8-174f-4f65-92ad-bd3191aaf3ce"", ""f76ba648-e7b4-472f-8217-8092104d550a"", ""36e5ccf2-641b-4178-acf2-1b2b1f17a08a"", ""410ad82d-cea5-4f7b-9cc2-b81f413e3947"", ""9c221bc1-616d-4774-84d1-916adbcc2f5e"", ""880be755-32a6-4788-84b1-1ff7ad3aba9b"", ""f6f3de0c-dc28-4d81-98cd-c056f9db22a4"", ""03b38e23-150e-484b-9d06-bb4ef13bcb7f"", ""a1df75af-8b78-4664-8ee0-e62680fe550d""], ""academic_year"": ""3ed5abf1-8f65-4486-8acd-dbce8140a2bc""}",vancouver
1c86df4b-97d5-40d7-b742-7f21025ad8b2,node--academic_year,16185,True,Academic Year 2005/06 - April,2023-04-13T20:50:04+00:00,2023-04-13T20:49:00+00:00,/academic-year-200506/academic-year-200506-april,,"{""node_type"": ""53783729-2e4c-4d95-b3b9-5a5c46531869"", ""revision_uid"": ""3e7cb6cf-3e28-462b-9821-30746a7583c2"", ""uid"": ""3e7cb6cf-3e28-462b-9821-30746a7583c2"", ""academic_year_events"": [""ad2754b2-6382-421f-ae4e-24b6be5774a4"", ""ec93b733-725d-44d3-8b64-2019d08a153c"", ""0cce6ee7-e8b9-4418-a1ee-e319cefa82a8"", ""0864d109-f79b-4830-a2d7-dc63932b59f1"", ""d3614830-6570-4449-b368-b487667258e7"", ""359531e8-18b5-4ac8-9440-2fd5bdf1495a"", ""7b254bcb-5522-4287-810a-9add3576e19b"", ""949c48ca-eeb3-4128-a06c-9cbb2977ac44"", ""66d780d1-ef79-482e-9d2e-1c23d0fda510"", ""9483c51e-8330-4e90-b958-e85b76391835"", ""8b8c02ef-5b0b-4e97-9eb0-c9af75e21130"", ""36dcd079-879e-42ad-a63e-d85b84baac38"", ""42190ccb-c89e-4f66-8296-03fe6095e449"", ""80c4a7b8-b35b-453f-8de6-2e1cfa32cf05"", ""2dbb0128-ef0f-41b9-b653-e04832eef455""], ""academic_year"": ""3ed5abf1-8f65-4486-8acd-dbce8140a2bc""}",vancouver
db3ed5c9-a48f-4931-9d5a-2ff60cc0b5a6,node--academic_year,16186,True,Academic Year 2005/06 - March,2023-04-13T20:50:05+00:00,2023-04-13T20:49:00+00:00,/academic-year-200506/academic-year-200506-march,,"{""node_type"": ""53783729-2e4c-4d95-b3b9-5a5c46531869"", ""revision_uid"": ""3e7cb6cf-3e28-462b-9821-30746a7583c2"", ""uid"": ""3e7cb6cf-3e28-462b-9821-30746a7583c2"", ""academic_year_events"": [""4fc238e4-e5bb-4e3f-a34c-df2a1d73f075"", ""bad65ad8-95d9-43bf-8320-efbae8e64709"", ""f3a9aaa7-6869-4eb6-ad5b-091cc1d25237"", ""bef7b4f3-d0e6-4d0a-92c4-83dc663fa247"", ""09b688d4-df6a-4435-a312-9788d1cacd46"", ""67c6e161-669e-4b2b-b970-84c335d72a78"", ""047d9dfb-0cbd-418c-bd30-1b7a5311ae73"", ""fc16acc0-6b7c-425d-9f28-db814b491a33"", ""be9668e8-bfa8-4332-9121-9be926581a48""], ""academic_year"": ""3ed5abf1-8f65-4486-8acd-dbce8140a2bc""}",vancouver
fe18f8ac-e11a-4135-bc49-51fcae76b9ae,node--academic_year,16187,True,Academic Year 2005/06 - February,2023-04-13T20:50:05+00:00,2023-04-13T20:49:00+00:00,/academic-year-200506/academic-year-200506-february,,"{""node_type"": ""53783729-2e4c-4d95-b3b9-5a5c46531869"", ""revision_uid"": ""3e7cb6cf-3e28-462b-9821-30746a7583c2"", ""uid"": ""3e7cb6cf-3e28-462b-9821-30746a7583c2"", ""academic_year_events"": [""5229eb55-6513-482b-906f-8cd21bb3063b"", ""0e53c8c9-9fac-4855-963e-bfad2dae3d8a"", ""a97e94c4-9e3b-4f3f-b85f-9b02cea3866b"", ""4b0db80a-1ee0-4581-8804-f7b662c3d8fa"", ""a46cbf6d-ce97-4a8a-953c-68a5677fba03"", ""f69cc8ab-9c7b-4bf3-ac08-398aa3044b02"", ""1c31f088-bcd1-4dfb-b3f1-1fede4348b75"", ""a32ec413-f1d9-49ee-a778-eff752a15ed5"", ""d461cb3e-b02a-4faf-9ce2-dab2ed40730e"", ""a291abc6-97a9-4820-bcfc-b2b4913068c9""], ""academic_year"": ""3ed5abf1-8f65-4486-8acd-dbce8140a2bc""}",vancouver
b470137b-89b1-47b4-9d5f-2c5a8ae81ce3,node--academic_year,16188,True,Academic Year 2005/06 - January,2023-04-13T20:50:06+00:00,2023-04-13T20:49:00+00:00,/academic-year-200506/academic-year-200506-january,,"{""node_type"": ""53783729-2e4c-4d95-b3b9-5a5c46531869"", ""revision_uid"": ""3e7cb6cf-3e28-462b-9821-30746a7583c2"", ""uid"": ""3e7cb6cf-3e28-462b-9821-30746a7583c2"", ""academic_year_events"": [""75cec828-72e9-4612-a6f0-27a62947f839"", ""84e7af30-77ac-4f69-b2f3-0f383fd4403c"", ""31d490e7-aa15-4372-b51b-fcdd2287159e"", ""38acc83b-57fb-41f1-adb0-bfc4320ac4d7"", ""eeade441-4fee-4057-8b5c-2e295f924c44"", ""1a49999d-bdd3-494d-be8d-e1b4a9048b49"", ""b17e6883-6cb7-4390-8cce-7acd62af4266"", ""6e24bc48-6271-43e6-964d-faf94ee26d10"", ""e8de5d3d-6424-43a6-9d50-ff21c57087b1"", ""899ee384-80fc-470f-899a-2e03750e29ad"", ""38a9b24d-d005-445d-85b5-86578f875ca5"", ""769d2cb7-6232-403c-8f76-569902e079c2"", ""4da152b0-e5fb-4648-bed9-1461dbb985a3""], ""academic_year"": ""3ed5abf1-8f65-4486-8acd-dbce8140a2bc""}",vancouver
ecc655a1-8ce5-40f1-a907-b4b53e9a2541,node--academic_year,16189,True,Academic Year 2006/07 - September,2023-04-13T20:50:06+00:00,2023-04-13T20:49:00+00:00,/academic-year-200607/academic-year-200607-september,,"{""node_type"": ""53783729-2e4c-4d95-b3b9-5a5c46531869"", ""revision_uid"": ""3e7cb6cf-3e28-462b-9821-30746a7583c2"", ""uid"": ""3e7cb6cf-3e28-462b-9821-30746a7583c2"", ""academic_year_events"": [""cdd3007a-07f6-4766-bcc0-b6a1bd137ff7"", ""71a346f5-46e6-4284-88ac-dff2cf6e94bc"", ""e0a3b3bd-f5bb-4f1f-9e76-3acec12a40fb"", ""0e7c8ee7-1983-4f4d-b5fb-89b47e8450fc"", ""d14070b7-e486-498b-a0b2-063cfab5e11e"", ""546bba86-12df-43ff-bb9d-1f6db8316141"", ""535e11d2-6e3c-4889-88a5-ecfd2c5317f3"", ""0524d2ee-748d-4b7b-ad3b-ad510d24edec"", ""79e2d699-8e87-41dd-b593-e665374267a4"", ""eaf6cc94-cf8d-4bbf-a176-90b76974c18b"", ""69f6ad08-5007-4c6c-b30e-8c38cd38c2e7""], ""academic_year"": ""54adac29-4170-4a91-8653-1d142c833ee4""}",vancouver
40d52f27-a84f-466a-979b-6fad05ec4b1f,node--academic_year,16190,True,Academic Year 2006/07 - October,2023-04-13T20:50:07+00:00,2023-04-13T20:49:00+00:00,/academic-year-200607/academic-year-200607-october,,"{""node_type"": ""53783729-2e4c-4d95-b3b9-5a5c46531869"", ""revision_uid"": ""3e7cb6cf-3e28-462b-9821-30746a7583c2"", ""uid"": ""3e7cb6cf-3e28-462b-9821-30746a7583c2"", ""academic_year_events"": [""c7a0584f-013c-46fc-ab04-91435ae2013a"", ""97b4bd67-87e8-4ae2-8b56-c3478901eda2"", ""44a03f24-faee-4ed4-b15b-bd52e5ed7023"", ""14723c59-0046-47b5-80cb-664b8a045284"", ""3caf7228-7e14-446b-90e7-0bc4f9ea53a8"", ""6eddcdb2-f85f-4c3d-825a-7d313bb88e64"", ""53e5863f-faa9-49e4-878a-29f511e17c83"", ""c7b33d62-2d83-4f88-8f12-684096f8e651"", ""ec86abef-d2df-4b52-89ae-39433372226a"", ""25589119-919f-4c22-8184-4eebb6260db3"", ""b6a21e91-08e2-493c-835c-b7bfd82e7aff""], ""academic_year"": ""54adac29-4170-4a91-8653-1d142c833ee4""}",vancouver
b992a6d3-58a2-4f0b-b876-7d8836ce091f,node--academic_year,16191,True,Academic Year 2006/07 - November,2023-04-13T20:50:28+00:00,2023-04-13T20:50:16+00:00,/academic-year-200607/academic-year-200607-november,,"{""node_type"": ""53783729-2e4c-4d95-b3b9-5a5c46531869"", ""revision_uid"": ""3e7cb6cf-3e28-462b-9821-30746a7583c2"", ""uid"": ""3e7cb6cf-3e28-462b-9821-30746a7583c2"", ""academic_year_events"": [""203102ac-01bb-403b-bde4-adcbc012cd9e"", ""3311119e-bb34-4417-a989-6e6c3c474d3c"", ""15aac4b0-8d0e-48f5-a3ce-926b92b4c08f"", ""9ef38594-4298-4da4-8c06-fd795dc5a034"", ""18ff3e10-6244-459a-8160-ec9f1f0c8184"", ""51f32d40-952f-4dc1-a57d-5b0fa9eca759"", ""fe396fbb-b4e7-43fd-af4f-e285aab6be94"", ""9fcb5424-7c00-4af8-a2a6-be0e5a6b4383"", ""cafa574b-4c71-4c1a-908f-e98f545e180d"", ""5ade96ac-1671-4017-a5dc-70d08fcbe311""], ""academic_year"": ""54adac29-4170-4a91-8653-1d142c833ee4""}",vancouver
85b565b2-bc10-4fdd-b0de-70168ca05024,node--academic_year,16192,True,Academic Year 2006/07 - December,2023-04-13T20:50:28+00:00,2023-04-13T20:50:16+00:00,/academic-year-200607/academic-year-200607-december,,"{""node_type"": ""53783729-2e4c-4d95-b3b9-5a5c46531869"", ""revision_uid"": ""3e7cb6cf-3e28-462b-9821-30746a7583c2"", ""uid"": ""3e7cb6cf-3e28-462b-9821-30746a7583c2"", ""academic_year_events"": [""9008e84d-47bf-48fa-b604-bbbaade750ea"", ""94c8fadb-3dc2-4d03-b335-24d75d7c56bd"", ""ec396237-2eee-41c2-bbf4-c45e6cfc0aea"", ""fc4215e5-e76a-4edf-a36c-87bd4c3092d4"", ""8344757d-8ff5-4814-a41e-383ab441714a"", ""c7a0938e-826b-4b5f-911a-8cc1defd3e8f"", ""68ccce5c-7d90-4eb2-aac5-ff9a278a98bb"", ""b03b792c-d8d4-4db5-8e2c-9f158bc3aaf1""], ""academic_year"": ""54adac29-4170-4a91-8653-1d142c833ee4""}",vancouver
6181bec4-b8a8-46d9-b17a-754549681b53,node--academic_year,16193,True,Academic Year 2006/07 - August,2023-04-13T20:50:29+00:00,2023-04-13T20:50:16+00:00,/academic-year-200607/academic-year-200607-august,,"{""node_type"": ""53783729-2e4c-4d95-b3b9-5a5c46531869"", ""revision_uid"": ""3e7cb6cf-3e28-462b-9821-30746a7583c2"", ""uid"": ""3e7cb6cf-3e28-462b-9821-30746a7583c2"", ""academic_year_events"": [""7c39eeea-440e-4028-8594-9070bcaf2790"", ""1a4b15ae-d3de-4de0-b1de-32acfe2daa7f"", ""2e465e97-fc95-4af5-b5b4-106c9748cef5"", ""e8fce715-6323-46ea-a441-a4e07f370c8c"", ""5eff1d84-e72a-4488-9ad0-aa245be01b4b"", ""152d753d-75e0-4fc6-b5a5-e1af9c7708b2"", ""5d1c3eeb-f61f-4525-b919-a7d00de49890"", ""c54afe95-19ad-40a4-ba18-2988afcbc70e"", ""c92c3ce1-c6ef-4348-95e9-e2f09d5090cb"", ""0a13ea64-da4c-4eaf-ab50-3cec404933a4""], ""academic_year"": ""54adac29-4170-4a91-8653-1d142c833ee4""}",vancouver
ed52dbd5-7303-42ab-8438-4588cc9c5b23,node--academic_year,16194,True,Academic Year 2006/07 - July,2023-04-13T20:50:30+00:00,2023-04-13T20:50:16+00:00,/academic-year-200607/academic-year-200607-july,,"{""node_type"": ""53783729-2e4c-4d95-b3b9-5a5c46531869"", ""revision_uid"": ""3e7cb6cf-3e28-462b-9821-30746a7583c2"", ""uid"": ""3e7cb6cf-3e28-462b-9821-30746a7583c2"", ""academic_year_events"": [""b9ec0f5e-39f8-41ce-a98b-b48571d6cb9e"", ""d8bfe526-ae33-4ad3-ab09-5fbd3684d7fa"", ""cd1650b8-2154-406e-a4ec-f4a93c584712"", ""c3035a16-8e02-4391-85fb-ce8d0f431c6e"", ""1a42227b-f153-4b76-8ff3-f1910231fddb"", ""ec3308fa-e3e9-4fe3-b5fb-4dc42350468d"", ""0c3b5978-a270-4187-82cd-e7108e1ade3d"", ""cc1d87fa-de0f-4d57-ba78-4bee5621ff4a"", ""b6ff61f5-1c8f-4906-b5fb-37dbc4302013"", ""2aedc5e4-fc2f-4600-9bb4-df439c99937b"", ""1eac525a-af7e-4109-834a-a190457805d1"", ""70dbd5c6-a911-459b-9393-a2445914e841"", ""bc02cee1-51a0-4988-84d8-da8b06054013"", ""feed7fe4-566a-40ae-9963-b65261761417""], ""academic_year"": ""54adac29-4170-4a91-8653-1d142c833ee4""}",vancouver
47826f60-33b5-4b38-9a17-8eff3637aba5,node--academic_year,16195,True,Academic Year 2006/07 - June,2023-04-13T20:50:31+00:00,2023-04-13T20:50:16+00:00,/academic-year-200607/academic-year-200607-june,,"{""node_type"": ""53783729-2e4c-4d95-b3b9-5a5c46531869"", ""revision_uid"": ""3e7cb6cf-3e28-462b-9821-30746a7583c2"", ""uid"": ""3e7cb6cf-3e28-462b-9821-30746a7583c2"", ""academic_year_events"": [""2ca6c50a-a58a-4a88-a2d9-24bbbf2a13e0"", ""38700ac5-1a5e-44ed-aa30-b674109ecf8c"", ""a132da74-c3f9-4a7b-8284-fd639b8f0c9f"", ""30c00ae9-5e78-4654-8ba5-e6b5ad39efef"", ""8f2f0034-ea13-4c81-b77b-0815f1a196f2"", ""5d87879a-c487-481e-bd84-b083de1b7d87"", ""411423ab-8c4e-4860-bcb3-cdc9928f843b"", ""9bf40533-e616-4455-a9ea-34dbb3b7b489"", ""75b94fcd-185b-45f9-ab53-a313f4a47dfe""], ""academic_year"": ""54adac29-4170-4a91-8653-1d142c833ee4""}",vancouver
e3255fa3-d303-4960-ba28-0fcae9b6cc36,node--academic_year,16196,True,Academic Year 2006/07 - May,2023-04-13T20:50:32+00:00,2023-04-13T20:50:16+00:00,/academic-year-200607/academic-year-200607-may,,"{""node_type"": ""53783729-2e4c-4d95-b3b9-5a5c46531869"", ""revision_uid"": ""3e7cb6cf-3e28-462b-9821-30746a7583c2"", ""uid"": ""3e7cb6cf-3e28-462b-9821-30746a7583c2"", ""academic_year_events"": [""9dd9f960-5117-439d-991b-6ad264e77d96"", ""cc70b371-ce82-4edc-9022-59bf85d5b373"", ""1bec9a93-2156-4275-9268-79d9b9555efd"", ""2fc16afb-473c-4721-9d68-44ec0fab091f"", ""6396fd05-5c2e-4098-8df6-4d6702fe248e"", ""6e0b5e68-a103-42b8-a531-cdc3c17f940e"", ""375bb53c-cdd3-47fa-9748-e99541da11f8"", ""c0a64f6b-813e-44bd-bc18-cb6c3a1a99d9"", ""6322121c-dde2-49c8-8507-a36b9a82ba0a"", ""d5116233-eed9-41a6-9c56-6f9ac6f8171d"", ""1a48f530-293a-4733-a8d9-ae6d4e51a08c"", ""f6711d81-4a84-4555-86eb-a1f1dbd01644"", ""b6ca0049-b6da-4fe7-9e39-3449bb655dde"", ""d6b3dbc0-0dac-418b-995f-b14081e594de"", ""dfda178f-0cd8-420c-8a5e-1ae272534e83"", ""75c36633-e0db-4680-ad7e-d3201da47e3a""], ""academic_year"": ""54adac29-4170-4a91-8653-1d142c833ee4""}",vancouver
fa7e868d-36de-4e43-9408-1b1c64bfea84,node--academic_year,16197,True,Academic Year 2006/07 - April,2023-04-13T20:50:32+00:00,2023-04-13T20:50:16+00:00,/academic-year-200607/academic-year-200607-april,,"{""node_type"": ""53783729-2e4c-4d95-b3b9-5a5c46531869"", ""revision_uid"": ""3e7cb6cf-3e28-462b-9821-30746a7583c2"", ""uid"": ""3e7cb6cf-3e28-462b-9821-30746a7583c2"", ""academic_year_events"": [""922a6618-7024-4427-b51c-35cc72abaeb6"", ""5fb40eda-1afc-47f4-a7bc-7c51881bc874"", ""6acb1fd0-02dc-4e6e-8b4b-cbbcba638a8e"", ""7518cecf-ee02-48c5-af8d-0befea17b81c"", ""c2af6e0e-9c89-4470-99b7-5ba8491bd47f"", ""5af80884-6722-4530-aa90-7d2fe3e93e90"", ""6cbf0902-5058-4fb9-b291-b6424f51c89a"", ""1e3bb564-2762-4b01-a924-184382f6340b"", ""b42e3a54-03c1-469c-a3f4-03c47982b693"", ""520b10dc-c4b9-44e0-bdfe-d652793fd8bb"", ""29b64854-fb69-4e18-b789-86f7e2c2a16b"", ""7a95a36b-ed2e-4682-ac89-d920221d7e75"", ""7909d813-5b1b-473a-a168-10c3cab3ee71"", ""01e2b72e-54ab-4e8c-8e0e-166c28956bc5""], ""academic_year"": ""54adac29-4170-4a91-8653-1d142c833ee4""}",vancouver
f63ba8a6-2cdc-42e5-8a2d-92b8070833e8,node--academic_year,16198,True,Academic Year 2006/07 - March,2023-04-13T20:50:33+00:00,2023-04-13T20:50:16+00:00,/academic-year-200607/academic-year-200607-march,,"{""node_type"": ""53783729-2e4c-4d95-b3b9-5a5c46531869"", ""revision_uid"": ""3e7cb6cf-3e28-462b-9821-30746a7583c2"", ""uid"": ""3e7cb6cf-3e28-462b-9821-30746a7583c2"", ""academic_year_events"": [""c50a5a51-489d-4619-acc1-6225c9890daa"", ""f1820d13-5414-4831-9f9e-97b407438fc0"", ""6e1e716a-6cba-4cd2-818d-9c02c4867898"", ""73ecd7ae-2f5e-4b87-8954-ede47d27ba7b"", ""5ca0f75f-7b65-4fcf-a824-2a8cf40072d2"", ""b372d425-5cd8-4f63-b761-3e5fa7472d41"", ""3b7242bc-bca3-4eb3-b8d1-b3d2cda6fb69"", ""fb7bb0bb-1454-4018-af96-ef50f1e7641c""], ""academic_year"": ""54adac29-4170-4a91-8653-1d142c833ee4""}",vancouver
ef5abd01-3983-4604-86e7-63810efe8504,node--academic_year,16199,True,Academic Year 2006/07 - February,2023-04-13T20:50:33+00:00,2023-04-13T20:50:16+00:00,/academic-year-200607/academic-year-200607-february,,"{""node_type"": ""53783729-2e4c-4d95-b3b9-5a5c46531869"", ""revision_uid"": ""3e7cb6cf-3e28-462b-9821-30746a7583c2"", ""uid"": ""3e7cb6cf-3e28-462b-9821-30746a7583c2"", ""academic_year_events"": [""46957df3-525a-47d5-97e9-5593ade8f736"", ""d45114bd-ef08-4a69-a783-468304b70e9a"", ""fe999740-ecc0-41a9-b204-055ce8674881"", ""0834c661-4efc-478d-bf7f-06a3e5c739b8"", ""c2742d30-2b98-4e61-a3fd-95614f912880"", ""83d73030-ceda-4467-b26c-2baa4120d818"", ""63200e92-5d24-429f-b7af-62b90e94de57"", ""3da4ef57-5371-49d6-a38f-1f73fae3673f"", ""fe5ce61d-c60c-40c2-b03e-fa9760898575""], ""academic_year"": ""54adac29-4170-4a91-8653-1d142c833ee4""}",vancouver
253ff80f-93cc-4334-87c5-c2dafefe4da6,node--academic_year,16200,True,Academic Year 2006/07 - January,2023-04-13T20:50:34+00:00,2023-04-13T20:50:16+00:00,/academic-year-200607/academic-year-200607-january,,"{""node_type"": ""53783729-2e4c-4d95-b3b9-5a5c46531869"", ""revision_uid"": ""3e7cb6cf-3e28-462b-9821-30746a7583c2"", ""uid"": ""3e7cb6cf-3e28-462b-9821-30746a7583c2"", ""academic_year_events"": [""fcd082d9-74db-4811-ad82-58a9cb87f7b7"", ""967a06b9-abdb-4793-943d-5f5b5e65aeb9"", ""1fe9fabb-7b85-4900-9cb4-35c20e6c615a"", ""9ed22c7a-01fa-4ab4-97b3-cb7f72fe15fc"", ""203a4f62-19b2-4b0b-af7f-17af67ac023b"", ""c574b23d-3bf9-4981-97ab-00687fcf9eba"", ""438c9b32-6a03-4233-8fd8-519ef8dfda85"", ""44f8db63-5e7c-455d-a7eb-b0f2f41b1767"", ""ec2fe72c-5726-4067-a0ba-b3ab0d839f1c""], ""academic_year"": ""54adac29-4170-4a91-8653-1d142c833ee4""}",vancouver
98e351a3-f5f3-4d0f-a8fb-72d3bfb33206,node--academic_year,16201,True,Academic Year 2007/08 - September,2023-04-13T20:50:34+00:00,2023-04-13T20:50:16+00:00,/academic-year-200708/academic-year-200708-september,,"{""node_type"": ""53783729-2e4c-4d95-b3b9-5a5c46531869"", ""revision_uid"": ""3e7cb6cf-3e28-462b-9821-30746a7583c2"", ""uid"": ""3e7cb6cf-3e28-462b-9821-30746a7583c2"", ""academic_year_events"": [""14f6ed1c-3aea-4092-8bd8-c8808e0dfb98"", ""45c89488-0a4d-4dfb-ae63-de1727b49e52"", ""fb46d8fa-daae-4a3c-b5dc-d5edc68531f9"", ""da3f7dba-7293-4804-b55a-4fec480bc78d"", ""f1ce305e-d251-4546-bccd-da1c317a3341"", ""fe816562-5618-4b83-a0a6-3fd84278f6b6"", ""6619875a-1ffe-4264-830b-2b3dc2ef8248"", ""2068158a-d764-4956-991b-007d810fe498"", ""2f81e35d-6091-4954-8f0e-5aa08b33f388"", ""37bfb88a-1185-4d65-8c5f-697fb98aa691""], ""academic_year"": ""d6acf579-0bb7-4cea-9767-b0f42f995e64""}",vancouver
2e7ee715-e9b9-4c6f-abb2-fa8487fff343,node--academic_year,16202,True,Academic Year 2007/08 - October,2023-04-13T20:50:35+00:00,2023-04-13T20:50:16+00:00,/academic-year-200708/academic-year-200708-october,,"{""node_type"": ""53783729-2e4c-4d95-b3b9-5a5c46531869"", ""revision_uid"": ""3e7cb6cf-3e28-462b-9821-30746a7583c2"", ""uid"": ""3e7cb6cf-3e28-462b-9821-30746a7583c2"", ""academic_year_events"": [""3f687880-b3e1-463e-b563-12e6c42cc70f"", ""d0486b48-d6e3-4ee7-b460-884d57f28f2d"", ""93f14906-30ce-48c5-bcd0-59ccd036c554"", ""25b8e92d-2e86-4bb2-9719-a4db6f3ade93"", ""a562f33b-7f49-4eaa-9799-954cf45c68e7"", ""f550f850-12b0-4920-9754-b3230806fb76"", ""4e1c2b26-39db-4ed3-9ea2-26a13d6c0012"", ""c7fb3fb3-4074-4c90-b5be-972fe37a61fc"", ""2909a012-b516-48d8-8075-17e45d26216d"", ""43098fd2-e77e-4f4f-ab15-7ff8f32c3c29""], ""academic_year"": ""d6acf579-0bb7-4cea-9767-b0f42f995e64""}",vancouver
7fa34268-f63a-4692-92ab-aa2a98585c41,node--academic_year,16203,True,Academic Year 2007/08 - November,2023-04-13T20:50:35+00:00,2023-04-13T20:50:16+00:00,/academic-year-200708/academic-year-200708-november,,"{""node_type"": ""53783729-2e4c-4d95-b3b9-5a5c46531869"", ""revision_uid"": ""3e7cb6cf-3e28-462b-9821-30746a7583c2"", ""uid"": ""3e7cb6cf-3e28-462b-9821-30746a7583c2"", ""academic_year_events"": [""937efe11-6c9b-4deb-8227-bcda1ecc2d00"", ""453dfbad-8453-4516-9c18-91b126b1acaa"", ""6a1b9dd3-a306-4545-bb5d-07af7e57cc50"", ""4d82d973-e950-45c1-aa1f-57924a517238"", ""68750552-ee56-4a61-9f72-96d6368fb3a3"", ""f0cf8090-7933-4645-bd02-b38f3f0b1847"", ""7b45290d-8c9a-4c69-8a57-d88c2cf1302a"", ""04855dbf-bca9-4acf-aca7-4012bffb483e"", ""0b61677e-0512-404d-a2e2-21b480208529"", ""1066da59-2800-427a-9aef-69c749a809d1"", ""ea7c734d-f2ac-43d6-8be4-48d4cecb5b51"", ""22f0e0fe-5cf5-499f-b22e-7713919cba33""], ""academic_year"": ""d6acf579-0bb7-4cea-9767-b0f42f995e64""}",vancouver
5d7379a1-65a7-4500-afa4-f03711258973,node--academic_year,16204,True,Academic Year 2007/08 - December,2023-04-13T20:50:36+00:00,2023-04-13T20:50:16+00:00,/academic-year-200708/academic-year-200708-december,,"{""node_type"": ""53783729-2e4c-4d95-b3b9-5a5c46531869"", ""revision_uid"": ""3e7cb6cf-3e28-462b-9821-30746a7583c2"", ""uid"": ""3e7cb6cf-3e28-462b-9821-30746a7583c2"", ""academic_year_events"": [""f9fc7781-b988-4326-9cb3-7f92f9193f14"", ""376daecf-5ec4-47b5-bd84-50a1b8452b2e"", ""a800f38f-d4f6-4f76-a45f-05d91eb86cbb"", ""b68367ed-17dd-43ad-8b7c-8df534db989a"", ""e244c0ae-eee9-488f-90f3-fbd680ab4142"", ""ca46f100-a55b-4f4e-996e-161604b70e99"", ""e763ba97-b028-4adf-a6b5-429aaf01b10b"", ""3c0548e4-9468-4685-b042-fad24c549d68""], ""academic_year"": ""d6acf579-0bb7-4cea-9767-b0f42f995e64""}",vancouver
3ecdd989-681a-413d-a8fb-695b858fff26,node--academic_year,16205,True,Academic Year 2007/08 - August,2023-04-13T20:50:36+00:00,2023-04-13T20:50:16+00:00,/academic-year-200708/academic-year-200708-august,,"{""node_type"": ""53783729-2e4c-4d95-b3b9-5a5c46531869"", ""revision_uid"": ""3e7cb6cf-3e28-462b-9821-30746a7583c2"", ""uid"": ""3e7cb6cf-3e28-462b-9821-30746a7583c2"", ""academic_year_events"": [""0fd20f8b-b972-40f4-960b-19e85c0aff75"", ""ae6996b4-f4f0-456c-917b-c710d9dc62e8"", ""488a282b-ebf0-4165-b8e7-53815e304ad1"", ""59a793fc-e8bd-4766-bd11-f80295862f8d"", ""c47626b3-f3ac-4c95-9c30-64708998602b"", ""e190cc4b-cd66-4ca5-bb7f-81e15213db54"", ""459f6fe8-e3ca-4114-9911-8f754dc3f64b"", ""c553eb47-3fa5-4b27-b2e8-b24cbc09e69b"", ""833aff55-fcac-45bf-b325-e876dfbb2ca7"", ""af07a143-52b5-4046-8ed9-01fa921df7e5"", ""9087b19b-e612-4190-a37e-31f510332b4a"", ""c334a1d0-17c8-49bd-9cc0-1b43b0f1bdbf""], ""academic_year"": ""d6acf579-0bb7-4cea-9767-b0f42f995e64""}",vancouver
7462df56-50ca-4900-8c1d-33fb77d94780,node--academic_year,16206,True,Academic Year 2007/08 - July,2023-04-13T20:50:37+00:00,2023-04-13T20:50:16+00:00,/academic-year-200708/academic-year-200708-july,,"{""node_type"": ""53783729-2e4c-4d95-b3b9-5a5c46531869"", ""revision_uid"": ""3e7cb6cf-3e28-462b-9821-30746a7583c2"", ""uid"": ""3e7cb6cf-3e28-462b-9821-30746a7583c2"", ""academic_year_events"": [""56521c0e-dd39-49e6-965f-c87708a966e1"", ""3f00cf92-59a6-417d-9dfe-ea686dcd0fa7"", ""73e7700b-4dcc-4b88-ae86-902a8b9ad49c"", ""b8a1fe29-de53-4d34-9c21-41d3b59a4251"", ""8a0984b4-a26b-4fb0-9de7-dc070f0c3361"", ""3da8c376-610b-4b97-9c0b-cc36401f156a"", ""bed6f489-6628-46af-accc-1088f0fae2dd"", ""0c9db424-6542-41cc-b499-8c7e958a4399"", ""6f026c2e-d03f-4f7e-bcc2-a64edae64ef4"", ""d90a45f7-f742-4a46-90d0-f2fda6040a44"", ""cc38ce4a-cddd-419a-8294-e3db9b23ec95"", ""82773ad7-f1a8-4c5d-a686-2cfb304542b7""], ""academic_year"": ""d6acf579-0bb7-4cea-9767-b0f42f995e64""}",vancouver
844b35ec-2354-4af5-988e-9790b0234a4e,node--academic_year,16207,True,Academic Year 2007/08 - June,2023-04-13T20:50:37+00:00,2023-04-13T20:50:16+00:00,/academic-year-200708/academic-year-200708-june,,"{""node_type"": ""53783729-2e4c-4d95-b3b9-5a5c46531869"", ""revision_uid"": ""3e7cb6cf-3e28-462b-9821-30746a7583c2"", ""uid"": ""3e7cb6cf-3e28-462b-9821-30746a7583c2"", ""academic_year_events"": [""17c8bf39-1766-478e-88a4-9b7351370138"", ""2b2448f0-cf54-4b4d-887c-37456445bcf8"", ""a330d2b5-5b7b-4d7d-bdd8-f7eceef102de"", ""17c501a6-7579-4d83-963e-53fbd18c46d2"", ""608c7d34-4395-4a30-b905-bbc47297f971"", ""4bf9b591-f21c-41f9-8e5d-b557646b7570"", ""a78e72df-a997-46b2-9196-77b8a6349690"", ""6d2896ca-5b17-458d-a5e8-988b535de783"", ""d39e6305-cba8-4bcb-b105-7ec0ae17ebec""], ""academic_year"": ""d6acf579-0bb7-4cea-9767-b0f42f995e64""}",vancouver
8d2ed1f5-6eae-4501-a620-2a6a38cc34e6,node--academic_year,16208,True,Academic Year 2007/08 - May,2023-04-13T20:50:37+00:00,2023-04-13T20:50:16+00:00,/academic-year-200708/academic-year-200708-may,,"{""node_type"": ""53783729-2e4c-4d95-b3b9-5a5c46531869"", ""revision_uid"": ""3e7cb6cf-3e28-462b-9821-30746a7583c2"", ""uid"": ""3e7cb6cf-3e28-462b-9821-30746a7583c2"", ""academic_year_events"": [""87ebd156-a961-4afd-a7a5-67715dcd958d"", ""427d467c-b0cf-433c-9b68-0400763f2bc6"", ""53bc1fb2-60a1-4a79-bca6-1451971fbf6c"", ""f1ede649-9565-4310-bc72-972b7d591c2e"", ""d8fb2bc5-75ee-43a8-8432-b36604d0d4e0"", ""8ba0531f-9827-47c4-8c60-815f3174a0da"", ""c023e373-fbb8-4f26-8c1a-b554998846f9"", ""db4a89a6-1bce-4b59-87e8-d6533ebc6dba"", ""a6f5ece9-ea48-4726-b6c6-ed47f9835e7b"", ""4f5edc17-bde8-4a57-a4af-9d7eb5cfd001"", ""62f4c8eb-a7bd-4b78-bc29-09ada9346efd"", ""ace669c1-9d73-4e53-9a71-1ff684cec206"", ""10b19a6a-dea6-476b-a232-9c64ebb574c1"", ""a1c07b97-4308-4b61-bc12-ee46dd400791"", ""7cbfb676-f1ed-4bc2-8822-bf0e6b4f7292"", ""49e1992e-4ab0-402d-85eb-b75b2bca220f""], ""academic_year"": ""d6acf579-0bb7-4cea-9767-b0f42f995e64""}",vancouver
c2f37057-0bc4-4865-95d2-750b9355c25e,node--academic_year,16209,True,Academic Year 2007/08 - April,2023-04-13T20:50:38+00:00,2023-04-13T20:50:16+00:00,/academic-year-200708/academic-year-200708-april,,"{""node_type"": ""53783729-2e4c-4d95-b3b9-5a5c46531869"", ""revision_uid"": ""3e7cb6cf-3e28-462b-9821-30746a7583c2"", ""uid"": ""3e7cb6cf-3e28-462b-9821-30746a7583c2"", ""academic_year_events"": [""e6570acb-6d1e-43f2-82d9-7007b88332f0"", ""92a8b00c-0558-4f7d-9fb2-29327b6752f2"", ""aedb0c87-8191-452b-866e-0a15837191b5"", ""fe107546-e138-43d0-88cb-5030726a057e"", ""b11a0eb2-7bd9-4ba6-b80a-4d7765489d84"", ""414af0eb-be9d-4b34-b53e-020915b91b5b"", ""2a0c04d2-29cc-4f7d-a513-20cee5d34698"", ""6431956b-9a03-487a-9855-98301a36c4c0"", ""eb70fd82-4b0c-4eb7-ad03-f56ae9212e56"", ""979664db-8e86-4e02-9ec6-b32923f0df6c""], ""academic_year"": ""d6acf579-0bb7-4cea-9767-b0f42f995e64""}",vancouver
7bea739a-59a4-4d1e-b566-22a3cf2fe656,node--academic_year,16210,True,Academic Year 2007/08 - March,2023-04-13T20:50:38+00:00,2023-04-13T20:50:16+00:00,/academic-year-200708/academic-year-200708-march,,"{""node_type"": ""53783729-2e4c-4d95-b3b9-5a5c46531869"", ""revision_uid"": ""3e7cb6cf-3e28-462b-9821-30746a7583c2"", ""uid"": ""3e7cb6cf-3e28-462b-9821-30746a7583c2"", ""academic_year_events"": [""ee31f506-c852-49b6-acb3-2d94a67c6df2"", ""7ec645ba-8c4a-42f6-905d-906bf0930b6b"", ""334d33ad-673d-42b0-b6f3-d60d28d3ca58"", ""26abe083-58a0-4ee4-85c8-725cc79c334e"", ""bb125d2d-8df1-4826-9f67-e91c807b6ae5"", ""187a7574-6fec-4fa4-affd-3e1a02a14171"", ""9117c729-5523-4b65-b658-de09b03060bb"", ""85ccc5e1-4a29-4c69-831c-8bcea0b034a2"", ""fbe5d5ee-1099-4270-bc83-122435fdcc16""], ""academic_year"": ""d6acf579-0bb7-4cea-9767-b0f42f995e64""}",vancouver
ed28ebee-cb92-47aa-ad77-c7887b627c17,node--academic_year,16211,True,Academic Year 2007/08 - February,2023-04-13T20:50:39+00:00,2023-04-13T20:50:16+00:00,/academic-year-200708/academic-year-200708-february,,"{""node_type"": ""53783729-2e4c-4d95-b3b9-5a5c46531869"", ""revision_uid"": ""3e7cb6cf-3e28-462b-9821-30746a7583c2"", ""uid"": ""3e7cb6cf-3e28-462b-9821-30746a7583c2"", ""academic_year_events"": [""a3b53829-ffe8-45c8-a7cd-4d8bc9c41055"", ""fd7e73e9-ed41-4943-964e-73f6c632ae3c"", ""7107b245-eaf8-4f5e-b28b-25dcb48bcc95"", ""17ed01ea-fab4-4e57-9534-2f44de0eb4fe"", ""c0216a3b-b877-45b1-b671-3225ffd312d1"", ""964bd40f-af57-4465-bfaa-e93382da89e2"", ""7543ccf6-e2f6-452d-80e2-9bbe6eba6701"", ""24cb9357-ecf6-490d-bb01-a5d50ac4e92e"", ""f64891cf-cd1a-402f-a8da-af2d32545f4d"", ""4654b678-f3e4-4110-a017-19ab0b7f8fa3""], ""academic_year"": ""d6acf579-0bb7-4cea-9767-b0f42f995e64""}",vancouver
0e91c8e1-27c9-42ea-8aba-5fc8a0270d5a,node--academic_year,16212,True,Academic Year 2007/08 - January,2023-04-13T20:50:40+00:00,2023-04-13T20:50:16+00:00,/academic-year-200708/academic-year-200708-january,,"{""node_type"": ""53783729-2e4c-4d95-b3b9-5a5c46531869"", ""revision_uid"": ""3e7cb6cf-3e28-462b-9821-30746a7583c2"", ""uid"": ""3e7cb6cf-3e28-462b-9821-30746a7583c2"", ""academic_year_events"": [""7b9490fb-04cf-4e49-8502-738f0f048e90"", ""6285ecfb-5515-4c85-95e4-5eff279d0962"", ""d8b33893-5be6-4700-82a5-69f1d3fb934e"", ""6e70127d-f7d2-4b1a-978d-6d7bcb5f5e44"", ""367e7360-7093-419a-87f0-87447a635e6f"", ""6f764d3b-40fe-4b25-9302-ec7f104e707b"", ""81860760-f37c-4798-9b27-c35c09fe7432"", ""c4b1ac04-fd17-44df-92fb-c32392ba0524"", ""816f9fc0-fd12-4f6f-826c-d5ac80cee5a3"", ""ec16484c-322b-4566-8168-c68b23d63420""], ""academic_year"": ""d6acf579-0bb7-4cea-9767-b0f42f995e64""}",vancouver
413d376b-ea88-4dd0-aede-33475cb43a2f,node--academic_year,16213,True,Academic Year 2008/09 - September,2023-04-13T20:50:40+00:00,2023-04-13T20:50:16+00:00,/academic-year-200809/academic-year-200809-september,,"{""node_type"": ""53783729-2e4c-4d95-b3b9-5a5c46531869"", ""revision_uid"": ""3e7cb6cf-3e28-462b-9821-30746a7583c2"", ""uid"": ""3e7cb6cf-3e28-462b-9821-30746a7583c2"", ""academic_year_events"": [""f3eaf743-9504-414b-b308-bf6942a11965"", ""2e16eb28-72b1-4fa0-b494-0bf00743c61c"", ""ecd0fba5-5b8b-455d-b6b8-1a4fbcb047c9"", ""76ee7e6e-b3a1-4f81-ac9f-026f112b50a4"", ""24e2c528-8ce4-4c2b-be76-a1c30d2d0d06"", ""798716fa-415b-4a0e-98a4-349167de7112"", ""c46c24c0-d088-43d2-9943-95b2de7f3293"", ""7a6cad85-143b-48a1-a83e-1bb2f05fce26"", ""5b32beb4-2a5c-44cf-8561-543cc935c61e"", ""548e16e1-0f4e-49c9-8cd9-6c5825df9b34""], ""academic_year"": ""550ac545-338e-4c01-8197-7a4f625cdd61""}",vancouver
4c52ef94-201f-4efc-818f-477a305353d9,node--academic_year,16214,True,Academic Year 2008/09 - October,2023-04-13T20:50:41+00:00,2023-04-13T20:50:16+00:00,/academic-year-200809/academic-year-200809-october,,"{""node_type"": ""53783729-2e4c-4d95-b3b9-5a5c46531869"", ""revision_uid"": ""3e7cb6cf-3e28-462b-9821-30746a7583c2"", ""uid"": ""3e7cb6cf-3e28-462b-9821-30746a7583c2"", ""academic_year_events"": [""43f8a4d3-24d7-43bf-9376-8ab3a47eeb4c"", ""ce3e6c64-3d7e-4254-b1aa-893f21e282bd"", ""7520a6eb-5723-4ce0-84d4-30d5b6397e0b"", ""450e72d7-0d4d-45c7-b2ec-2515989bc742"", ""c71315b4-0646-46f3-91b9-214689b7265a"", ""f4a42f20-fce1-4f78-81f1-af33db9a4086"", ""351fa151-8ea4-462c-8669-8a7b5076a60a"", ""c365e8b5-5904-4ec6-b84b-5eea44fb4fde"", ""fad50bbe-8cfe-40ff-ba02-805a2ec6909f""], ""academic_year"": ""550ac545-338e-4c01-8197-7a4f625cdd61""}",vancouver
2dddf1f6-d993-444b-8983-9a2c2fa40cbd,node--academic_year,16215,True,Academic Year 2008/09 - November,2023-04-13T20:50:42+00:00,2023-04-13T20:50:16+00:00,/academic-year-200809/academic-year-200809-november,,"{""node_type"": ""53783729-2e4c-4d95-b3b9-5a5c46531869"", ""revision_uid"": ""3e7cb6cf-3e28-462b-9821-30746a7583c2"", ""uid"": ""3e7cb6cf-3e28-462b-9821-30746a7583c2"", ""academic_year_events"": [""9f6db581-fc79-464c-8c46-cb4a32792708"", ""f640ab04-6ade-42ed-ba88-3ba3918dfb37"", ""209b8bec-9224-434d-a767-0d8be657f123"", ""07341c61-530a-40fc-bc7b-99a131888f5e"", ""2b1cb149-8aee-4628-b67d-504134156f70"", ""46cac6b0-375c-465b-b9bc-174f62167adc"", ""e784b1db-7b4e-44b3-9084-759f78659da5"", ""fb737b60-99d8-4704-8d5b-45363fe28c41"", ""b51e4bdb-cb35-4ffa-a4f6-02c620134f71""], ""academic_year"": ""550ac545-338e-4c01-8197-7a4f625cdd61""}",vancouver
c066d2a2-653d-4a2b-8849-f6633e747815,node--academic_year,16216,True,Academic Year 2008/09 - December,2023-04-13T20:50:42+00:00,2023-04-13T20:50:16+00:00,/academic-year-200809/academic-year-200809-december,,"{""node_type"": ""53783729-2e4c-4d95-b3b9-5a5c46531869"", ""revision_uid"": ""3e7cb6cf-3e28-462b-9821-30746a7583c2"", ""uid"": ""3e7cb6cf-3e28-462b-9821-30746a7583c2"", ""academic_year_events"": [""f67063c8-43aa-4e44-a1c7-58431a9acc06"", ""7f22f220-acb0-47a1-8b3c-76cafb1591dd"", ""f5fb5fb0-53bb-4d80-8567-7e33e9522dd2"", ""2ecdf973-b592-41a1-bf36-f68d2e7aa61f"", ""92666de8-af13-40f5-92c0-3bfd181ea9a5"", ""27eaa667-0deb-409f-8745-4d3ce37d4e4b"", ""32903651-f12a-44f9-910a-fe68deecdd37""], ""academic_year"": ""550ac545-338e-4c01-8197-7a4f625cdd61""}",vancouver
619c0526-1851-441b-8585-f4ad3d1da890,node--academic_year,16217,True,Academic Year 2008/09 - August,2023-04-13T20:50:42+00:00,2023-04-13T20:50:16+00:00,/academic-year-200809/academic-year-200809-august,,"{""node_type"": ""53783729-2e4c-4d95-b3b9-5a5c46531869"", ""revision_uid"": ""3e7cb6cf-3e28-462b-9821-30746a7583c2"", ""uid"": ""3e7cb6cf-3e28-462b-9821-30746a7583c2"", ""academic_year_events"": [""41b2d825-c2e0-4919-9721-e1d10728e492"", ""1d38621d-11f4-4a19-8528-ec4a5b765569"", ""fb044717-0196-48d3-8931-e26d87bd282f"", ""238963da-434c-471d-a81e-f8be911f663f"", ""48fbc4ff-a500-4359-ad6b-93d244b7d978"", ""92142880-0338-447e-bd50-cfea0b59fd1a"", ""e8813058-b9f3-471d-aee8-e7214d706583"", ""1b8af4bb-4f23-4446-8d49-775968857a4d"", ""4bb937d0-1697-4320-a933-c02f7be6f0aa"", ""5b08bfc1-129c-4d76-8000-b9a1e7466549"", ""1530de61-6c17-4bfc-90db-f28db717e5ef"", ""2eb39b41-e62d-4392-bfdc-60462c65d2c3""], ""academic_year"": ""550ac545-338e-4c01-8197-7a4f625cdd61""}",vancouver
146c5218-f3ab-4ba5-b203-83f9d86692d4,node--academic_year,16218,True,Academic Year 2008/09 - July,2023-04-13T20:50:43+00:00,2023-04-13T20:50:16+00:00,/academic-year-200809/academic-year-200809-july,,"{""node_type"": ""53783729-2e4c-4d95-b3b9-5a5c46531869"", ""revision_uid"": ""3e7cb6cf-3e28-462b-9821-30746a7583c2"", ""uid"": ""3e7cb6cf-3e28-462b-9821-30746a7583c2"", ""academic_year_events"": [""79b14e60-02ab-496f-b7b8-5fdbd4940604"", ""046b5c63-187e-4812-be97-b59a6b7d3829"", ""0b2b781a-ff8e-4309-a051-76275ac3e99a"", ""af0d3e72-11d1-4f7e-b986-024991e6a427"", ""d7360b91-7408-498c-b4b5-6845de09eb8e"", ""c7af8f3e-3527-44dc-bd04-e5183417901d"", ""85935908-29b4-4a69-aff7-db24141d025a"", ""7a9b7699-55d7-4380-9504-45ff88b8e3b3"", ""52db6d78-1fb7-4095-b26f-c3afcdf7518f"", ""73de4b32-cfde-4c8d-abd1-83958c6e0981"", ""afb03aa4-e743-4682-8e10-5bb0432bd074"", ""316d8479-e690-4a0e-9a3e-1877313032fa"", ""0699d6e6-d7d0-49ac-9ba0-723af76c4490""], ""academic_year"": ""550ac545-338e-4c01-8197-7a4f625cdd61""}",vancouver
0bfcb708-f304-4ba3-82b6-65999caab6fa,node--academic_year,16219,True,Academic Year 2008/09 - June,2023-04-13T20:50:44+00:00,2023-04-13T20:50:16+00:00,/academic-year-200809/academic-year-200809-june,,"{""node_type"": ""53783729-2e4c-4d95-b3b9-5a5c46531869"", ""revision_uid"": ""3e7cb6cf-3e28-462b-9821-30746a7583c2"", ""uid"": ""3e7cb6cf-3e28-462b-9821-30746a7583c2"", ""academic_year_events"": [""8754b7b4-872e-44e5-a8dc-fdd3f29300b2"", ""4c78820a-f715-4884-aa3c-2d7931d5b971"", ""33b3378a-d309-4541-91fa-e6486299f79a"", ""ae259265-af7e-4a76-bfc7-508956ae0e17"", ""9fdcdbc9-c70f-473d-bed6-c63680b23678"", ""44f3810a-7885-4f43-ac49-03d4df978236"", ""9b969a78-9a94-4ada-90e7-eba5451478e1"", ""65abbbd6-68b8-4cee-93fd-64d1c60a36c9""], ""academic_year"": ""550ac545-338e-4c01-8197-7a4f625cdd61""}",vancouver
a964ec67-17c3-4830-a77a-69ac44ce888b,node--academic_year,16220,True,Academic Year 2008/09 - May,2023-04-13T20:50:44+00:00,2023-04-13T20:50:16+00:00,/academic-year-200809/academic-year-200809-may,,"{""node_type"": ""53783729-2e4c-4d95-b3b9-5a5c46531869"", ""revision_uid"": ""3e7cb6cf-3e28-462b-9821-30746a7583c2"", ""uid"": ""3e7cb6cf-3e28-462b-9821-30746a7583c2"", ""academic_year_events"": [""ff3e27fc-7b6a-4396-98d5-f8511d07136b"", ""35c755c0-a94f-475a-81b9-c6706792df1c"", ""1f348c24-87d3-49ec-8dde-d49e612f33f7"", ""04ea54fb-b687-43ae-9c45-84222d2c8774"", ""915bcffa-7ae1-4051-9696-71e071c5f933"", ""c0e33eed-416a-4885-b772-ad5df11ddad4"", ""f8788225-5813-4e09-a370-89303bdb28b5"", ""a68f291c-101d-4740-a546-abbd129ad531"", ""61ff2747-38c1-4284-bc03-ae8589f9df57"", ""44c77687-b610-4dab-8a10-23ef2aada016"", ""6eaa7352-ac6f-49d7-a79b-a6bcfb6e3d96"", ""a9f6055d-d0d4-4fe2-bd37-521b9ac12502"", ""3042d813-d49d-4ad6-aee6-d8c8038737e3"", ""44c8a878-a49f-45eb-b819-80df9eb291e4"", ""305842ca-53de-4180-b7cb-20c7958271ac"", ""82198854-186a-4217-b013-326b574ca7e7""], ""academic_year"": ""550ac545-338e-4c01-8197-7a4f625cdd61""}",vancouver
a7d1e677-4d33-4cf7-af5f-47bba0dde70a,node--academic_year,16221,True,Academic Year 2008/09 - April,2023-04-13T20:50:45+00:00,2023-04-13T20:50:16+00:00,/academic-year-200809/academic-year-200809-april,,"{""node_type"": ""53783729-2e4c-4d95-b3b9-5a5c46531869"", ""revision_uid"": ""3e7cb6cf-3e28-462b-9821-30746a7583c2"", ""uid"": ""3e7cb6cf-3e28-462b-9821-30746a7583c2"", ""academic_year_events"": [""bc872036-09fe-4c23-991a-3de72b7f4de2"", ""2876cfcf-f985-4a71-8631-d05430f3bb61"", ""aea12629-93d5-4859-a0f6-c824876273e4"", ""581963c4-778c-4366-b375-ae5cd095cf82"", ""882b57b6-d212-4968-9765-ce862db80080"", ""1dc7ee16-0ac1-4b17-a9fd-6228e7e85068"", ""3a45f3d4-d20a-46b3-a605-f62daacd2f69"", ""5b1a0137-736e-45cd-821f-68baf9be9568"", ""3eb496a3-f7ca-4282-a201-2c75a32f7b27"", ""ea7e3b17-90fe-488a-9385-1de38e01bfa0"", ""804be9c1-24ea-480a-ad45-38f9b0312287"", ""7b0913be-e275-4a93-87cd-c01232880677"", ""f835c15a-55f4-4a42-9764-a716d1375c42""], ""academic_year"": ""550ac545-338e-4c01-8197-7a4f625cdd61""}",vancouver
a5738bb4-43dd-4d07-ba61-1b88bde14359,node--academic_year,16222,True,Academic Year 2008/09 - March,2023-04-13T20:50:45+00:00,2023-04-13T20:50:16+00:00,/academic-year-200809/academic-year-200809-march,,"{""node_type"": ""53783729-2e4c-4d95-b3b9-5a5c46531869"", ""revision_uid"": ""3e7cb6cf-3e28-462b-9821-30746a7583c2"", ""uid"": ""3e7cb6cf-3e28-462b-9821-30746a7583c2"", ""academic_year_events"": [""5f756979-3f2f-4b1a-8d3e-94526c555c98"", ""4e951f13-ed90-40de-8075-b467679e2a8b"", ""9ab716be-82df-42ac-87d1-cab2a0aebd4e"", ""5a5f0c45-feda-4cb3-9364-3784502642dc"", ""adf9fbde-d6b8-438e-bf4c-d5c7d38ff628"", ""9b21e45b-f2f9-49ea-b8b8-a8d94f08dcd8"", ""05266076-44de-4859-b114-2528c040ae9e""], ""academic_year"": ""550ac545-338e-4c01-8197-7a4f625cdd61""}",vancouver
98577fa6-a09d-482c-98a1-acc9f625510b,node--academic_year,16223,True,Academic Year 2008/09 - February,2023-04-13T20:50:46+00:00,2023-04-13T20:50:16+00:00,/academic-year-200809/academic-year-200809-february,,"{""node_type"": ""53783729-2e4c-4d95-b3b9-5a5c46531869"", ""revision_uid"": ""3e7cb6cf-3e28-462b-9821-30746a7583c2"", ""uid"": ""3e7cb6cf-3e28-462b-9821-30746a7583c2"", ""academic_year_events"": [""9085882a-87c0-4a6f-b57e-808d5ad4ad71"", ""7ad8f5bb-2e4a-4b00-a28e-c190a41c4a7d"", ""ee27a3f8-09bc-40dd-8f72-ea0ada069c60"", ""b5c5312e-1f32-407d-bce4-c0a6e3a89e3b"", ""363d074d-1420-4817-97cd-7d2adc994492"", ""5dc188d2-7113-4ceb-b31c-0a5fc9e2eea5"", ""cca82314-7db9-4e6e-b79b-d8fbc47cd344"", ""1e7466fd-cb92-4626-9479-48bcbf7f56d6""], ""academic_year"": ""550ac545-338e-4c01-8197-7a4f625cdd61""}",vancouver
2fa2a6e0-1041-4624-b1d3-2b091915b3f0,node--academic_year,16224,True,Academic Year 2008/09 - January,2023-04-13T20:50:46+00:00,2023-04-13T20:50:16+00:00,/academic-year-200809/academic-year-200809-january,,"{""node_type"": ""53783729-2e4c-4d95-b3b9-5a5c46531869"", ""revision_uid"": ""3e7cb6cf-3e28-462b-9821-30746a7583c2"", ""uid"": ""3e7cb6cf-3e28-462b-9821-30746a7583c2"", ""academic_year_events"": [""a9c0ed37-da99-40b3-9cb4-42e57ee3bbfc"", ""12550058-695f-4f16-bb11-de57fa764216"", ""923006be-86e7-4015-bf2d-aed27407a61c"", ""eb129999-5c8c-4c3b-bfb9-050488b9ebaa"", ""0d678138-9909-4ac4-bd36-d48e4bb4036d"", ""4a369341-740b-4562-b5eb-c5320fc46187"", ""eb10b3e5-1976-4382-b519-8b66e532a3ce"", ""5376f3ab-dc53-488c-9d48-0ff1c3580b55""], ""academic_year"": ""550ac545-338e-4c01-8197-7a4f625cdd61""}",vancouver
ddc4b8e5-00f3-4f31-b8f6-ecb3c3d2c1f9,node--academic_year,16225,True,Academic Year 2009/10 - September,2023-04-13T20:50:48+00:00,2023-04-13T20:50:16+00:00,/academic-year-200910/academic-year-200910-september,,"{""node_type"": ""53783729-2e4c-4d95-b3b9-5a5c46531869"", ""revision_uid"": ""3e7cb6cf-3e28-462b-9821-30746a7583c2"", ""uid"": ""3e7cb6cf-3e28-462b-9821-30746a7583c2"", ""academic_year_events"": [""8935e9f1-090a-476b-a9c9-3519fde937d0"", ""c1109dcf-f5b8-4a2e-8f68-3c05f2fadbdb"", ""95b88e44-7bb1-4e23-9065-8c9c12ff737e"", ""e9168b6f-1f60-4f39-bf53-016c54d738c5"", ""5363a26f-82f5-4367-82bf-48f3be104adf"", ""a4ae2947-2381-4292-9c6e-22c840d8bd35"", ""8233ebdf-9579-4df4-97fb-59c6d90669a5"", ""0760c587-7c96-49a0-827b-16487a390aa6"", ""810de9ee-b5f5-42ff-ba03-7861b203e885"", ""1c9ad267-9f8b-4bd7-aec5-af14a96ee679"", ""0f6cbfb8-3f3c-4e78-bdff-281cf032eb6c"", ""afa955bf-2ac4-4268-9dd6-4a62ae5c56eb""], ""academic_year"": ""f3dc2661-f792-4ed1-9e84-800cdde8f505""}",vancouver
c3ac08cd-c308-4029-ad7f-2f7e3b6e79b9,node--academic_year,16226,True,Academic Year 2009/10 - October,2023-04-13T20:50:48+00:00,2023-04-13T20:50:16+00:00,/academic-year-200910/academic-year-200910-october,,"{""node_type"": ""53783729-2e4c-4d95-b3b9-5a5c46531869"", ""revision_uid"": ""3e7cb6cf-3e28-462b-9821-30746a7583c2"", ""uid"": ""3e7cb6cf-3e28-462b-9821-30746a7583c2"", ""academic_year_events"": [""b6cfd221-ce20-4cbb-b664-5a7e878368ea"", ""78cda06d-cd66-4dc5-8566-691e652ca67d"", ""5ccc91bc-33d0-429a-8aa3-085510c0f1ac"", ""4d801dad-8e5b-4274-88e5-593572ddc4d8"", ""0ae0a678-4472-4153-b954-694fdbb1d12a"", ""d7ba04ac-7a23-4fe3-ba87-814bf57d51e3"", ""230f0f1d-9f10-4b17-92a2-38468969cbf9"", ""fc82f693-7ecb-4d2b-83ea-0798f3ca7f1e"", ""6816c331-c172-424b-a194-d7d37f35b981"", ""30b0f03e-98f0-43a2-b861-c1fe16896735"", ""59e9cf98-ca06-40b4-a0a2-1f8359786a93"", ""00bf2243-71d0-4565-9a51-0148f4096083""], ""academic_year"": ""f3dc2661-f792-4ed1-9e84-800cdde8f505""}",vancouver
f1071bce-9da8-43a8-b7d7-1a9396bd71f9,node--academic_year,16227,True,Academic Year 2009/10 - November,2023-04-13T20:50:49+00:00,2023-04-13T20:50:16+00:00,/academic-year-200910/academic-year-200910-november,,"{""node_type"": ""53783729-2e4c-4d95-b3b9-5a5c46531869"", ""revision_uid"": ""3e7cb6cf-3e28-462b-9821-30746a7583c2"", ""uid"": ""3e7cb6cf-3e28-462b-9821-30746a7583c2"", ""academic_year_events"": [""3fa0346c-667f-4a23-bb5c-f22d85d2cf68"", ""4892db58-95c5-492e-abb7-8b5923be0da0"", ""a4a09f6f-3bbb-48db-985a-3a9da8f80cc8"", ""3dfe6966-91df-42ca-9050-cc51e39985aa"", ""f0265c92-79c6-4392-998b-bf3ccc53082b"", ""5d3f8a6d-a737-4499-9e02-57388ae1d5d4"", ""0c3f256d-85d0-4e64-9600-464a6b77ec31"", ""0bd707ea-e1cb-44ad-b1b9-6e910a2626dc""], ""academic_year"": ""f3dc2661-f792-4ed1-9e84-800cdde8f505""}",vancouver
a77a96a3-6349-40e9-a0f6-6c60dccb5ac6,node--academic_year,16228,True,Academic Year 2009/10 - December,2023-04-13T20:50:50+00:00,2023-04-13T20:50:16+00:00,/academic-year-200910/academic-year-200910-december,,"{""node_type"": ""53783729-2e4c-4d95-b3b9-5a5c46531869"", ""revision_uid"": ""3e7cb6cf-3e28-462b-9821-30746a7583c2"", ""uid"": ""3e7cb6cf-3e28-462b-9821-30746a7583c2"", ""academic_year_events"": [""f669b91d-587b-49db-911d-475dbe8e2523"", ""dd3edd7a-b020-4cef-a30f-47ee9341b9f5"", ""024ef189-d2fc-4653-b95a-b4033929e3b8"", ""6f4d4230-a68d-4410-8fa9-f54dcb74be60"", ""ffc5dc2e-6995-4566-a8d7-a38db3c3f019"", ""10c4f695-21f8-4fde-ba81-645c114980cb"", ""1bb8e3f1-3385-48b3-8217-39d7f8405936"", ""0bdf8d68-abad-4fc1-8662-3d0918f9950a""], ""academic_year"": ""f3dc2661-f792-4ed1-9e84-800cdde8f505""}",vancouver
0c1019cb-5b90-45b4-b9b4-b0f734c527c5,node--academic_year,16229,True,Academic Year 2009/10 - August,2023-04-13T20:50:50+00:00,2023-04-13T20:50:16+00:00,/academic-year-200910/academic-year-200910-august,,"{""node_type"": ""53783729-2e4c-4d95-b3b9-5a5c46531869"", ""revision_uid"": ""3e7cb6cf-3e28-462b-9821-30746a7583c2"", ""uid"": ""3e7cb6cf-3e28-462b-9821-30746a7583c2"", ""academic_year_events"": [""3e4ba306-64f9-4b41-abfd-1d0b78bf0aa1"", ""b6d97d36-9d53-4ae8-8b85-fa3344d7048a"", ""72c37299-04c2-4bea-b8b0-5a3f739aa79f"", ""36969c2d-a53c-4bad-9458-2e619c5039e8"", ""d44b8b3c-7d86-4109-bb1f-ee570219519b"", ""1ee6abe8-7014-4360-ac9c-6970cc0e508a"", ""adcc9f7e-c17c-45fe-9655-8b2aea76d8b8"", ""ebcc6423-bd5c-4974-8b4c-e43592b1ffc4"", ""fb6181ad-0979-4d95-8094-f18c58573aa3"", ""375c9aea-e464-4769-9e75-727cfbaf1196"", ""ea50045c-1bfe-4e47-b805-79744b3b5daa"", ""a9f89ab8-e0eb-4643-80d8-4df5ef0ca9f5"", ""741221e2-f859-4ab1-b087-0fc44c6db189"", ""a5332d60-bae0-4101-b763-8f77dd97f74c"", ""2b3b237a-446d-48cd-ab8c-5c4d6c25822e""], ""academic_year"": ""f3dc2661-f792-4ed1-9e84-800cdde8f505""}",vancouver
dba13d71-06a2-48f3-af3f-8332dce711cf,node--academic_year,16230,True,Academic Year 2009/10 - July,2023-04-13T20:50:51+00:00,2023-04-13T20:50:16+00:00,/academic-year-200910/academic-year-200910-july,,"{""node_type"": ""53783729-2e4c-4d95-b3b9-5a5c46531869"", ""revision_uid"": ""3e7cb6cf-3e28-462b-9821-30746a7583c2"", ""uid"": ""3e7cb6cf-3e28-462b-9821-30746a7583c2"", ""academic_year_events"": [""b5a440ef-ec84-4035-90c6-cec50cdf0b28"", ""0f46c6b4-0c7f-485b-8450-f7f9a32a794e"", ""ad78b4eb-b561-4eb4-a4a2-c578e9d9466c"", ""2882f4b7-e8dc-4139-a6a2-0c64249c5440"", ""ee3d6554-d063-4b3f-ba97-47ddf9b1675f"", ""e3b297ea-5f8f-4cb5-8d08-2d78f8dfc05c"", ""6d574f31-afac-431e-aafa-c4e407f709e1"", ""8929be18-cc23-4386-85fe-e20b76d421b0"", ""0027a4dd-474f-4376-85ca-99389a25ed94"", ""7ed5296f-657e-4395-8e3c-ef5e2200f92c"", ""f82c9f14-d0f7-4d28-9db4-5b519c3d6f50"", ""646df095-269f-4012-9f29-ee9452f145c3"", ""1ea0a710-a997-49fd-9e57-1ea8b7f97dfc""], ""academic_year"": ""f3dc2661-f792-4ed1-9e84-800cdde8f505""}",vancouver
317b72f4-e2a9-4986-abac-432f1eb44bcd,node--academic_year,16231,True,Academic Year 2009/10 - June,2023-04-13T20:50:53+00:00,2023-04-13T20:50:16+00:00,/academic-year-200910/academic-year-200910-june,,"{""node_type"": ""53783729-2e4c-4d95-b3b9-5a5c46531869"", ""revision_uid"": ""3e7cb6cf-3e28-462b-9821-30746a7583c2"", ""uid"": ""3e7cb6cf-3e28-462b-9821-30746a7583c2"", ""academic_year_events"": [""9f951a33-d9f2-4fd9-9bf9-bf8dd32991d4"", ""61f96ce9-a3ad-43bd-a902-e7c1e778d597"", ""0169c919-a38c-41a3-a9c1-f0beb18a961c"", ""b89bc7b0-334c-494d-aa01-726ec4a5bfdd"", ""b39ee4e1-3fe6-43af-a68d-3bd007816f44"", ""2afd0eb0-c089-4890-b767-7660fd0a8cf3"", ""fabc8178-6451-422a-94ff-5b9b11e9a379"", ""0d5dd303-8569-4f1a-8c3c-0f9143577a5e""], ""academic_year"": ""f3dc2661-f792-4ed1-9e84-800cdde8f505""}",vancouver
247d0249-c070-47e7-a7c1-900d56ba1bfa,node--academic_year,16232,True,Academic Year 2009/10 - May,2023-04-13T20:50:53+00:00,2023-04-13T20:50:16+00:00,/academic-year-200910/academic-year-200910-may,,"{""node_type"": ""53783729-2e4c-4d95-b3b9-5a5c46531869"", ""revision_uid"": ""3e7cb6cf-3e28-462b-9821-30746a7583c2"", ""uid"": ""3e7cb6cf-3e28-462b-9821-30746a7583c2"", ""academic_year_events"": [""5f26a1a3-b806-4765-82ab-6f40ab7d31f1"", ""19fe8147-03cc-4acc-bc36-beda3cce3589"", ""2fb15ef3-2557-4967-ad77-503a39c1dd19"", ""b8c72173-391e-42fd-915a-424e63b5242e"", ""0d6f6c17-94c6-4cd0-996b-5127a297e5de"", ""560bf258-c2ff-4030-90b6-618c151ffb87"", ""842a3dcd-4a4d-459e-8871-24ff2b816a36"", ""c14ba736-38bf-4393-9198-c84c8780be49"", ""154002e3-b8cb-4a56-9875-c6f9d9fcc200"", ""ef8c6ecc-c91e-4e04-bd4f-cc48dde865ab"", ""204d4d83-c783-453d-a803-cfce6f8c9daa"", ""32a1619e-d0a1-4d72-8039-d89ee315c8c5"", ""49d2d34d-980a-42d3-905f-75b5f13f8396"", ""9097fde5-9336-4c5b-bb8d-5ccfdfe43178""], ""academic_year"": ""f3dc2661-f792-4ed1-9e84-800cdde8f505""}",vancouver
5dcfba5c-51ba-41d7-bbaf-e4d27160b3dc,node--academic_year,16233,True,Academic Year 2009/10 - April,2023-04-13T20:50:54+00:00,2023-04-13T20:50:16+00:00,/academic-year-200910/academic-year-200910-april,,"{""node_type"": ""53783729-2e4c-4d95-b3b9-5a5c46531869"", ""revision_uid"": ""3e7cb6cf-3e28-462b-9821-30746a7583c2"", ""uid"": ""3e7cb6cf-3e28-462b-9821-30746a7583c2"", ""academic_year_events"": [""b062e667-5602-4ecc-b61a-0e73ee46b081"", ""56b743a3-c7ce-4414-93ca-3c341a0c03ba"", ""b6633a1f-76a8-4eaa-8488-abd1e904084b"", ""976d7fa0-161b-4eae-abfe-e297cbb4a6b5"", ""db90d3b6-6641-4330-8643-787c1f8cacce"", ""92b50b47-0313-49d6-bd32-2d0a0413196c"", ""bf3c8710-eb3e-444d-98ef-71fe02daea85"", ""0cc53328-e8df-42e0-a471-cb1b26f74229"", ""cee5596c-f81f-4fa8-a3de-d81b20347e55"", ""2ca055f6-24e1-48ab-817a-1022b08c1cdc"", ""1d11717f-cc5b-4475-a1ad-1c06c51e60a7""], ""academic_year"": ""f3dc2661-f792-4ed1-9e84-800cdde8f505""}",vancouver
b9a00bee-3249-45f3-8949-fd2bae0a04f1,node--academic_year,16234,True,Academic Year 2009/10 - March,2023-04-13T20:50:55+00:00,2023-04-13T20:50:16+00:00,/academic-year-200910/academic-year-200910-march,,"{""node_type"": ""53783729-2e4c-4d95-b3b9-5a5c46531869"", ""revision_uid"": ""3e7cb6cf-3e28-462b-9821-30746a7583c2"", ""uid"": ""3e7cb6cf-3e28-462b-9821-30746a7583c2"", ""academic_year_events"": [""7f748c7f-8fa9-4146-8f3b-5017d64e43d6"", ""85fc69c8-e696-4b7d-8b05-50375d256d68"", ""44db9a0f-8d81-4725-9eee-abdccbedb922"", ""57b276f1-9e6a-4927-bc73-b6250ab936b3"", ""5810721e-3657-42a8-b9eb-9563e9eab8bb"", ""d1513614-dd49-4965-87b2-7a3249af775e"", ""7f3baead-ae70-4ba4-8b10-39f568cd9487""], ""academic_year"": ""f3dc2661-f792-4ed1-9e84-800cdde8f505""}",vancouver
7731a01e-d667-489a-b42f-f8d2b29c4aca,node--academic_year,16235,True,Academic Year 2009/10 - February,2023-04-13T20:50:55+00:00,2023-04-13T20:50:16+00:00,/academic-year-200910/academic-year-200910-february,,"{""node_type"": ""53783729-2e4c-4d95-b3b9-5a5c46531869"", ""revision_uid"": ""3e7cb6cf-3e28-462b-9821-30746a7583c2"", ""uid"": ""3e7cb6cf-3e28-462b-9821-30746a7583c2"", ""academic_year_events"": [""800b9db2-cf25-4cef-ba7b-0373f6ba31d2"", ""1bb832eb-d955-460e-8e97-fe2f0cead4d3"", ""c6e03a99-91f3-4148-ac4f-79d7fbb33e2e"", ""724f926f-c177-40c4-9753-70ad501e5443"", ""f815b159-c72d-49b0-927b-592864733ac2"", ""83ced354-dbd7-4550-8034-25b5f753a759"", ""c295d676-f5c7-43ab-b18b-f9bbb16877bb""], ""academic_year"": ""f3dc2661-f792-4ed1-9e84-800cdde8f505""}",vancouver
b9db3150-7e8b-47d7-80c3-07c2239031bd,node--academic_year,16236,True,Academic Year 2009/10 - January,2023-04-13T20:50:56+00:00,2023-04-13T20:50:16+00:00,/academic-year-200910/academic-year-200910-january,,"{""node_type"": ""53783729-2e4c-4d95-b3b9-5a5c46531869"", ""revision_uid"": ""3e7cb6cf-3e28-462b-9821-30746a7583c2"", ""uid"": ""3e7cb6cf-3e28-462b-9821-30746a7583c2"", ""academic_year_events"": [""4a5c0cce-2726-47b8-b7bd-b7dc97b3031d"", ""58ce3ba9-a7bd-478e-ace9-1a8601ecdd12"", ""4e37eb36-6eaa-4c3f-ba2f-d56161ba49b1"", ""480ad414-5cd6-458d-8828-794eea69b961"", ""79e5e3a1-b5f0-494d-a52b-0efcd3fb01a8"", ""2470232b-8607-48d8-b044-92eebc13fad9"", ""7c7f51de-efc4-4108-9830-fc84cf9c6a06"", ""c6c3d9e3-b90f-42d6-acd6-26182ad641d5""], ""academic_year"": ""f3dc2661-f792-4ed1-9e84-800cdde8f505""}",vancouver
434f8d46-880a-4dc7-a8df-2b08110b9bf7,node--academic_year,16237,True,Academic Year 2010/11 - September,2023-04-13T20:50:57+00:00,2023-04-13T20:50:16+00:00,/academic-year-201011/academic-year-201011-september,,"{""node_type"": ""53783729-2e4c-4d95-b3b9-5a5c46531869"", ""revision_uid"": ""3e7cb6cf-3e28-462b-9821-30746a7583c2"", ""uid"": ""3e7cb6cf-3e28-462b-9821-30746a7583c2"", ""academic_year_events"": [""1e45bdb9-3630-48e5-bf98-a1d243036ff5"", ""e304c2e5-9643-46ab-ade1-96e6cc1b835f"", ""160f6fb8-a01f-49ce-a9cb-ea466b6bf877"", ""eb4c8f9d-7bcf-4960-a14e-5483c3824012"", ""317c17a0-63f5-499a-8247-12b7b900f779"", ""7988e3c0-771d-4917-8a97-06fa3f155c20"", ""9a295ed0-31bf-4868-9467-63362ad9419c"", ""194a964c-b0be-4562-8711-0743ea7d09c9"", ""76b30126-3e1c-4138-9572-1da78f4bf690"", ""5be9d3ad-cba8-4298-b4c1-914007889734""], ""academic_year"": ""59ef1698-7e44-4a8b-95f9-38fd0ff49294""}",vancouver
a46ee46b-cdb7-4ea4-a34d-fbcafe5e8930,node--academic_year,16238,True,Academic Year 2010/11 - October,2023-04-13T20:50:57+00:00,2023-04-13T20:50:16+00:00,/academic-year-201011/academic-year-201011-october,,"{""node_type"": ""53783729-2e4c-4d95-b3b9-5a5c46531869"", ""revision_uid"": ""3e7cb6cf-3e28-462b-9821-30746a7583c2"", ""uid"": ""3e7cb6cf-3e28-462b-9821-30746a7583c2"", ""academic_year_events"": [""3e098565-15dc-4e18-8701-70e3a258b244"", ""648d8891-1834-4793-9874-4d4b8b691405"", ""58db2564-dcaf-4ac0-bfb1-9526b8535d89"", ""684f565f-e2ea-4da4-83c9-40aed366ab21"", ""b09b534a-3e27-481d-8231-9ec50baf695f"", ""f2badc72-20d9-4af8-aeff-6acdb6aa0308"", ""ebe709c1-dec7-467a-9ec4-77a005432f44"", ""33ad1f3e-f2a1-48b9-99c4-e6404e6cf3f0"", ""48d10ea6-1046-4317-93b6-ee2930a4fdca"", ""5b8863f5-b313-4e33-8272-dbc1809498ab"", ""41f3066b-323b-4957-ac46-71ed954597ec""], ""academic_year"": ""59ef1698-7e44-4a8b-95f9-38fd0ff49294""}",vancouver
aa1265d5-0662-469d-a02c-b11b0c4eb66c,node--academic_year,16239,True,Academic Year 2010/11 - November,2023-04-13T20:50:58+00:00,2023-04-13T20:50:16+00:00,/academic-year-201011/academic-year-201011-november,,"{""node_type"": ""53783729-2e4c-4d95-b3b9-5a5c46531869"", ""revision_uid"": ""3e7cb6cf-3e28-462b-9821-30746a7583c2"", ""uid"": ""3e7cb6cf-3e28-462b-9821-30746a7583c2"", ""academic_year_events"": [""324c3946-385b-42a6-ad7e-6bdf25a6f3e4"", ""90c49bb0-8327-4329-b0ef-c01e3f0459b5"", ""e8be8dd6-0bec-480f-b974-46fd7adc3d5c"", ""90f8cec5-0787-4dad-88d8-9d9c1c8577d5"", ""62e70e97-5eef-41d3-80ef-3a3efc1828b8"", ""f666cf13-f24d-47d7-97a5-1d136d706c5c"", ""60d05c21-26cd-44c9-8d9a-fbd3e0fab44b"", ""37c80c09-6b1e-4902-93cd-83303f5abfa6"", ""e179fdff-a91d-4fe6-b3e3-493c314dec0a""], ""academic_year"": ""59ef1698-7e44-4a8b-95f9-38fd0ff49294""}",vancouver
463499dd-6eff-4f5f-8a52-fb536f48cf10,node--academic_year,16240,True,Academic Year 2010/11 - December,2023-04-13T20:50:59+00:00,2023-04-13T20:50:16+00:00,/academic-year-201011/academic-year-201011-december,,"{""node_type"": ""53783729-2e4c-4d95-b3b9-5a5c46531869"", ""revision_uid"": ""3e7cb6cf-3e28-462b-9821-30746a7583c2"", ""uid"": ""3e7cb6cf-3e28-462b-9821-30746a7583c2"", ""academic_year_events"": [""ed777ee0-85d7-44d9-acf1-8b73d9ddac18"", ""f71bb8f0-7d79-4bbd-b9c2-98a33014109b"", ""a86d4ee7-3072-48d1-b7a4-16b23915f5bc"", ""043316d9-1532-4692-b9d6-814a2fdb9faf"", ""67ffcade-9576-4845-823c-381d4f6692e6"", ""1a3da36d-6d7a-4d0c-bfdc-9a00f63eb5ae"", ""2cc3f9d4-89c8-4d84-a488-2e8baac1b693"", ""184fe8e2-187e-4b52-b1ab-e2f91a7516e5"", ""342a3a22-2300-478e-b2b7-0cf4dadfb02f"", ""bcca4ac0-3a42-4770-bae2-f9b83f971338"", ""705af571-609c-4353-94e2-4ae26cc0491a"", ""9cdf3bb8-4aef-4e17-9736-bcfa4c8a13b0""], ""academic_year"": ""59ef1698-7e44-4a8b-95f9-38fd0ff49294""}",vancouver
0fc0c572-6acf-43dc-a4d1-23c4a83b48df,node--academic_year,16241,True,Academic Year 2010/11 - August,2023-04-13T20:51:00+00:00,2023-04-13T20:50:16+00:00,/academic-year-201011/academic-year-201011-august,,"{""node_type"": ""53783729-2e4c-4d95-b3b9-5a5c46531869"", ""revision_uid"": ""3e7cb6cf-3e28-462b-9821-30746a7583c2"", ""uid"": ""3e7cb6cf-3e28-462b-9821-30746a7583c2"", ""academic_year_events"": [""7acee942-8fc7-4597-a5f5-8f45d591b136"", ""5b3f5e27-9d69-48ba-afa6-f2f9cdbd2e4d"", ""e6d992d6-575c-4246-a949-b8775ba54cc6"", ""4c2dba95-0bbf-4ef6-a7dc-d2c24aac6e21"", ""83612e65-7525-460c-ac65-05dc35f3de6a"", ""ee2f85d5-caaf-42c3-b611-d7427f0a25a7"", ""62329987-b04e-4cb3-9816-0dfcf9f8dbc7"", ""67adc834-66b1-4922-802e-16f7fc297239"", ""3c7807ae-ef4a-45b6-a7d7-f800482b0555"", ""9d86abe6-65b3-4979-a4e2-9108e42844e8"", ""ced68b82-99a3-4ae5-902c-6d4737e59a03"", ""34863170-07e2-44e3-8812-4625302f7e0c"", ""9205ef60-7060-4ad5-86e0-e18358db392e""], ""academic_year"": ""59ef1698-7e44-4a8b-95f9-38fd0ff49294""}",vancouver
7288a8f9-89f7-4981-bbbc-cef8684f0b00,node--academic_year,16242,True,Academic Year 2010/11 - July,2023-04-13T20:51:01+00:00,2023-04-13T20:50:16+00:00,/academic-year-201011/academic-year-201011-july,,"{""node_type"": ""53783729-2e4c-4d95-b3b9-5a5c46531869"", ""revision_uid"": ""3e7cb6cf-3e28-462b-9821-30746a7583c2"", ""uid"": ""3e7cb6cf-3e28-462b-9821-30746a7583c2"", ""academic_year_events"": [""71f8da3e-306d-49f5-ade1-88ba09b14003"", ""a91749ce-4b4f-4b2b-b126-ee095caa5831"", ""fa59db8e-ae0e-43a6-a80b-88412a215284"", ""1775bee3-24d7-4617-9fd5-fb0cf2bbbb49"", ""d02acad3-db33-4b7a-bc9b-6d363e90e284"", ""9d14f1bc-df3a-48c3-836e-d5041dd0d14b"", ""723a3eb6-b6b5-4a64-9f75-0ce701c6a1b0"", ""fcb4f8c5-10d6-42f5-88fb-9ac52d98d5e7"", ""b1ebd0ce-59de-4b63-a6ae-2371b4ac698c"", ""8be58581-956c-4443-a587-3e669102b8c0"", ""1cbddc99-30aa-47f1-8c34-753b8d8b8f2b"", ""34bb94d5-0110-4dd8-8b49-299776f02700"", ""663fea4f-d117-4d1b-8158-84118d900ea1""], ""academic_year"": ""59ef1698-7e44-4a8b-95f9-38fd0ff49294""}",vancouver
f01d97d8-ad4d-4f24-b3c8-2ad02d71ce42,node--academic_year,16243,True,Academic Year 2010/11 - June,2023-04-13T20:51:02+00:00,2023-04-13T20:50:16+00:00,/academic-year-201011/academic-year-201011-june,,"{""node_type"": ""53783729-2e4c-4d95-b3b9-5a5c46531869"", ""revision_uid"": ""3e7cb6cf-3e28-462b-9821-30746a7583c2"", ""uid"": ""3e7cb6cf-3e28-462b-9821-30746a7583c2"", ""academic_year_events"": [""b4480f5d-074f-4ce3-9a5c-4e3665a1f6d3"", ""28b39ee1-ec43-461b-9e03-e78500156a2b"", ""9b159b27-d472-4627-b85e-9a6ffa651778"", ""87489d79-a2a8-45cb-8d27-15ac70bbfd69"", ""1286729b-3703-4afb-a2e7-bf7bb8b0f1d2"", ""6f78e594-2a59-4dba-a225-9d5778bae68a""], ""academic_year"": ""59ef1698-7e44-4a8b-95f9-38fd0ff49294""}",vancouver
c605c91d-16f7-48fc-b9e6-54a096de1082,node--academic_year,16244,True,Academic Year 2010/11 - May,2023-04-13T20:51:02+00:00,2023-04-13T20:50:16+00:00,/academic-year-201011/academic-year-201011-may,,"{""node_type"": ""53783729-2e4c-4d95-b3b9-5a5c46531869"", ""revision_uid"": ""3e7cb6cf-3e28-462b-9821-30746a7583c2"", ""uid"": ""3e7cb6cf-3e28-462b-9821-30746a7583c2"", ""academic_year_events"": [""7d18bd1a-b981-4622-97f8-1dd193afab53"", ""00ca844b-171a-4be2-86b3-2e4b03a03784"", ""db989e9c-b5b9-438b-a46b-4cfbcf3b8b66"", ""c83bd9e9-1bfb-497c-9d3c-a4f4e19807ae"", ""c5bd95b0-521d-4e36-a325-d268a588a80d"", ""b15be460-920a-40c0-8e6f-349b9852dadb"", ""db1f73ef-84fa-483c-bb0d-c71f0248d89d"", ""2a4c9b49-c555-4b3d-b87a-15665e3db524"", ""72bccca1-6535-4668-b51e-b44f1c9f500c"", ""6d8c1930-e192-4a96-b5d8-d9482b4a6f98"", ""a05513e4-26c2-4551-96d9-57278b618bc8"", ""1728ae5f-d18f-4478-a524-067cc07cf8f6"", ""c9baa2e9-0789-4951-97ec-3ab00572ec1b"", ""0ab6c051-4f93-4d6d-923b-a8bf2a7dedab""], ""academic_year"": ""59ef1698-7e44-4a8b-95f9-38fd0ff49294""}",vancouver
99659bd4-0f56-43a6-ab88-dc95f2b3171e,node--academic_year,16245,True,Academic Year 2010/11 - April,2023-04-13T20:51:03+00:00,2023-04-13T20:50:16+00:00,/academic-year-201011/academic-year-201011-april,,"{""node_type"": ""53783729-2e4c-4d95-b3b9-5a5c46531869"", ""revision_uid"": ""3e7cb6cf-3e28-462b-9821-30746a7583c2"", ""uid"": ""3e7cb6cf-3e28-462b-9821-30746a7583c2"", ""academic_year_events"": [""e186b453-0a8d-41ea-86ff-14d4201a93c4"", ""ebd521ce-527d-401e-b0af-a8cae8e9191c"", ""29c10928-80e0-483f-8042-5133d45fc9f6"", ""e8b4ceb5-44cc-411d-a91e-57e35ce76867"", ""e8aebbba-fe64-4eaa-93d4-dac02f229e80"", ""67e8d8b7-6411-4370-a7f2-a84aeec35ff4"", ""2b982c37-4ef3-42c8-99fc-69f7854c4afc"", ""0d1423d5-e750-4d90-9bc5-d3a8a217e1c7"", ""8d3507f5-ff26-4187-9ae2-dfacc5cc8fef"", ""8349c4e6-b3ce-4507-879f-29c0748a25e4"", ""4eed86b5-adc7-475a-b157-6653a7749abf"", ""68c1904f-4b07-48ff-b9a6-03582d6250bf"", ""9b0a6ad8-1c74-45e8-896a-e8882913a3e5""], ""academic_year"": ""59ef1698-7e44-4a8b-95f9-38fd0ff49294""}",vancouver
a0c0af25-95fa-43ca-a5f8-333b0f0db3e7,node--academic_year,16246,True,Academic Year 2010/11 - March,2023-04-13T20:51:04+00:00,2023-04-13T20:50:16+00:00,/academic-year-201011/academic-year-201011-march,,"{""node_type"": ""53783729-2e4c-4d95-b3b9-5a5c46531869"", ""revision_uid"": ""3e7cb6cf-3e28-462b-9821-30746a7583c2"", ""uid"": ""3e7cb6cf-3e28-462b-9821-30746a7583c2"", ""academic_year_events"": [""d4afb847-28b9-4da3-bba0-38b26ce19063"", ""38420609-ca49-4449-8600-f822ae8edbe1"", ""85f4c6ca-7aa9-4c5a-a271-a1848c12dcf5"", ""ab29225d-1223-4abb-ba9d-d2f3b4668200"", ""30a448d8-6c96-4bc8-8cc9-c7c69f18553a"", ""ede3afa9-c488-46e4-a51d-4ad3ff175dbb"", ""460272e1-de61-43b9-b1af-23e4a222d7f6""], ""academic_year"": ""59ef1698-7e44-4a8b-95f9-38fd0ff49294""}",vancouver
13a0348d-fd37-42e3-a712-abc7a34f598a,node--academic_year,16247,True,Academic Year 2010/11 - February,2023-04-13T20:51:04+00:00,2023-04-13T20:50:16+00:00,/academic-year-201011/academic-year-201011-february,,"{""node_type"": ""53783729-2e4c-4d95-b3b9-5a5c46531869"", ""revision_uid"": ""3e7cb6cf-3e28-462b-9821-30746a7583c2"", ""uid"": ""3e7cb6cf-3e28-462b-9821-30746a7583c2"", ""academic_year_events"": [""2038e393-960f-4539-837e-787ecb7ff0a6"", ""bfa44d2f-37fa-421e-a527-d5a4df3e5041"", ""81e8c2aa-d81d-490d-a82d-3d1f37a3ad6b"", ""f9e96060-dcc7-4b97-8ecd-d5f2a5b8e223"", ""0bce6b1f-361b-401a-95b2-2ffb6835b624"", ""ff3c62f7-5c44-4835-a1c8-fac41aabb9ab"", ""6d1c1a49-8304-485e-90f6-b532e3ce9044"", ""849b7cfa-cb8c-4ee7-ac2b-645047e2a0b3"", ""14b11495-f3cf-4907-a62f-3493a1dae67e""], ""academic_year"": ""59ef1698-7e44-4a8b-95f9-38fd0ff49294""}",vancouver
004c599f-bbd9-405a-81fc-f57d8abe74c8,node--academic_year,16248,True,Academic Year 2010/11 - January,2023-04-13T20:51:05+00:00,2023-04-13T20:50:16+00:00,/academic-year-201011/academic-year-201011-january,,"{""node_type"": ""53783729-2e4c-4d95-b3b9-5a5c46531869"", ""revision_uid"": ""3e7cb6cf-3e28-462b-9821-30746a7583c2"", ""uid"": ""3e7cb6cf-3e28-462b-9821-30746a7583c2"", ""academic_year_events"": [""642f2ae7-9fea-43b8-b869-8992e86666ed"", ""bc4e7562-dc83-49d5-ae7a-2b958d46ccd4"", ""72ed475d-eac9-4764-a52c-fec30ef201bc"", ""a6570ee6-4eb2-4e84-b4ea-1d8b9bcf8440"", ""8daa7323-8661-48aa-a29c-6abd966b1d14"", ""e44d13b7-f80a-47e9-bd0b-1010e498ff2a"", ""71fc4f5d-78d1-40f9-a8ac-38ab0d7ff529"", ""6823c472-c3fa-4196-a544-e0dde08e0b0a"", ""72abe8a1-a1b6-48bf-8ea0-5f1227b6575d"", ""f155e5ee-12f1-40d2-8935-f30d4cf1e1cc""], ""academic_year"": ""59ef1698-7e44-4a8b-95f9-38fd0ff49294""}",vancouver
1063ff8c-dc46-4e20-981b-ddfdc84b19b5,node--academic_year,16249,True,Academic Year 2011/12 - September,2023-04-13T20:51:06+00:00,2023-04-13T20:50:16+00:00,/academic-year-201112/academic-year-201112-september,,"{""node_type"": ""53783729-2e4c-4d95-b3b9-5a5c46531869"", ""revision_uid"": ""3e7cb6cf-3e28-462b-9821-30746a7583c2"", ""uid"": ""3e7cb6cf-3e28-462b-9821-30746a7583c2"", ""academic_year_events"": [""3018b5b7-2918-4bff-955d-f89c6df9cbb3"", ""397142be-9cde-45dd-b2b6-bbd5ed6a62f5"", ""690ff329-23ae-4a74-96bb-45d7c8f9c54b"", ""7ac15a3d-6eed-4d7e-93cf-b23efa27b125"", ""244cefcb-dee0-4606-be03-246ab8b23fa0"", ""1b4049d6-91da-4213-a311-5a59e70e2eae"", ""4dc8880d-a0ad-4b3b-8872-c796516eb35b"", ""82cbb8cc-7c9f-4c15-ba38-ccc3fd06eca3"", ""4734b898-ae50-4dd5-b29e-4ad65251efb2"", ""418a2f60-056b-49aa-8ab0-4eb1a5ffcc60""], ""academic_year"": ""8e55f388-1430-47f2-91a1-e8ed4ff315a8""}",vancouver
e87cefa2-ad1f-492d-889c-a1ff359dba3f,node--academic_year,16250,True,Academic Year 2011/12 - October,2023-04-13T20:51:06+00:00,2023-04-13T20:50:16+00:00,/academic-year-201112/academic-year-201112-october,,"{""node_type"": ""53783729-2e4c-4d95-b3b9-5a5c46531869"", ""revision_uid"": ""3e7cb6cf-3e28-462b-9821-30746a7583c2"", ""uid"": ""3e7cb6cf-3e28-462b-9821-30746a7583c2"", ""academic_year_events"": [""0c2966b0-3162-4738-ab15-ade74dd0a4e8"", ""9205535c-31ca-48f7-8e30-dd294c6184a3"", ""bdf645f5-4cbe-4b9a-874b-ce533ed230a4"", ""3a3d975e-d6da-49ea-ac7b-dcf0c6df7f82"", ""34dd504a-4182-4b47-9506-9ea26a0d4fba"", ""3002eb10-816b-4d36-8f77-ec6bfa0ff11e"", ""aa9eac0b-68f3-4f64-b0ad-86bebaefaf94"", ""e989d2f5-d4bd-461b-ab4e-020e05d2b175"", ""707eb762-1fba-4836-a6b8-4ccd4c001753"", ""fd1af306-559d-4952-b6c5-4e2297914d00"", ""aeac2997-f352-43a6-8f7d-696a55dc4cbf""], ""academic_year"": ""8e55f388-1430-47f2-91a1-e8ed4ff315a8""}",vancouver
4354f3e1-ebd4-43a4-8e18-a9195a5fc015,node--academic_year,16251,True,Academic Year 2011/12 - November,2023-04-13T20:51:07+00:00,2023-04-13T20:50:16+00:00,/academic-year-201112/academic-year-201112-november,,"{""node_type"": ""53783729-2e4c-4d95-b3b9-5a5c46531869"", ""revision_uid"": ""3e7cb6cf-3e28-462b-9821-30746a7583c2"", ""uid"": ""3e7cb6cf-3e28-462b-9821-30746a7583c2"", ""academic_year_events"": [""04f969a6-0ee0-463e-846c-ad5ff6088e2f"", ""b62ef541-8dc6-41d2-aa85-d605e2033cf3"", ""b790dc31-46db-4442-9b77-546f46658058"", ""dfd846a9-b651-4c91-9cd3-7fbe361c4e6d"", ""e7af1283-78b4-476e-9912-2e4c86c93ed9"", ""32111a94-3f43-4302-b326-4279120b9b71"", ""2ff54296-30e4-4c34-ab55-10c57ec29573"", ""731814ec-d9bc-4b79-bcde-11a07962a838"", ""ce44b390-93a0-4ad0-af6a-786e0030582c"", ""1e7ea5b0-daff-4eb3-8633-abad385faa78""], ""academic_year"": ""8e55f388-1430-47f2-91a1-e8ed4ff315a8""}",vancouver
809edad2-4119-4167-9452-dea05c0f1e2f,node--academic_year,16252,True,Academic Year 2011/12 - December,2023-04-13T20:51:08+00:00,2023-04-13T20:50:16+00:00,/academic-year-201112/academic-year-201112-december,,"{""node_type"": ""53783729-2e4c-4d95-b3b9-5a5c46531869"", ""revision_uid"": ""3e7cb6cf-3e28-462b-9821-30746a7583c2"", ""uid"": ""3e7cb6cf-3e28-462b-9821-30746a7583c2"", ""academic_year_events"": [""e248107f-cd5b-4a84-943e-4ee54307af8b"", ""cd3e8da1-aa57-40ac-9fec-979b6e5c4150"", ""92d49fdc-6f96-4d02-a491-9ec6be33c8d2"", ""98b698d1-a2e1-4b0c-b427-13d083e157ba"", ""8e5e5bb8-4895-4972-bd42-9077019fc55c"", ""f55840c5-157e-491f-b348-ed9ae81cf6a7"", ""318f42c6-6fed-4a68-ae2d-d6fcf75c284a"", ""7fc9972d-fa9a-468b-94af-c940c72751c4"", ""b9bc051a-bfc0-44b3-b141-8ce9c6999459"", ""4b8a53da-1632-48b5-aa36-e5a4997844bd"", ""a241db74-3e6f-4a3e-b1b5-3f8ec25980f9"", ""10dc65a8-1e91-4374-abb6-6ded812bd264""], ""academic_year"": ""8e55f388-1430-47f2-91a1-e8ed4ff315a8""}",vancouver
dbe72adc-96b6-42a3-88f9-57e338053529,node--academic_year,16253,True,Academic Year 2011/12 - August,2023-04-13T20:51:09+00:00,2023-04-13T20:50:16+00:00,/academic-year-201112/academic-year-201112-august,,"{""node_type"": ""53783729-2e4c-4d95-b3b9-5a5c46531869"", ""revision_uid"": ""3e7cb6cf-3e28-462b-9821-30746a7583c2"", ""uid"": ""3e7cb6cf-3e28-462b-9821-30746a7583c2"", ""academic_year_events"": [""1ddc2a18-2662-4060-b07f-c35e56c65d88"", ""ccb5d7de-9dee-401f-8dd4-96beb12567be"", ""fbd048c6-fff7-4690-b88a-2f6b77760ca9"", ""db721e39-6bfb-4cb5-9512-76d86fc69188"", ""de2b59fc-7148-48e9-a0fd-780785f7f4c8"", ""b35f1c7f-9ba5-48d6-ab2d-1d5d2e66484b"", ""86d70cd9-9d1a-4b73-88c0-8e5016fc4c5d"", ""c28a34a1-b805-4851-8f6a-be3026bfe6c4"", ""b9bd64fc-0b82-4790-b532-68f72ce8ab96"", ""d0a5bb5d-3f64-4722-94a6-7f0d18966022"", ""b1304361-2c64-4fca-94ed-383946ea624a""], ""academic_year"": ""8e55f388-1430-47f2-91a1-e8ed4ff315a8""}",vancouver
ea838296-6bea-4843-b2ee-c6c0fa010ea9,node--academic_year,16254,True,Academic Year 2011/12 - July,2023-04-13T20:51:10+00:00,2023-04-13T20:50:16+00:00,/academic-year-201112/academic-year-201112-july,,"{""node_type"": ""53783729-2e4c-4d95-b3b9-5a5c46531869"", ""revision_uid"": ""3e7cb6cf-3e28-462b-9821-30746a7583c2"", ""uid"": ""3e7cb6cf-3e28-462b-9821-30746a7583c2"", ""academic_year_events"": [""f4f19a7e-233f-4894-abe4-7493335f59e0"", ""8c63b045-90c2-4990-a8ce-f045869c050e"", ""ca27a440-d108-4696-bc69-1ea2b22e8538"", ""16bc740b-daa8-4f42-8ce0-6d653cfc124a"", ""92e30ba6-3d60-4dea-8969-4981304bab8a"", ""b05a5f25-e589-42af-bc87-70ea2a560a76"", ""0e9a4175-b8cc-441b-a69c-4fdf392d52f2"", ""a65e6d93-cc7e-4019-a46c-ff522535db47"", ""cf7956ea-96e4-4d85-9bcf-3fa34a8432a2"", ""2bef29ab-7de2-442f-ae2d-f80ce8238879"", ""a979f4cf-213a-4a5c-9391-0727833b2e3d"", ""c5467a73-3446-4c62-a8df-8b9f0fba625e""], ""academic_year"": ""8e55f388-1430-47f2-91a1-e8ed4ff315a8""}",vancouver
b8e3e4a7-4c8b-4914-ba50-ad94577c2608,node--academic_year,16255,True,Academic Year 2011/12 - June,2023-04-13T20:51:11+00:00,2023-04-13T20:50:16+00:00,/academic-year-201112/academic-year-201112-june,,"{""node_type"": ""53783729-2e4c-4d95-b3b9-5a5c46531869"", ""revision_uid"": ""3e7cb6cf-3e28-462b-9821-30746a7583c2"", ""uid"": ""3e7cb6cf-3e28-462b-9821-30746a7583c2"", ""academic_year_events"": [""d31b46df-987a-4c67-bfbc-06d5b5aa0b99"", ""89607144-e343-4ae6-bbf2-b42a533ba886"", ""93305def-4765-4c06-b71d-f714154fe0a9"", ""5d2239ba-0777-443a-9fab-d3354eaf78a7""], ""academic_year"": ""8e55f388-1430-47f2-91a1-e8ed4ff315a8""}",vancouver
94aef286-fcda-4d45-87a0-e24718aaa6ad,node--academic_year,16256,True,Academic Year 2011/12 - May,2023-04-13T20:51:11+00:00,2023-04-13T20:50:16+00:00,/academic-year-201112/academic-year-201112-may,,"{""node_type"": ""53783729-2e4c-4d95-b3b9-5a5c46531869"", ""revision_uid"": ""3e7cb6cf-3e28-462b-9821-30746a7583c2"", ""uid"": ""3e7cb6cf-3e28-462b-9821-30746a7583c2"", ""academic_year_events"": [""714aef45-4e4c-463a-8fad-89d8fd5d78d4"", ""7d0c2743-e307-4c62-b844-ecd8e43b2df4"", ""b46fcd49-92eb-45a8-a590-6917db148ea6"", ""e4de02c8-70c5-44eb-93f6-67ce07ec9163"", ""bb6db538-d826-4093-9dff-2aa263879ed5"", ""5da1ee79-66d9-4344-8f1a-34f8c31e6e01"", ""8292c8e5-4ffe-4e5e-b3ff-a823834a73cd"", ""0b1deda7-a596-41dc-a685-d427d0c5fe41"", ""b9fcf8b1-7179-4930-aed8-e3e89d68c3e0"", ""fd48d5ab-1b14-450f-9eb9-b352846b6571"", ""0f326723-8637-4f55-9c41-eb0921e0ed24"", ""b95c2627-3111-46de-a4fa-7577f9bef209"", ""0a4e12b1-cf55-4458-bd57-b332c78cdedb"", ""9e5dcf1a-ac00-494f-b59c-009b7f6e624c""], ""academic_year"": ""8e55f388-1430-47f2-91a1-e8ed4ff315a8""}",vancouver
893befed-5438-4347-bcde-f7a56ea02ac9,node--academic_year,16257,True,Academic Year 2011/12 - April,2023-04-13T20:51:12+00:00,2023-04-13T20:50:16+00:00,/academic-year-201112/academic-year-201112-april,,"{""node_type"": ""53783729-2e4c-4d95-b3b9-5a5c46531869"", ""revision_uid"": ""3e7cb6cf-3e28-462b-9821-30746a7583c2"", ""uid"": ""3e7cb6cf-3e28-462b-9821-30746a7583c2"", ""academic_year_events"": [""6ff690e1-54db-46b3-8721-2622135ff78e"", ""cbba5bb1-a11c-44c8-b218-a01c2273c831"", ""138f30ce-e608-4761-a213-f776cea88f1b"", ""e75e4298-5d8f-408a-b6e6-c3d7b33218cd"", ""4482ce49-3844-4f90-89ab-7f1fada7ed04"", ""acdcd3bf-d730-4c8d-a36d-28bd15bd59c7"", ""2f914901-07d6-4b97-9340-a6bda27921f5"", ""1232f00f-5beb-41b5-a731-c658664904f9"", ""7e485c73-a1f5-40a1-b99b-e76424142d4a"", ""f54c40f5-ff6c-40f0-a107-0d4c5d2e2330"", ""35aab738-5e01-44a8-91ba-370c9d55eb58"", ""6f1c8c2c-4d3f-4ff2-88dc-4bda864a3113"", ""f3039e33-6051-4f16-bb86-cfb32b4cfda2""], ""academic_year"": ""8e55f388-1430-47f2-91a1-e8ed4ff315a8""}",vancouver
3115476e-02e2-4251-afa0-69035b3d2038,node--academic_year,16258,True,Academic Year 2011/12 - March,2023-04-13T20:51:13+00:00,2023-04-13T20:50:16+00:00,/academic-year-201112/academic-year-201112-march,,"{""node_type"": ""53783729-2e4c-4d95-b3b9-5a5c46531869"", ""revision_uid"": ""3e7cb6cf-3e28-462b-9821-30746a7583c2"", ""uid"": ""3e7cb6cf-3e28-462b-9821-30746a7583c2"", ""academic_year_events"": [""43c9ec98-47cb-4714-acd5-5ce898ea92ed"", ""ec2bf452-2458-4da0-a517-dc09d0d7b9d3"", ""0327f7b8-b8e4-430c-bce0-50c7a5ba1fd8"", ""e66a352c-e709-45bf-8ce0-7c6cfa673647"", ""8a388cdb-7875-43a9-83f5-07d0047537c1"", ""6dea7916-33b8-49cd-8579-44766aea3cb3"", ""68fd67ac-f020-44fe-b890-4c2ef974051c""], ""academic_year"": ""8e55f388-1430-47f2-91a1-e8ed4ff315a8""}",vancouver
da9702cf-f9ec-4e08-a607-7c7e74bcb394,node--academic_year,16259,True,Academic Year 2011/12 - February,2023-04-13T20:51:14+00:00,2023-04-13T20:50:16+00:00,/academic-year-201112/academic-year-201112-february,,"{""node_type"": ""53783729-2e4c-4d95-b3b9-5a5c46531869"", ""revision_uid"": ""3e7cb6cf-3e28-462b-9821-30746a7583c2"", ""uid"": ""3e7cb6cf-3e28-462b-9821-30746a7583c2"", ""academic_year_events"": [""f26a9238-369e-4e88-8507-df7f3b8776fd"", ""bf1fc444-269a-4516-957b-ece886992256"", ""42fa021f-14b5-46c9-8b0d-f86c45d5d89f"", ""d3f086fa-3767-437a-848a-8b0420af9b75"", ""18622b0e-f9c6-407d-bb9d-952d3958ccc3"", ""0d8ad232-15c8-4a1a-9431-b56e33049333"", ""c6bb82a2-a73a-4963-a91b-597b1ad347d2"", ""8ed89c80-a2da-4fa8-bf5f-2354bc6ed32b"", ""eb0cff79-4f66-4737-8845-7d0665ce1398"", ""7a2d5dd7-6ee7-4ffb-892a-bbb0e2f63ab6"", ""da21414b-08ff-4159-be2d-156009b1e30c""], ""academic_year"": ""8e55f388-1430-47f2-91a1-e8ed4ff315a8""}",vancouver
8c3a75d4-675f-4a31-bdd9-3a4994bc0127,node--academic_year,16260,True,Academic Year 2011/12 - January,2023-04-13T20:51:14+00:00,2023-04-13T20:50:16+00:00,/academic-year-201112/academic-year-201112-january,,"{""node_type"": ""53783729-2e4c-4d95-b3b9-5a5c46531869"", ""revision_uid"": ""3e7cb6cf-3e28-462b-9821-30746a7583c2"", ""uid"": ""3e7cb6cf-3e28-462b-9821-30746a7583c2"", ""academic_year_events"": [""ae0ec88c-29b0-42a0-83cb-f23fb2b50780"", ""81e9a977-34fc-44e7-8926-696f93a6aa74"", ""715c00e4-949a-4e1a-99b0-b45ce41875a9"", ""62656aaa-d441-4c34-a602-1a9a023864e4"", ""9ba3dabd-0cdb-4e1b-84ca-815fb8a28d7d"", ""20a35af1-36f4-4398-85f6-e9527ff8b7a8"", ""36518a3f-6497-42a3-b958-aa3872930ea9"", ""b5ab2efc-0ba4-45a7-8f8d-06bfc9440be3"", ""a5c34838-fdc9-4ea3-82f0-4a6e35e85cda"", ""044dcc8b-8c5b-4d57-beb8-b38c74b62312"", ""5c8aa07b-759b-421b-8e33-08e19d5505d0""], ""academic_year"": ""8e55f388-1430-47f2-91a1-e8ed4ff315a8""}",vancouver
01e96754-62be-4a5d-8a5c-07235908c335,node--academic_year,16261,True,Academic Year 2012/13 - September,2023-04-13T20:51:15+00:00,2023-04-13T20:50:16+00:00,/academic-year-201213/academic-year-201213-september,,"{""node_type"": ""53783729-2e4c-4d95-b3b9-5a5c46531869"", ""revision_uid"": ""3e7cb6cf-3e28-462b-9821-30746a7583c2"", ""uid"": ""3e7cb6cf-3e28-462b-9821-30746a7583c2"", ""academic_year_events"": [""fbfbcb0a-3a95-4c31-94fc-0c7efee76648"", ""be084a3c-9ed1-4635-ac7c-e47251fe4550"", ""1bfe2c0b-06ad-457d-958a-50ba81427b1d"", ""bc762763-605c-439d-8e8e-9917bdfd3629"", ""cfdfc345-dc90-4665-9bd3-be7dce37ba49"", ""0dcaea35-0a73-410e-89d0-cb21cf91b853"", ""01cb89a1-c810-44b3-be32-7274efc52df3"", ""d99f254f-9109-437f-8c21-09012b23a0ba"", ""27bb2d4f-71ee-44d9-bda4-1310904e663a""], ""academic_year"": ""edebfa84-02a5-4511-aec5-cbf2dd06d3c3""}",vancouver
2c0f165f-bf58-498a-9c7c-6f3b29fee663,node--academic_year,16262,True,Academic Year 2012/13 - October,2023-04-13T20:51:16+00:00,2023-04-13T20:50:16+00:00,/academic-year-201213/academic-year-201213-october,,"{""node_type"": ""53783729-2e4c-4d95-b3b9-5a5c46531869"", ""revision_uid"": ""3e7cb6cf-3e28-462b-9821-30746a7583c2"", ""uid"": ""3e7cb6cf-3e28-462b-9821-30746a7583c2"", ""academic_year_events"": [""bb3e4fbb-1b2b-47b0-a76a-8a5dc0902d9b"", ""1d209874-ca6d-45a6-a528-831bbca1387d"", ""d5d378a1-481a-401e-ab7b-035120c9373a"", ""7950b0f0-6684-4b24-8330-4fabbe5073ff"", ""f569d4c4-788b-45b5-a4ba-7b2221b9dd1d"", ""4ad0f5e6-e8f7-4556-8858-c46f422de8cb"", ""a4f9b640-852d-4620-ab70-8cd3bda089ac"", ""a8e36374-351b-4cd7-a93b-3a1c96375652"", ""58c61865-87d1-4d05-a63c-31d03f242508"", ""16a66531-4c85-4035-b968-7d515f487cab"", ""fea574db-1400-4417-a641-29bda957c735"", ""849e34d5-0294-4d09-bf8d-b645ee248b44""], ""academic_year"": ""edebfa84-02a5-4511-aec5-cbf2dd06d3c3""}",vancouver
9dd97d4b-037b-41bc-8685-8aaba85d085c,node--academic_year,16263,True,Academic Year 2012/13 - November,2023-04-13T20:51:17+00:00,2023-04-13T20:50:16+00:00,/academic-year-201213/academic-year-201213-november,,"{""node_type"": ""53783729-2e4c-4d95-b3b9-5a5c46531869"", ""revision_uid"": ""3e7cb6cf-3e28-462b-9821-30746a7583c2"", ""uid"": ""3e7cb6cf-3e28-462b-9821-30746a7583c2"", ""academic_year_events"": [""a82b3dcf-ec45-488c-962b-26e9a13ea02e"", ""0cb51d9b-a319-47ee-8bf3-01c2d0fbf829"", ""2f8c7575-f0e9-4984-997b-ec8c7bded6a3"", ""8ec57854-8f9d-4e43-bb42-e5d678e6bda2"", ""1d472bd0-5cae-4022-95ee-a3124606b577"", ""1e238376-aaf8-44ce-875d-516db279e50b"", ""67db82dd-712a-4837-8381-c6a62f7dc916"", ""aac7ef6c-66b9-44de-98f3-e478f3073463"", ""68e4f595-dff1-4ce2-827e-6a978b5af8bd"", ""d9c06c06-52c3-4a0c-89b6-54162289ba7d""], ""academic_year"": ""edebfa84-02a5-4511-aec5-cbf2dd06d3c3""}",vancouver
cf38b45c-184c-4d74-b96c-4765679b1c9b,node--academic_year,16264,True,Academic Year 2012/13 - December,2023-04-13T20:51:17+00:00,2023-04-13T20:50:16+00:00,/academic-year-201213/academic-year-201213-december,,"{""node_type"": ""53783729-2e4c-4d95-b3b9-5a5c46531869"", ""revision_uid"": ""3e7cb6cf-3e28-462b-9821-30746a7583c2"", ""uid"": ""3e7cb6cf-3e28-462b-9821-30746a7583c2"", ""academic_year_events"": [""d9fd5bf4-ac1f-4a47-9193-c2f8de2b38d7"", ""58e2ed1d-e700-4f2e-896b-27f9edda8eff"", ""6e173ba0-b364-4c4f-97d4-acf70c3940e0"", ""bf1e25a9-fd2a-43be-8f4e-e051ca4d45d6"", ""301b8736-3a37-43fe-b48c-2fe70ea64792"", ""6bfd1fa0-9344-4d52-aaed-6a5f98401803"", ""37685415-2957-4ddb-bb93-07ec30ed8b9d"", ""3865e1e8-2d73-4c28-9341-30792caf514f"", ""f9ad7ef4-5498-43a0-9ee3-df9bad4c6c19"", ""73cfc1d5-f596-46ce-ae03-c3f4a6d8b0ff""], ""academic_year"": ""edebfa84-02a5-4511-aec5-cbf2dd06d3c3""}",vancouver
d4268de3-8d1e-476a-aef6-6f44559c4d12,node--academic_year,16265,True,Academic Year 2012/13 - August,2023-04-13T20:51:19+00:00,2023-04-13T20:50:16+00:00,/academic-year-201213/academic-year-201213-august,,"{""node_type"": ""53783729-2e4c-4d95-b3b9-5a5c46531869"", ""revision_uid"": ""3e7cb6cf-3e28-462b-9821-30746a7583c2"", ""uid"": ""3e7cb6cf-3e28-462b-9821-30746a7583c2"", ""academic_year_events"": [""741f13bc-7ca1-41e1-95e5-6be2c7165e7a"", ""85f158da-e5bf-417d-ac2a-99cf4f3c5af1"", ""21c3fc98-0966-45d7-89e3-5ac15f0be12c"", ""525c59f0-f9ba-42f8-8656-c7022569b8ef"", ""a2c84dfa-0934-4db1-bd4c-d8ab99c9dc0f"", ""6e27fe3b-a0c8-4804-9de9-f6cb4af9d447"", ""178ab0a0-d45e-45c4-b12c-030bffb3df69"", ""06735a3d-0a32-45af-934c-cb36d043c2db"", ""a27be813-ff13-466e-b1aa-9fa21bba22fc"", ""24347059-7af6-42b6-92dc-fc1f73e5516c"", ""d709c084-0a66-4971-897f-ba9dd603f916"", ""bad39dea-334c-44ab-8d99-637240ba7831"", ""12bec990-376b-4c4d-b59f-e2c804fc2379"", ""5321b766-2283-4feb-9989-3f2d981f80a5""], ""academic_year"": ""edebfa84-02a5-4511-aec5-cbf2dd06d3c3""}",vancouver
7c6b5ef7-4b15-4aa8-afb2-20ace4837286,node--academic_year,16266,True,Academic Year 2012/13 - July,2023-04-13T20:51:20+00:00,2023-04-13T20:50:16+00:00,/academic-year-201213/academic-year-201213-july,,"{""node_type"": ""53783729-2e4c-4d95-b3b9-5a5c46531869"", ""revision_uid"": ""3e7cb6cf-3e28-462b-9821-30746a7583c2"", ""uid"": ""3e7cb6cf-3e28-462b-9821-30746a7583c2"", ""academic_year_events"": [""867f08b9-f993-4f15-a50d-1b470fe26677"", ""d1a68838-9086-43e7-88c2-0159d8ca78a9"", ""5f189c18-99c1-4e3b-b982-c52a4fa88b80"", ""b2593306-2b96-46c9-94bd-95feaa928aa4"", ""f564c1e4-5362-41d5-8313-303ff7a2b964"", ""37b815d9-11a7-430b-81a3-65ad332e059c"", ""38013209-e39e-4e73-a222-91421a2dcf8b"", ""027bc40f-a215-4b43-af93-a14cdd085d71"", ""9943fbd0-b28e-490a-a17d-6c23edfcc3b7"", ""d101a298-1a1e-4e40-ab74-dce1c3dbd8f3""], ""academic_year"": ""edebfa84-02a5-4511-aec5-cbf2dd06d3c3""}",vancouver
cacd5484-c826-45c6-a5d0-7a0049965698,node--academic_year,16267,True,Academic Year 2012/13 - June,2023-04-13T20:51:21+00:00,2023-04-13T20:50:16+00:00,/academic-year-201213/academic-year-201213-june,,"{""node_type"": ""53783729-2e4c-4d95-b3b9-5a5c46531869"", ""revision_uid"": ""3e7cb6cf-3e28-462b-9821-30746a7583c2"", ""uid"": ""3e7cb6cf-3e28-462b-9821-30746a7583c2"", ""academic_year_events"": [""0b65579d-596c-41ae-af78-092f15811e50"", ""e60b7c4f-af09-4171-858f-cf7790ffbf64"", ""795f15ac-3d91-4933-91e0-0b26805528a2"", ""72f27e4d-89c7-4d50-93c3-8315b711ce21"", ""1ce9d634-5406-4249-893c-dffad00ecba4"", ""842766fa-deb8-4697-9238-6dbc97ee9002""], ""academic_year"": ""edebfa84-02a5-4511-aec5-cbf2dd06d3c3""}",vancouver
02254e89-5cf7-4e1f-a6eb-38277a0fc4bd,node--academic_year,16268,True,Academic Year 2012/13 - May,2023-04-13T20:51:22+00:00,2023-04-13T20:50:16+00:00,/academic-year-201213/academic-year-201213-may,,"{""node_type"": ""53783729-2e4c-4d95-b3b9-5a5c46531869"", ""revision_uid"": ""3e7cb6cf-3e28-462b-9821-30746a7583c2"", ""uid"": ""3e7cb6cf-3e28-462b-9821-30746a7583c2"", ""academic_year_events"": [""d367cf65-2289-4817-a0b1-c6dda4974b73"", ""e9586481-a0e0-4ce0-bdaf-b93fd974c4da"", ""9b5b277f-d814-45ff-9237-21bb60b8fc10"", ""5daa41da-92df-465d-80a8-9e98761e979b"", ""a07334c1-857a-490d-b995-e18f9403a1a4"", ""40b78c7c-00e5-4bfe-9e0d-a5280e5af976"", ""d3a2ab18-3bdf-4335-b7ed-f6125799f151"", ""67eb5a96-62a3-4e72-a453-8f56c7aa7a95"", ""fb3f085a-def5-47b0-9e43-ca6667822f03"", ""6c79b968-e209-4817-9225-869863621028"", ""2cb236b7-18e6-4b33-86f0-539c0b41b571"", ""e76a9de4-74cb-443d-ad99-a9df3ddf2da8"", ""ceb8a205-bb75-4ae5-b070-b32ae5be5d8a"", ""6eb238f0-7f00-41a6-9882-edb5cf76c464"", ""be331bd8-730a-42d7-946a-be0d13d3ee7f""], ""academic_year"": ""edebfa84-02a5-4511-aec5-cbf2dd06d3c3""}",vancouver
6450bfc1-8b97-48ed-8601-d162f74406c3,node--academic_year,16269,True,Academic Year 2012/13 - April,2023-04-13T20:51:23+00:00,2023-04-13T20:50:16+00:00,/academic-year-201213/academic-year-201213-april,,"{""node_type"": ""53783729-2e4c-4d95-b3b9-5a5c46531869"", ""revision_uid"": ""3e7cb6cf-3e28-462b-9821-30746a7583c2"", ""uid"": ""3e7cb6cf-3e28-462b-9821-30746a7583c2"", ""academic_year_events"": [""fb5b2ec1-a2fa-4d08-8ad0-8ef49b8f1b29"", ""2210b004-b87e-4180-84fc-ef2b35c2c648"", ""2b87c31b-c02e-43ac-9c10-39b20741cba7"", ""45b57d88-e1c9-4dd2-91cb-fd3019e3949e"", ""a158e47f-f006-49f6-b8f5-f5c67a6a609e"", ""293473f5-7451-42e2-ae0d-6c3095b97307"", ""46bfefaf-7552-4c6d-9f1c-69962eb54114"", ""e991de75-8ff7-48b8-87e3-fc42dca1c370"", ""cbbd9351-117e-4e78-b814-451ca7c8da19"", ""a99de74c-5041-439c-986e-4e7803305136"", ""b7d60509-9893-4c02-88aa-54cdbd24e630"", ""b0d7e85a-bf47-4606-ada0-67c487f4c405""], ""academic_year"": ""edebfa84-02a5-4511-aec5-cbf2dd06d3c3""}",vancouver
be2040bc-87e1-425e-9447-8cac172a2fe6,node--academic_year,16270,True,Academic Year 2012/13 - March,2023-04-13T20:51:24+00:00,2023-04-13T20:50:16+00:00,/academic-year-201213/academic-year-201213-march,,"{""node_type"": ""53783729-2e4c-4d95-b3b9-5a5c46531869"", ""revision_uid"": ""3e7cb6cf-3e28-462b-9821-30746a7583c2"", ""uid"": ""3e7cb6cf-3e28-462b-9821-30746a7583c2"", ""academic_year_events"": [""5b63b0d0-f735-4555-bb3a-1286e5efec5f"", ""856f3381-553d-4f46-b259-383cea63ed99"", ""fbdfd969-ee4a-45f9-b0db-376e8ae4daf0"", ""76ea33cc-add0-4614-adf7-0d4d12c475b1"", ""a37d5622-9dd2-478d-9135-491268f66933"", ""a0b992f7-18e9-4569-8a03-7ea7540e8ca8"", ""5c340d7f-ed61-45f6-8569-d8825d34d920""], ""academic_year"": ""edebfa84-02a5-4511-aec5-cbf2dd06d3c3""}",vancouver
a454b4d2-5ec8-4a84-b3bc-7502e53427b7,node--academic_year,16271,True,Academic Year 2012/13 - February,2023-04-13T20:51:24+00:00,2023-04-13T20:50:16+00:00,/academic-year-201213/academic-year-201213-february,,"{""node_type"": ""53783729-2e4c-4d95-b3b9-5a5c46531869"", ""revision_uid"": ""3e7cb6cf-3e28-462b-9821-30746a7583c2"", ""uid"": ""3e7cb6cf-3e28-462b-9821-30746a7583c2"", ""academic_year_events"": [""7fc0c704-91ff-4d59-8086-e8af1303ddf6"", ""dc9886dd-ba04-48f6-b5aa-de3f4c7abcaa"", ""fef90860-097c-46c1-aed0-25c27da1828f"", ""213f5cf2-6980-4883-a481-882a6e002f18"", ""5f7ec755-b392-4685-84fa-6c3ced203d07"", ""d9926edc-756f-48e2-a1b3-1f1ab01020a7"", ""bed7d538-aa1d-43db-98cd-83a550165a49"", ""91dc141f-0a2c-4e51-9db0-54289e8a34c4"", ""92514e3c-6c4a-49fb-a5ca-448e2fe6e1c3"", ""daf2fe35-a801-438e-82c1-e32efe6c5acf""], ""academic_year"": ""edebfa84-02a5-4511-aec5-cbf2dd06d3c3""}",vancouver
8b604128-2875-4786-b8a1-0ec3699d5709,node--academic_year,16272,True,Academic Year 2012/13 - January,2023-04-13T20:51:26+00:00,2023-04-13T20:50:16+00:00,/academic-year-201213/academic-year-201213-january,,"{""node_type"": ""53783729-2e4c-4d95-b3b9-5a5c46531869"", ""revision_uid"": ""3e7cb6cf-3e28-462b-9821-30746a7583c2"", ""uid"": ""3e7cb6cf-3e28-462b-9821-30746a7583c2"", ""academic_year_events"": [""7b82ed17-00a8-4ac0-8d56-0e066e270950"", ""6a4708da-30a7-40a4-bdb4-1c6e997fff88"", ""ebbb8d0f-0228-4cbc-bd27-fc3f290ba6ab"", ""2ac8a3a8-2f93-4e7d-8f82-ea021b41e860"", ""2bea2a3d-88ad-4e3e-a73a-97468714e001"", ""243cabe7-98d3-444e-a870-bec5b2f0ddab"", ""d9b843ef-2235-4cad-9a98-1d81bb889df9"", ""832b8c13-01bb-41f2-bbc9-21c1aeab2705"", ""353a927b-63e6-4e38-b3cb-f2249696c572"", ""d97973ac-cea0-47ca-af33-5b52e64ff2e0"", ""15087a56-c119-4fd9-9477-4bd840146dbf"", ""6509320c-0334-4492-90b2-b01c12084114"", ""7d22f871-0c1b-4287-b6d6-5a00c1cabfe0""], ""academic_year"": ""edebfa84-02a5-4511-aec5-cbf2dd06d3c3""}",vancouver
fceabbed-4e0c-4169-89d7-18d289d6eefc,node--academic_year,16273,True,Academic Year 2013/14 - September,2023-04-13T20:51:26+00:00,2023-04-13T20:50:16+00:00,/academic-year-201314/academic-year-201314-september,,"{""node_type"": ""53783729-2e4c-4d95-b3b9-5a5c46531869"", ""revision_uid"": ""3e7cb6cf-3e28-462b-9821-30746a7583c2"", ""uid"": ""3e7cb6cf-3e28-462b-9821-30746a7583c2"", ""academic_year_events"": [""a68b38c1-21a6-45dc-9b3c-65cbea2f002e"", ""b378bf6d-bdc3-4714-899d-0abfcd1377ba"", ""58f195f8-3b20-470f-b5a3-dfa4895d19c0"", ""31a18f21-b387-4ef8-a4dd-45f92f10c120"", ""5e506815-3d9c-4465-97ac-4781ba4d512d"", ""cfde5e8d-fe38-49f8-8e21-ea9ceb99633e"", ""6146b3d3-2138-4e3e-8847-b73938a6d193"", ""96a411c5-f2ff-4b7f-afaf-566465658328"", ""ad1c7d68-280c-4552-a9b1-7ed198db4632"", ""64ba1276-e1bb-4617-9349-6c0753915832"", ""49788c46-6c93-4834-a547-e938f4a3880a""], ""academic_year"": ""e58f80fe-bf3a-4990-8757-09be49b91900""}",vancouver
2c66256d-7037-41f7-ba71-7eded2b0104b,node--academic_year,16274,True,Academic Year 2013/14 - October,2023-04-13T20:51:27+00:00,2023-04-13T20:50:16+00:00,/academic-year-201314/academic-year-201314-october,,"{""node_type"": ""53783729-2e4c-4d95-b3b9-5a5c46531869"", ""revision_uid"": ""3e7cb6cf-3e28-462b-9821-30746a7583c2"", ""uid"": ""3e7cb6cf-3e28-462b-9821-30746a7583c2"", ""academic_year_events"": [""735f2bbc-cc91-458e-add4-1d07cd5dff82"", ""c77f9369-3a69-47b1-b3c6-ff3591c008e1"", ""6f96af68-6847-4223-9c1d-0f6b5938512f"", ""5630f6e1-277f-4261-ad74-0057537eceb4"", ""15ea0f57-a849-443d-bb18-d6ced27aaf24"", ""49bcf776-ff0d-4763-9319-b1d4cfcf975a"", ""8e31ea90-eaeb-4fb4-afd2-d5fc1a500b68"", ""1b2860fa-ea96-4ca3-bf3e-d8878e7966d8"", ""d4f8f057-38a3-4d22-8079-d791593c57f3""], ""academic_year"": ""e58f80fe-bf3a-4990-8757-09be49b91900""}",vancouver
59a27934-24e0-4d73-84dd-d5a4009a2988,node--academic_year,16275,True,Academic Year 2013/14 - November,2023-04-13T20:51:28+00:00,2023-04-13T20:50:16+00:00,/academic-year-201314/academic-year-201314-november,,"{""node_type"": ""53783729-2e4c-4d95-b3b9-5a5c46531869"", ""revision_uid"": ""3e7cb6cf-3e28-462b-9821-30746a7583c2"", ""uid"": ""3e7cb6cf-3e28-462b-9821-30746a7583c2"", ""academic_year_events"": [""5787753d-6b8c-41f5-996f-11650f76f971"", ""2fb4addb-2df6-4044-9610-1dbf01471687"", ""2dbdfecd-5375-4221-83a5-9b03e2c435c1"", ""99bca19a-3676-422b-a26c-59e6471140a6"", ""ae215283-940e-4887-8a02-f3a8fbfc64a7"", ""68503cc8-ef4f-4ad9-bcfe-88c13cd7a250"", ""0a083ee3-35ba-48d2-9c3b-9f9db7af5966"", ""e125b4b8-b722-4fc6-acaa-6f8879228238"", ""a72c09e6-b2c1-4ce1-ba9a-11ded761c7d3""], ""academic_year"": ""e58f80fe-bf3a-4990-8757-09be49b91900""}",vancouver
ffe1d6f7-9275-4131-ada0-f8103db5b775,node--academic_year,16276,True,Academic Year 2013/14 - December,2023-04-13T20:51:29+00:00,2023-04-13T20:50:16+00:00,/academic-year-201314/academic-year-201314-december,,"{""node_type"": ""53783729-2e4c-4d95-b3b9-5a5c46531869"", ""revision_uid"": ""3e7cb6cf-3e28-462b-9821-30746a7583c2"", ""uid"": ""3e7cb6cf-3e28-462b-9821-30746a7583c2"", ""academic_year_events"": [""e871fcc3-c6ff-40f7-a7a8-ffd1d6d3d878"", ""1de16800-55fc-44bf-b167-03310d3e19ca"", ""32f52175-bab4-40d7-b223-ae78352f8b62"", ""1d1da1fd-7f1e-4575-b4db-e13d2e76c060"", ""9096b979-ed4c-4d54-98e8-07125995a236"", ""dcda3c5b-4102-4d2a-8ec7-009e92103724"", ""56eb7fc1-49c3-4d02-bccc-b8df064ae644"", ""e40634f5-ceea-4c8f-84e9-fdcf02641ea1"", ""2ab499ad-aece-4e72-bff9-c8c6d96828dc""], ""academic_year"": ""e58f80fe-bf3a-4990-8757-09be49b91900""}",vancouver
84d0a7cc-4750-45b4-9c83-dbecb5537401,node--academic_year,16277,True,Academic Year 2013/14 - August,2023-04-13T20:51:36+00:00,2023-04-13T20:51:34+00:00,/academic-year-201314/academic-year-201314-august,,"{""node_type"": ""53783729-2e4c-4d95-b3b9-5a5c46531869"", ""revision_uid"": ""3e7cb6cf-3e28-462b-9821-30746a7583c2"", ""uid"": ""3e7cb6cf-3e28-462b-9821-30746a7583c2"", ""academic_year_events"": [""8be959b0-e627-43c4-bf7b-c76bd69445c1"", ""503cd61b-7ab2-4470-9813-658a4e0d3f2e"", ""7b38b994-97bf-46bc-98c5-ca80d2a4daa3"", ""b82d310c-e09a-4ce7-be96-7275ff61ce23"", ""a7c442c9-ab9c-4cec-af71-fddfc94522a3"", ""db80831f-6c17-4e1a-88ba-ee46e4a5a327"", ""6dfcf550-2ac5-43ac-b566-b475abca7fda"", ""7ee53597-7b98-4ebd-9666-f1a5b29b0946"", ""606f75ce-eaf2-4ffe-b9ec-c0157b706c41"", ""66365826-24ab-4a05-bfb8-f76a38698474"", ""b3881208-3b3f-4641-9675-dc1716bd31c5"", ""6426258a-2cf6-40d3-b9b9-b642887e5c4c"", ""ed1c5a2a-dbd2-4472-a380-95e2e5db81b7"", ""3594e0ee-a3aa-463b-a9e3-d28042a83683"", ""162a171a-2532-4d12-a616-34340284d1bc"", ""94d9a817-4157-47bf-a0cb-d3dafc786dff"", ""38b87fdf-6f86-4e66-be39-fafb82068d94""], ""academic_year"": ""e58f80fe-bf3a-4990-8757-09be49b91900""}",vancouver
9cfbd6c4-911b-4b71-a9eb-e5bae5bdb4e6,node--academic_year,16278,True,Academic Year 2013/14 - July,2023-04-13T20:51:36+00:00,2023-04-13T20:51:34+00:00,/academic-year-201314/academic-year-201314-july,,"{""node_type"": ""53783729-2e4c-4d95-b3b9-5a5c46531869"", ""revision_uid"": ""3e7cb6cf-3e28-462b-9821-30746a7583c2"", ""uid"": ""3e7cb6cf-3e28-462b-9821-30746a7583c2"", ""academic_year_events"": [""76939702-af32-48ff-93b3-efdacf07465b"", ""8fbc2635-6db4-4d8e-bd79-e40a50113c47"", ""097f3746-539f-467a-8984-a5b58ab6fdee"", ""fb441140-712f-4125-82f6-250aac04d3c2"", ""c2c79c7c-ae98-4772-90e1-95a8d06050d9"", ""21bb6b9f-732a-4dec-89f8-c9b72b2b4f32"", ""18e120fe-3850-4162-8860-d8dbf05154bc"", ""e1ea529b-5ab1-4b7d-8f71-573565bc63dd"", ""cd557162-2541-45b6-b8e5-e1e2aaaff315""], ""academic_year"": ""e58f80fe-bf3a-4990-8757-09be49b91900""}",vancouver
41d5b405-a595-49b1-9979-e6e282ebcbcd,node--academic_year,16279,True,Academic Year 2013/14 - June,2023-04-13T20:51:37+00:00,2023-04-13T20:51:34+00:00,/academic-year-201314/academic-year-201314-june,,"{""node_type"": ""53783729-2e4c-4d95-b3b9-5a5c46531869"", ""revision_uid"": ""3e7cb6cf-3e28-462b-9821-30746a7583c2"", ""uid"": ""3e7cb6cf-3e28-462b-9821-30746a7583c2"", ""academic_year_events"": [""3f5358e0-9a48-47ea-9b32-2afc8a8a9b17"", ""eb0f0e7e-1198-4299-9b37-0775ee387e9a"", ""29fd649a-b2cd-4fdc-a310-9c08b76ef30c"", ""957f15c0-bad9-4ae9-964b-950a40c9f3cf"", ""e2526c09-18a9-4f96-aa1a-c9aa1b1d98ff""], ""academic_year"": ""e58f80fe-bf3a-4990-8757-09be49b91900""}",vancouver
39a1f2f1-4796-4500-a7e2-a379da1400b8,node--academic_year,16280,True,Academic Year 2013/14 - May,2023-04-13T20:51:37+00:00,2023-04-13T20:51:34+00:00,/academic-year-201314/academic-year-201314-may,,"{""node_type"": ""53783729-2e4c-4d95-b3b9-5a5c46531869"", ""revision_uid"": ""3e7cb6cf-3e28-462b-9821-30746a7583c2"", ""uid"": ""3e7cb6cf-3e28-462b-9821-30746a7583c2"", ""academic_year_events"": [""4cff1808-0067-4de7-b4e1-ef7096f73c9c"", ""4f02c9bf-7ee0-433f-a26a-f5c53a6c918b"", ""10cd09b0-add1-4d40-bb5e-16338aa59f81"", ""2e8b68b2-dc31-4572-88c6-9df1279a8d48"", ""60a11167-7e61-4925-bcda-ba0039cfab26"", ""ef426d2f-9d0f-403d-b0db-c06140081fd1"", ""2d7e3948-148f-42b6-b9d4-3ab697cf769c"", ""d43c815e-6c5d-4ce8-9bae-8cc2244cc790"", ""57860545-af14-4a05-8bfd-26d760069a81"", ""b8b6b8c8-02fd-4053-b61c-2f95e35414a1"", ""499b5273-4e8d-4bf1-b23e-30a7110ecab7"", ""f0f3da44-d747-4ec2-96cb-2d1180aa1e1e"", ""d80636e9-b1ff-468a-aeaf-d093ae6cac7d"", ""214e6619-cee4-4275-ac11-7cad45f8aaa7"", ""ba5894c1-c851-45f5-90ed-771ec8d16d31"", ""ff551a85-9164-48f7-aee4-a2794d6b14ac"", ""64762e3b-b616-43a2-bd0a-8b9f39aab4a9""], ""academic_year"": ""e58f80fe-bf3a-4990-8757-09be49b91900""}",vancouver
eb0a37e2-2ed1-4713-87ae-567c63eeff87,node--academic_year,16281,True,Academic Year 2013/14 - April,2023-04-13T20:51:39+00:00,2023-04-13T20:51:34+00:00,/academic-year-201314/academic-year-201314-april,,"{""node_type"": ""53783729-2e4c-4d95-b3b9-5a5c46531869"", ""revision_uid"": ""3e7cb6cf-3e28-462b-9821-30746a7583c2"", ""uid"": ""3e7cb6cf-3e28-462b-9821-30746a7583c2"", ""academic_year_events"": [""264bc9b9-22fd-4f8f-a3a2-35aea6d46eac"", ""d36046aa-2d09-4b9a-958e-0c1d1bc7b7ca"", ""7e499732-b30f-4c9c-841a-c96997f59e83"", ""c8685bec-2a56-482e-b209-d703d3aa0f5c"", ""fa2e7277-0f58-4028-bcf3-98dd12365379"", ""3e899de5-b447-443f-8f79-324f441db67d"", ""8fcea1b5-0b13-4577-8fe9-ac3e8f393119"", ""58c8ff9c-0765-4f61-958a-de3c1d80175f"", ""61edb53b-10d3-4ff1-8a7e-4c7bda7439ad"", ""464bb08b-4470-46e1-b293-2cc1b0bfac59"", ""155083ff-caae-43b8-bf6d-66f4584cba4f"", ""10c72ac9-ac73-4acc-9f07-cf92b18a2376""], ""academic_year"": ""e58f80fe-bf3a-4990-8757-09be49b91900""}",vancouver
12c2a509-33b8-4c1b-9e6e-2a7edb420b60,node--academic_year,16282,True,Academic Year 2013/14 - March,2023-04-13T20:51:40+00:00,2023-04-13T20:51:34+00:00,/academic-year-201314/academic-year-201314-march,,"{""node_type"": ""53783729-2e4c-4d95-b3b9-5a5c46531869"", ""revision_uid"": ""3e7cb6cf-3e28-462b-9821-30746a7583c2"", ""uid"": ""3e7cb6cf-3e28-462b-9821-30746a7583c2"", ""academic_year_events"": [""85c58f0c-1f2b-4831-a0fb-864fa6764e37"", ""f7775c8a-e3af-4cbe-8ff7-dc6738ac4cd6"", ""fc3dcd29-a6f5-4001-b174-e27be7a9b195"", ""ad2dc6ee-f54a-413e-a458-3acc89238855"", ""a2c799ef-1c0f-4b02-acde-c31734403411"", ""24df88f1-c020-4ab0-a11e-50c462f1f4e9"", ""a2b5cd77-365e-4278-9c57-6089be0241ef""], ""academic_year"": ""e58f80fe-bf3a-4990-8757-09be49b91900""}",vancouver
096772aa-72bf-4b0e-8381-bf75051eba03,node--academic_year,16283,True,Academic Year 2013/14 - February,2023-04-13T20:51:41+00:00,2023-04-13T20:51:34+00:00,/academic-year-201314/academic-year-201314-february,,"{""node_type"": ""53783729-2e4c-4d95-b3b9-5a5c46531869"", ""revision_uid"": ""3e7cb6cf-3e28-462b-9821-30746a7583c2"", ""uid"": ""3e7cb6cf-3e28-462b-9821-30746a7583c2"", ""academic_year_events"": [""0ff1f03a-058f-41b1-ae0b-235f5ad9a9c8"", ""f62c49fd-1e14-4053-bf9a-7ea95be3e84a"", ""c963ca10-20cc-453f-abd0-6e2224c2659b"", ""d746179e-18de-449f-a4e9-aaca5ffbfcc1"", ""6b676d0f-5d41-4585-99a2-3ce6f580bc79"", ""58c58625-087e-4c0e-bbf9-5d6c68d66225"", ""2187a904-0c4e-4000-a79d-0a11d1ef9068"", ""8e6a6695-9e9d-48ae-9046-5608adb47d9f""], ""academic_year"": ""e58f80fe-bf3a-4990-8757-09be49b91900""}",vancouver
d6da1b5e-e2ae-4d13-95ba-88bf36f0f0d9,node--academic_year,16284,True,Academic Year 2013/14 - January,2023-04-13T20:51:43+00:00,2023-04-13T20:51:34+00:00,/academic-year-201314/academic-year-201314-january,,"{""node_type"": ""53783729-2e4c-4d95-b3b9-5a5c46531869"", ""revision_uid"": ""3e7cb6cf-3e28-462b-9821-30746a7583c2"", ""uid"": ""3e7cb6cf-3e28-462b-9821-30746a7583c2"", ""academic_year_events"": [""a94aa823-74db-4114-8e25-81734673ccd7"", ""97105ba8-1fea-4a64-83ee-49c1b20be1f9"", ""40e12616-0f3c-45de-b7cc-23d598a9c160"", ""10adb40c-119b-4054-806f-9163f792a48a"", ""f6e8bdff-5092-4331-9b70-b5003b81e69a"", ""0f580730-48cd-40d0-a4e5-db0747e32748"", ""2ae9ad21-6ae7-4238-920a-54a74d21931f"", ""dca67311-1197-46d5-8abd-2fad2171dbaf"", ""82d95045-523d-44ea-b981-94cb02a5eed8"", ""2b5c6c70-1ee2-435a-b728-2b42306f39cb"", ""0fd196f7-1da5-4c29-a0d6-bd3fcfa36c8a"", ""80db0a7e-40e5-4ece-aac5-449c593adbab"", ""9fb5106f-b711-4baa-b5a9-7ea50c1d7684""], ""academic_year"": ""e58f80fe-bf3a-4990-8757-09be49b91900""}",vancouver
a62d0db0-6a3f-49c8-852f-6672c6d323aa,node--academic_year,16285,True,Academic Year 2014/15 - September,2023-04-13T20:51:44+00:00,2023-04-13T20:51:34+00:00,/academic-year-201415/academic-year-201415-september,,"{""node_type"": ""53783729-2e4c-4d95-b3b9-5a5c46531869"", ""revision_uid"": ""3e7cb6cf-3e28-462b-9821-30746a7583c2"", ""uid"": ""3e7cb6cf-3e28-462b-9821-30746a7583c2"", ""academic_year_events"": [""0b4c07e1-5e57-4be0-a383-af98b2998314"", ""3d5adf14-0690-4931-aeb8-5066df7c9392"", ""17973111-f9e6-4173-aaaf-74a7bb3f5a7f"", ""4a3270c2-f98d-4f77-b5db-0410340a828f"", ""6ae4fb50-76b7-4a8f-9861-08ba14b89e3a"", ""40cb8ec2-4561-4e49-acb4-fa3d256925f7"", ""68c243c3-49fb-491c-8400-a8069e58354b"", ""fd95f91e-c2e0-49bc-be38-91cdd1d08b95"", ""9511cb3e-9742-4157-bd56-2f6183c189b0"", ""3f8b41b3-947b-4c98-8d6c-893c90cf5c78"", ""2a4c2435-341c-48ee-a437-3d4f737fa86a""], ""academic_year"": ""0e853e37-9888-4803-872d-3817cb11a6a8""}",vancouver
0d0178d7-d56e-45eb-835e-5c49571f32e8,node--academic_year,16286,True,Academic Year 2014/15 - October,2023-04-13T20:51:45+00:00,2023-04-13T20:51:34+00:00,/academic-year-201415/academic-year-201415-october,,"{""node_type"": ""53783729-2e4c-4d95-b3b9-5a5c46531869"", ""revision_uid"": ""3e7cb6cf-3e28-462b-9821-30746a7583c2"", ""uid"": ""3e7cb6cf-3e28-462b-9821-30746a7583c2"", ""academic_year_events"": [""eaf3a625-61b9-47f2-b2df-92d7c9d09076"", ""4a0077a9-47ca-4704-b17a-f2a9a8a5eaf5"", ""d123f1aa-32d8-4531-9414-ce39353b2eb5"", ""1c7477a1-1ca5-4e31-b5ad-f2b227472015"", ""c3fe58d0-5b69-4b70-ade3-676815f1c004"", ""9002e744-7240-47e3-8fce-beb8a36d486c"", ""2ba7e417-7ad6-42c4-9b3f-a5a1244c0d37"", ""c5c69adb-8595-4ed7-b0dd-dcc8c3a05b76"", ""67dfb945-c966-4af8-ad26-f09863bc1ab3"", ""4df80707-f456-45a0-9d3a-7cd5fdce67cd""], ""academic_year"": ""0e853e37-9888-4803-872d-3817cb11a6a8""}",vancouver
c346ef3a-96b4-471e-86d1-b18948e8c311,node--academic_year,16287,True,Academic Year 2014/15 - November,2023-04-13T20:51:47+00:00,2023-04-13T20:51:34+00:00,/academic-year-201415/academic-year-201415-november,,"{""node_type"": ""53783729-2e4c-4d95-b3b9-5a5c46531869"", ""revision_uid"": ""3e7cb6cf-3e28-462b-9821-30746a7583c2"", ""uid"": ""3e7cb6cf-3e28-462b-9821-30746a7583c2"", ""academic_year_events"": [""74fe73e4-c428-4af2-9443-12f32764a9e8"", ""382cae75-e1d6-4305-b0d6-168c1099deeb"", ""68383de4-92c1-4580-9e9a-6c1473b1bf53"", ""cdf35bd6-a4e1-4716-a0e1-2207ad09df1d"", ""82490baa-14ac-42ea-87db-8b986dc81540"", ""3cd01b6a-43fe-4484-893a-5dc7096dcf11"", ""fb401cb2-15ee-4f16-aaa1-70654a5265a7"", ""11e11447-3d1f-4f2c-8023-3818c916e0cf"", ""57043028-9610-48ab-9e4a-9c2c5cbb7a3b"", ""17b4a02f-bcf5-492a-a200-70e8669d9e4c""], ""academic_year"": ""0e853e37-9888-4803-872d-3817cb11a6a8""}",vancouver
f5ca7974-fae6-4535-acf3-8b3acca374d3,node--academic_year,16288,True,Academic Year 2014/15 - December,2023-04-13T20:51:48+00:00,2023-04-13T20:51:34+00:00,/academic-year-201415/academic-year-201415-december,,"{""node_type"": ""53783729-2e4c-4d95-b3b9-5a5c46531869"", ""revision_uid"": ""3e7cb6cf-3e28-462b-9821-30746a7583c2"", ""uid"": ""3e7cb6cf-3e28-462b-9821-30746a7583c2"", ""academic_year_events"": [""829da887-f1e1-471c-9ef8-a49e120c0a30"", ""6a37f282-ebf7-42c1-a4ef-1789657fbed3"", ""9f8bf708-c5a6-4c4d-b625-67f75ff7145a"", ""9d7bcb26-8dc1-4d8e-8ee9-abcd7aba3f5f"", ""2c05798b-2f3a-4e29-a49c-a39f3a35223b"", ""574cc889-06ee-47fa-9532-1fbb3b1ab91b"", ""3e3f71c9-ea0e-48dc-888e-c82a5779a009"", ""e40faf09-696a-4ba5-86eb-2fd45bb6514d"", ""06a2d97e-0fab-43b1-bfe2-e2891b293b51"", ""2cd99777-9d54-4ee9-ac9e-1ae81c8a813b""], ""academic_year"": ""0e853e37-9888-4803-872d-3817cb11a6a8""}",vancouver
875ee59e-62f2-47df-8c59-67d0679699f9,node--academic_year,16289,True,Academic Year 2014/15 - August,2023-04-13T20:51:50+00:00,2023-04-13T20:51:34+00:00,/academic-year-201415/academic-year-201415-august,,"{""node_type"": ""53783729-2e4c-4d95-b3b9-5a5c46531869"", ""revision_uid"": ""3e7cb6cf-3e28-462b-9821-30746a7583c2"", ""uid"": ""3e7cb6cf-3e28-462b-9821-30746a7583c2"", ""academic_year_events"": [""fad569d0-ff20-43e0-a618-16f8f5d41498"", ""facc6241-10ff-482d-b52a-a71c8717d7be"", ""c53b91ef-d54a-4dd7-b0ed-00075d7ddf21"", ""21f28b92-9545-447a-9f8f-8d855ae87d8b"", ""e4ea4886-a7c9-4f9e-8efe-7ffab85d04a6"", ""61e19967-44ed-421f-907b-a1b7eac3bb59"", ""350c41e1-1be5-4d12-bc53-412bc42d7826"", ""4a4730fa-5af9-4025-b3a9-d0b7ab652693"", ""f9ded2f7-06cc-4a10-8499-b449e410e76b"", ""d50839ba-9cf3-4608-97a0-18d8909f1d66""], ""academic_year"": ""0e853e37-9888-4803-872d-3817cb11a6a8""}",vancouver
51a3f998-8e5c-4df5-8009-c992322d7607,node--academic_year,16290,True,Academic Year 2014/15 - July,2023-04-13T20:51:51+00:00,2023-04-13T20:51:34+00:00,/academic-year-201415/academic-year-201415-july,,"{""node_type"": ""53783729-2e4c-4d95-b3b9-5a5c46531869"", ""revision_uid"": ""3e7cb6cf-3e28-462b-9821-30746a7583c2"", ""uid"": ""3e7cb6cf-3e28-462b-9821-30746a7583c2"", ""academic_year_events"": [""9628bfd6-932f-459d-b900-1d5a0d112b7d"", ""e753db41-57cc-4729-b4bb-173cad2f93af"", ""a379e79f-17f1-449c-8004-0d2b1cdc76c6"", ""fe754a18-2231-4a57-bf85-f6a4f381379d"", ""155abd69-29a1-4ce1-9e6e-5b1f1fe01700"", ""78d64a5b-83c3-4b06-a8f6-40116d1b474f"", ""14d9acca-a8e6-4f09-a671-e45588d46174"", ""2db1f224-3ac9-42f5-8d67-9e69d1199e81"", ""324c794c-72c6-4894-8c34-414288be7059""], ""academic_year"": ""0e853e37-9888-4803-872d-3817cb11a6a8""}",vancouver
22ac20f1-0270-4918-922b-0600dffbad37,node--academic_year,16291,True,Academic Year 2014/15 - June,2023-04-13T20:51:51+00:00,2023-04-13T20:51:34+00:00,/academic-year-201415/academic-year-201415-june,,"{""node_type"": ""53783729-2e4c-4d95-b3b9-5a5c46531869"", ""revision_uid"": ""3e7cb6cf-3e28-462b-9821-30746a7583c2"", ""uid"": ""3e7cb6cf-3e28-462b-9821-30746a7583c2"", ""academic_year_events"": [""cbf11c8c-d2ee-4c2e-af8f-d401e77431c1"", ""58d8b8ce-4673-4531-9f34-b03542c8feae"", ""16cdaec9-3b99-4d6a-ab91-02f1477a8a7c"", ""25edbc91-de63-463d-af1a-77f3aa7c1df1"", ""3ae88548-fde7-4b6d-b93b-56ec7b8b9fb5"", ""7793e90d-3094-4971-8934-04247487dbae""], ""academic_year"": ""0e853e37-9888-4803-872d-3817cb11a6a8""}",vancouver
363c71ee-a75c-479b-9b2e-0508fe339498,node--academic_year,16292,True,Academic Year 2014/15 - May,2023-04-13T20:51:52+00:00,2023-04-13T20:51:34+00:00,/academic-year-201415/academic-year-201415-may,,"{""node_type"": ""53783729-2e4c-4d95-b3b9-5a5c46531869"", ""revision_uid"": ""3e7cb6cf-3e28-462b-9821-30746a7583c2"", ""uid"": ""3e7cb6cf-3e28-462b-9821-30746a7583c2"", ""academic_year_events"": [""e3dbc90a-cdc3-4c2e-b0c7-7e2a08c1dda6"", ""c27b8e24-3404-42f3-924c-5048953483a1"", ""a15c2507-da3c-43fd-b72a-6ca7f846e74f"", ""3e999d59-1546-4ca6-a41a-180c6eea5f22"", ""c13554ee-7fed-4bb0-823c-86d3bd3dab03"", ""4dda1144-e556-44b0-a1a3-b284b3eaf47d"", ""1f49ca3f-a26f-4564-a3a8-9d2ac5a6374e"", ""cecaa8b9-04a2-4668-bd90-d2859368f193"", ""dec6e72f-9f73-4715-930e-7c697a8dafb8"", ""b5ae88b3-367e-4780-ad31-87c039626b7c"", ""65f65fce-6468-4cae-9ecd-05029d123973"", ""1605e676-05b0-4b2b-a776-7ac06ccd3285"", ""b549f634-617c-48f0-98fe-05c442d0cdb4"", ""7ff03946-6444-40cb-955d-2aafaa136def"", ""38586ecd-0447-4ded-a6b4-b03fea22e7d6"", ""59236ccb-b6da-4095-a2b3-62ceac6213c3""], ""academic_year"": ""0e853e37-9888-4803-872d-3817cb11a6a8""}",vancouver
af05042c-8751-47ad-b7fe-fbeacc26a946,node--academic_year,16293,True,Academic Year 2014/15 - April,2023-04-13T20:51:54+00:00,2023-04-13T20:51:34+00:00,/academic-year-201415/academic-year-201415-april,,"{""node_type"": ""53783729-2e4c-4d95-b3b9-5a5c46531869"", ""revision_uid"": ""3e7cb6cf-3e28-462b-9821-30746a7583c2"", ""uid"": ""3e7cb6cf-3e28-462b-9821-30746a7583c2"", ""academic_year_events"": [""526dad52-01f9-4373-82b1-24d960501eaa"", ""3a1dfbee-cc03-4d3a-b9cd-5a30911023f4"", ""8e96ccb1-c9fd-4d16-a9b6-1b09e0261ee6"", ""0a237776-81d2-488f-a391-76de11d0003d"", ""fedafcad-e818-4d72-be04-07a9659c7769"", ""20e66089-e695-4cc3-938b-bcbc886fc07b"", ""5da9bd33-344c-451d-ad4a-1187b5fd4bef"", ""48d5c230-e083-44a2-99e8-36d6d711f4ca"", ""b6b1378e-aee1-4724-8f19-014771398ea7"", ""66955a0d-e7bf-43ae-a482-d797f99cda15"", ""818b80ab-d554-42e2-964c-e7357b4029ff""], ""academic_year"": ""0e853e37-9888-4803-872d-3817cb11a6a8""}",vancouver
773d64dd-4443-492d-a3c6-1c676bc11c98,node--academic_year,16294,True,Academic Year 2014/15 - March,2023-04-13T20:51:55+00:00,2023-04-13T20:51:34+00:00,/academic-year-201415/academic-year-201415-march,,"{""node_type"": ""53783729-2e4c-4d95-b3b9-5a5c46531869"", ""revision_uid"": ""3e7cb6cf-3e28-462b-9821-30746a7583c2"", ""uid"": ""3e7cb6cf-3e28-462b-9821-30746a7583c2"", ""academic_year_events"": [""5e14db78-a1ab-40fa-a6bf-f3ba590b04f6"", ""d45c60db-e425-4fe7-9c9f-e320d17b00a4"", ""502f9b30-dc52-4631-b212-394360c73a4d"", ""6a5c04b0-1152-4ad9-9a49-f4a3a6d2a2d4"", ""52a45678-d822-4f3f-bf89-23a89ff2cda8"", ""31a30b46-6b1c-484e-a276-dda2324450c1"", ""48a93b92-21ff-4aee-baa6-33df75af8c8a"", ""e271a5ff-036f-40d8-b621-2081fd3c5000"", ""cab950b2-d8ef-41b7-b2a4-eb62063781da""], ""academic_year"": ""0e853e37-9888-4803-872d-3817cb11a6a8""}",vancouver
880a1d89-9268-4240-adaa-a934e57d805c,node--academic_year,16295,True,Academic Year 2014/15 - February,2023-04-13T20:51:57+00:00,2023-04-13T20:51:34+00:00,/academic-year-201415/academic-year-201415-february,,"{""node_type"": ""53783729-2e4c-4d95-b3b9-5a5c46531869"", ""revision_uid"": ""3e7cb6cf-3e28-462b-9821-30746a7583c2"", ""uid"": ""3e7cb6cf-3e28-462b-9821-30746a7583c2"", ""academic_year_events"": [""b4ec9f0a-0674-4252-b367-57ee083782c5"", ""daf56df9-4a3d-425a-a82c-acbc80eaba8d"", ""439cf6d8-d3e7-4705-9115-47341050ac49"", ""d29bae3d-09c4-419e-ac0a-84597d56c2d6"", ""afadb7f8-3146-40f2-b239-727ebdf831ff"", ""30bf64ac-e512-463d-b604-c9fe89697320"", ""fd621923-fb4c-4e1a-bc0a-bafb8414eb02"", ""f2fe7066-a2e4-4bfe-a8cf-5cbf2b31ba17""], ""academic_year"": ""0e853e37-9888-4803-872d-3817cb11a6a8""}",vancouver
b23f5f59-2837-4463-bf07-53732cdb6db6,node--academic_year,16296,True,Academic Year 2014/15 - January,2023-04-13T20:51:58+00:00,2023-04-13T20:51:34+00:00,/academic-year-201415/academic-year-201415-january,,"{""node_type"": ""53783729-2e4c-4d95-b3b9-5a5c46531869"", ""revision_uid"": ""3e7cb6cf-3e28-462b-9821-30746a7583c2"", ""uid"": ""3e7cb6cf-3e28-462b-9821-30746a7583c2"", ""academic_year_events"": [""d89c9faa-60e7-46f6-a0ad-9b23a13f3b3c"", ""f36ea1c3-d7f9-4286-ad21-cf9076a72418"", ""d882da21-945c-45f5-a7d5-5c03f4c543d8"", ""04fd6e4d-426e-44d2-b31b-cf12d6a4a730"", ""b6459a45-2bd7-4a56-a66a-7b949ec68c72"", ""0819af76-2331-4a87-ad07-1b80c03aaad3"", ""6ce6890c-7c7c-4f7f-8922-e4b2d8b7e5bb"", ""4f7e6259-63d2-400e-8c27-5484d60dacdd"", ""839a2024-b8a8-46be-a886-17957fcd473b"", ""38b98802-5155-494a-96c6-0b507f81c651"", ""bfb39d9f-9180-4e7e-91ec-a1c2c6f6a2f5"", ""214d709b-006d-4f35-a374-1d678c9efad6"", ""5d8aec55-01bb-4c3c-bcfe-49a25b3e4fd7""], ""academic_year"": ""0e853e37-9888-4803-872d-3817cb11a6a8""}",vancouver
1ef48e7a-a7b0-48fd-b33e-eb2ee9a119f9,node--academic_year,16297,True,Academic Year 2015/16 - September,2023-04-13T20:52:00+00:00,2023-04-13T20:51:34+00:00,/academic-year-201516/academic-year-201516-september,,"{""node_type"": ""53783729-2e4c-4d95-b3b9-5a5c46531869"", ""revision_uid"": ""3e7cb6cf-3e28-462b-9821-30746a7583c2"", ""uid"": ""3e7cb6cf-3e28-462b-9821-30746a7583c2"", ""academic_year_events"": [""83a94af7-3930-46b8-8a67-879a6d4bc734"", ""893ab81d-c722-427b-8b2d-ac49eca90567"", ""d2d483c2-5b1f-454e-8801-906c0622352d"", ""acfda853-fc86-4045-9562-45907827cb14"", ""62cdb856-b4e8-4d6c-aa91-77ec357d2d9d"", ""cee3dc6d-825a-4ba8-9ec5-4fe81f50c777"", ""3fd4f248-4b12-4fbc-aa9b-ef99e96e8b54"", ""7ec215a9-0764-41e1-97d6-4f7a4bc22388"", ""43c51cbd-897e-46c8-92c7-8d1ccb483f97"", ""87ceffc9-9186-48c3-874e-86112bcada81""], ""academic_year"": ""391d5125-17ec-4c14-8a5c-3945455e6f3c""}",vancouver
1d6ef009-0c6a-4fd8-bd58-3d287babba21,node--academic_year,16298,True,Academic Year 2015/16 - October,2023-04-13T20:52:01+00:00,2023-04-13T20:51:34+00:00,/academic-year-201516/academic-year-201516-october,,"{""node_type"": ""53783729-2e4c-4d95-b3b9-5a5c46531869"", ""revision_uid"": ""3e7cb6cf-3e28-462b-9821-30746a7583c2"", ""uid"": ""3e7cb6cf-3e28-462b-9821-30746a7583c2"", ""academic_year_events"": [""76667dd7-beee-4760-8397-7ce7515d5ff9"", ""e4a6eb19-4787-43b8-bd1c-2b9673a70bfc"", ""dca52310-8cdd-44a8-88ce-5a63a4622660"", ""0435610c-2082-4333-a542-1a975d15d88f"", ""0c585c7f-aee9-45ab-a743-65d26d30da78"", ""ec6e68ab-1c99-4384-a919-964aaf30ef96"", ""366d7f40-778c-4242-824e-cc770318cab5"", ""55704e51-319a-4765-8b3e-a90d7a378bca"", ""3fd6226a-613e-4d0a-82d0-44cd6b46728b"", ""e9020ac2-b83e-4211-b933-07f1e0aefd58"", ""6b199836-9ab0-4509-9f8b-c00609d01265"", ""b93c647e-eb33-4fae-88c0-0df1918d06f4"", ""04087eff-a894-4059-97bc-1517403a8be0""], ""academic_year"": ""391d5125-17ec-4c14-8a5c-3945455e6f3c""}",vancouver
95678849-d808-47cc-a3d5-c1d97e9d431e,node--academic_year,16299,True,Academic Year 2015/16 - November,2023-04-13T20:52:03+00:00,2023-04-13T20:51:34+00:00,/academic-year-201516/academic-year-201516-november,,"{""node_type"": ""53783729-2e4c-4d95-b3b9-5a5c46531869"", ""revision_uid"": ""3e7cb6cf-3e28-462b-9821-30746a7583c2"", ""uid"": ""3e7cb6cf-3e28-462b-9821-30746a7583c2"", ""academic_year_events"": [""bf0cfdd8-56e5-4e20-8087-9d2cacea1199"", ""5cd518cb-9967-401e-8ffe-40517d8c6fbc"", ""72e72945-2889-46b6-bd1f-5d36c277525b"", ""fe9affb0-2cfc-408a-a88d-e6826595bd49"", ""ecff3ef7-7562-40d7-a130-aac2fadfa58b"", ""501126e2-120c-4911-a3fa-09501d9a52f1"", ""16bf98ea-8f01-4e18-ac1e-a2ddb013b2a5"", ""a3eebb6d-e5b2-42f2-8131-2ca51d97a3fc""], ""academic_year"": ""391d5125-17ec-4c14-8a5c-3945455e6f3c""}",vancouver
a7f7ed73-a4ef-4967-b804-93ce9d231197,node--academic_year,16300,True,Academic Year 2015/16 - December,2023-04-13T20:52:04+00:00,2023-04-13T20:51:34+00:00,/academic-year-201516/academic-year-201516-december,,"{""node_type"": ""53783729-2e4c-4d95-b3b9-5a5c46531869"", ""revision_uid"": ""3e7cb6cf-3e28-462b-9821-30746a7583c2"", ""uid"": ""3e7cb6cf-3e28-462b-9821-30746a7583c2"", ""academic_year_events"": [""c3994e59-cfa2-4569-a147-01ffc4b844ec"", ""b1745c04-e67c-459e-822b-20f1c99021b8"", ""43bc0b9d-81b8-483b-a197-44ba4dbe4d0a"", ""97287fdd-51f0-40d8-8064-e63dc86b06f4"", ""d1a117d7-82c1-4343-ab1c-2e3f95e10505"", ""b2499249-ae6f-4979-b90b-00025348026a"", ""70a09fad-5320-4356-b3a3-e00fbab85f36"", ""2f92e244-773d-46f6-89e7-34cdea9b600f"", ""dc0b750f-0280-4e5c-94c3-87c33f00f78a"", ""ea8f4ef5-7650-4266-a970-d7e97dd8f01d"", ""473597ab-9bd7-4aab-8908-4338110204c1"", ""ace911d6-2f44-4a95-96be-31e1bc178fd6"", ""7bf6f870-efa4-40c1-bafb-9c37c3cf30a0""], ""academic_year"": ""391d5125-17ec-4c14-8a5c-3945455e6f3c""}",vancouver
26d07e39-9948-43c3-aed5-cb077f26deb6,node--academic_year,16301,True,Academic Year 2015/16 - August,2023-04-13T20:52:06+00:00,2023-04-13T20:51:34+00:00,/academic-year-201516/academic-year-201516-august,,"{""node_type"": ""53783729-2e4c-4d95-b3b9-5a5c46531869"", ""revision_uid"": ""3e7cb6cf-3e28-462b-9821-30746a7583c2"", ""uid"": ""3e7cb6cf-3e28-462b-9821-30746a7583c2"", ""academic_year_events"": [""97137158-30cd-4015-bbf1-cf499fe1aebb"", ""92830237-ba8e-4b42-aef1-82e70f39635b"", ""436ca3c3-0f1d-4301-9cf0-42a74d615099"", ""698cf532-072d-4766-b3f2-5e59d00b37d0"", ""e9959db3-c40a-4d36-becb-8e249667e996"", ""ab2fe51b-7211-40c8-846f-cf667b04f41b"", ""c6664774-29d3-4b6e-8c62-e004b59efd25"", ""ca6da1c0-d700-4f02-ae62-1f094657d82b"", ""1ce6703f-5526-4b59-8ef2-237571bae8ae"", ""0078ca17-8f89-48ea-bd68-5cf8d413d505"", ""dfeb69a0-12e2-4094-8933-cc0560953c55"", ""fd3bce89-3727-4015-acf1-681480b4fc9a"", ""be60ba4f-65af-44cc-bb62-7a0d71305dbc"", ""8e252349-6c86-4b8d-a274-4c713ad0c820"", ""c62ef799-cacb-4bfe-8817-331f9e70ce83""], ""academic_year"": ""391d5125-17ec-4c14-8a5c-3945455e6f3c""}",vancouver
926dc9f2-0884-4895-a4db-c4c949da1dff,node--academic_year,16302,True,Academic Year 2015/16 - July,2023-04-13T20:52:08+00:00,2023-04-13T20:51:34+00:00,/academic-year-201516/academic-year-201516-july,,"{""node_type"": ""53783729-2e4c-4d95-b3b9-5a5c46531869"", ""revision_uid"": ""3e7cb6cf-3e28-462b-9821-30746a7583c2"", ""uid"": ""3e7cb6cf-3e28-462b-9821-30746a7583c2"", ""academic_year_events"": [""dd8a2c53-cdda-4b80-8708-89c53465fc3c"", ""2ae67eb3-3163-4abf-b87a-2cbf1c979fa4"", ""2ff77ce1-544a-40b8-b74e-22e4742b4819"", ""331c607d-5356-401e-87a2-157834ba4b34"", ""1e85cdc2-d760-41b9-bd46-851d416f4a64"", ""9db6936a-a8e1-4424-86d2-ce0178f957fb"", ""dec58a74-2c9c-4f7d-a873-7a4895e576c7"", ""857b6523-9241-46eb-bdc6-77cd1b6b4861"", ""670b89f1-3c90-4ca9-ab00-88e5dd6650a4"", ""11aa44fb-ea25-4bf4-afbb-687fe32c2518"", ""867f9456-b06f-4c32-ba67-69e8adfd4e2a""], ""academic_year"": ""391d5125-17ec-4c14-8a5c-3945455e6f3c""}",vancouver
082928b6-6cea-414e-93a5-768b0fb669a5,node--academic_year,16303,True,Academic Year 2015/16 - June,2023-04-13T20:52:09+00:00,2023-04-13T20:51:34+00:00,/academic-year-201516/academic-year-201516-june,,"{""node_type"": ""53783729-2e4c-4d95-b3b9-5a5c46531869"", ""revision_uid"": ""3e7cb6cf-3e28-462b-9821-30746a7583c2"", ""uid"": ""3e7cb6cf-3e28-462b-9821-30746a7583c2"", ""academic_year_events"": [""2a2b5e8b-c426-4a8e-b9da-4599e8952861"", ""52ed8574-f304-479a-a202-29d01c6df336"", ""e27a8e89-207e-46f0-8f63-81c3d26c3853"", ""19c46381-39a3-4243-b743-1568bb4420e6"", ""584fd93b-0c5e-4a2b-aebf-34ec1792f84b"", ""7ea2daff-20d1-48de-b64d-3899ed2290cf""], ""academic_year"": ""391d5125-17ec-4c14-8a5c-3945455e6f3c""}",vancouver
85bb8bb5-a244-415a-886a-71fa2c6bf1a3,node--academic_year,16304,True,Academic Year 2015/16 - May,2023-04-13T20:52:12+00:00,2023-04-13T20:51:34+00:00,/academic-year-201516/academic-year-201516-may,,"{""node_type"": ""53783729-2e4c-4d95-b3b9-5a5c46531869"", ""revision_uid"": ""3e7cb6cf-3e28-462b-9821-30746a7583c2"", ""uid"": ""3e7cb6cf-3e28-462b-9821-30746a7583c2"", ""academic_year_events"": [""2258efe1-ff5e-40d6-87c9-3b2c793b5316"", ""a42be13c-f95a-4d5e-90e9-3a901f5eb9f1"", ""1ba10b0b-7039-42ae-8698-5ff7f6b78762"", ""2f86e63d-8971-4b0c-ba29-b1fe527f6d5e"", ""128544dd-9986-4394-852d-ff938b4de9e0"", ""5cb7ffae-bc06-41ec-a6ba-1f1e3dd4fb67"", ""977487e1-2c8c-46c8-b501-b6ded9472c30"", ""2a3b24b4-4bb9-45ca-8dfb-9775bce5f29a"", ""6ab40682-3fa5-4fd5-b6b7-312d6b8566da"", ""483a0be0-433a-44a7-8a68-cf1ffd4b5398"", ""d0d2e999-af55-4751-bc9a-5703b74c3480"", ""a5bbaa11-34b7-400d-8f30-8ed4e1ffe88b"", ""9f5b1d1f-4bae-4cd8-ae8b-519372e7cf66"", ""8b302eea-9820-4751-868c-9f951fbac9a4"", ""e335dac0-c6ad-48b0-bca7-5c8d91d50260"", ""1da8d9ee-cdae-48d2-a4df-86c3089704c3"", ""fc501dfe-566c-4d0d-93a8-aa654ba70db4""], ""academic_year"": ""391d5125-17ec-4c14-8a5c-3945455e6f3c""}",vancouver
88f29e60-cd80-4ea0-953f-a528503cadb2,node--academic_year,16305,True,Academic Year 2015/16 - April,2023-04-13T20:52:13+00:00,2023-04-13T20:51:34+00:00,/academic-year-201516/academic-year-201516-april,,"{""node_type"": ""53783729-2e4c-4d95-b3b9-5a5c46531869"", ""revision_uid"": ""3e7cb6cf-3e28-462b-9821-30746a7583c2"", ""uid"": ""3e7cb6cf-3e28-462b-9821-30746a7583c2"", ""academic_year_events"": [""e21b1d09-9257-4d49-9ae8-78606147c5b4"", ""f06fe478-5fa9-4e97-94b2-2f797c159cbc"", ""3981ca06-2fa5-4585-9a51-7c9a051d2f76"", ""56119b72-f750-41d8-b627-dcadd2d732c1"", ""14b4d15c-97c5-4458-ba79-6250fbf1428e"", ""016f0968-825f-41c7-a79f-790e444fafbc"", ""bdd3e1b9-1127-4b53-9c16-c411bc477703"", ""cd022f6a-4fda-4c2c-89e6-135d694df3b4"", ""7c96e0cc-706d-4a2f-9559-15edcb95f2db"", ""2a412b02-684a-4c38-89c7-474b357a77d9"", ""437de3be-68e4-441f-a05a-77960d71bb63""], ""academic_year"": ""391d5125-17ec-4c14-8a5c-3945455e6f3c""}",vancouver
cb1e2b59-08af-4009-805e-788e82060a39,node--academic_year,16306,True,Academic Year 2015/16 - March,2023-04-13T20:52:16+00:00,2023-04-13T20:51:34+00:00,/academic-year-201516/academic-year-201516-march,,"{""node_type"": ""53783729-2e4c-4d95-b3b9-5a5c46531869"", ""revision_uid"": ""3e7cb6cf-3e28-462b-9821-30746a7583c2"", ""uid"": ""3e7cb6cf-3e28-462b-9821-30746a7583c2"", ""academic_year_events"": [""9d9dbfdb-05ca-48bd-8503-b4e3faf29377"", ""df187ad0-9ccd-4b02-a0ba-deb7d3d084bc"", ""50372ccf-a224-4806-8909-24a53721addb"", ""1b5ee7a5-5cdf-4df8-9513-38893392b7d5"", ""06fdda14-4163-4d82-8d48-597d39371a5c"", ""554fdc53-06fb-478d-801a-aa260d662b25"", ""9b529cf4-b761-41f7-a17a-c39f8ba18c12"", ""6e8c1d93-e5d2-4b67-a54d-43bacd5c041e"", ""0e6c294f-593a-4e6a-ba61-372b94692f39"", ""86fe26a1-a964-4b08-a18d-853625803eb5""], ""academic_year"": ""391d5125-17ec-4c14-8a5c-3945455e6f3c""}",vancouver
75aec93a-b390-4135-a19b-79c433d2b93f,node--academic_year,16307,True,Academic Year 2015/16 - February,2023-04-13T20:52:16+00:00,2023-04-13T20:51:34+00:00,/academic-year-201516/academic-year-201516-february,,"{""node_type"": ""53783729-2e4c-4d95-b3b9-5a5c46531869"", ""revision_uid"": ""3e7cb6cf-3e28-462b-9821-30746a7583c2"", ""uid"": ""3e7cb6cf-3e28-462b-9821-30746a7583c2"", ""academic_year_events"": [""34949bdc-7455-4dfb-97fd-e5b6423a0876"", ""d21a81dd-714e-49d1-95a6-8dd18b77a23a"", ""052cb6e9-53bb-4486-9dec-0bc52e650ef6"", ""2271490b-d388-4d26-9da8-2fad33183af8"", ""7a8dc8ad-25f9-42e3-b186-beb0353cb83a"", ""e55b2a39-b131-4be2-a76e-ca5b989056a4"", ""54ca3eff-daf1-46ea-8632-9e527b4c0b54"", ""73493ba3-7437-4ecc-b56a-52d07ef91398"", ""d6c8d1d9-fed3-44d7-a278-a4553fe60ffe""], ""academic_year"": ""391d5125-17ec-4c14-8a5c-3945455e6f3c""}",vancouver
1f577fda-f634-4db1-a18f-1ab91dc1fb3e,node--academic_year,16308,True,Academic Year 2015/16 - January,2023-04-13T20:52:17+00:00,2023-04-13T20:51:34+00:00,/academic-year-201516/academic-year-201516-january,,"{""node_type"": ""53783729-2e4c-4d95-b3b9-5a5c46531869"", ""revision_uid"": ""3e7cb6cf-3e28-462b-9821-30746a7583c2"", ""uid"": ""3e7cb6cf-3e28-462b-9821-30746a7583c2"", ""academic_year_events"": [""27f7fb1f-8fd4-4563-ae59-eac68021dd53"", ""665052ae-6672-461b-a1d7-3c1b609e74db"", ""65c1e179-2f7f-42a6-8e1a-5dd015ebf169"", ""43cb6c60-4f6e-478a-bf9f-910b752b797b"", ""fd72650b-2524-4cfe-859c-5076dba769b8"", ""1be4176d-9bb9-4795-bbc4-b54155cc6e47"", ""2320a821-a483-4f55-ae26-3b1a7545b617"", ""45c6a2f3-4fe5-45a4-8303-f451b0de1519"", ""0ff9a641-7a2d-4c3a-974c-3d7d8041ccc4"", ""ff574d98-32ef-4a6d-a4f0-02d9ee382d28"", ""257d4938-03d5-4460-afd6-92787eb2fb3b"", ""d854d472-4525-410d-94b7-c4833609c3fa"", ""fed6ad65-8f53-418d-a12a-a296bf8a1952""], ""academic_year"": ""391d5125-17ec-4c14-8a5c-3945455e6f3c""}",vancouver
6e2806b6-9ed5-41ad-b147-9389ebb9d3ad,node--academic_year,16309,True,Academic Year 2016/17 - September,2023-04-13T20:52:18+00:00,2023-04-13T20:51:34+00:00,/academic-year-201617/academic-year-201617-september,,"{""node_type"": ""53783729-2e4c-4d95-b3b9-5a5c46531869"", ""revision_uid"": ""3e7cb6cf-3e28-462b-9821-30746a7583c2"", ""uid"": ""3e7cb6cf-3e28-462b-9821-30746a7583c2"", ""academic_year_events"": [""ce38d18d-98bd-48d4-b3ee-337f192ba088"", ""1417855f-5900-410f-a636-a6299a428c67"", ""a2f5d167-5901-4bf8-9491-f0760ebeedc8"", ""8fd20a5c-9ee5-4b3b-b175-2ab31dc66f8a"", ""d25ecfc3-e61d-44a3-a752-def577da6c89"", ""48637784-4b2d-417c-9667-ec40726c7895"", ""ef241144-0f16-40d0-ad7e-2249feb6beed"", ""f9a07a99-8503-4ce4-bb90-cbf6c2827bb0"", ""b6c18bc0-bb89-4380-be64-6b390bd8d4cc"", ""bef58119-a40a-4054-8fe5-51bfcbe8dcde""], ""academic_year"": ""e07e3b72-1e03-429f-8553-86dd50ae96cb""}",vancouver
579a1418-bf2e-404c-baa2-18c6d9f8acb2,node--academic_year,16310,True,Academic Year 2016/17 - October,2023-04-13T20:52:19+00:00,2023-04-13T20:51:34+00:00,/academic-year-201617/academic-year-201617-october,,"{""node_type"": ""53783729-2e4c-4d95-b3b9-5a5c46531869"", ""revision_uid"": ""3e7cb6cf-3e28-462b-9821-30746a7583c2"", ""uid"": ""3e7cb6cf-3e28-462b-9821-30746a7583c2"", ""academic_year_events"": [""781ab213-4780-49b9-a529-a198cbdfd22b"", ""732dd226-8278-4aeb-95b9-b2cd8f0d3581"", ""80d51bef-4ba3-4176-a929-2bce5a33a7da"", ""0184f07b-caca-42dc-af0a-247b00916a21"", ""b22f33ad-f155-4cdd-996f-0fb1551f3685"", ""9ea38a81-0d66-46e4-b829-221a8fc36270"", ""d4ec19a0-ddc5-4d9a-80d3-3d73d042990e"", ""e24c2ab4-7a43-451f-b7a4-afaa5bfa76a2"", ""7c9832a6-8f68-4e36-b279-add88d4bfee4"", ""8eb3caee-3b2e-46de-b5ee-eca12db69221""], ""academic_year"": ""e07e3b72-1e03-429f-8553-86dd50ae96cb""}",vancouver
d388a224-ff89-466e-bd0e-14980391c475,node--academic_year,16311,True,Academic Year 2016/17 - November,2023-04-13T20:52:19+00:00,2023-04-13T20:51:34+00:00,/academic-year-201617/academic-year-201617-november,,"{""node_type"": ""53783729-2e4c-4d95-b3b9-5a5c46531869"", ""revision_uid"": ""3e7cb6cf-3e28-462b-9821-30746a7583c2"", ""uid"": ""3e7cb6cf-3e28-462b-9821-30746a7583c2"", ""academic_year_events"": [""cca89f57-d4bf-459b-a9a3-8c4951c5f73f"", ""26f6218c-ef42-4907-bf97-8f961159c0bd"", ""31e1d99f-b675-4745-9020-cd98050688aa"", ""8515ca8b-4bef-460a-8c04-843f5616967d"", ""1503c207-d05c-4ea8-9953-126ab62cee0e"", ""5c55f347-354a-41e3-a008-793b887b2b7a"", ""499e2541-f6bc-4cf1-928b-bf261ff7e757"", ""446111f3-208d-4d30-96ca-b2bf8bc57d43"", ""a1314699-c032-4324-aead-5ad3089dc9c2"", ""2f241a2c-8b9b-45d9-b317-9bc526dab141""], ""academic_year"": ""e07e3b72-1e03-429f-8553-86dd50ae96cb""}",vancouver
c133b855-664a-4cbd-a1d0-ffcca551d0b9,node--academic_year,16312,True,Academic Year 2016/17 - December,2023-04-13T20:52:20+00:00,2023-04-13T20:51:34+00:00,/academic-year-201617/academic-year-201617-december,,"{""node_type"": ""53783729-2e4c-4d95-b3b9-5a5c46531869"", ""revision_uid"": ""3e7cb6cf-3e28-462b-9821-30746a7583c2"", ""uid"": ""3e7cb6cf-3e28-462b-9821-30746a7583c2"", ""academic_year_events"": [""e8d2a0d4-02e0-4f6a-a405-7a03b8dab182"", ""4482768d-b58b-4c46-9ad9-3a7c7f531230"", ""196512ba-35d5-4a53-b1ac-19f05bb1970c"", ""6ea614c9-380e-4266-b478-b20e2118759d"", ""7e68d296-bd51-4ac5-858e-2a0e8f83988c"", ""fba04c52-8c3a-4641-a74e-6f10046afc06"", ""ea72f4b6-5cf6-4b7b-a4da-9a59686a7f0b"", ""28ccf4e2-7f4d-461a-ac1a-0fd23284136b"", ""fef13314-8e09-4a42-8b8f-3d3ed9c0bc3e"", ""df80a569-a65d-449e-8084-4cb9f0c1ce8b"", ""f080c744-23f5-43b9-aa65-a841e01e9af9"", ""4af7d270-fe5e-42e0-9b19-0b27aa2e7c90"", ""d2e234c1-a594-4e5e-a5cd-496f1f757c83"", ""1d643d61-bf1d-44d7-8595-bd35cd286641""], ""academic_year"": ""e07e3b72-1e03-429f-8553-86dd50ae96cb""}",vancouver
d7e01406-fb82-4a5d-8cfa-c99aa4830048,node--academic_year,16313,True,Academic Year 2016/17 - August,2023-04-13T20:52:21+00:00,2023-04-13T20:51:34+00:00,/academic-year-201617/academic-year-201617-august,,"{""node_type"": ""53783729-2e4c-4d95-b3b9-5a5c46531869"", ""revision_uid"": ""3e7cb6cf-3e28-462b-9821-30746a7583c2"", ""uid"": ""3e7cb6cf-3e28-462b-9821-30746a7583c2"", ""academic_year_events"": [""f692e9c6-21e6-4adb-b3f0-1b45672e7117"", ""48d9f7e1-c607-41f3-9922-b68f66892040"", ""03a2b201-9a9d-4dbc-89d8-98aebfcd9bc6"", ""9d5e918a-9dd2-4a7d-b9ef-fa803458adb2"", ""0d41bb00-9fbd-4ea3-8485-5453c113075f"", ""d3e407a7-e825-4af5-a5c4-1f781e44dd00"", ""a8455c5a-a70a-4a48-8165-57c1f14c6beb"", ""9810c8f4-0555-49d8-83c2-267f3ebc6aa8"", ""12979578-fdb8-4d85-b839-2ed3b123f182"", ""973e8cf6-3639-4a4f-a5f9-01c2af9a3935"", ""dd4a3740-1d3c-4357-b794-4da258386629"", ""48724d71-e38d-4f06-8684-b0c867f5c7f7"", ""83c503c2-a76f-484b-a94e-8c2f96f394cb""], ""academic_year"": ""e07e3b72-1e03-429f-8553-86dd50ae96cb""}",vancouver
3358d883-a2a8-472e-bbf5-577b82824353,node--academic_year,16314,True,Academic Year 2016/17 - July,2023-04-13T20:52:21+00:00,2023-04-13T20:51:34+00:00,/academic-year-201617/academic-year-201617-july,,"{""node_type"": ""53783729-2e4c-4d95-b3b9-5a5c46531869"", ""revision_uid"": ""3e7cb6cf-3e28-462b-9821-30746a7583c2"", ""uid"": ""3e7cb6cf-3e28-462b-9821-30746a7583c2"", ""academic_year_events"": [""1e8aa270-90f5-4d05-b019-fa61f4e13e2d"", ""bf46aec0-2fc5-410d-a665-a1e964682bd1"", ""ffaeea1f-6b0f-48f1-9cf5-6313db60e72c"", ""6ce940a0-4367-4621-a0ef-7f39e68ceba2"", ""ec3cb821-faf7-44c3-8fdc-cbe9c29390d6"", ""42d61c6c-ed9a-4175-9622-595062f8938e"", ""68daf7a4-b291-4703-9c1b-2f23c3511adc"", ""d21b05ef-6829-4c13-9e87-83a366ad6b5c"", ""52562f41-7c4f-489a-ae44-cdbe2048a3e8"", ""c2284dee-19b2-4252-ba89-170d8c973da5"", ""7ba7f35f-72a7-4f9c-b047-9475ccca9903""], ""academic_year"": ""e07e3b72-1e03-429f-8553-86dd50ae96cb""}",vancouver
d93dcca5-ef62-4587-b291-cd449b0fab45,node--academic_year,16315,True,Academic Year 2016/17 - June,2023-04-13T20:52:23+00:00,2023-04-13T20:51:34+00:00,/academic-year-201617/academic-year-201617-june,,"{""node_type"": ""53783729-2e4c-4d95-b3b9-5a5c46531869"", ""revision_uid"": ""3e7cb6cf-3e28-462b-9821-30746a7583c2"", ""uid"": ""3e7cb6cf-3e28-462b-9821-30746a7583c2"", ""academic_year_events"": [""40c85ae1-4547-4f28-a2c7-f83acf1a1894"", ""0b9e62af-41a1-4145-a2d4-0abccc237c28"", ""34133065-1451-4a4c-b227-0dc7b4337d98"", ""a6022c97-9b21-48e8-a620-8a5ef50cb3e4"", ""fa1763f5-dba2-480d-878b-965572fce8c0"", ""6a601a63-e8c4-4bb9-a4af-30754a265990"", ""618eff71-bc66-47bf-abe2-e1451431180b"", ""5ef38cb1-2004-4f0d-8b51-cecc5cced4a3"", ""bff712b4-f661-4af9-8bcf-e9cb9ee754f1"", ""8d834abd-5b01-49fe-b15f-cb879e0602b8""], ""academic_year"": ""e07e3b72-1e03-429f-8553-86dd50ae96cb""}",vancouver
8d722fd9-9af0-45ee-a9bb-affdfbed9104,node--academic_year,16316,True,Academic Year 2016/17 - May,2023-04-13T20:52:23+00:00,2023-04-13T20:51:34+00:00,/academic-year-201617/academic-year-201617-may,,"{""node_type"": ""53783729-2e4c-4d95-b3b9-5a5c46531869"", ""revision_uid"": ""3e7cb6cf-3e28-462b-9821-30746a7583c2"", ""uid"": ""3e7cb6cf-3e28-462b-9821-30746a7583c2"", ""academic_year_events"": [""a3d01a14-0a0f-46a9-b32f-cd0bce419e7b"", ""7490dbf4-3523-4112-afbe-2f0e2b630da2"", ""339cea89-b4d1-443f-a61e-680329f97246"", ""df9d8bee-f0a5-4787-b781-b9c0a8462245"", ""e9d4fd03-eabf-464f-9e8e-fc820335b7f6"", ""50c7e03a-eae6-4a09-87c9-6a5ac2ee24ee"", ""33ceec27-18cc-409e-8043-358adb4225d2"", ""ee378703-ba86-4c69-8380-e7e09428907f"", ""734c59e8-34be-4549-b1fa-12061142b463"", ""3ffd7b80-15a3-4dc7-b0c3-1cb485c6fd80"", ""32349625-df0e-4706-b811-0c35a02c334b"", ""db52febb-eb6e-41ac-b7e5-dc4e762ec119"", ""8c5dec1b-fffa-43b4-9330-460a4b455c1b"", ""43b037db-cf80-4ed3-baf9-83ccee33a6c6""], ""academic_year"": ""e07e3b72-1e03-429f-8553-86dd50ae96cb""}",vancouver
dcc40b10-c097-4720-831e-6bdd1e7b0d6b,node--academic_year,16317,True,Academic Year 2016/17 - April,2023-04-13T20:52:24+00:00,2023-04-13T20:51:34+00:00,/academic-year-201617/academic-year-201617-april,,"{""node_type"": ""53783729-2e4c-4d95-b3b9-5a5c46531869"", ""revision_uid"": ""3e7cb6cf-3e28-462b-9821-30746a7583c2"", ""uid"": ""3e7cb6cf-3e28-462b-9821-30746a7583c2"", ""academic_year_events"": [""5b7ce172-773b-4089-999b-4722b20f9b0e"", ""bb9c2d1a-0c76-46e6-b1e8-311e75d707ce"", ""32b687c1-462d-44b3-9c8d-533fb1b63a87"", ""86bdfee5-9b95-4161-9634-17ad02e22e72"", ""0c5eaba2-9a51-4f0f-9473-fe16f4d1bbb2"", ""bda6cf57-be2a-49c5-bc68-67ba59bf1e8b"", ""b6b56dc6-58c3-4706-a681-17d53bc1146e"", ""f4c29f8a-031c-4128-8479-87ca4d576f2b"", ""112feb41-320e-422d-a3ef-afcb28126d83"", ""e2616ba4-5dee-4e1f-9ace-16387b532a65"", ""cb29e868-607b-4224-ad6d-dd01da229d39"", ""98f678e1-81f5-49ad-9d42-6acdd824db0b"", ""0f0a6520-f862-4c68-8e3b-707a2941dc18"", ""72ddacbf-d2aa-40c2-b03c-28ce0823e8fa""], ""academic_year"": ""e07e3b72-1e03-429f-8553-86dd50ae96cb""}",vancouver
e0cdcfef-5d2d-48bd-80b1-3b0beb492c1b,node--academic_year,16318,True,Academic Year 2016/17 - March,2023-04-13T20:52:26+00:00,2023-04-13T20:51:34+00:00,/academic-year-201617/academic-year-201617-march,,"{""node_type"": ""53783729-2e4c-4d95-b3b9-5a5c46531869"", ""revision_uid"": ""3e7cb6cf-3e28-462b-9821-30746a7583c2"", ""uid"": ""3e7cb6cf-3e28-462b-9821-30746a7583c2"", ""academic_year_events"": [""e901523c-d5a9-4356-9434-5fe9897819f9"", ""f70cec9a-2b4e-437b-a3f2-06f47bc9a531"", ""73e7157e-b6a4-4548-bc7c-9f9cbbc0f370"", ""f0b7472d-5bcb-408e-b429-5df2d652a3ac"", ""8f3d87bd-e49f-4249-be51-60ee206804f0"", ""5910f25a-f59d-44e6-9458-ab6fce43cb53"", ""daa7ff76-2258-44b0-b5d2-d2060bbc8bfa""], ""academic_year"": ""e07e3b72-1e03-429f-8553-86dd50ae96cb""}",vancouver
8da58469-c4a8-4f47-9b22-7583a35708f2,node--academic_year,16319,True,Academic Year 2016/17 - February,2023-04-13T20:52:26+00:00,2023-04-13T20:51:34+00:00,/academic-year-201617/academic-year-201617-february,,"{""node_type"": ""53783729-2e4c-4d95-b3b9-5a5c46531869"", ""revision_uid"": ""3e7cb6cf-3e28-462b-9821-30746a7583c2"", ""uid"": ""3e7cb6cf-3e28-462b-9821-30746a7583c2"", ""academic_year_events"": [""b5a6c3c6-461d-4548-93cd-ec054ae32309"", ""23bd4ffc-2f5a-420c-931c-8d38de076e26"", ""9c3764a9-0766-4665-bd79-a36137125b37"", ""eb1a046f-6aa4-45c8-8ef3-d0156caada7b"", ""be64b556-2780-4583-b918-d3ec7040272e"", ""60c090b7-94ae-4653-a185-e23b6191e64c"", ""15e77bbe-5938-4889-adbc-be270dc302ce"", ""40569e68-f293-4485-8d0d-052e560018f9""], ""academic_year"": ""e07e3b72-1e03-429f-8553-86dd50ae96cb""}",vancouver
73092942-db39-4165-85f5-d66f0ff80a02,node--academic_year,16320,True,Academic Year 2016/17 - January,2023-04-13T20:52:27+00:00,2023-04-13T20:51:34+00:00,/academic-year-201617/academic-year-201617-january,,"{""node_type"": ""53783729-2e4c-4d95-b3b9-5a5c46531869"", ""revision_uid"": ""3e7cb6cf-3e28-462b-9821-30746a7583c2"", ""uid"": ""3e7cb6cf-3e28-462b-9821-30746a7583c2"", ""academic_year_events"": [""eeb520dd-ca0f-4b1f-b74e-5f42d91bfa9c"", ""39391d48-ffe6-41e0-bf0a-c7d69d342c0d"", ""6423aee3-fe62-4e3f-9c2e-02e09ae0999f"", ""bdae0ae1-bc12-4d29-b773-a9ed1a014943"", ""21c205b4-f5c7-496e-af5e-b651fde4b83c"", ""07e058a1-ed10-40c1-b42e-aef3e05fbabc"", ""ee7c4721-315f-4edc-bf84-b8d6e1b53121"", ""b3d2c425-2267-45e4-86a9-4e1103e1b552"", ""c8ccbabc-4b40-403d-afcf-7a957996cc00"", ""708a7b66-bf00-4168-a8da-6ed0be6656b2"", ""6f94ace9-65de-4c02-bbd4-98d9aeae5f6d"", ""ef86b660-cdfb-4481-abb3-82d44714fdfb"", ""3769303e-f9a7-4ffc-a754-14816cffa24d"", ""534792e9-60ef-49ec-98c9-1779e1b6c7ed"", ""5054b80c-4814-49de-a34e-988896c8c03a"", ""baaeb243-9485-4343-b371-480d42b50c16""], ""academic_year"": ""e07e3b72-1e03-429f-8553-86dd50ae96cb""}",vancouver
9e19d57b-e8de-468a-a5d4-e680c21ac857,node--academic_year,16321,True,Academic Year 2017/18 - September,2023-04-13T20:52:28+00:00,2023-04-13T20:51:34+00:00,/academic-year-201718/academic-year-201718-september,,"{""node_type"": ""53783729-2e4c-4d95-b3b9-5a5c46531869"", ""revision_uid"": ""3e7cb6cf-3e28-462b-9821-30746a7583c2"", ""uid"": ""3e7cb6cf-3e28-462b-9821-30746a7583c2"", ""academic_year_events"": [""f1712da2-372c-4991-8a17-3242a2c2baee"", ""f102c7d8-f023-482f-9961-039fda91be5c"", ""7831d8b4-bcea-4d17-82bc-2ca28b96e05f"", ""a05deaab-f2fd-49c7-ba11-24ab27a854ad"", ""f1164f83-0b7e-4667-bbbb-371068bc8544"", ""7ba628fa-0c37-40bf-92fc-53416cf61938"", ""645a9dd0-106c-45b0-bdbb-fe36286747ad"", ""782c1df5-1e1e-4bfb-bfcc-0a42894ad9fb"", ""36ff4a12-e9f9-45f6-a3ff-0a7f05b26a5f"", ""f82965bf-4323-4a6d-bbd7-f5b5b25016c7"", ""c540a305-c274-4ab1-8624-796198adb810""], ""academic_year"": ""3a8e2d72-c57d-4c8e-b3ff-95bb92de6cbf""}",vancouver
8130f73e-92cd-4cc6-9fd0-494f328e5708,node--academic_year,16322,True,Academic Year 2017/18 - October,2023-04-13T20:52:30+00:00,2023-04-13T20:51:34+00:00,/academic-year-201718/academic-year-201718-october,,"{""node_type"": ""53783729-2e4c-4d95-b3b9-5a5c46531869"", ""revision_uid"": ""3e7cb6cf-3e28-462b-9821-30746a7583c2"", ""uid"": ""3e7cb6cf-3e28-462b-9821-30746a7583c2"", ""academic_year_events"": [""e07a1cbb-46a1-4326-a7cc-432b9b28e5b3"", ""8e225f33-b40a-4f3b-a1c9-84d9f0f178ab"", ""c5d29b7c-28f6-4790-9804-93687996f2dd"", ""209d866c-f2cf-4a85-8831-4cc3cb0e323d"", ""7917f247-adcb-4038-9c68-83b45fd49b60"", ""dd37efe8-c982-4235-95fb-c0a788f51217"", ""b8358d1e-c87b-4c65-b928-f1b7e9976479"", ""78b1095a-ae0a-4363-a875-121e326139e0"", ""cc8cba0b-6e36-46a0-ba44-9a23ba59a388"", ""556f0e75-d411-446e-8510-a3d7043009c1"", ""39cffc98-bc37-48dc-b3b5-c732426d3ee5"", ""65d1f627-7008-4ca4-a962-7577956f08a0"", ""9fdacee2-a485-4837-9bd9-5b005f70ed68""], ""academic_year"": ""3a8e2d72-c57d-4c8e-b3ff-95bb92de6cbf""}",vancouver
e49fde6c-d428-4caa-96b9-822dd8cd76e8,node--academic_year,16323,True,Academic Year 2017/18 - November,2023-04-13T20:52:30+00:00,2023-04-13T20:51:34+00:00,/academic-year-201718/academic-year-201718-november,,"{""node_type"": ""53783729-2e4c-4d95-b3b9-5a5c46531869"", ""revision_uid"": ""3e7cb6cf-3e28-462b-9821-30746a7583c2"", ""uid"": ""3e7cb6cf-3e28-462b-9821-30746a7583c2"", ""academic_year_events"": [""e6b00820-781f-46ea-994f-5bbe1d789df3"", ""86ef0b5e-dfbf-4f81-b562-4cadfd9de1e5"", ""18e8468f-155f-4ad3-a5e0-a1aedeb9ddf3"", ""1e8c2c34-1f7d-4351-8f9a-245486cb9e5b"", ""8afc1bca-6fd5-4659-91e3-01e94586b0cd"", ""70316375-2550-45d4-b63e-db2478c13029"", ""e95b1f45-8df3-4a4f-b9f2-bf4ec89f0372"", ""66c36cc0-c51a-4d27-9980-1a0ef1a4859a"", ""0e087857-f287-46aa-8592-875ef33d8db2"", ""e3703a7b-573c-4de0-896d-bee82d11866b"", ""8211609d-6537-48f4-a982-65efcb610517""], ""academic_year"": ""3a8e2d72-c57d-4c8e-b3ff-95bb92de6cbf""}",vancouver
d056f499-c1a6-4d5a-8073-61c2a1f7d28e,node--academic_year,16324,True,Academic Year 2017/18 - December,2023-04-13T20:52:31+00:00,2023-04-13T20:51:34+00:00,/academic-year-201718/academic-year-201718-december,,"{""node_type"": ""53783729-2e4c-4d95-b3b9-5a5c46531869"", ""revision_uid"": ""3e7cb6cf-3e28-462b-9821-30746a7583c2"", ""uid"": ""3e7cb6cf-3e28-462b-9821-30746a7583c2"", ""academic_year_events"": [""7a0576fb-9169-4997-ae91-ac334719fb23"", ""6d8e03a2-23ef-488f-9550-c36218f1bab3"", ""13f8ac28-a463-47ec-937d-945ae6a2d534"", ""0a72206a-a430-4cf2-9dde-ffea1cfa5976"", ""9052d9c6-c2bb-40bb-b5f6-6dd1aa20ec2b"", ""dddcf0b8-45fd-4cf5-b944-c347e4ec990f"", ""b872ab80-c33b-442c-b6b7-3d626ab54261"", ""cb044fde-1904-411c-b31d-eb232827b0fe"", ""402be354-45f8-4aec-9070-dc6265eb7734"", ""6aa50d41-f122-414f-98d4-cf3e325689c2"", ""84b97dd8-c926-4384-8982-88df0ad4326b"", ""41f8010d-09bc-44d6-96b8-4efbba25e75a""], ""academic_year"": ""3a8e2d72-c57d-4c8e-b3ff-95bb92de6cbf""}",vancouver
ee3752b7-2df3-4974-acc7-2952f9519b0a,node--academic_year,16325,True,Academic Year 2017/18 - August,2023-04-13T20:52:32+00:00,2023-04-13T20:51:34+00:00,/academic-year-201718/academic-year-201718-august,,"{""node_type"": ""53783729-2e4c-4d95-b3b9-5a5c46531869"", ""revision_uid"": ""3e7cb6cf-3e28-462b-9821-30746a7583c2"", ""uid"": ""3e7cb6cf-3e28-462b-9821-30746a7583c2"", ""academic_year_events"": [""d4887bf2-b7b0-4d01-a9d2-65257d124991"", ""77e358c4-8a5f-4512-885f-25d60b62a0f4"", ""51e6f166-ab38-4787-8b9d-656a54355c03"", ""456e06a6-27a4-49b6-9ea7-6e822e2b1a73"", ""72633f60-0b16-46d0-a670-4f51042c90cd"", ""bcb7e516-790d-4a4e-9237-3a4b30866b2c"", ""4a4113ee-5198-438b-be92-d738f2e6bccd"", ""349497b7-0377-4c6c-9ab9-4dd5fea1da47"", ""e365b2b5-395b-4e00-83b8-d3942cff4642"", ""7aaf4360-ec83-4090-84d7-5e2179c1016c"", ""93a3ebc0-4f57-4872-b8d2-ffb043ba255d"", ""8908a247-dbfa-4751-9352-be739bff6a56"", ""4dcc67bb-dd40-4457-9986-9887f63711c9"", ""c8dbdcf2-58a9-48b5-a73f-ab6b7b6b5103""], ""academic_year"": ""3a8e2d72-c57d-4c8e-b3ff-95bb92de6cbf""}",vancouver
6e0ee5f0-8a1b-4113-81cb-57e5dbc3737e,node--academic_year,16326,True,Academic Year 2017/18 - July,2023-04-13T20:52:33+00:00,2023-04-13T20:51:34+00:00,/academic-year-201718/academic-year-201718-july,,"{""node_type"": ""53783729-2e4c-4d95-b3b9-5a5c46531869"", ""revision_uid"": ""3e7cb6cf-3e28-462b-9821-30746a7583c2"", ""uid"": ""3e7cb6cf-3e28-462b-9821-30746a7583c2"", ""academic_year_events"": [""cec752fc-0100-4c1e-a4d8-6e9495310b9e"", ""b6d8eedc-ac0f-443b-aa93-b86fca49e02c"", ""9a5f8b6d-a8ec-4c2f-ba11-b3601f51b6ab"", ""f64c4b7f-3354-4bed-85b1-93cc08aa3c73"", ""00334be2-6f5a-4125-8c83-56c5657280c4"", ""fcf65e46-527d-48a6-a642-7035d61b8abb"", ""fd98bcd3-1306-4366-a3aa-4bf539953b16"", ""ef97a423-5306-41f2-91d2-5401ba1208d2"", ""d9bbdf24-d622-43b3-831c-216fffa073d0"", ""89ceb7c0-bc9e-41ec-921e-18090a6253b9"", ""91ace60b-2f83-451d-a157-59723aa8ac93"", ""feebb693-91d6-42cc-b9ed-bf0580bb487c"", ""907126b1-de96-4e45-9612-3d62f5cc5f2f""], ""academic_year"": ""3a8e2d72-c57d-4c8e-b3ff-95bb92de6cbf""}",vancouver
423281c0-bd51-421d-87aa-f7cadbc13502,node--academic_year,16327,True,Academic Year 2017/18 - June,2023-04-13T20:52:34+00:00,2023-04-13T20:51:34+00:00,/academic-year-201718/academic-year-201718-june,,"{""node_type"": ""53783729-2e4c-4d95-b3b9-5a5c46531869"", ""revision_uid"": ""3e7cb6cf-3e28-462b-9821-30746a7583c2"", ""uid"": ""3e7cb6cf-3e28-462b-9821-30746a7583c2"", ""academic_year_events"": [""bc9093a0-b600-4c5a-8666-9a2bb652fc4f"", ""a0653dce-765a-4ee7-981c-8b58b658fc6f"", ""13c77954-74a7-4eb3-8235-1b11b7c6420f"", ""ff0c91a1-e36c-4125-aea2-8aed561b34fd"", ""638d2ac7-b2ef-4754-aeb3-03bb1d789f65"", ""b07f1963-5d8d-45df-b1b1-7ac7f2d02a26"", ""78c56f41-b9da-4df6-89c6-c60f9e36452d"", ""1bbfba5b-ce52-4349-8f7b-41a546636062"", ""95fa31a6-8052-4afa-9e31-8f76f088526b"", ""47f7a8d7-51b8-4ffb-8330-19c0db97cb55""], ""academic_year"": ""3a8e2d72-c57d-4c8e-b3ff-95bb92de6cbf""}",vancouver
e47ebe23-425a-4913-a81d-f550b5ed6bff,node--academic_year,16328,True,Academic Year 2017/18 - May,2023-04-13T20:52:35+00:00,2023-04-13T20:51:34+00:00,/academic-year-201718/academic-year-201718-may,,"{""node_type"": ""53783729-2e4c-4d95-b3b9-5a5c46531869"", ""revision_uid"": ""3e7cb6cf-3e28-462b-9821-30746a7583c2"", ""uid"": ""3e7cb6cf-3e28-462b-9821-30746a7583c2"", ""academic_year_events"": [""b8073c7f-9703-47e1-9bf5-da2e5698a915"", ""8cf140ca-a63f-4663-9774-ac04dc31b80b"", ""33332294-3d9f-451e-9e74-761930cf3816"", ""6c118ced-7e37-49ab-a04d-b2087147ddba"", ""0492170f-3cc9-436f-b3a1-b2c0b1ff7f8d"", ""24bb69ae-6e13-4d13-af64-965da942c640"", ""fc0a0e3e-ac29-4067-ae88-d533a88611fb"", ""097abad8-6d16-4fa8-878a-ba1383edcf39"", ""56a23be6-1279-4d5d-b12c-1223f520faaa"", ""ccf0532d-4ad4-4285-b48f-9721a2532015"", ""40ae52b2-2071-4910-9de0-339094976ca1"", ""68ea1f54-cb53-4c1b-a4cc-160042a12f47"", ""ea2b5680-e1a9-42e3-a46b-e5c65912344a"", ""da72e991-377b-49ca-ab4c-383358f6c467"", ""b6f15aa4-389b-470f-986e-c5f465986fba"", ""23ac399c-a596-4975-b135-37bfee86a03e"", ""137b7f98-3568-4418-84c1-213810b5a6fb"", ""c1758f99-2384-49e6-aa99-b30168c228fa""], ""academic_year"": ""3a8e2d72-c57d-4c8e-b3ff-95bb92de6cbf""}",vancouver
a90ac1a1-54b9-4fa2-bad3-f9a8b1e71302,node--academic_year,16329,True,Academic Year 2017/18 - April,2023-04-13T20:52:35+00:00,2023-04-13T20:51:34+00:00,/academic-year-201718/academic-year-201718-april,,"{""node_type"": ""53783729-2e4c-4d95-b3b9-5a5c46531869"", ""revision_uid"": ""3e7cb6cf-3e28-462b-9821-30746a7583c2"", ""uid"": ""3e7cb6cf-3e28-462b-9821-30746a7583c2"", ""academic_year_events"": [""2657bd31-8550-4155-a107-0b958378abac"", ""a0a5d82f-3a4c-4fd5-8584-e669d8627663"", ""a93ee712-3029-4139-9921-2eaf5f18478f"", ""057db9f4-3562-4825-bdce-288c57f42148"", ""1bbb9d9d-09d5-4bde-bad1-f3138afc0dc7"", ""9cce48c3-7671-498e-bbe2-6b62a6200bd2"", ""7982dafa-d4fc-4542-8665-1a9f80b97492"", ""386b0031-6d61-468c-899a-dfd0fd1810ef"", ""ef0c6300-f62d-471d-bf95-65f86a2abb75"", ""57167091-f47e-4f91-b066-816dc578f831"", ""0b8b8ab2-f037-4c8e-8baa-7abf624d2f11"", ""d5326fbd-9ebd-4f32-8b0b-4603b036a1c8"", ""f674884f-1660-4c32-b1f9-80f3ce1ed03b"", ""2b6e25cb-9c00-4103-9fdd-1b5de0a15164""], ""academic_year"": ""3a8e2d72-c57d-4c8e-b3ff-95bb92de6cbf""}",vancouver
1e68dd0c-a426-45cc-9187-33586def6bda,node--academic_year,16330,True,Academic Year 2017/18 - March,2023-04-13T20:52:37+00:00,2023-04-13T20:51:34+00:00,/academic-year-201718/academic-year-201718-march,,"{""node_type"": ""53783729-2e4c-4d95-b3b9-5a5c46531869"", ""revision_uid"": ""3e7cb6cf-3e28-462b-9821-30746a7583c2"", ""uid"": ""3e7cb6cf-3e28-462b-9821-30746a7583c2"", ""academic_year_events"": [""9925210a-f6d8-4713-bae9-3ffa5cd4957a"", ""18ed5f61-f2c4-42dd-b78d-4a530a7beed5"", ""9491fe4a-dca9-4882-a27c-82020f31e911"", ""8875a567-43b0-4b4b-89fc-659a8e381943"", ""561b7b08-fd06-47de-9852-3d7b9a1e7e88"", ""9890994f-3fa7-4cb4-9d92-726a7099f207"", ""7a4e94d6-6c00-41d9-b556-04d5f6fee9ae"", ""9d9d00b3-5b8c-4cba-b84c-ff64a3ab0f72""], ""academic_year"": ""3a8e2d72-c57d-4c8e-b3ff-95bb92de6cbf""}",vancouver
1aaf83fc-a4c8-434d-b108-4d1ca89512c6,node--academic_year,16331,True,Academic Year 2017/18 - February,2023-04-13T20:52:37+00:00,2023-04-13T20:51:34+00:00,/academic-year-201718/academic-year-201718-february,,"{""node_type"": ""53783729-2e4c-4d95-b3b9-5a5c46531869"", ""revision_uid"": ""3e7cb6cf-3e28-462b-9821-30746a7583c2"", ""uid"": ""3e7cb6cf-3e28-462b-9821-30746a7583c2"", ""academic_year_events"": [""f0c278fe-cab2-47b4-b930-af396dd16394"", ""44b5647b-8a4e-4ae9-a2b4-68d9c9051150"", ""95be7384-6dcc-4b05-abc7-7d541b091fdf"", ""d5d9e4ec-9dc1-40bc-84d8-8b44e462a79f"", ""91c682c3-dc05-4f91-bc81-87304f76fa41"", ""a8c655ec-ca2b-4918-a673-b43c2a2fd1c5"", ""8b40a58f-9e46-4584-b9a0-f6c2d9f070f2"", ""2dd9620a-5312-4061-b9c9-f742dbe42cc5"", ""5c33703c-c405-4e95-a627-cb45be878400""], ""academic_year"": ""3a8e2d72-c57d-4c8e-b3ff-95bb92de6cbf""}",vancouver
c34f5109-6211-4fe7-8bf8-8c8c432fcb97,node--academic_year,16332,True,Academic Year 2017/18 - January,2023-04-13T20:52:38+00:00,2023-04-13T20:51:34+00:00,/academic-year-201718/academic-year-201718-january,,"{""node_type"": ""53783729-2e4c-4d95-b3b9-5a5c46531869"", ""revision_uid"": ""3e7cb6cf-3e28-462b-9821-30746a7583c2"", ""uid"": ""3e7cb6cf-3e28-462b-9821-30746a7583c2"", ""academic_year_events"": [""f786eaae-3b78-44a3-8fc9-53f4978b9931"", ""9ce970e5-d0d2-4a60-82a8-2613da414c66"", ""44be4b34-5b6b-4bd7-90d8-89f97803cf4a"", ""1f6fe048-96aa-4eb1-80f4-be84f1d79d68"", ""b670d59a-7d3f-461f-9cb4-6597b393aa31"", ""414b1ab8-46cd-43fe-99d9-996b112befd5"", ""bd51d68e-d006-4933-b34e-03342d9f6805"", ""0cbf0f7e-de68-4ee9-a216-8dc0de53e3d7"", ""94a5263a-d92e-46dd-99d4-863cdf028acd"", ""a7743d0f-b8d3-4380-ae00-d57d52fee74f"", ""a0e37a17-010f-40ed-a954-7aa6f1594f76"", ""686c39a5-1fc6-491c-9dd0-97d1ecc4f9a6"", ""f4e9fc6d-65f9-47c3-ac07-97ab072a7343"", ""9f847295-adef-49ab-a6f4-b9ba04015615"", ""bdceaabf-2156-4b9e-be41-7374838cd1f3""], ""academic_year"": ""3a8e2d72-c57d-4c8e-b3ff-95bb92de6cbf""}",vancouver
f996064f-0493-4108-9a19-2c5f926933f2,node--academic_year,16333,True,Academic Year 2018/19 - September,2023-04-13T20:52:39+00:00,2023-04-13T20:51:34+00:00,/academic-year-201819/academic-year-201819-september,,"{""node_type"": ""53783729-2e4c-4d95-b3b9-5a5c46531869"", ""revision_uid"": ""3e7cb6cf-3e28-462b-9821-30746a7583c2"", ""uid"": ""3e7cb6cf-3e28-462b-9821-30746a7583c2"", ""academic_year_events"": [""8b65233b-15f8-45df-8e63-b0306df00647"", ""82bb0fd1-883c-4c93-9a8b-4f0070b4f111"", ""5b629397-3a17-4e0c-b855-c379a1e776ff"", ""86e34035-4e05-400f-8836-20ccd80297bb"", ""413f69d7-34a0-46c0-9b52-141ec6795fd5"", ""ba086889-99c6-4dd8-a1f2-690ad9438cbe"", ""6e9c4fc1-1f9d-4cb2-96a5-4b83d28c288b"", ""01a4bcf3-1dfa-4325-8ce4-48b2feb7dd72"", ""9e838524-b01b-4051-bace-20191457c28c"", ""9c35f8e4-575c-4b25-855c-b7132597c9b8"", ""cc2f9dee-1d60-4f2f-a2eb-d0ba695363d6""], ""academic_year"": ""bfaa03f0-c425-4735-a38b-96587dcdc2d1""}",vancouver
167f1ca5-44c1-4836-b50f-0f5067549894,node--academic_year,16334,True,Academic Year 2018/19 - October,2023-04-13T20:52:40+00:00,2023-04-13T20:51:34+00:00,/academic-year-201819/academic-year-201819-october,,"{""node_type"": ""53783729-2e4c-4d95-b3b9-5a5c46531869"", ""revision_uid"": ""3e7cb6cf-3e28-462b-9821-30746a7583c2"", ""uid"": ""3e7cb6cf-3e28-462b-9821-30746a7583c2"", ""academic_year_events"": [""62fd0c1f-4912-4f27-a5f1-02896d82d392"", ""d2df9306-3e72-401b-9827-14dada98f121"", ""6f71d455-dd40-4700-b77c-1974c976b9d9"", ""44612ad5-7a20-4bd5-98e7-d9c5ffe0a998"", ""aabb61bc-cd9f-4c3d-93e9-908cac1569fb"", ""1268a913-67f7-4404-b11c-a858f968a3da"", ""79de5906-77ea-4de5-bb4d-02633f278261"", ""d51e0209-8f31-4b93-a29a-7d334e682067"", ""207c305d-263d-472b-acb5-946a77ffbd0d"", ""12299f22-d394-4528-ac09-a77b2af2ea98"", ""f293017b-648b-4a65-b787-9121f8742b21"", ""a4f493e6-8dbf-4dea-93d0-f50d772fb562""], ""academic_year"": ""bfaa03f0-c425-4735-a38b-96587dcdc2d1""}",vancouver
70cc6ead-7390-48aa-ad44-40ea5ea37b37,node--academic_year,16335,True,Academic Year 2018/19 - November,2023-04-13T20:52:40+00:00,2023-04-13T20:51:34+00:00,/academic-year-201819/academic-year-201819-november,,"{""node_type"": ""53783729-2e4c-4d95-b3b9-5a5c46531869"", ""revision_uid"": ""3e7cb6cf-3e28-462b-9821-30746a7583c2"", ""uid"": ""3e7cb6cf-3e28-462b-9821-30746a7583c2"", ""academic_year_events"": [""3a656c6d-ee85-4918-9011-f315787ee095"", ""fd772f52-9cfa-4fe9-a3b9-25ecebbcbc55"", ""3ed26ea5-4ddd-4775-b083-e3a58b1409f9"", ""37dd756a-8e77-4840-af2e-e1041c03e5e3"", ""b2fcf218-1a9d-4849-a299-deb74ecb5c34"", ""dc201d96-7b94-4999-b69f-3b0c201d44b0"", ""92ec0eab-4dd8-4d6b-86bf-cea53c8a1e65"", ""f41756b2-5f08-40aa-a5db-b3891bb054ba"", ""8213fcf0-f989-4279-b2c7-dd36d955a9aa"", ""a702bfda-9d04-4f79-ac7f-38411cca38c7"", ""632e3e96-ff1f-4738-af24-46b9d9b3c50d"", ""8027a33e-7621-44cd-bf05-2b88a206ba11"", ""ac0ac2c1-2de3-4870-9984-877e36c5d2f4""], ""academic_year"": ""bfaa03f0-c425-4735-a38b-96587dcdc2d1""}",vancouver
8fcfd7d2-c31f-4d2f-9032-38400cda4412,node--academic_year,16336,True,Academic Year 2018/19 - December,2023-04-13T20:52:41+00:00,2023-04-13T20:51:34+00:00,/academic-year-201819/academic-year-201819-december,,"{""node_type"": ""53783729-2e4c-4d95-b3b9-5a5c46531869"", ""revision_uid"": ""3e7cb6cf-3e28-462b-9821-30746a7583c2"", ""uid"": ""3e7cb6cf-3e28-462b-9821-30746a7583c2"", ""academic_year_events"": [""0d369f68-e12b-4ddf-ad2f-ff285ed4aebd"", ""6af2d28d-2b6c-4ce3-b476-ae6463e554fd"", ""e86ee836-7240-4aca-b549-363b8cdf8e8b"", ""7e5994f7-e999-47d9-8f2b-9ea48b413e31"", ""4888c387-e0ee-4d20-9742-f5b48c47c721"", ""d2a29bc8-0737-44cd-b82e-3c208040613e"", ""2412a8fe-29b8-4b57-9576-6a6c50233440"", ""9d6a2ba8-a88d-4e9b-ba4d-ff1f349d36ab"", ""09bc6e96-24e5-40c1-ada2-e52c8305de4c"", ""e933b128-4ef2-46ad-8cca-17fd98c7cc65"", ""d82f4edc-b02c-47c5-b495-c9a066462aed"", ""e1c70055-ba0f-41e3-8d4c-63ddf17e5e31""], ""academic_year"": ""bfaa03f0-c425-4735-a38b-96587dcdc2d1""}",vancouver
25a3efe1-fe62-4699-b10d-fcd7068d691f,node--academic_year,16337,True,Academic Year 2018/19 - August,2023-04-13T20:52:42+00:00,2023-04-13T20:51:34+00:00,/academic-year-201819/academic-year-201819-august,,"{""node_type"": ""53783729-2e4c-4d95-b3b9-5a5c46531869"", ""revision_uid"": ""3e7cb6cf-3e28-462b-9821-30746a7583c2"", ""uid"": ""3e7cb6cf-3e28-462b-9821-30746a7583c2"", ""academic_year_events"": [""8fff206a-0c16-441b-aab8-84c97186c63a"", ""e1ea1be1-c536-407d-a4ed-8943cdb93a66"", ""e96806d0-dbec-4cd0-9958-c6985dbd0dec"", ""e5797bc3-686e-41e4-ac56-a83764aaa184"", ""c2001859-16e7-406c-8e78-d66f68d4d739"", ""f0b939e4-060f-40a1-aa15-5c147bcc4526"", ""d212b5e3-44eb-4b25-9b05-7b64b16553b8"", ""7ca93e01-e118-4928-b733-7f674564f337"", ""b49d827b-8c06-4354-bce2-39c3bf06ea95"", ""ef87991c-fe3d-46a6-8111-241611ec72f7"", ""7b6fb02e-101c-4399-bbee-3e7da5df7226"", ""ed5c0762-a72e-4251-ab97-d28b9699e75d"", ""6ff3d451-04b9-49be-88ee-041b66ee25f7"", ""bc9fccf4-d74a-4331-8e5a-8c65dcf7fb28"", ""e3801956-a292-4fff-8200-71a4849ca5bc"", ""3f11bdfb-85aa-4947-946c-79ddb340cf20""], ""academic_year"": ""bfaa03f0-c425-4735-a38b-96587dcdc2d1""}",vancouver
710da51e-3c00-42af-bfd0-f34bd1806ba0,node--academic_year,16338,True,Academic Year 2018/19 - July,2023-04-13T20:52:43+00:00,2023-04-13T20:51:34+00:00,/academic-year-201819/academic-year-201819-july,,"{""node_type"": ""53783729-2e4c-4d95-b3b9-5a5c46531869"", ""revision_uid"": ""3e7cb6cf-3e28-462b-9821-30746a7583c2"", ""uid"": ""3e7cb6cf-3e28-462b-9821-30746a7583c2"", ""academic_year_events"": [""cd2897a1-eef3-4da5-b610-4d3efcef2e94"", ""93c8434a-2186-45fb-b47c-0a423707295c"", ""9621e45e-18e7-41c4-8dc3-05195dabf13b"", ""027dd152-aae7-480b-a090-4ac8401404d5"", ""7588d11b-7c61-49d9-9af4-0db983466c65"", ""c2a957cd-fbdf-483a-a094-ca1932bd818b"", ""0663881d-9da7-409a-b7cb-b2d7a4588a52"", ""95dc6d36-3832-4491-8488-df81d4f9442a"", ""433dcfa4-85a2-465a-8f90-daccb9a7a309"", ""c70e0f8e-c468-4733-b80e-563bfa4648c0"", ""6398fef5-9f96-4af6-861d-3c08b2409bfc""], ""academic_year"": ""bfaa03f0-c425-4735-a38b-96587dcdc2d1""}",vancouver
6c080e95-50aa-426f-a784-6a8e6b956aa7,node--academic_year,16339,True,Academic Year 2018/19 - June,2023-04-13T20:52:43+00:00,2023-04-13T20:51:34+00:00,/academic-year-201819/academic-year-201819-june,,"{""node_type"": ""53783729-2e4c-4d95-b3b9-5a5c46531869"", ""revision_uid"": ""3e7cb6cf-3e28-462b-9821-30746a7583c2"", ""uid"": ""3e7cb6cf-3e28-462b-9821-30746a7583c2"", ""academic_year_events"": [""30a112f9-34a9-4f98-bc73-a92c989d95d4"", ""6fe16bc6-fefe-45f6-8ad7-8aa886d4d8ee"", ""b4738e8e-f60c-4e67-8ace-9a95cb39c488"", ""943ce178-853f-4be5-b68c-18eda80c3c29"", ""4d8167c9-47c5-49e6-bbc1-6187c0673934"", ""db047560-8673-4ad4-aad4-d3fc6d366b02"", ""dfefba3e-bcfe-489f-9cd5-2eeb7aac09c9"", ""1bda049f-7428-44f3-a690-604959bb03c5"", ""b8aa0e0e-e9b2-4421-ad82-fad6a14a37fb"", ""39e18f90-ccd8-45dc-98bc-b2d264db8a1b""], ""academic_year"": ""bfaa03f0-c425-4735-a38b-96587dcdc2d1""}",vancouver
0579e511-4d62-4a27-b4d6-f99e9e8c9fce,node--academic_year,16340,True,Academic Year 2018/19 - May,2023-04-13T20:52:44+00:00,2023-04-13T20:51:34+00:00,/academic-year-201819/academic-year-201819-may,,"{""node_type"": ""53783729-2e4c-4d95-b3b9-5a5c46531869"", ""revision_uid"": ""3e7cb6cf-3e28-462b-9821-30746a7583c2"", ""uid"": ""3e7cb6cf-3e28-462b-9821-30746a7583c2"", ""academic_year_events"": [""184fdcdc-ba0c-432e-9eee-5c25c36edb94"", ""791c1e54-b7f2-496a-9d97-1be38671fd56"", ""c9048a51-c05f-4888-a6e5-d9550bd094a1"", ""74b0a79e-808d-4ab1-8d70-dd174b161dc4"", ""65591a7b-56b8-4d44-b8af-d6c85d9ac32d"", ""132a24ec-4815-4ea8-9cd2-23f319537340"", ""b987452b-b587-422f-b066-3fe993cdbb26"", ""855fd6cb-a4d0-4c3c-853d-87e1c12c3836"", ""963d5fd4-e0dc-47e7-8493-90e045f39102"", ""47c8ca57-5114-42e4-b3c0-e856a44e6a51"", ""52408208-79f8-4464-91bf-bd3875aca729"", ""1a06a5c0-7fa2-4770-8931-a234e7540626"", ""d1d82ef0-b417-4d51-a106-8226ea7fcaf7"", ""61a80254-b838-497e-9452-24420130cfe5"", ""2d814fd8-d943-4ec8-84ad-8dd3127a0ad0"", ""70e59628-63d0-4e52-b933-ee2ec3b49407"", ""baf09c79-5b1b-4f22-8be4-491cb91f3b5b""], ""academic_year"": ""bfaa03f0-c425-4735-a38b-96587dcdc2d1""}",vancouver
f9d6d8dc-3202-4714-96bf-d47ebfb6576e,node--academic_year,16341,True,Academic Year 2018/19 - April,2023-04-13T20:52:45+00:00,2023-04-13T20:51:34+00:00,/academic-year-201819/academic-year-201819-april,,"{""node_type"": ""53783729-2e4c-4d95-b3b9-5a5c46531869"", ""revision_uid"": ""3e7cb6cf-3e28-462b-9821-30746a7583c2"", ""uid"": ""3e7cb6cf-3e28-462b-9821-30746a7583c2"", ""academic_year_events"": [""f85bbc03-0654-454f-88b6-57ae4999930a"", ""d1a031e6-803b-428f-a1f3-65edf07234b2"", ""801ea8ff-dbbb-4db4-94c2-0944ad60f2f1"", ""8d047435-95ea-4170-b644-cb3dc04f76e9"", ""831183fe-76c7-4125-87ea-c5ba11c317f9"", ""2836ce2e-e006-43e2-95a7-253c6d46efcd"", ""edc79103-ed91-40b6-bd58-d08e968a6e04"", ""367f304e-294b-4f2c-809a-dd4b746b7a66"", ""ae4b209e-ab72-4961-8961-f83f7b1756c4"", ""93983ef3-5559-4402-bd03-6cbe1cdae912"", ""d1b55e97-d8a8-4d0b-8b2b-6b1b291112d9"", ""52a696cb-1458-41ec-9b6d-73502db36daf"", ""10a190e3-e97c-4b8a-821a-193f8fde45ea"", ""8df69196-4084-4aed-9739-a425ca34b5e8"", ""4cb9fed7-d7c3-4f92-8e31-0323d546c941"", ""d1c5484d-7847-4f53-ad2c-fb9b0aabd17b"", ""250f0709-5d3a-46fd-9e36-6408b74ccff9"", ""137ada1a-c1f9-4b2b-a67f-1a3fa5b892b6""], ""academic_year"": ""bfaa03f0-c425-4735-a38b-96587dcdc2d1""}",vancouver
1835083f-3457-4b3c-8da0-5d06ffe49a1b,node--academic_year,16342,True,Academic Year 2018/19 - March,2023-04-13T20:52:45+00:00,2023-04-13T20:51:34+00:00,/academic-year-201819/academic-year-201819-march,,"{""node_type"": ""53783729-2e4c-4d95-b3b9-5a5c46531869"", ""revision_uid"": ""3e7cb6cf-3e28-462b-9821-30746a7583c2"", ""uid"": ""3e7cb6cf-3e28-462b-9821-30746a7583c2"", ""academic_year_events"": [""ae0bf2f6-7c4e-4334-9b6b-8651d0263db4"", ""12c3af25-a1aa-48c6-94c4-d456eebe4f73"", ""acb1eb3c-00b1-4068-9b4a-ba49b97758d4"", ""88a662d3-2a82-4243-bbb5-761ccd4f6edb"", ""02fba662-03f4-430e-9bda-2c344657aee4""], ""academic_year"": ""bfaa03f0-c425-4735-a38b-96587dcdc2d1""}",vancouver
eb211928-a4b4-42c0-9573-0d6086416ae6,node--academic_year,16343,True,Academic Year 2018/19 - February,2023-04-13T20:52:46+00:00,2023-04-13T20:51:34+00:00,/academic-year-201819/academic-year-201819-february,,"{""node_type"": ""53783729-2e4c-4d95-b3b9-5a5c46531869"", ""revision_uid"": ""3e7cb6cf-3e28-462b-9821-30746a7583c2"", ""uid"": ""3e7cb6cf-3e28-462b-9821-30746a7583c2"", ""academic_year_events"": [""82451001-ac75-48ed-b7b4-4309df163ec6"", ""f60d4278-b29f-4a45-86be-b049f5b4bc0e"", ""234fa767-d11e-4549-b641-74fe8f1c5f28"", ""35e208b2-57ec-4e79-b239-20889be15742"", ""ced38e3b-e37e-45ef-8dce-d790c46143b6"", ""45b4e8ab-258d-435b-b1bf-752f5f9c87d7"", ""f9acc019-d8ee-4434-ae86-0a59f841dc86"", ""38825f7c-d7de-4a74-bf3d-bed57674fd7c""], ""academic_year"": ""bfaa03f0-c425-4735-a38b-96587dcdc2d1""}",vancouver
73f7f9a3-953b-441c-bb24-118628a434c8,node--academic_year,16344,True,Academic Year 2018/19 - January,2023-04-13T20:52:48+00:00,2023-04-13T20:51:34+00:00,/academic-year-201819/academic-year-201819-january,,"{""node_type"": ""53783729-2e4c-4d95-b3b9-5a5c46531869"", ""revision_uid"": ""3e7cb6cf-3e28-462b-9821-30746a7583c2"", ""uid"": ""3e7cb6cf-3e28-462b-9821-30746a7583c2"", ""academic_year_events"": [""4c2bbb27-da1e-4384-99ba-591e5065b24a"", ""2d27c237-6f55-4f54-8d35-62b5ac4277cd"", ""3c607890-fa51-4755-9f6a-330d0c121a70"", ""6e318937-174b-42fe-8edf-015e338d8c63"", ""0218f44e-5fb7-47a1-b69e-911b6171a3df"", ""fc771078-d302-4b73-b89d-d1bb2863955d"", ""31d9e210-450e-42ab-bdcf-f13a68c1b11a"", ""4f13fb23-6644-4683-8ff2-64ac8bfdc4f5"", ""2e3eba84-f32b-4cba-b652-a65e7862ad67"", ""d507049a-3e9f-460a-b50c-d3cb9ffbf6a2"", ""91b0d739-5e58-4a35-bbd9-a89f4cdcb092"", ""60dfa8a1-7706-4ba9-bcac-12907a98b653"", ""fe8f6aa0-04b3-40cd-ad1c-8f852f98250c"", ""262fde76-0891-450d-bf37-df9cda171db0"", ""8f16aa49-afcb-402f-8e00-144a0c501fc6"", ""be194342-dccd-401a-950c-a171d777a4f6"", ""011a5024-5f11-48fe-a766-8d4988d276b0""], ""academic_year"": ""bfaa03f0-c425-4735-a38b-96587dcdc2d1""}",vancouver
3f38c063-4812-409a-a341-575d8df36387,node--academic_year,16345,True,Academic Year 2019/20 - September,2023-04-13T20:52:49+00:00,2023-04-13T20:51:34+00:00,/academic-year-201920/academic-year-201920-september,,"{""node_type"": ""53783729-2e4c-4d95-b3b9-5a5c46531869"", ""revision_uid"": ""3e7cb6cf-3e28-462b-9821-30746a7583c2"", ""uid"": ""3e7cb6cf-3e28-462b-9821-30746a7583c2"", ""academic_year_events"": [""7f13d31d-0e2a-407b-8bc8-683894bffa69"", ""ff5736e9-3217-413a-bd76-c5335e5a63b3"", ""34407fe4-13a8-4e40-8ae3-1017699a08e1"", ""2adad741-5c71-4fa3-97bd-84ff56ef4f12"", ""dafd2bb2-de2d-4243-882c-c51de413dd0d"", ""f6c3f030-13b7-4427-a70f-3dac1e572f7f"", ""b2854708-683a-4dcf-aa78-0e33e5e12cdd"", ""4fda9be8-af2a-43d4-b8e0-2bb147e4cb26"", ""0281f111-d3b0-45f2-aa1c-b75db7d775c6"", ""1977a1b3-4469-4291-82f3-98cf613a1ed2"", ""7a3ed8ff-a1c2-44a9-b04f-9e0434daa663"", ""2fe1bfbb-4502-47c4-8d63-679729eac13d""], ""academic_year"": ""73bc9959-b832-42f2-9117-80fd0b3ac774""}",vancouver
9a1f4ad5-c297-4e37-b2ea-d73482e1a680,node--academic_year,16346,True,Academic Year 2019/20 - October,2023-04-13T20:52:49+00:00,2023-04-13T20:51:34+00:00,/academic-year-201920/academic-year-201920-october,,"{""node_type"": ""53783729-2e4c-4d95-b3b9-5a5c46531869"", ""revision_uid"": ""3e7cb6cf-3e28-462b-9821-30746a7583c2"", ""uid"": ""3e7cb6cf-3e28-462b-9821-30746a7583c2"", ""academic_year_events"": [""b09d651d-4a51-471e-9ec5-ca5b4be9473f"", ""20545655-faa1-4418-bad3-a4b0ef0134f8"", ""1491ed0a-98e4-4941-9150-b9a2a0757f39"", ""e14813ec-2625-4c04-ba61-bdcdae3b1e85"", ""00ccacee-1ae7-4da4-a367-ecabc0e2b0ea"", ""39c7be02-8170-4cb2-b6e2-f7ef036389b5"", ""af0d66e8-6754-4ee3-aadd-fc8b82db2a9e"", ""96c91be9-f8a4-4b16-96bf-22368c6e12e9"", ""92f9e9b7-7ac4-48b7-a20e-ef85e6187992"", ""226bbef6-0d0d-4af3-ab92-20e3d0db58c7""], ""academic_year"": ""73bc9959-b832-42f2-9117-80fd0b3ac774""}",vancouver
08399f41-4933-451b-8f83-d80e23593039,node--academic_year,16347,True,Academic Year 2019/20 - November,2023-04-13T20:52:50+00:00,2023-04-13T20:51:34+00:00,/academic-year-201920/academic-year-201920-november,,"{""node_type"": ""53783729-2e4c-4d95-b3b9-5a5c46531869"", ""revision_uid"": ""3e7cb6cf-3e28-462b-9821-30746a7583c2"", ""uid"": ""3e7cb6cf-3e28-462b-9821-30746a7583c2"", ""academic_year_events"": [""8e8b0f48-cb97-47c2-9ecf-74e8442827c0"", ""30d2e06f-daf9-4d38-b0c5-14bacfe4632c"", ""d067efda-4c88-4c12-94fc-b45e4969f972"", ""904789fe-ca4c-419a-8f64-db79bc9c3fff"", ""9dcbf538-2d4f-4e79-993b-077d51e7f3a8"", ""cfe9d5f6-5ddf-4bb5-a433-1f2c35f8bce0"", ""c69cead3-3ca4-48c3-a1cb-98cc971442b6"", ""3ee2a070-c5ca-40c5-a035-b5d3f357fa34"", ""92c4e367-f46b-4844-824a-1595bf7d2f88"", ""ed63e3d8-4c76-400a-85fd-862029baed0c""], ""academic_year"": ""73bc9959-b832-42f2-9117-80fd0b3ac774""}",vancouver
3fb8629e-b8b2-4dfc-8485-5b17ecf46fe3,node--academic_year,16348,True,Academic Year 2019/20 - December,2023-04-13T20:52:50+00:00,2023-04-13T20:51:34+00:00,/academic-year-201920/academic-year-201920-december,,"{""node_type"": ""53783729-2e4c-4d95-b3b9-5a5c46531869"", ""revision_uid"": ""3e7cb6cf-3e28-462b-9821-30746a7583c2"", ""uid"": ""3e7cb6cf-3e28-462b-9821-30746a7583c2"", ""academic_year_events"": [""7c75fe11-5074-48d5-a05e-9281862b1a0e"", ""b1057f97-846f-4480-888b-1b37c502cfc2"", ""1836e299-91c4-4cdc-9cdc-0316f8cda1a4"", ""c8e59c53-181a-4ddd-985f-2177907ff3c8"", ""e9fa2ad1-0767-4b7d-a4f3-1b5d5d54b7b1"", ""7a7cfccc-eb51-466b-9993-a303b832eca5"", ""e0909e4b-78dc-4e12-853d-c51357e8c2f2"", ""212e8afc-bd2d-4b66-a9fb-371f070623bb"", ""a33d82f0-413a-4968-bd0b-6e3aef5fafd9"", ""aa771826-ed46-438a-ae72-5d399d4f833e"", ""286533f2-9214-476b-a858-5a1ce6748dae"", ""dfeca385-32d6-4bde-9b29-f6ce36bff6d9""], ""academic_year"": ""73bc9959-b832-42f2-9117-80fd0b3ac774""}",vancouver
3d07eb96-cafe-45e2-a2b7-d0283d21e4f1,node--academic_year,16349,True,Academic Year 2019/20 - August,2023-04-13T20:52:51+00:00,2023-04-13T20:51:34+00:00,/academic-year-201920/academic-year-201920-august,,"{""node_type"": ""53783729-2e4c-4d95-b3b9-5a5c46531869"", ""revision_uid"": ""3e7cb6cf-3e28-462b-9821-30746a7583c2"", ""uid"": ""3e7cb6cf-3e28-462b-9821-30746a7583c2"", ""academic_year_events"": [""0f6e2866-0279-4142-8f69-20d8a8f2a8f6"", ""421a9d88-c613-43c7-aa61-730a7830d19d"", ""3f99b110-f861-4395-aeab-f63e0a7e5054"", ""4cf40186-f4d4-4c59-a409-6975af9b25e2"", ""b66465c7-8a32-4691-96f4-e212e237394c"", ""0f1a0a29-8f5f-4b29-8d20-e3c3eca800e6"", ""4c85592a-d8f2-400d-8995-7f7287eaef37"", ""5770c2a1-3c46-4b84-9d18-fc6b67479a73"", ""0132d376-f9e5-4247-8f6b-49c763847720"", ""ce7117fb-182a-4c20-ad02-cd479cfd017c"", ""01a13895-7c23-4897-90be-71db9e3a47d6""], ""academic_year"": ""73bc9959-b832-42f2-9117-80fd0b3ac774""}",vancouver
0794f5a0-4cea-4c1a-b916-d246a7b94a77,node--academic_year,16350,True,Academic Year 2019/20 - July,2023-04-13T20:52:53+00:00,2023-04-13T20:51:34+00:00,/academic-year-201920/academic-year-201920-july,,"{""node_type"": ""53783729-2e4c-4d95-b3b9-5a5c46531869"", ""revision_uid"": ""3e7cb6cf-3e28-462b-9821-30746a7583c2"", ""uid"": ""3e7cb6cf-3e28-462b-9821-30746a7583c2"", ""academic_year_events"": [""04d47eb0-14d6-41ef-a34d-3e8078366300"", ""2f3662dd-e00a-4f57-a90b-b8348de8550b"", ""b1134b80-931d-4578-9fd2-7dc47bce0886"", ""46af562c-fb7a-456a-95c8-b5d00906cf9d"", ""e13b34f5-0187-4b79-80a8-f3b671677adc"", ""ca5fcc22-d412-4bdd-81eb-3b4628cef802"", ""e6b63b85-7aac-47e8-8944-e141b4ff2cfc"", ""19c4d005-aeaa-444b-b11f-ee2f9ef1f9d0"", ""432b154f-13fb-4c79-93f4-4439fc1fab95"", ""72e01856-9df2-4a30-8114-b479e741b40f"", ""af6f330d-d028-4c56-91d0-dc0527565c6a"", ""45032545-498e-431c-aaa2-069b22b41020"", ""5b54c846-186f-4416-9a69-f00c9732cdcc""], ""academic_year"": ""73bc9959-b832-42f2-9117-80fd0b3ac774""}",vancouver
5a5936d0-7af7-4b92-9de3-3d403ee0eb6e,node--academic_year,16351,True,Academic Year 2019/20 - June,2023-04-13T20:52:54+00:00,2023-04-13T20:51:34+00:00,/academic-year-201920/academic-year-201920-june,,"{""node_type"": ""53783729-2e4c-4d95-b3b9-5a5c46531869"", ""revision_uid"": ""3e7cb6cf-3e28-462b-9821-30746a7583c2"", ""uid"": ""3e7cb6cf-3e28-462b-9821-30746a7583c2"", ""academic_year_events"": [""618b7cfd-f202-4014-af7e-522361af29fe"", ""788b1d2a-461e-473a-b267-ecf08412d75d"", ""b92aed49-c421-47fd-a8c0-e78c69b75773"", ""f1144147-addb-4a33-8e8f-c6a132a5aa08"", ""e3e3c8a3-9d0c-41d4-8781-4e74403337b9"", ""ed519a80-c11b-4df1-9759-03078f3e9088"", ""32fb49cf-e562-475f-bb47-e50040c5973d"", ""b437a81e-3056-46cf-86ee-e644b38444ce"", ""063b9759-2248-48d6-886c-226c44db3e16"", ""43a92479-5c2a-4652-81f9-f75e0ada6ab4"", ""ef73b4ae-de8b-4643-9440-0749f542a954""], ""academic_year"": ""73bc9959-b832-42f2-9117-80fd0b3ac774""}",vancouver
8e2e0290-9074-4638-baaa-8cf8e87a4c8c,node--academic_year,16352,True,Academic Year 2019/20 - May,2023-04-13T20:52:54+00:00,2023-04-13T20:51:34+00:00,/academic-year-201920/academic-year-201920-may,,"{""node_type"": ""53783729-2e4c-4d95-b3b9-5a5c46531869"", ""revision_uid"": ""3e7cb6cf-3e28-462b-9821-30746a7583c2"", ""uid"": ""3e7cb6cf-3e28-462b-9821-30746a7583c2"", ""academic_year_events"": [""313e871e-6b7e-4bbc-ad9b-ef2b62367b56"", ""392dcd98-55c0-47a2-87be-47727c76a5a6"", ""62dc0ccf-c306-4be9-8fab-14d576797f5a"", ""d22cef31-b309-4383-b6c2-f40d17e9cba0"", ""12a00673-f17a-4218-87d9-c9207e865aa7"", ""2b50b670-9a3b-4dfc-9d7d-6d1ece6fa09c"", ""f69744d6-a7ab-44b7-ad2d-a87bac758fdc"", ""03c406b6-8f4a-4fb0-845c-d332fb798745"", ""e64ea399-79b5-4b9d-a99e-0ee9d334f8cc"", ""cf6fabff-ea85-482c-ad5c-aa96f6ce7455"", ""dd7cdd25-cdcf-4b20-bef3-38c83b9b1d21"", ""49a71937-d35d-4faa-a47f-3cfe4c4b7678"", ""16fac7ac-959e-4841-855b-87b602842adb"", ""886cc318-d11e-4441-9c60-7845e82a1d61"", ""4bb2b347-d58a-490a-80a0-d14985d02157"", ""7445f681-eead-45b4-951b-3da19ffd788f"", ""147f921b-7cf2-45f1-9a3d-2055178b632d""], ""academic_year"": ""73bc9959-b832-42f2-9117-80fd0b3ac774""}",vancouver
48f9fa83-83ac-4af8-9173-97bc68709139,node--academic_year,16353,True,Academic Year 2019/20 - April,2023-04-13T20:52:55+00:00,2023-04-13T20:51:34+00:00,/academic-year-201920/academic-year-201920-april,,"{""node_type"": ""53783729-2e4c-4d95-b3b9-5a5c46531869"", ""revision_uid"": ""3e7cb6cf-3e28-462b-9821-30746a7583c2"", ""uid"": ""3e7cb6cf-3e28-462b-9821-30746a7583c2"", ""academic_year_events"": [""08dd48c8-92c3-4c6a-8f72-b58153c343b6"", ""b4e709fd-ed2a-4e81-a45b-42f53bbc978b"", ""b68f8977-155d-4849-ae32-e336f8575b6c"", ""6a5f908d-e5f7-466e-a221-31487d436336"", ""f9c13504-37ec-4498-a549-3b6ce2a309fe"", ""edbdfc51-1c9c-4cba-8b5f-a0a287c043a6"", ""25388ee1-f005-4502-887b-8c2275711c42"", ""ea71a620-b3c2-4826-8714-57e4be43919e"", ""697c51e5-3532-4e8f-a852-aff4d7777029"", ""d57badda-ea75-4075-a02d-42bca7763b4e"", ""a3b49c00-34d3-4e82-a985-f6a6c17a8f6e"", ""3fc2b2f5-8885-452d-8217-b038bb802bcf"", ""d9b8ec2d-c612-4ec4-9475-c62feb09aa45"", ""29dfb158-1474-406a-87ee-06aeaedd4106""], ""academic_year"": ""73bc9959-b832-42f2-9117-80fd0b3ac774""}",vancouver
c890aeb3-a5c2-4510-88b1-9e0e873fca6e,node--academic_year,16354,True,Academic Year 2019/20 - March,2023-04-13T20:52:56+00:00,2023-04-13T20:51:34+00:00,/academic-year-201920/academic-year-201920-march,,"{""node_type"": ""53783729-2e4c-4d95-b3b9-5a5c46531869"", ""revision_uid"": ""3e7cb6cf-3e28-462b-9821-30746a7583c2"", ""uid"": ""3e7cb6cf-3e28-462b-9821-30746a7583c2"", ""academic_year_events"": [""13361e89-7aa7-4752-8373-1580b70c48b9"", ""0fb4eb00-431f-452e-b341-4ef8077b72f1"", ""9c52e2c9-1e68-40f3-9b0e-7813dbbdc75d"", ""12b06382-3d4c-470b-aa38-1d582968d8cc"", ""df335e07-e0e2-4255-9bba-9c59e96f5779"", ""b4c23d1c-42e7-4afc-8fe3-d1cc0b361d06"", ""4fcb83ce-aeb4-4bca-bca4-659f0a43d65a""], ""academic_year"": ""73bc9959-b832-42f2-9117-80fd0b3ac774""}",vancouver
49451550-0aa2-4432-84d8-62af9b5752b2,node--academic_year,16355,True,Academic Year 2019/20 - February,2023-04-13T20:52:56+00:00,2023-04-13T20:51:34+00:00,/academic-year-201920/academic-year-201920-february,,"{""node_type"": ""53783729-2e4c-4d95-b3b9-5a5c46531869"", ""revision_uid"": ""3e7cb6cf-3e28-462b-9821-30746a7583c2"", ""uid"": ""3e7cb6cf-3e28-462b-9821-30746a7583c2"", ""academic_year_events"": [""79f8e4a0-30ef-447a-a7fa-d6d7c46d5f0e"", ""ebf75bab-cc98-41d8-8a4d-6fe440cf846c"", ""08bf4827-7618-41a9-b0be-ff21edbab7a1"", ""86d55854-f8e1-4aa3-8ff9-5d06594ab6cf"", ""e37e21e5-0df7-4bb0-abc0-a9cebd537601"", ""3f9d958d-aeca-4f62-90be-a5f4e1266c7d"", ""51fd7939-15d3-440c-93f5-ce68c8185a03"", ""4f99913d-5eec-4aca-9f44-309c93b07aa9"", ""71e4a9ae-77ae-4a18-aa8a-94a54f5cd615""], ""academic_year"": ""73bc9959-b832-42f2-9117-80fd0b3ac774""}",vancouver
e31d5fe0-b2d6-48d9-8225-8863d399affa,node--academic_year,16356,True,Academic Year 2019/20 - January,2023-04-13T20:52:57+00:00,2023-04-13T20:51:34+00:00,/academic-year-201920/academic-year-201920-january,,"{""node_type"": ""53783729-2e4c-4d95-b3b9-5a5c46531869"", ""revision_uid"": ""3e7cb6cf-3e28-462b-9821-30746a7583c2"", ""uid"": ""3e7cb6cf-3e28-462b-9821-30746a7583c2"", ""academic_year_events"": [""e9e08ecf-1579-4859-bd54-517cc621f570"", ""138d0bab-9202-4d14-acaf-f1a42ef60ac3"", ""c715f68b-41f5-4db1-8593-689aad377294"", ""2b80d102-d28a-4966-9254-357eda06ca14"", ""3204fcd4-1678-40c6-80ad-2f6294371dc6"", ""67dc1cb2-9b71-4813-8fed-52438fe6199a"", ""c34d31c3-2e7c-44f7-b3c7-5c8cf4d92394"", ""5f95043e-1657-469c-b577-4382d1c14a65"", ""b7909164-af22-4dad-8289-5e5a0cf56a25"", ""4a8398b2-e1bb-450e-88e9-5e1f9a99b99a"", ""10fdc22c-3415-4851-ba79-fefe3676d289"", ""19267e25-4979-4081-91b4-4e3eee1bed2c"", ""5938b9b7-76ca-49dc-b2d9-189df14afd80"", ""0764c417-5ec2-400a-8e2f-e309334f2019"", ""5757df64-2744-466b-b3e3-920b4e6e61ec""], ""academic_year"": ""73bc9959-b832-42f2-9117-80fd0b3ac774""}",vancouver
50718011-3553-4525-b40d-ea552f22eb61,node--academic_year,16357,True,Academic Year 2020/21 - September,2023-04-13T20:52:58+00:00,2023-04-13T20:51:34+00:00,/academic-year-202021/academic-year-202021-september,,"{""node_type"": ""53783729-2e4c-4d95-b3b9-5a5c46531869"", ""revision_uid"": ""3e7cb6cf-3e28-462b-9821-30746a7583c2"", ""uid"": ""3e7cb6cf-3e28-462b-9821-30746a7583c2"", ""academic_year_events"": [""ca72e237-6b5a-4008-9561-9ebe3468102a"", ""0333aa3f-2927-4a15-8b1b-7ff1e93af459"", ""a84d90c3-7deb-4dd0-b079-7f55207c3135"", ""f760d48c-a30a-4a38-ab53-c0c0834cec12"", ""2375fe24-03c5-4ec0-b5a8-27d8c55cae69"", ""6cf09f53-4d64-46aa-b634-42bc8964e828"", ""4390c6d8-a3ac-4d46-8fb3-357060575c96"", ""9565e9b5-a3e1-4d78-b5f0-ca0f0be1d56b"", ""baa8feef-5389-4d5c-9281-f2fcacade10e"", ""e3e683e0-5a7a-46da-86d8-40a43e7c4bf3"", ""4916d464-7b86-411a-b907-993532002177"", ""bb67133e-315d-4f11-a08c-ef1683063329"", ""9ba34b52-f619-4b7b-b0a2-790c60c448b1""], ""academic_year"": ""2858d464-3602-4e6a-9f8c-9bb6eedb3271""}",vancouver
20f7a7d9-8a89-4b31-9ede-ab1ba46f8197,node--academic_year,16358,True,Academic Year 2020/21 - October,2023-04-13T20:52:59+00:00,2023-04-13T20:51:34+00:00,/academic-year-202021/academic-year-202021-october,,"{""node_type"": ""53783729-2e4c-4d95-b3b9-5a5c46531869"", ""revision_uid"": ""3e7cb6cf-3e28-462b-9821-30746a7583c2"", ""uid"": ""3e7cb6cf-3e28-462b-9821-30746a7583c2"", ""academic_year_events"": [""c687cacf-e3ea-49aa-9872-3c77f692e9e7"", ""758b6fb6-917d-4021-8888-dab4a2753b75"", ""5f5af7d4-3527-4c99-ad5f-20fb7eef880d"", ""9ec9c9d9-8e62-47c9-abcc-b35e91ca5211"", ""d9e0d944-2486-4e1e-b4ce-779aac13e072"", ""0f727eb6-290a-4397-880c-0f57995ef092"", ""f0968986-2988-4f6d-89f3-d6b184a5f75a"", ""024c39bd-166b-4361-9af2-b8d0b27d7afa"", ""a13ba386-c9f5-4e6c-ac43-a3446bbb0a6c"", ""c55f71ec-9e74-4c72-affd-73b7846a9bec""], ""academic_year"": ""2858d464-3602-4e6a-9f8c-9bb6eedb3271""}",vancouver
78b40f01-4b4c-41dd-b5e5-33ff91c49474,node--academic_year,16359,True,Academic Year 2020/21 - November,2023-04-13T20:53:00+00:00,2023-04-13T20:51:34+00:00,/academic-year-202021/academic-year-202021-november,,"{""node_type"": ""53783729-2e4c-4d95-b3b9-5a5c46531869"", ""revision_uid"": ""3e7cb6cf-3e28-462b-9821-30746a7583c2"", ""uid"": ""3e7cb6cf-3e28-462b-9821-30746a7583c2"", ""academic_year_events"": [""45a82832-4a21-43af-a727-9582e3e749b9"", ""3d67708a-c36f-4cfe-9f8a-119575622322"", ""5e82d4c7-2ba2-4248-a306-ba3952f0759b"", ""29d4b830-d666-46be-ba59-924c21acf2fb"", ""ffb15188-2c65-4564-8656-a839803722e9"", ""edf4c881-fe74-4f6e-883e-287a61c93237"", ""c787551a-b2c1-4791-a5e1-2c676cfe7d4f"", ""59fa879b-10ad-498f-9ea3-88c19524a406"", ""ddd86537-3a14-4a7b-828b-4426b5b6d8ba""], ""academic_year"": ""2858d464-3602-4e6a-9f8c-9bb6eedb3271""}",vancouver
5ef1fcd9-13d6-4328-89e2-4d83e4e954b5,node--academic_year,16360,True,Academic Year 2020/21 - December,2023-04-13T20:53:02+00:00,2023-04-13T20:51:34+00:00,/academic-year-202021/academic-year-202021-december,,"{""node_type"": ""53783729-2e4c-4d95-b3b9-5a5c46531869"", ""revision_uid"": ""3e7cb6cf-3e28-462b-9821-30746a7583c2"", ""uid"": ""3e7cb6cf-3e28-462b-9821-30746a7583c2"", ""academic_year_events"": [""49e8d6ba-bb96-4d46-9640-5714aa01abe8"", ""959c6f05-6871-4d40-a227-aa019db4ae1d"", ""7eaf5a17-9abd-4c99-a63c-3e2cefb5e36c"", ""17eaf9b1-97fc-4621-9f9d-b517b2972d0b"", ""d43f6ca2-2c03-4f45-8b35-a937a0d59865"", ""a4f15e0e-81df-416e-88f8-6ae5c2f26a94"", ""80039439-86ff-4f61-b5b0-a6f3f4aaa21e"", ""85db3f44-8aeb-40f3-9268-86e90a9e890d"", ""68e3ad2a-4805-4a7a-8193-2502682d92fb"", ""00635349-011f-41f1-84fb-0378b793dc40"", ""ee60c15f-dc2a-41dc-ac64-b963715048fa"", ""f0a2930d-64e1-4b57-b7ce-ab9ecdac9a73"", ""52a927c8-96ee-4863-9fbb-7be6a844faac"", ""f37eb346-a382-4054-8b27-fc45eecc0015"", ""1df2b84a-faea-455e-b2dd-2aad67aeb8dd"", ""453d4592-b611-4a4a-8362-fdf1ed09876b"", ""1072ada7-1b98-41e6-b341-77c2bb5c25ed""], ""academic_year"": ""2858d464-3602-4e6a-9f8c-9bb6eedb3271""}",vancouver
c2a11c94-e296-4a09-9cda-134f703533bc,node--academic_year,16361,True,Academic Year 2020/21 - August,2023-04-13T20:53:21+00:00,2023-04-13T20:53:09+00:00,/academic-year-202021/academic-year-202021-august,,"{""node_type"": ""53783729-2e4c-4d95-b3b9-5a5c46531869"", ""revision_uid"": ""3e7cb6cf-3e28-462b-9821-30746a7583c2"", ""uid"": ""3e7cb6cf-3e28-462b-9821-30746a7583c2"", ""academic_year_events"": [""a9a78bd9-515e-4673-bfdc-e475179360d1"", ""d55e0739-2a7a-4632-bc07-cab5f38f1498"", ""fed3012e-69a7-42ec-ab4a-f0736225da60"", ""95a838a4-1520-4618-879a-0a517ef56b1d"", ""66b0aa72-941f-4add-8181-4f15046adbd9"", ""27ced900-f10c-418a-997b-7d7b3ec8fa99"", ""a2dfffd7-3bc5-443b-b19d-e53a8d93be2e"", ""82b7159c-6a7d-4513-b9ce-1397a70677c6"", ""8fa48c15-40b7-4130-a1a1-c3fd804705f3"", ""4d4abb1f-5090-4298-aa46-0ee01b30aa0f"", ""0506233a-928c-4057-ae9f-af8ee6057f2e"", ""305caf03-b587-41b8-9554-e51ce1a11ee0"", ""14a2b4e3-877b-4f95-94bf-db3e4c44270a""], ""academic_year"": ""2858d464-3602-4e6a-9f8c-9bb6eedb3271""}",vancouver
faba8a4c-e81d-44c7-bbd0-f0ee752ba84b,node--academic_year,16362,True,Academic Year 2020/21 - July,2023-04-13T20:53:24+00:00,2023-04-13T20:53:09+00:00,/academic-year-202021/academic-year-202021-july,,"{""node_type"": ""53783729-2e4c-4d95-b3b9-5a5c46531869"", ""revision_uid"": ""3e7cb6cf-3e28-462b-9821-30746a7583c2"", ""uid"": ""3e7cb6cf-3e28-462b-9821-30746a7583c2"", ""academic_year_events"": [""45ee05d2-c7f8-4631-9b64-9631d251acf8"", ""341b9e98-a890-4d61-b747-2071ee16a5e4"", ""43e85805-1cf0-4893-baf2-673a912bb72d"", ""35c88663-97b4-4574-af8a-01b1fcf5991c"", ""a371f6da-3135-4c2b-b88a-2a5c36dcd43d"", ""985c2a1f-a4c3-4009-a188-5cd3340f357d"", ""33dc7234-6e5d-4a9a-9d1c-ab993b19a278"", ""a3c8ef46-2fd4-4c94-bde3-6192d24e8087"", ""fed6e072-3460-4a3f-b0a1-9e0385b94dcf"", ""b7b26dd7-d315-4f2f-8a72-e72c977c89e3"", ""1b7eb217-7f8e-40fd-9d6f-ca73277b0b43"", ""e0793d1e-7ace-47cd-a3d8-2e2be1697613""], ""academic_year"": ""2858d464-3602-4e6a-9f8c-9bb6eedb3271""}",vancouver
57a98a15-fcb1-4dbe-a881-5b31107f28e1,node--academic_year,16363,True,Academic Year 2020/21 - June,2023-04-13T20:53:24+00:00,2023-04-13T20:53:09+00:00,/academic-year-202021/academic-year-202021-june,,"{""node_type"": ""53783729-2e4c-4d95-b3b9-5a5c46531869"", ""revision_uid"": ""3e7cb6cf-3e28-462b-9821-30746a7583c2"", ""uid"": ""3e7cb6cf-3e28-462b-9821-30746a7583c2"", ""academic_year_events"": [""a96b292e-4902-4761-bc70-d5cb22dbf2b2"", ""014c7a7b-4d49-4a3b-98dd-10e5d112bdee"", ""e0fc2cb4-993d-423d-b8d4-0a6fc75c13c5"", ""679bd642-0759-42b6-b2f6-387785a89e34"", ""5d874c77-1e69-44a6-a5e1-6d6f39876200"", ""9a9084ea-73bd-47ff-a6fa-515314274131"", ""b7536c10-8b82-4514-955c-fe36becffe9d"", ""f864d6dc-9a8a-4479-8c4e-3818ec79d6bb"", ""9bfbf7e6-281f-4af3-9f0b-a0b12573ead0"", ""9c052134-86af-4a5c-b5ed-69078f56b4ea"", ""00409c41-be60-4dc9-a0e6-ddcd1bfa58da"", ""fa87b2ea-abec-4fc8-b148-a7bd6ccf62be""], ""academic_year"": ""2858d464-3602-4e6a-9f8c-9bb6eedb3271""}",vancouver
e102a8dd-4147-4612-9ebe-e2e7fae95577,node--academic_year,16364,True,Academic Year 2020/21 - May,2023-04-13T20:53:25+00:00,2023-04-13T20:53:09+00:00,/academic-year-202021/academic-year-202021-may,,"{""node_type"": ""53783729-2e4c-4d95-b3b9-5a5c46531869"", ""revision_uid"": ""3e7cb6cf-3e28-462b-9821-30746a7583c2"", ""uid"": ""3e7cb6cf-3e28-462b-9821-30746a7583c2"", ""academic_year_events"": [""f75b06b6-f39c-4d38-855e-0b673d9f40f2"", ""5f85441d-af84-4fb4-96ad-83e4ba25cafc"", ""f291d904-808d-4a95-a0e0-0ccdf14ff13c"", ""c2a11dfe-def4-43e3-b5a7-90be41ad1e08"", ""4a46aab5-9fae-484f-aa45-6b88d329d78f"", ""63c81dac-b272-4915-9a2b-13f43f44dfad"", ""97e4eeb2-01d9-4d98-b0dc-79cd86189628"", ""3b9a6da1-d649-4c69-abc7-ad72af96deeb"", ""f7249e3b-4dfd-4b71-a059-25806c22d468"", ""a83f4667-0726-4b5a-86b7-3ac8b2ba6aeb"", ""a685086f-b222-4a66-9692-17a7d3b50cca"", ""dce00af0-1da7-4b07-ae9c-473977407300"", ""ed4a3433-ec0f-4fe8-81dc-61de6b8c5e9c"", ""5e231096-a782-4df6-aed1-54cf1b647574"", ""782acedd-70b4-4ded-942a-36a2e33b62e9""], ""academic_year"": ""2858d464-3602-4e6a-9f8c-9bb6eedb3271""}",vancouver
da98ca2c-48b8-4825-8922-854b3eef0dd1,node--academic_year,16365,True,Academic Year 2020/21 - April,2023-04-13T20:53:25+00:00,2023-04-13T20:53:09+00:00,/academic-year-202021/academic-year-202021-april,,"{""node_type"": ""53783729-2e4c-4d95-b3b9-5a5c46531869"", ""revision_uid"": ""3e7cb6cf-3e28-462b-9821-30746a7583c2"", ""uid"": ""3e7cb6cf-3e28-462b-9821-30746a7583c2"", ""academic_year_events"": [""2f2a17fc-a85a-41fb-bdff-852a7cf2d782"", ""80cd6652-73fd-42d5-8ef4-4b24a8cb9851"", ""5513c6ce-9bdf-4c35-9529-c6169e09fb2c"", ""ecd9c474-fc39-46ce-a59a-3f01feb1dfe7"", ""3ba1cf2c-8237-44dd-af9f-a6308d41a05d"", ""815802df-8a7a-4c63-b1e5-152ad87886ff"", ""59163ad5-b530-4afe-8007-90f5b22ede6b"", ""decffac4-6396-479b-833c-2ef604ecf54f"", ""21fac804-5bdd-4b75-95db-6d6bae0133fb"", ""fad93532-dd44-4bab-8168-de25b3ca704f"", ""c5db373a-8554-4873-93d8-c8f2757ce40c"", ""765214b3-68b1-4344-ad37-9ec3dfeec112""], ""academic_year"": ""2858d464-3602-4e6a-9f8c-9bb6eedb3271""}",vancouver
548bdf25-e2a9-4021-9670-e2e35dc47bec,node--academic_year,16366,True,Academic Year 2020/21 - March,2023-04-13T20:53:26+00:00,2023-04-13T20:53:09+00:00,/academic-year-202021/academic-year-202021-march,,"{""node_type"": ""53783729-2e4c-4d95-b3b9-5a5c46531869"", ""revision_uid"": ""3e7cb6cf-3e28-462b-9821-30746a7583c2"", ""uid"": ""3e7cb6cf-3e28-462b-9821-30746a7583c2"", ""academic_year_events"": [""3fcf7161-c055-4d8f-b76b-965a644c8420"", ""cc332fe5-de8d-4953-8a59-fb478443763c"", ""13c625e4-f6a7-40bd-ac81-0fe6eb526581"", ""04229caa-e3b5-4d60-acca-2f90cbaa8ff0"", ""823c0597-1aed-4363-8342-9ca66d81cd0e"", ""5ae304b0-0e82-414c-8d36-466cd1c26903"", ""4b7e6337-1b09-4973-8d2a-46814befa099"", ""a6e76e2a-9c5a-4643-b9f7-54fa22ecc9e6""], ""academic_year"": ""2858d464-3602-4e6a-9f8c-9bb6eedb3271""}",vancouver
7805b75e-ad8f-4f38-b553-8247839dd2fc,node--academic_year,16367,True,Academic Year 2020/21 - February,2023-04-13T20:53:26+00:00,2023-04-13T20:53:09+00:00,/academic-year-202021/academic-year-202021-february,,"{""node_type"": ""53783729-2e4c-4d95-b3b9-5a5c46531869"", ""revision_uid"": ""3e7cb6cf-3e28-462b-9821-30746a7583c2"", ""uid"": ""3e7cb6cf-3e28-462b-9821-30746a7583c2"", ""academic_year_events"": [""c5a5a5d6-96ce-48f7-ae5c-376763008113"", ""6309087a-08ea-47fd-8c6b-234bca32b21b"", ""6ff29670-0995-4767-a388-7f2ea53718b9"", ""d13fe23a-b6da-4e73-8e58-c55724b0f685"", ""0ecd895e-95c4-49cf-8f8a-0fa85636d6fc"", ""f6836e56-cd06-489c-8b38-0f5c6a853c0a"", ""7abda12a-ef7b-47d6-aa9e-0e3a02cbbbe9"", ""7771abf8-db6d-423d-8d5b-3b4e871bb721"", ""5af49c42-bb05-4ff6-a873-b3846ccc94ed"", ""161e9708-0784-4c48-b5c8-ca3486b8e91f"", ""d8564172-1038-458e-8f03-96cabc6ad59a"", ""37c295d0-528c-468e-9247-c8bce0315c78""], ""academic_year"": ""2858d464-3602-4e6a-9f8c-9bb6eedb3271""}",vancouver
ca8ac335-61be-41b7-b871-3d06952c095c,node--academic_year,16368,True,Academic Year 2020/21 - January,2023-04-13T20:53:27+00:00,2023-04-13T20:53:09+00:00,/academic-year-202021/academic-year-202021-january,,"{""node_type"": ""53783729-2e4c-4d95-b3b9-5a5c46531869"", ""revision_uid"": ""3e7cb6cf-3e28-462b-9821-30746a7583c2"", ""uid"": ""3e7cb6cf-3e28-462b-9821-30746a7583c2"", ""academic_year_events"": [""b1327efc-a897-477b-8e6b-f599b83733a8"", ""d308b3ca-c96c-4a20-ba2a-c163f3cc208e"", ""03269204-aef8-4c1b-9513-390d1a1ce277"", ""43972cfc-0b0a-4f05-99f0-c6e329c6f151"", ""971e4f9c-c367-4779-aedb-669ade04e2c5"", ""1a1562be-ff7c-4083-abb7-d2ff9adc1fc4"", ""6475c298-9140-46d7-9f19-6ef463238f84"", ""43397f25-b8df-447b-aed2-6bffc024b94d"", ""a0481e4f-1562-480d-8f5b-b0d778263152"", ""26c744bd-0b7b-4f4c-80a9-cb977d8ba2bb"", ""b0465787-7052-4f60-9994-d9fe4b3fd105"", ""6736fdfe-3f59-4cfc-aa8a-6da4023b309b"", ""1d6c5107-30e5-48ed-a13e-3cc2cbcd9de6"", ""bba1efb4-11b1-4939-846a-f940310d9baf""], ""academic_year"": ""2858d464-3602-4e6a-9f8c-9bb6eedb3271""}",vancouver
b9023917-aff8-4f53-ac08-71d20a6206e6,node--academic_year,16369,True,Academic Year 2021/22 - September,2023-04-13T20:53:27+00:00,2023-04-13T20:53:09+00:00,/academic-year-202122/academic-year-202122-september,,"{""node_type"": ""53783729-2e4c-4d95-b3b9-5a5c46531869"", ""revision_uid"": ""3e7cb6cf-3e28-462b-9821-30746a7583c2"", ""uid"": ""3e7cb6cf-3e28-462b-9821-30746a7583c2"", ""academic_year_events"": [""d0d57227-6e79-4e12-b0dd-dc1c1a7144c0"", ""73daaa67-f82b-4e90-951a-46fbe88c75ea"", ""2f306417-7498-4e96-a371-2fd020a8f74d"", ""500d9629-8b96-4867-962d-d5304ce7d4a7"", ""ccd9089f-3156-4bbe-8129-c19b8c3fb992"", ""f258a6e8-76af-42a0-86d9-864479705be1"", ""95dd0e08-e203-49d1-8360-4d9c6ee810eb"", ""9c04ec10-1624-4655-8ac0-b186b4af5b83"", ""8221b90f-c451-4e05-b7da-be03d4613967"", ""0c4b1e83-ce7b-416c-9fc1-9576394f4e21"", ""c5fbe741-5ab5-4788-b3fa-39b5c5f897ff"", ""d2be6822-5436-44a7-ad19-47f0d9699463"", ""d257baec-f106-4de7-9a04-be34d76036e4"", ""ef6f6dc6-f37c-42db-93f0-1c381f986d3d"", ""71b5825a-36fe-4562-8e08-1cf7f31c78d9""], ""academic_year"": ""aef4bd69-5617-4f20-8a2a-c5c345433e34""}",vancouver
6f094a65-73aa-4b96-9d77-f8c378242734,node--academic_year,16370,True,Academic Year 2021/22 - October,2023-04-13T20:53:29+00:00,2023-04-13T20:53:09+00:00,/academic-year-202122/academic-year-202122-october,,"{""node_type"": ""53783729-2e4c-4d95-b3b9-5a5c46531869"", ""revision_uid"": ""3e7cb6cf-3e28-462b-9821-30746a7583c2"", ""uid"": ""3e7cb6cf-3e28-462b-9821-30746a7583c2"", ""academic_year_events"": [""dd85dcdb-6c38-421c-9858-874c966d3b51"", ""a0356cce-fedb-493f-9a70-53ee5f451c27"", ""6299b483-724e-40f1-b4c6-782537c96c8d"", ""dceea416-c199-45b4-b115-1fd922f1249f"", ""e8adaf73-7479-49b2-bd5e-36b112160658"", ""3bfc869f-1e78-4a11-bf30-39175de30060"", ""64f4cb70-cf0c-4996-9efa-3bfc58beedfe"", ""1428971d-50bc-4787-9d60-cd74ff798de8"", ""361d6f52-ad46-4ca7-9a4a-e73d6bd4ead9"", ""4824819e-9bea-4d9a-a810-064a56943b5b""], ""academic_year"": ""aef4bd69-5617-4f20-8a2a-c5c345433e34""}",vancouver
7eb8b6e6-b31c-4a96-a39f-6286c330c249,node--academic_year,16371,True,Academic Year 2021/22 - November,2023-04-13T20:53:29+00:00,2023-04-13T20:53:09+00:00,/academic-year-202122/academic-year-202122-november,,"{""node_type"": ""53783729-2e4c-4d95-b3b9-5a5c46531869"", ""revision_uid"": ""3e7cb6cf-3e28-462b-9821-30746a7583c2"", ""uid"": ""3e7cb6cf-3e28-462b-9821-30746a7583c2"", ""academic_year_events"": [""eb08b06a-e6e8-46d1-a23a-84fa27713afe"", ""b6a92652-c39a-4af2-ae37-ddf084c9d0af"", ""d9dfaca2-f18b-4b19-9e11-65d7cf449c06"", ""905e99a7-3550-4ab5-b61e-090fd6392e17"", ""82c5a66b-2599-472c-97ac-56ec15ffe9ef"", ""c88b393c-55ab-400e-8a46-86f62f4d71b6"", ""308d1acd-fb2f-479a-983a-443e164ca4a4"", ""6340596b-0ae0-4c1e-bd94-f7ed012ddf75"", ""1b71d85b-21c3-4e05-a03a-b96e6ea5d474""], ""academic_year"": ""aef4bd69-5617-4f20-8a2a-c5c345433e34""}",vancouver
0bc1a590-f35e-406f-88a9-0682f1f078d2,node--academic_year,16372,True,Academic Year 2021/22 - December,2023-04-13T20:53:30+00:00,2023-04-13T20:53:09+00:00,/academic-year-202122/academic-year-202122-december,,"{""node_type"": ""53783729-2e4c-4d95-b3b9-5a5c46531869"", ""revision_uid"": ""3e7cb6cf-3e28-462b-9821-30746a7583c2"", ""uid"": ""3e7cb6cf-3e28-462b-9821-30746a7583c2"", ""academic_year_events"": [""8ce1b0e6-6a23-4f5b-8f9b-bfe1b148f7d7"", ""84c64e2e-3eb6-43a0-b092-ef8ed9e1db6f"", ""1f1700c6-50f2-4a71-8d4b-2a1118c39c72"", ""3febde61-9af9-4bba-8b67-6d660081201c"", ""e4bae1c6-efce-407e-a6cb-d2bbc584f6df"", ""d9bfc719-d7cb-4d99-8ca9-2c006bfc97f5"", ""43e1493f-0d88-4bc1-9f28-8948eac60258"", ""79a10a71-a597-4682-b3be-d48d3c049809"", ""2703bd55-0f44-4a93-9641-4ec6f12f33ae"", ""23c43e89-4589-44a8-bbb5-2f66fa4951b9"", ""ab2049d8-bf27-4d0b-94f5-2f7ef9e9255d"", ""3a5990bb-b572-4f32-873a-7e2bc4a975e0"", ""b9ce4ef9-2886-4faf-ad5d-e39b9836ffd8"", ""251c1d0c-c520-4796-ad02-c0130becb431"", ""08c95c0a-e1fb-427c-8b34-66a1ba80a1f2"", ""51792ce9-7b02-440a-b5f6-8d9aeefb6e50"", ""ee3bd87f-4867-4fd4-8393-1d1bcdad116c""], ""academic_year"": ""aef4bd69-5617-4f20-8a2a-c5c345433e34""}",vancouver
c4f48aa3-14c9-4ab9-89c5-71abcec0d497,node--academic_year,16373,True,Academic Year 2021/22 - August,2023-04-13T20:53:31+00:00,2023-04-13T20:53:09+00:00,/academic-year-202122/academic-year-202122-august,,"{""node_type"": ""53783729-2e4c-4d95-b3b9-5a5c46531869"", ""revision_uid"": ""3e7cb6cf-3e28-462b-9821-30746a7583c2"", ""uid"": ""3e7cb6cf-3e28-462b-9821-30746a7583c2"", ""academic_year_events"": [""9877dab3-f876-4885-96a2-0b5a01dfac0a"", ""9a124746-6fba-40c4-983c-515f52d962a3"", ""a32112c9-4c28-4f06-a6cb-f89015715a19"", ""df17c320-523b-472b-be86-37215b806586"", ""37425ecf-5012-4614-aabd-0d57ce96816a"", ""90ff975a-d1ad-416a-ad1f-1710d9ce76cc"", ""e361dbb9-f154-4032-982c-0458bd2c84e8"", ""2962f95a-92b7-4fb3-bb9e-068b27563643"", ""58fb89c9-68f3-4807-ab2b-8a993145df34"", ""32d749a2-8de2-471f-a76e-71d2f523ad71"", ""9c9b5f03-b7d0-4d63-b948-f7b51ed31a6d""], ""academic_year"": ""aef4bd69-5617-4f20-8a2a-c5c345433e34""}",vancouver
cc01c493-b308-4866-8d88-cdaf12b0716b,node--academic_year,16374,True,Academic Year 2021/22 - July,2023-04-13T20:53:31+00:00,2023-04-13T20:53:09+00:00,/academic-year-202122/academic-year-202122-july,,"{""node_type"": ""53783729-2e4c-4d95-b3b9-5a5c46531869"", ""revision_uid"": ""3e7cb6cf-3e28-462b-9821-30746a7583c2"", ""uid"": ""3e7cb6cf-3e28-462b-9821-30746a7583c2"", ""academic_year_events"": [""2a081f50-2d64-4dfe-8da5-3199b5700cc5"", ""28cc0c40-ac30-40d0-a603-3b9af5654cde"", ""b590eaca-d227-497a-a3ee-f87c52033d3c"", ""4554159d-c076-488c-b273-fcb6a74b1c3d"", ""246e2234-1212-46f7-a066-0fe8b3fbf34a"", ""b3dc5a23-c19f-4388-abcc-07662730f064"", ""a4948427-0469-4523-aa14-071b34554e09"", ""03082d26-e3ad-43d1-b1fd-850f96efddd8"", ""c9c4c0e0-8095-44db-843b-a1e5696c06a3""], ""academic_year"": ""aef4bd69-5617-4f20-8a2a-c5c345433e34""}",vancouver
a179cc9f-2d51-4202-8ae6-e97033efcd74,node--academic_year,16375,True,Academic Year 2021/22 - June,2023-04-13T20:53:32+00:00,2023-04-13T20:53:09+00:00,/academic-year-202122/academic-year-202122-june,,"{""node_type"": ""53783729-2e4c-4d95-b3b9-5a5c46531869"", ""revision_uid"": ""3e7cb6cf-3e28-462b-9821-30746a7583c2"", ""uid"": ""3e7cb6cf-3e28-462b-9821-30746a7583c2"", ""academic_year_events"": [""dbd9167b-e903-4bae-a7ea-d46fe361d448"", ""b701a9fa-dea8-4b82-b17b-5b29b02c22db"", ""4f9d12a1-28d9-4381-8b19-661680b5a20b"", ""4c956472-c460-4100-8a64-d8a1cc14e2e2"", ""e77cf008-fb06-4740-90c9-98ea4d5a05b7"", ""5417f74f-7173-4db3-beb7-e64b020f0305"", ""26323ead-fcaa-42d6-afe6-3a8e540c36ec"", ""044b165a-a858-4049-8ff3-64b7e9f8fe9e"", ""8cc17c03-2f6a-4ba9-ab67-faeac7507f38"", ""8d5a53c7-dba8-48bb-9fc6-899fca47520e"", ""0cc666b6-66ed-49fb-85af-62eb0affcc4f""], ""academic_year"": ""aef4bd69-5617-4f20-8a2a-c5c345433e34""}",vancouver
dc6cac0b-cf21-4efa-9e37-7be032355238,node--academic_year,16376,True,Academic Year 2021/22 - May,2023-04-13T20:53:32+00:00,2023-04-13T20:53:09+00:00,/academic-year-202122/academic-year-202122-may,,"{""node_type"": ""53783729-2e4c-4d95-b3b9-5a5c46531869"", ""revision_uid"": ""3e7cb6cf-3e28-462b-9821-30746a7583c2"", ""uid"": ""3e7cb6cf-3e28-462b-9821-30746a7583c2"", ""academic_year_events"": [""4dac9c7e-34d3-4082-8fa3-1c57bb5ed283"", ""7ee65dda-e5f5-44e4-954d-f53875e314a4"", ""d58c4f19-307a-452a-baaa-1ccc2c413690"", ""63c01c6d-f5d2-43a4-ad9e-82192bf537d3"", ""6088affd-57c7-4e17-8144-bfe6eeb4bd14"", ""85af4d0a-b2b5-4332-a6cb-d0bd91ffb8de"", ""0a7b2ae6-a253-42ee-bafb-fd4871a48c66"", ""f5431f5d-2c0d-45c0-b42f-18a198ba7bff"", ""079a4ce1-5c03-4172-b789-3695c886bf82"", ""473f6d9f-1b06-468f-bb30-1201b7d40e9c"", ""2451ec95-d409-4514-bf19-6a22bf70da51"", ""812f85cb-490c-43ba-b495-3dfccd3b75f6"", ""2b235abe-d55a-45b1-a55e-d8b3bae5eadc"", ""f2c7f73f-d9c2-4fd5-aa9a-a64a4f719d32"", ""e8d8d6f7-8e11-4c2d-b03b-9bb4caccfbaa"", ""57535d27-aefa-4f35-82c7-63e0f2d70569""], ""academic_year"": ""aef4bd69-5617-4f20-8a2a-c5c345433e34""}",vancouver
85c752af-48a2-48cc-bc1f-4ace13798e7d,node--academic_year,16377,True,Academic Year 2021/22 - April,2023-04-13T20:53:33+00:00,2023-04-13T20:53:09+00:00,/academic-year-202122/academic-year-202122-april,,"{""node_type"": ""53783729-2e4c-4d95-b3b9-5a5c46531869"", ""revision_uid"": ""3e7cb6cf-3e28-462b-9821-30746a7583c2"", ""uid"": ""3e7cb6cf-3e28-462b-9821-30746a7583c2"", ""academic_year_events"": [""7c617759-73d6-4c19-9653-d3fc484a3528"", ""d9f8e2fb-0393-4aed-ae81-82f06b5cd616"", ""1b4939dc-f6b6-4894-95f8-6ce678825177"", ""3657ff78-ed8f-4fc5-9f19-8dd1f6c7c9bb"", ""06c1a51d-9825-4d9e-bf36-5e526c20d7ac"", ""05faac1c-3d77-4bf6-ba42-37a3e61393fa"", ""6d0d5ba9-b808-448b-88e1-ec1840fb7a21"", ""e77c1412-c4c5-40ff-82aa-cbac174a37f6"", ""568d256c-8ca2-40cd-8e24-71374f931563"", ""4e9d43f4-fd42-4d9f-9c05-ec7d25d1d461"", ""cf990f72-7034-4a14-a9b6-0df134587cc2"", ""e07f99f4-92ae-406f-9281-644f2db86331"", ""26d0d1f4-1efc-4d61-b91d-aebd2594b604"", ""7668b28a-929b-44cd-a39b-fa9fe7c70090"", ""a7c9d1b3-6a3b-4ba6-8d60-e733f42bdfbe""], ""academic_year"": ""aef4bd69-5617-4f20-8a2a-c5c345433e34""}",vancouver
09f60820-7a4d-4b3a-897e-6ef9ac730c22,node--academic_year,16378,True,Academic Year 2021/22 - March,2023-04-13T20:53:33+00:00,2023-04-13T20:53:09+00:00,/academic-year-202122/academic-year-202122-march,,"{""node_type"": ""53783729-2e4c-4d95-b3b9-5a5c46531869"", ""revision_uid"": ""3e7cb6cf-3e28-462b-9821-30746a7583c2"", ""uid"": ""3e7cb6cf-3e28-462b-9821-30746a7583c2"", ""academic_year_events"": [""0a36772e-868f-4c59-83b2-a7672cbea4c4"", ""a7f978c5-5ba6-430e-a861-6a59b5117938"", ""10df8b39-c506-4ab2-b1a5-754c03d97414"", ""3f3dd88e-2c51-44b3-a90c-529920fec889"", ""e77f1ae6-f87b-4cc7-963a-947ab5871603"", ""4718038a-5974-4396-8a1a-9cdc000a230f"", ""687986b3-6be8-4605-a1b5-9fd4280f5d17"", ""f99fc9bd-3406-42fa-8ace-b041d89e4df7"", ""d76f34e3-dd88-40f5-a5d3-db73e5a273fb""], ""academic_year"": ""aef4bd69-5617-4f20-8a2a-c5c345433e34""}",vancouver
1c6d4d26-abff-428a-9e69-7eb6cf82f77d,node--academic_year,16379,True,Academic Year 2021/22 - February,2023-04-13T20:53:34+00:00,2023-04-13T20:53:09+00:00,/academic-year-202122/academic-year-202122-february,,"{""node_type"": ""53783729-2e4c-4d95-b3b9-5a5c46531869"", ""revision_uid"": ""3e7cb6cf-3e28-462b-9821-30746a7583c2"", ""uid"": ""3e7cb6cf-3e28-462b-9821-30746a7583c2"", ""academic_year_events"": [""e82489bd-19eb-402a-a958-e68e5ebbf964"", ""c27c2ae0-b6ed-4e4e-80b4-bb6ab6570259"", ""db4fd669-8bb8-4ffd-8242-d777e0acfd09"", ""9e8cf2b1-0ea9-4f00-884d-8b02c1d7f1ec"", ""8df8e262-ce44-450d-b00f-3c24536f3eb2"", ""a82275df-b99d-48a9-abcb-dcbba106461b"", ""f91eb4fa-cce2-4896-9c2d-f3004a7bbc8d"", ""c6dc61d0-2077-4048-a8d8-2598e89ebb3f"", ""8967af40-1d2c-40ab-8fa2-dc65aea48045"", ""ded0b41b-e370-4eed-896b-cbd3f222bbb1"", ""b9c82f1b-5a9c-4edf-9a64-b1e0526cb7e9"", ""8301a431-00b1-4bdc-a11e-d77ced94d1f2"", ""a6dc0be7-2728-432f-b116-fb45c5324513"", ""f22ac493-171b-46ec-ba90-c96a11f47090""], ""academic_year"": ""aef4bd69-5617-4f20-8a2a-c5c345433e34""}",vancouver
ed55da61-f45f-4c29-8aaa-b271045f8ac2,node--academic_year,16380,True,Academic Year 2021/22 - January,2023-04-13T20:53:35+00:00,2023-04-13T20:53:09+00:00,/academic-year-202122/academic-year-202122-january,,"{""node_type"": ""53783729-2e4c-4d95-b3b9-5a5c46531869"", ""revision_uid"": ""3e7cb6cf-3e28-462b-9821-30746a7583c2"", ""uid"": ""3e7cb6cf-3e28-462b-9821-30746a7583c2"", ""academic_year_events"": [""2d86a0c2-ecec-4f69-9929-8eef2fec0a36"", ""dc0724d2-8079-4e95-bdbe-0c1f025e80db"", ""ce8c7757-25fe-454f-bdf0-5bb0c83960d8"", ""2e1ace7f-bc74-447c-aa9a-b2ee45a861b5"", ""7197b248-311e-426b-bb5b-6c5dbcbf75c4"", ""d836ba29-d7e6-42b5-a312-9df0e59a3a5e"", ""319ddda2-fd75-4bf5-acfd-e52113bd4271"", ""988d7c0a-437c-4861-8c8a-3d27beaddb47"", ""9ad7dd5d-4fa2-45a1-9fb0-ab5f71779227"", ""63644293-9feb-427c-b515-9630afde37a9"", ""8d516135-81c9-4c17-a382-2c6c4f94966c"", ""3018f8aa-6fee-4d11-be4f-2ed633269ba1"", ""c252ba92-2311-4336-808b-afdbf128888e"", ""8359f7ca-9100-4ec1-a7f6-31f858a712a8"", ""f9e7a6c8-d708-4b17-b755-f9ee97aa9bfe"", ""f9b3519b-ab93-4c03-b38f-f41a853026ce""], ""academic_year"": ""aef4bd69-5617-4f20-8a2a-c5c345433e34""}",vancouver
4ad2d761-7ac0-427e-9e62-91f44fb336e0,node--academic_year,16382,True,Academic Year 2022/23 - September,2023-04-13T20:53:36+00:00,2023-04-13T20:53:09+00:00,/academic-year-202223/academic-year-202223-september,,"{""node_type"": ""53783729-2e4c-4d95-b3b9-5a5c46531869"", ""revision_uid"": ""3e7cb6cf-3e28-462b-9821-30746a7583c2"", ""uid"": ""3e7cb6cf-3e28-462b-9821-30746a7583c2"", ""academic_year_events"": [""bc2ce017-f0f8-4d0d-ab45-c196f70fa935"", ""5b837a41-f1fc-4f6c-b0f5-33a0e24352fd"", ""e3a073e9-e2f7-4cc5-ae90-a870781223c6"", ""1ba4b321-ab70-4fb8-b8ce-3b25c5df0c88"", ""971b330d-5c54-4120-8fe7-b107437f405a"", ""d44fdedc-a446-4e3f-baaa-8d0b140d0281"", ""f75a1539-3c2b-4f74-a65f-f66f52b8980e"", ""7845ca1c-513d-4a54-9d68-756bb03c6327"", ""e3713953-e6e4-4292-9a3c-c6132ae921a9"", ""f97ee3e0-cf77-48e4-b6bb-6a558a4c891b"", ""1b5eb725-4ae5-4292-b7d7-78a2ce006eea"", ""e817b859-ce1e-4560-af62-e4378d9889b2"", ""fa16ef6b-637a-4775-84eb-16ceb29b7fd3"", ""72de6dd5-59bb-405f-a94e-5ebacb19a2d9"", ""f8f791c2-52fb-471f-9a27-e5759fd9aea5""], ""academic_year"": ""3d038855-9c90-4997-8b49-267d2af79208""}",vancouver
74d7d983-d396-41c0-9207-ac3f9d245e3a,node--academic_year,16383,True,Academic Year 2022/23 - October,2023-04-13T20:53:37+00:00,2023-04-13T20:53:09+00:00,/academic-year-202223/academic-year-202223-october,,"{""node_type"": ""53783729-2e4c-4d95-b3b9-5a5c46531869"", ""revision_uid"": ""3e7cb6cf-3e28-462b-9821-30746a7583c2"", ""uid"": ""3e7cb6cf-3e28-462b-9821-30746a7583c2"", ""academic_year_events"": [""3ddcb2be-0c29-4db2-8de4-d6c3ea769517"", ""f8c3ee52-ecdc-4423-9ab6-b115fde52977"", ""17afa22b-6981-4cba-8222-cd73bfc0de29"", ""42c14515-f2e6-4bdf-a845-a7aec81d6027"", ""68b7ddf7-a8b2-49af-a5b6-ebf739600462"", ""c2d91435-297e-4d28-8ad6-0b54e1bc0355"", ""c4a6dcdf-aec6-4587-933f-bb78c4d3ce20"", ""6a1fd586-fdad-4df8-b4f1-7c777384a7be"", ""700c30dc-a4e6-4919-a166-93ec0d15450f"", ""21c3551c-4d05-4ab3-a7d6-f3970d6387a2"", ""bfbdd92e-e7ec-42d1-a514-e6b20303ffb3""], ""academic_year"": ""3d038855-9c90-4997-8b49-267d2af79208""}",vancouver
992c386d-86f3-4013-9ec9-72e31ad789b3,node--academic_year,16384,True,Academic Year 2022/23 - November,2023-04-13T20:53:37+00:00,2023-04-13T20:53:09+00:00,/academic-year-202223/academic-year-202223-november,,"{""node_type"": ""53783729-2e4c-4d95-b3b9-5a5c46531869"", ""revision_uid"": ""3e7cb6cf-3e28-462b-9821-30746a7583c2"", ""uid"": ""3e7cb6cf-3e28-462b-9821-30746a7583c2"", ""academic_year_events"": [""cd260f08-ffc6-4793-b653-16b1f979d0e9"", ""cd39a1b7-2781-45c5-b5e5-40d13521fd31"", ""78b8824d-87a7-4151-8fc4-e48b10a42420"", ""409b92f8-3dfd-4e5d-b00e-a17ae92bc5af"", ""bc56d3d0-17a2-4038-be4c-2ac214a2064c"", ""736672b9-4313-4941-945b-5523441bdecf"", ""824687d7-b6fb-4cd2-86fa-0e1f80cc1227"", ""7b146cd9-ee66-4056-8d9a-3851a3a08695"", ""9b40eaca-09a7-470e-93b9-4d3090039576"", ""fbb5fe8c-f155-4da7-86f9-b8798da3ae68"", ""a750b2c8-f671-4b51-a129-768c445edd1c"", ""55821746-e2fb-442c-a45d-cfd93c0ff033"", ""62070786-6a9b-44dc-88d8-79c18def08dc""], ""academic_year"": ""3d038855-9c90-4997-8b49-267d2af79208""}",vancouver
9fed5f2d-d605-4343-be2f-8bdc96d5528a,node--academic_year,16385,True,Academic Year 2022/23 - December,2023-04-13T20:53:39+00:00,2023-04-13T20:53:09+00:00,/academic-year-202223/academic-year-202223-december,,"{""node_type"": ""53783729-2e4c-4d95-b3b9-5a5c46531869"", ""revision_uid"": ""3e7cb6cf-3e28-462b-9821-30746a7583c2"", ""uid"": ""3e7cb6cf-3e28-462b-9821-30746a7583c2"", ""academic_year_events"": [""8fe86c9a-bb4d-4036-bc83-003016a4e6b5"", ""b5683280-81f9-4b64-a639-7190f443ce60"", ""1708da16-9484-4d36-be80-cc03c8ceaa3b"", ""e6e8035f-1eb8-499a-a176-bc551d41a60d"", ""83d860e7-8ef5-41cd-b14c-86638545561a"", ""0ebcb65b-119e-4d77-962f-2c7e08e0df68"", ""e554de4b-ec8a-4237-83d9-15dd670f01ce"", ""a44a2f03-c1c2-4e88-acf0-0c5068b3d416"", ""8015ddad-1d43-4cee-b179-b3a7d5826278"", ""9fea2f8a-09cd-4786-a958-128d46f937d2"", ""9071497d-9cbc-496e-bc5e-629e5bb5406f"", ""f3d7e926-ac05-4578-9bd4-919fbbb76d7f"", ""735ecc24-f439-4a8f-afa4-20605301f3e5"", ""70ada15a-c9d6-43cc-9c66-c3f8c5e71c45"", ""a54a83d3-bee3-43e7-8130-1ee12d893e3a"", ""19714b31-3e95-4d0f-9bab-6c6487f7088d"", ""3fce840e-0fac-4231-b960-ee3a13174d0e"", ""a17b790b-7ed5-446f-83ae-cb8ec83b4bf1""], ""academic_year"": ""3d038855-9c90-4997-8b49-267d2af79208""}",vancouver
7e6f72f3-c14e-4590-8dac-3c5d79116966,node--academic_year,16390,True,Academic Year 2022/23 - March,2023-04-13T20:53:41+00:00,2023-04-13T20:53:09+00:00,/academic-year-202223/academic-year-202223-march,,"{""node_type"": ""53783729-2e4c-4d95-b3b9-5a5c46531869"", ""revision_uid"": ""3e7cb6cf-3e28-462b-9821-30746a7583c2"", ""uid"": ""3e7cb6cf-3e28-462b-9821-30746a7583c2"", ""academic_year_events"": [""20451a59-0852-4a72-a029-c4bdcf9611b1"", ""a7d3b1df-b877-40b1-ac4d-bbeb41c2022c"", ""94cc5518-82f3-41a9-94cb-67f6fe168a9c"", ""1d646b35-f48b-4fb4-8c9b-67a16cafcd86"", ""6232557e-ef5c-4a4d-9dc2-888f3ba88cd6"", ""7469ebb8-ed63-4166-8394-ab0d22caefc8"", ""60625927-afe7-4083-bea5-6bb33a646b4f"", ""ae432d6c-f1a2-4973-b22e-33ace1d5c41a""], ""academic_year"": ""3d038855-9c90-4997-8b49-267d2af79208""}",vancouver
5a39ce7c-2823-48fb-9470-1c2782e7c5fa,node--academic_year,16391,True,Academic Year 2022/23 - February,2023-04-13T20:53:42+00:00,2023-04-13T20:53:09+00:00,/academic-year-202223/academic-year-202223-february,,"{""node_type"": ""53783729-2e4c-4d95-b3b9-5a5c46531869"", ""revision_uid"": ""3e7cb6cf-3e28-462b-9821-30746a7583c2"", ""uid"": ""3e7cb6cf-3e28-462b-9821-30746a7583c2"", ""academic_year_events"": [""0327f0fe-e370-4d42-845d-1d533ea465d6"", ""39db2718-9c98-4591-bb27-b4557a2058c8"", ""63d2c5f2-3a35-4cc1-abec-cc3e8a46faee"", ""13f70d7d-32ce-42a1-83d7-69393c4ad99f"", ""16ed9c97-e0db-4ebc-b91c-46c9b1682ebe"", ""23d343b5-5c9a-4331-bae2-dbec0dacd109"", ""e63d070d-0d2d-4b93-8bc7-327cfea1c964"", ""6c8fd861-38ce-46d6-bb9b-c00472db6aee"", ""0bcdb95f-bc4f-4550-b918-773a62d2d573"", ""7bb4f737-5f83-448a-bc90-617ec883134a"", ""8233e766-e9b9-48b0-9f63-30d282d01d95"", ""abc637d0-2ec5-4096-a96c-87d52a15d7a2"", ""930d7229-b396-48e6-8180-c4e6e7a78963"", ""6711bc82-621a-4ecc-a8ab-8cdc535b9644""], ""academic_year"": ""3d038855-9c90-4997-8b49-267d2af79208""}",vancouver
fa51ade5-e524-4d07-b744-79f74e063107,node--academic_year,16392,True,Academic Year 2022/23 - January,2023-04-13T20:53:43+00:00,2023-04-13T20:53:09+00:00,/academic-year-202223/academic-year-202223-january,,"{""node_type"": ""53783729-2e4c-4d95-b3b9-5a5c46531869"", ""revision_uid"": ""3e7cb6cf-3e28-462b-9821-30746a7583c2"", ""uid"": ""3e7cb6cf-3e28-462b-9821-30746a7583c2"", ""academic_year_events"": [""04094a95-580f-461f-8b3e-ce5a44ec6004"", ""c2bb310f-6ff4-4684-9a00-44c9988a43c3"", ""50351126-34c4-4207-984c-4d68d96c0165"", ""13778454-72a5-4f81-992e-8361b90b1e7b"", ""a6cc3ad7-bcd0-4382-83dd-119ba23a8328"", ""8bae56a3-b6a3-45a6-bb2d-ffb7b2974fdf"", ""e672d096-1199-42cf-9d51-dad6101ad69e"", ""487faf3d-746a-41d1-869f-3ce52fdb5def"", ""dae7ab52-6ef5-4054-b11d-4736f9718f99"", ""fdea40c6-b2ee-4089-be7a-d59b413b97f8"", ""42dd88a8-4afe-4a82-9841-6a89e66ebae8"", ""30a5305e-aa9d-49a3-be4f-b63a429743ee"", ""cf7d323b-3af0-4213-8fe4-542418e52461"", ""35e77c88-c75b-408f-b3f4-a39199f9e7da"", ""ba1510b3-0291-41fb-a563-863e04050b85"", ""89bf0efc-3532-4389-a1ac-28406794c5fa"", ""f3e20c26-6b93-41f4-ae1f-a49986313d89""], ""academic_year"": ""3d038855-9c90-4997-8b49-267d2af79208""}",vancouver
d08d9206-990e-4656-b791-8840f7d36580,node--academic_year,12597,True,Academic Year 1999/00 - All,2023-04-05T17:25:24+00:00,2023-04-13T20:54:55+00:00,/academic-year-199900/academic-year-199900-all,,"{""node_type"": ""53783729-2e4c-4d95-b3b9-5a5c46531869"", ""revision_uid"": ""3e7cb6cf-3e28-462b-9821-30746a7583c2"", ""uid"": ""3e7cb6cf-3e28-462b-9821-30746a7583c2"", ""academic_year_events"": [], ""academic_year"": ""6cc72c08-8554-4a3f-b80c-446323261f57""}",vancouver
ad14d542-401e-4707-966f-875a9a77dd06,node--academic_year,12598,True,Academic Year 2000/01 - All,2023-04-05T17:25:52+00:00,2023-04-13T20:55:36+00:00,/academic-year-200001/academic-year-200001-all,,"{""node_type"": ""53783729-2e4c-4d95-b3b9-5a5c46531869"", ""revision_uid"": ""3e7cb6cf-3e28-462b-9821-30746a7583c2"", ""uid"": ""3e7cb6cf-3e28-462b-9821-30746a7583c2"", ""academic_year_events"": [], ""academic_year"": ""160c1938-3636-4a39-8c8b-357ade769a23""}",vancouver
b0a2c194-131b-4380-a9b6-da01c2394653,node--academic_year,12599,True,Academic Year 2001/02 - All,2023-04-05T17:27:08+00:00,2023-04-13T20:55:48+00:00,/academic-year-200102/academic-year-200102-all,,"{""node_type"": ""53783729-2e4c-4d95-b3b9-5a5c46531869"", ""revision_uid"": ""3e7cb6cf-3e28-462b-9821-30746a7583c2"", ""uid"": ""3e7cb6cf-3e28-462b-9821-30746a7583c2"", ""academic_year_events"": [], ""academic_year"": ""70a182f2-c28f-451d-92ec-69ad0688329a""}",vancouver
1d453775-4251-40ff-9a2b-142d6a3d18a3,node--academic_year,12600,True,Academic Year 2002/03 - All,2023-04-05T17:27:48+00:00,2023-04-13T20:56:01+00:00,/academic-year-200203/academic-year-200203-all,,"{""node_type"": ""53783729-2e4c-4d95-b3b9-5a5c46531869"", ""revision_uid"": ""3e7cb6cf-3e28-462b-9821-30746a7583c2"", ""uid"": ""3e7cb6cf-3e28-462b-9821-30746a7583c2"", ""academic_year_events"": [], ""academic_year"": ""eb260891-577a-41a3-845b-d79cbbcee2d7""}",vancouver
adf06b1e-110d-4841-a614-91877be4ad80,node--academic_year,12601,True,Academic Year 2003/04 - All,2023-04-05T17:28:54+00:00,2023-04-13T20:56:12+00:00,/academic-year-200304/academic-year-200304-all,,"{""node_type"": ""53783729-2e4c-4d95-b3b9-5a5c46531869"", ""revision_uid"": ""3e7cb6cf-3e28-462b-9821-30746a7583c2"", ""uid"": ""3e7cb6cf-3e28-462b-9821-30746a7583c2"", ""academic_year_events"": [], ""academic_year"": ""ee281c22-2611-4b38-9d7e-76f925cab6d6""}",vancouver
492478fb-5429-41c9-a708-1e4ca8e342e4,node--academic_year,12602,True,Academic Year 2004/05 - All,2023-04-05T17:29:24+00:00,2023-04-13T20:56:47+00:00,/academic-year-200405/academic-year-200405-all,,"{""node_type"": ""53783729-2e4c-4d95-b3b9-5a5c46531869"", ""revision_uid"": ""3e7cb6cf-3e28-462b-9821-30746a7583c2"", ""uid"": ""3e7cb6cf-3e28-462b-9821-30746a7583c2"", ""academic_year_events"": [], ""academic_year"": ""3f90153e-13f4-4ff9-9900-5ce29603ddae""}",vancouver
8c3da177-22cb-4caa-b49b-3db32817a266,node--academic_year,12603,True,Academic Year 2005/06 - All,2023-04-05T17:29:51+00:00,2023-04-13T20:56:57+00:00,/academic-year-200506/academic-year-200506-all,,"{""node_type"": ""53783729-2e4c-4d95-b3b9-5a5c46531869"", ""revision_uid"": ""3e7cb6cf-3e28-462b-9821-30746a7583c2"", ""uid"": ""3e7cb6cf-3e28-462b-9821-30746a7583c2"", ""academic_year_events"": [], ""academic_year"": ""3ed5abf1-8f65-4486-8acd-dbce8140a2bc""}",vancouver
bc1d1bb1-141c-449a-ba24-213b260360b4,node--academic_year,12604,True,Academic Year 2006/07 - All,2023-04-05T17:30:27+00:00,2023-04-13T20:57:09+00:00,/academic-year-200607/academic-year-200607-all,,"{""node_type"": ""53783729-2e4c-4d95-b3b9-5a5c46531869"", ""revision_uid"": ""3e7cb6cf-3e28-462b-9821-30746a7583c2"", ""uid"": ""3e7cb6cf-3e28-462b-9821-30746a7583c2"", ""academic_year_events"": [], ""academic_year"": ""54adac29-4170-4a91-8653-1d142c833ee4""}",vancouver
5fa8e6bb-2db7-468f-93e8-502f67f24014,node--academic_year,12605,True,Academic Year 2007/08 - All,2023-04-05T17:30:55+00:00,2023-04-13T20:57:19+00:00,/academic-year-200708/academic-year-200708-all,,"{""node_type"": ""53783729-2e4c-4d95-b3b9-5a5c46531869"", ""revision_uid"": ""3e7cb6cf-3e28-462b-9821-30746a7583c2"", ""uid"": ""3e7cb6cf-3e28-462b-9821-30746a7583c2"", ""academic_year_events"": [], ""academic_year"": ""d6acf579-0bb7-4cea-9767-b0f42f995e64""}",vancouver
54278dad-08dd-4eb0-8105-163e75266a92,node--academic_year,12606,True,Academic Year 2008/09 - All,2023-04-05T17:31:22+00:00,2023-04-13T20:57:27+00:00,/academic-year-200809/academic-year-200809-all,,"{""node_type"": ""53783729-2e4c-4d95-b3b9-5a5c46531869"", ""revision_uid"": ""3e7cb6cf-3e28-462b-9821-30746a7583c2"", ""uid"": ""3e7cb6cf-3e28-462b-9821-30746a7583c2"", ""academic_year_events"": [], ""academic_year"": ""550ac545-338e-4c01-8197-7a4f625cdd61""}",vancouver
350d2992-cd32-4308-84f1-3b85b4c2ea92,node--academic_year,12607,True,Academic Year 2009/10 - All,2023-04-05T17:31:49+00:00,2023-04-13T20:58:01+00:00,/academic-year-200910/academic-year-200910-all,,"{""node_type"": ""53783729-2e4c-4d95-b3b9-5a5c46531869"", ""revision_uid"": ""3e7cb6cf-3e28-462b-9821-30746a7583c2"", ""uid"": ""3e7cb6cf-3e28-462b-9821-30746a7583c2"", ""academic_year_events"": [], ""academic_year"": ""f3dc2661-f792-4ed1-9e84-800cdde8f505""}",vancouver
8321bbf8-4348-4e44-88a0-f92dd7d8f0f8,node--academic_year,12608,True,Academic Year 2010/11 - All,2023-04-05T17:32:15+00:00,2023-04-13T20:58:10+00:00,/academic-year-201011/academic-year-201011-all,,"{""node_type"": ""53783729-2e4c-4d95-b3b9-5a5c46531869"", ""revision_uid"": ""3e7cb6cf-3e28-462b-9821-30746a7583c2"", ""uid"": ""3e7cb6cf-3e28-462b-9821-30746a7583c2"", ""academic_year_events"": [], ""academic_year"": ""59ef1698-7e44-4a8b-95f9-38fd0ff49294""}",vancouver
079a2e52-9ea0-4d3f-aa0c-abfabeaef215,node--academic_year,12609,True,Academic Year 2011/12 - All,2023-04-05T17:32:49+00:00,2023-04-13T20:58:21+00:00,/academic-year-201112/academic-year-201112-all,,"{""node_type"": ""53783729-2e4c-4d95-b3b9-5a5c46531869"", ""revision_uid"": ""3e7cb6cf-3e28-462b-9821-30746a7583c2"", ""uid"": ""3e7cb6cf-3e28-462b-9821-30746a7583c2"", ""academic_year_events"": [], ""academic_year"": ""8e55f388-1430-47f2-91a1-e8ed4ff315a8""}",vancouver
2c216ad2-a87c-435c-b58f-b7320eccc997,node--academic_year,12610,True,Academic Year 2012/13 - All,2023-04-05T17:33:15+00:00,2023-04-13T20:58:30+00:00,/academic-year-201213/academic-year-201213-all,,"{""node_type"": ""53783729-2e4c-4d95-b3b9-5a5c46531869"", ""revision_uid"": ""3e7cb6cf-3e28-462b-9821-30746a7583c2"", ""uid"": ""3e7cb6cf-3e28-462b-9821-30746a7583c2"", ""academic_year_events"": [], ""academic_year"": ""edebfa84-02a5-4511-aec5-cbf2dd06d3c3""}",vancouver
d725b60e-cf40-4472-a4b2-a8b8be153fef,node--academic_year,12611,True,Academic Year 2013/14 - All,2023-04-05T17:33:48+00:00,2023-04-13T20:58:40+00:00,/academic-year-201314/academic-year-201314-all,,"{""node_type"": ""53783729-2e4c-4d95-b3b9-5a5c46531869"", ""revision_uid"": ""3e7cb6cf-3e28-462b-9821-30746a7583c2"", ""uid"": ""3e7cb6cf-3e28-462b-9821-30746a7583c2"", ""academic_year_events"": [], ""academic_year"": ""e58f80fe-bf3a-4990-8757-09be49b91900""}",vancouver
c2417cb8-93ef-40ae-8a66-44ad95ab410e,node--academic_year,12612,True,Academic Year 2014/15 - All,2023-04-05T17:34:13+00:00,2023-04-13T20:59:09+00:00,/academic-year-201415/academic-year-201415-all,,"{""node_type"": ""53783729-2e4c-4d95-b3b9-5a5c46531869"", ""revision_uid"": ""3e7cb6cf-3e28-462b-9821-30746a7583c2"", ""uid"": ""3e7cb6cf-3e28-462b-9821-30746a7583c2"", ""academic_year_events"": [], ""academic_year"": ""0e853e37-9888-4803-872d-3817cb11a6a8""}",vancouver
2e21c868-05bf-4387-9a68-afa7c4dc01d3,node--academic_year,12613,True,Academic Year 2015/16 - All,2023-04-05T17:34:38+00:00,2023-04-13T20:59:20+00:00,/academic-year-201516/academic-year-201516-all,,"{""node_type"": ""53783729-2e4c-4d95-b3b9-5a5c46531869"", ""revision_uid"": ""3e7cb6cf-3e28-462b-9821-30746a7583c2"", ""uid"": ""3e7cb6cf-3e28-462b-9821-30746a7583c2"", ""academic_year_events"": [], ""academic_year"": ""391d5125-17ec-4c14-8a5c-3945455e6f3c""}",vancouver
663553c6-4a2e-419b-8d93-49608cdfb77e,node--academic_year,12614,True,Academic Year 2016/17 - All,2023-04-05T17:35:00+00:00,2023-04-13T20:59:28+00:00,/academic-year-201617/academic-year-201617-all,,"{""node_type"": ""53783729-2e4c-4d95-b3b9-5a5c46531869"", ""revision_uid"": ""3e7cb6cf-3e28-462b-9821-30746a7583c2"", ""uid"": ""3e7cb6cf-3e28-462b-9821-30746a7583c2"", ""academic_year_events"": [], ""academic_year"": ""e07e3b72-1e03-429f-8553-86dd50ae96cb""}",vancouver
32ec254e-a2c1-4301-ad95-6ceee32b7a67,node--academic_year,12615,True,Academic Year 2017/18 - All,2023-04-05T17:35:27+00:00,2023-04-13T20:59:36+00:00,/academic-year-201718/academic-year-201718-all,,"{""node_type"": ""53783729-2e4c-4d95-b3b9-5a5c46531869"", ""revision_uid"": ""3e7cb6cf-3e28-462b-9821-30746a7583c2"", ""uid"": ""3e7cb6cf-3e28-462b-9821-30746a7583c2"", ""academic_year_events"": [], ""academic_year"": ""3a8e2d72-c57d-4c8e-b3ff-95bb92de6cbf""}",vancouver
58910abc-04b2-441e-bf0e-91cbe661b707,node--academic_year,12616,True,Academic Year 2018/19 - All,2023-04-05T17:35:54+00:00,2023-04-13T20:59:46+00:00,/academic-year-201819/academic-year-201819-all,,"{""node_type"": ""53783729-2e4c-4d95-b3b9-5a5c46531869"", ""revision_uid"": ""3e7cb6cf-3e28-462b-9821-30746a7583c2"", ""uid"": ""3e7cb6cf-3e28-462b-9821-30746a7583c2"", ""academic_year_events"": [], ""academic_year"": ""bfaa03f0-c425-4735-a38b-96587dcdc2d1""}",vancouver
9fe6b178-03bc-4001-86a8-80d9804aac37,node--academic_year,12617,True,Academic Year 2019/20 - All,2023-04-05T17:36:19+00:00,2023-04-13T21:00:17+00:00,/academic-year-201920/academic-year-201920-all,,"{""node_type"": ""53783729-2e4c-4d95-b3b9-5a5c46531869"", ""revision_uid"": ""3e7cb6cf-3e28-462b-9821-30746a7583c2"", ""uid"": ""3e7cb6cf-3e28-462b-9821-30746a7583c2"", ""academic_year_events"": [], ""academic_year"": ""73bc9959-b832-42f2-9117-80fd0b3ac774""}",vancouver
88131b4a-5b79-4943-91d1-d3950491fb2f,node--academic_year,12618,True,Academic Year 2020/21 - All,2023-04-05T17:36:43+00:00,2023-04-13T21:00:26+00:00,/academic-year-202021/academic-year-202021-all,,"{""node_type"": ""53783729-2e4c-4d95-b3b9-5a5c46531869"", ""revision_uid"": ""3e7cb6cf-3e28-462b-9821-30746a7583c2"", ""uid"": ""3e7cb6cf-3e28-462b-9821-30746a7583c2"", ""academic_year_events"": [], ""academic_year"": ""2858d464-3602-4e6a-9f8c-9bb6eedb3271""}",vancouver
1f88bd9d-7eff-4c3e-bf88-2b30dc5b151f,node--academic_year,12619,True,Academic Year 2021/22 - All,2023-04-05T17:37:14+00:00,2023-04-13T21:00:35+00:00,/academic-year-202122/academic-year-202122-all,,"{""node_type"": ""53783729-2e4c-4d95-b3b9-5a5c46531869"", ""revision_uid"": ""3e7cb6cf-3e28-462b-9821-30746a7583c2"", ""uid"": ""3e7cb6cf-3e28-462b-9821-30746a7583c2"", ""academic_year_events"": [], ""academic_year"": ""aef4bd69-5617-4f20-8a2a-c5c345433e34""}",vancouver
4a13d5e9-05c6-4497-8386-22b5f64ed317,node--academic_year,2043,True,Academic Year 2022/23 - All,2023-03-02T18:30:53+00:00,2023-04-13T21:00:44+00:00,/academic-year-202223/academic-year-202223-all,,"{""node_type"": ""53783729-2e4c-4d95-b3b9-5a5c46531869"", ""revision_uid"": ""3e7cb6cf-3e28-462b-9821-30746a7583c2"", ""uid"": ""3e7cb6cf-3e28-462b-9821-30746a7583c2"", ""academic_year_events"": [], ""academic_year"": ""3d038855-9c90-4997-8b49-267d2af79208""}",vancouver
7684d614-72f1-4200-b58a-e777cb371f1a,node--academic_year,16389,True,Academic Year 2022/23 - April,2023-04-13T20:53:41+00:00,2023-04-18T22:54:25+00:00,/academic-year-202223/academic-year-202223-april,,"{""node_type"": ""53783729-2e4c-4d95-b3b9-5a5c46531869"", ""revision_uid"": ""3e7cb6cf-3e28-462b-9821-30746a7583c2"", ""uid"": ""3e7cb6cf-3e28-462b-9821-30746a7583c2"", ""academic_year_events"": [""8d2a236b-d242-47f1-8e66-489ff41efc6b"", ""e792a82a-0028-40b6-834c-a8febb4dd4d2"", ""c58fe204-475a-4eaf-b218-d9f9726f44b4"", ""d8e5fa2d-b637-486c-96ff-dc2d5734cdde"", ""607bf6fc-5b82-4149-9064-9236a92ff77e"", ""569f7739-1ba8-4b32-8389-cf5b32ef1389"", ""3138c5af-35a1-4828-a2eb-5358618b4717"", ""2587ea01-a3e0-4078-8e2c-24ca04430354"", ""ac117176-15e8-44cb-8eb3-1437113fc5ae"", ""da5d4b67-6ff2-42aa-b77e-24a749a0ae49"", ""af0c42ac-6aff-450b-ac9b-7157b3f82f98"", ""7dbfa71b-7e4f-4a4c-af8c-e059030d6942"", ""1cacee32-8214-4647-a3a1-5850574c561a"", ""4ef39344-d411-4d86-9f6c-c2c8386a261e""], ""academic_year"": ""3d038855-9c90-4997-8b49-267d2af79208""}",vancouver
87af4d59-9245-40b9-93da-f2838f013aa7,node--academic_year,16387,True,Academic Year 2022/23 - June,2023-04-13T20:53:40+00:00,2023-04-18T22:58:29+00:00,/academic-year-202223/academic-year-202223-june,,"{""node_type"": ""53783729-2e4c-4d95-b3b9-5a5c46531869"", ""revision_uid"": ""3e7cb6cf-3e28-462b-9821-30746a7583c2"", ""uid"": ""3e7cb6cf-3e28-462b-9821-30746a7583c2"", ""academic_year_events"": [""cd6323f0-98c9-4772-8edc-ec7a4c950832"", ""fcfe55e4-2f17-4fca-92cf-4f46cf843783"", ""e9b725fb-9316-4667-a390-3295737ea167"", ""1acc9e5f-041e-4f1b-b0e2-91972e55a761"", ""97341d44-3454-4adb-8180-d58950434179"", ""510fe735-cf56-4246-bb48-0da8536928ff"", ""f1163e9e-16cb-4644-9186-26a6e2a192af"", ""b3d14397-48b3-4723-808a-6f0c59a4c839"", ""96637813-4609-4ca6-9ec8-62f8e454ffab"", ""70b0f34e-af32-4dee-93a8-fb71f8d3aa87""], ""academic_year"": ""3d038855-9c90-4997-8b49-267d2af79208""}",vancouver
013088eb-fc01-4335-b68a-2b1fd6e9f565,node--academic_year,16381,True,Academic Year 2022/23 - August,2023-04-13T20:53:35+00:00,2023-04-18T23:00:57+00:00,/academic-year-202223/academic-year-202223-august,,"{""node_type"": ""53783729-2e4c-4d95-b3b9-5a5c46531869"", ""revision_uid"": ""3e7cb6cf-3e28-462b-9821-30746a7583c2"", ""uid"": ""3e7cb6cf-3e28-462b-9821-30746a7583c2"", ""academic_year_events"": [""c56403e4-adb3-4398-a238-6129b88be5cb"", ""c9403d02-9a00-40c4-97b5-9dbaf1610cca"", ""db3e0239-6028-46af-90f0-f73a33c4ebf0"", ""5d521d1e-2048-4a1c-829a-fbb3ace0cc39"", ""c8d47cd6-24e0-4a38-9233-d72e5bbd761e"", ""4ccabfae-ce7a-4458-b354-af5aff985540"", ""2a4a311e-7577-47aa-a046-67d9cbd75772"", ""bcddcb2f-ff8e-4f28-8076-e8e0862be777"", ""e31ea8e6-88f5-4fd8-a2e8-6f0225759bda"", ""f54a37d8-26f3-4892-afbd-8ee543da9ce4"", ""8e97dcc4-a367-4eec-a4be-2ed5ac9ed2a9""], ""academic_year"": ""3d038855-9c90-4997-8b49-267d2af79208""}",vancouver
f36155c5-8dd1-46e2-8ecc-d22167a3eda6,node--academic_year,16404,True,Academic Year 2023/24 - All,2023-03-02T18:30:53+00:00,2023-04-20T03:42:45+00:00,/academic-year-202324/academic-year-202324-all,,"{""node_type"": ""53783729-2e4c-4d95-b3b9-5a5c46531869"", ""revision_uid"": ""3e7cb6cf-3e28-462b-9821-30746a7583c2"", ""uid"": ""3e7cb6cf-3e28-462b-9821-30746a7583c2"", ""academic_year_events"": [], ""academic_year"": ""9283d4a0-106d-43ab-a5f6-3cb4b387420c""}",vancouver
c564a011-589e-4f6f-aa5e-d745afdce411,node--academic_year,16406,True,Academic Year 2023/24 - December,2023-04-13T20:53:39+00:00,2023-05-02T18:11:45+00:00,/academic-year-202324/academic-year-202324-december,,"{""node_type"": ""53783729-2e4c-4d95-b3b9-5a5c46531869"", ""revision_uid"": ""3e7cb6cf-3e28-462b-9821-30746a7583c2"", ""uid"": ""3e7cb6cf-3e28-462b-9821-30746a7583c2"", ""academic_year_events"": [""f7e0ad7a-2356-46f4-a450-952c5ecdcdb6"", ""c6a74ca9-2409-479b-ba97-2b16623bc6f3"", ""75946ccd-8351-47e9-8997-7795811f78a0"", ""410cf92a-81d6-4663-a0ba-c19f85880352"", ""5c63035f-1cba-418d-a409-391bfeeb6c06"", ""cb236f40-8f62-4aba-ba77-4a6c5320912f"", ""40d34af7-6429-4c7e-b59b-f6b5eba9dcda"", ""1a746c26-c7a4-4a19-85d2-839b9dba7d72"", ""3090a2d3-2822-4d0a-be8b-91fd40680013"", ""6869a60a-770d-450a-a067-de8372285174"", ""d19cdb18-c68c-45d1-9d2a-b4427266c212"", ""7b59e868-48a9-4af5-acab-6ac34f889406"", ""1f57fdb5-ae8a-4ef0-ae3c-25fb9ea7dfe2"", ""cdc04fc0-9bed-4425-8aa6-e1dd2e7c0c76""], ""academic_year"": ""9283d4a0-106d-43ab-a5f6-3cb4b387420c""}",vancouver
b3a20cec-fd5c-4960-8661-a4c0c0b83a0f,node--academic_year,16405,True,Academic Year 2023/24 - November,2023-04-13T20:53:37+00:00,2023-05-03T17:24:42+00:00,/academic-year-202324/academic-year-202324-november,,"{""node_type"": ""53783729-2e4c-4d95-b3b9-5a5c46531869"", ""revision_uid"": ""3e7cb6cf-3e28-462b-9821-30746a7583c2"", ""uid"": ""3e7cb6cf-3e28-462b-9821-30746a7583c2"", ""academic_year_events"": [""1a16e0ba-878d-41f3-89ca-47ea3cb46417"", ""2079eba2-7263-4095-87ae-5e8a571cc071"", ""dc4a49ab-b005-40f3-b064-ac0cd8e9bbef"", ""58735e9e-4099-4eb5-a56b-1558d3e99988"", ""d5f65b0c-faad-43ba-b4cc-5e39ff4d4626"", ""8c9f0f44-00f6-4f03-822a-1b37b56955c8"", ""79a0cfa8-febe-420a-bdd7-eda34ee813ef"", ""838baf7b-c765-41c8-9e57-1fb3da85d951"", ""e9320860-fb1a-48ad-bb90-c488d8d98751""], ""academic_year"": ""9283d4a0-106d-43ab-a5f6-3cb4b387420c""}",vancouver
9d1e1941-8993-48d5-bd6a-5e6dd60f37d7,node--academic_year,16388,True,Academic Year 2022/23 - May,2023-04-13T20:53:40+00:00,2023-05-15T18:23:05+00:00,/academic-year-202223/academic-year-202223-may,,"{""node_type"": ""53783729-2e4c-4d95-b3b9-5a5c46531869"", ""revision_uid"": ""23fb8524-3749-40ea-a2fc-19d1a029112b"", ""uid"": ""3e7cb6cf-3e28-462b-9821-30746a7583c2"", ""academic_year_events"": [""175fe60d-b8a2-43b4-968f-2627d2c61397"", ""ec392438-3e87-4455-8ef3-41aabaeed289"", ""a13e25a5-348a-4deb-93db-792b3945ad02"", ""ea0c8817-8dcd-45c3-9117-537432cc7c26"", ""eef6a555-3325-428d-9098-7a6135f83d11"", ""a4b088f9-d56f-4369-886d-9ace90969110"", ""e16d29c2-544e-4e4b-ac27-8219e90c9b72"", ""63ebc1aa-bf0b-46bf-ae7a-5e91a43ed4ed"", ""13cc8e0b-25a7-421e-9d4e-07960cb91f61"", ""be613f15-a72c-4320-a226-9c6d72ddbba6"", ""036a5f91-d860-41c7-ab74-55cd8e542075"", ""85f257d2-4120-4e43-983a-692ffd51fc78"", ""f4e763f4-e1c0-4590-8381-e89fe0793867"", ""d046f78f-fd87-4568-9897-e112612d846c"", ""af7add82-1593-4cd8-893b-1f5f50b9f808"", ""ccd64032-79ae-4b51-bc78-01fb15df24ce"", ""9f86272d-4842-41cb-be4a-2d7a3fbe255e""], ""academic_year"": ""3d038855-9c90-4997-8b49-267d2af79208""}",vancouver
f02a18d6-6db9-4d55-83d7-54b8009a4055,node--academic_year,16407,True,Academic Year 2023/24 - March,2023-04-13T20:53:41+00:00,2023-05-26T18:32:12+00:00,/academic-year-202324/academic-year-202324-march,,"{""node_type"": ""53783729-2e4c-4d95-b3b9-5a5c46531869"", ""revision_uid"": ""23fb8524-3749-40ea-a2fc-19d1a029112b"", ""uid"": ""3e7cb6cf-3e28-462b-9821-30746a7583c2"", ""academic_year_events"": [""70a29824-98b0-4844-8cf8-1d7642b9e9af"", ""92ef72e3-b92d-4957-af37-fc6ffe2ce7f3"", ""60499573-15f7-4f93-ab23-479b0c127b2c"", ""c1c66bff-323e-4ef5-a392-96aad0fd9938"", ""d53ada39-4042-44f3-a51b-1dd3ece3f717"", ""407a3daa-4568-4838-9328-40db0334a1d7"", ""1ba443f4-06ad-4b5b-b243-9698fbbd1f77""], ""academic_year"": ""9283d4a0-106d-43ab-a5f6-3cb4b387420c""}",vancouver
bdfb7ba8-65a6-43f7-9794-21773424e2a3,node--academic_year,16386,True,Academic Year 2022/23 - July,2023-04-13T20:53:39+00:00,2023-05-26T19:20:59+00:00,/academic-year-202223/academic-year-202223-july,,"{""node_type"": ""53783729-2e4c-4d95-b3b9-5a5c46531869"", ""revision_uid"": ""23fb8524-3749-40ea-a2fc-19d1a029112b"", ""uid"": ""3e7cb6cf-3e28-462b-9821-30746a7583c2"", ""academic_year_events"": [""a434f2a1-38f9-494e-8018-672d21ba599f"", ""9d9e6a67-6526-4120-809f-c86b112e5f10"", ""40d1a4f9-b12c-4344-8b66-65f70135a696"", ""19b6fa66-bc3f-4a5e-a529-47d359f28174"", ""4f93429a-a738-490e-9e48-864f251acf18"", ""b23a84e6-50db-45fc-947c-5a42de73d933"", ""b4580fac-5499-4ace-b79b-a23c3599e10f"", ""4edbdbb8-f676-432d-9e42-8c5cbe2e20b0"", ""c9d0868b-211d-43f2-a6a1-1b5b1e425fed""], ""academic_year"": ""3d038855-9c90-4997-8b49-267d2af79208""}",vancouver
95c6c9c5-fd92-40e5-8e42-2edf22363bc3,node--academic_year,16410,True,Academic Year 2023/24 - September,2023-04-13T20:53:36+00:00,2023-06-27T15:44:44+00:00,/academic-year-202324/academic-year-202324-september,,"{""node_type"": ""53783729-2e4c-4d95-b3b9-5a5c46531869"", ""revision_uid"": ""23fb8524-3749-40ea-a2fc-19d1a029112b"", ""uid"": ""3e7cb6cf-3e28-462b-9821-30746a7583c2"", ""academic_year_events"": [""e9a3626f-ade1-4c3d-b454-33cc61956094"", ""874b0fa5-0f06-4037-8403-bb38e9dc8512"", ""6faa9780-2831-4fbe-8b23-bb2767421cca"", ""b60595d6-d4d4-4174-abca-9c98a8676467"", ""30012f4a-5a9c-4c39-b087-5080936946e9"", ""130c7baa-4246-4fb5-851c-0c901fa0fc83"", ""4059b0ef-0e10-4dd0-a504-e9fc5a5a41fb"", ""648b0942-e535-4b75-a863-3e4e399efe2f"", ""8fc6a9fe-3c60-4bd9-933c-0e4899057eef"", ""f1baa87d-6f2c-4bb2-9a01-e1a0b74bb030"", ""bde926b5-1c80-4162-b0b9-95aaf259ae0d"", ""9f7e7adb-f2ea-4dae-a4ab-87cf931bcb20"", ""7b6d8edf-ffa1-44a2-bcdb-c28b6f1c008d"", ""fc2752e5-b190-4fa7-b7af-4fc0a900cf6f""], ""academic_year"": ""9283d4a0-106d-43ab-a5f6-3cb4b387420c""}",vancouver
cb2dd07a-ce15-40cd-a117-3335fa7904f4,node--academic_year,16411,True,Academic Year 2023/24 - October,2023-04-13T20:53:37+00:00,2023-06-27T15:49:39+00:00,/academic-year-202324/academic-year-202324-october,,"{""node_type"": ""53783729-2e4c-4d95-b3b9-5a5c46531869"", ""revision_uid"": ""23fb8524-3749-40ea-a2fc-19d1a029112b"", ""uid"": ""3e7cb6cf-3e28-462b-9821-30746a7583c2"", ""academic_year_events"": [""364cdf21-9b8e-467e-ba2c-d15c60ae16f1"", ""0c275cfa-ed83-44cd-9ac2-da4c02b04047"", ""f310fd11-f1b2-4ffd-8ffc-9b5eed63482b"", ""4dc74d62-12c2-4329-ac0c-7011a427601c"", ""fd0a4d3d-5a4b-457c-badb-a684d46c90e3"", ""ba3ef034-b48e-4032-b987-db4e3cf7e350"", ""81f7fd0a-e653-4e75-b401-46ebda417c6d"", ""f03fa23f-5933-470e-b9be-abf206fb0fc0"", ""4628918b-2a8f-48cb-84e4-c8d44af7ab29"", ""0b3fb746-ecfe-4dc4-b0b5-024bc03c7c2b"", ""53e08e52-efcb-4881-89cb-d9399089d471"", ""eaf46652-e254-4b42-9e14-c7ad080aea5a"", ""f267ea9f-f6bc-4ea0-a931-8b59696f8299"", ""f5a874e5-d704-42b0-bdde-42306c77806f"", ""eba0351c-7bd5-46ac-bd92-7f6dbb5a05a9""], ""academic_year"": ""9283d4a0-106d-43ab-a5f6-3cb4b387420c""}",vancouver
bd3e5822-5a12-47a1-ba5e-f099cdb21cf0,node--academic_year,16408,True,Academic Year 2023/24 - February,2023-04-13T20:53:42+00:00,2023-12-19T01:01:17+00:00,/academic-year-202324/academic-year-202324-february,,"{""node_type"": ""53783729-2e4c-4d95-b3b9-5a5c46531869"", ""revision_uid"": ""23fb8524-3749-40ea-a2fc-19d1a029112b"", ""uid"": ""3e7cb6cf-3e28-462b-9821-30746a7583c2"", ""academic_year_events"": [""e767b318-8c6c-466a-82c3-c43506795de1"", ""ca277ca9-747a-407b-8cd7-50b2fdb8d42d"", ""31a18106-f4d1-4a53-85b5-83b0cb72a0bc"", ""9bc668e8-2136-46f9-9e44-70eaba0c1ffe"", ""e048c93c-60a3-42c1-9cc6-888e4794b1d1"", ""dd1669bc-7c3a-417f-9ea1-eecd17174615"", ""0debd633-8ac4-434e-8865-579c0f296c26"", ""cabdb069-463c-44d6-967e-101c5eaf0724"", ""790b46a8-dbd7-4cbb-a6f2-67ab573ba545"", ""57faa403-df4f-4cc2-8035-3b81eb2e32ef""], ""academic_year"": ""9283d4a0-106d-43ab-a5f6-3cb4b387420c""}",vancouver
9088fad4-3e6a-4e45-96d5-09d2de752931,node--academic_year,16403,True,Academic Year 2023/24 - April,2023-04-13T20:53:41+00:00,2023-12-19T18:07:11+00:00,/academic-year-202324/academic-year-202324-april,,"{""node_type"": ""53783729-2e4c-4d95-b3b9-5a5c46531869"", ""revision_uid"": ""23fb8524-3749-40ea-a2fc-19d1a029112b"", ""uid"": ""3e7cb6cf-3e28-462b-9821-30746a7583c2"", ""academic_year_events"": [""ddde5276-5b5c-4f04-a967-c0ecc2df39e3"", ""8576178b-dbbf-45cd-b5e7-0a2ed62f4385"", ""88c31f5a-6724-4a75-8b07-c8df59d6d142"", ""d25d8ee1-0389-4741-86c8-1fea16de47c7"", ""c44d0a6c-9706-4dc6-8556-c4ede62bea0d"", ""64c50768-92b4-4c82-be6c-c74b12712ed3"", ""23e75bd8-1dc5-4cbc-9d57-6390f00f171a"", ""ec040c9b-1d20-47d0-a721-481cbf54e1a7"", ""57dfbb55-120b-4c7b-b8a6-e5c671dfcbba"", ""c1a410dc-4d46-4ada-9cdc-743864135185"", ""8d006fb9-6d46-46b9-87ed-8695951c0437"", ""836203f7-f65d-462a-a847-fbcd7dde390a"", ""4d2117ad-55fe-4d10-8615-19a7bf1828d2"", ""e457064b-c0b1-40af-a653-0a5080bd0544""], ""academic_year"": ""9283d4a0-106d-43ab-a5f6-3cb4b387420c""}",vancouver
f246f32c-a691-4456-a9a8-e2f70e58e250,node--academic_year,16401,True,Academic Year 2023/24 - June,2023-04-13T20:53:40+00:00,2024-01-05T19:31:58+00:00,/academic-year-202324/academic-year-202324-june,,"{""node_type"": ""53783729-2e4c-4d95-b3b9-5a5c46531869"", ""revision_uid"": ""23fb8524-3749-40ea-a2fc-19d1a029112b"", ""uid"": ""3e7cb6cf-3e28-462b-9821-30746a7583c2"", ""academic_year_events"": [""7496c19f-5a21-4ac5-856d-a73c4a8cded1"", ""7b240264-61e3-45b2-9bb9-9a0bf401e45e"", ""3d117ac1-90e0-4969-a796-8a8ef497e036"", ""533f1839-dabe-4ef8-9b2f-8bcd2a92ff02"", ""ebc2c3d8-8341-46fa-87a2-82d834ac2f96"", ""2faef035-ea3d-455c-a020-7eafb0a467eb"", ""2d609eb6-9ee5-4c40-a8b7-e454323297f0"", ""8a0ccdf7-ee1b-4a29-8a91-4be839d76a4e"", ""ef483df2-2646-4d38-a3e7-09cf11bbfddb"", ""101c410c-af44-48f4-9764-435a51f7e271""], ""academic_year"": ""9283d4a0-106d-43ab-a5f6-3cb4b387420c""}",vancouver
4aa91051-7219-41b9-a815-20f8d1f024c3,node--academic_year,71615,True,All Months,2024-01-16T18:18:48+00:00,2024-01-17T17:12:12+00:00,/academic-year-202425/all-months,,"{""node_type"": ""53783729-2e4c-4d95-b3b9-5a5c46531869"", ""revision_uid"": ""23fb8524-3749-40ea-a2fc-19d1a029112b"", ""uid"": ""3e7cb6cf-3e28-462b-9821-30746a7583c2"", ""academic_year_events"": [], ""academic_year"": ""9e725326-2fec-4240-a5c4-8bbb4d583530""}",vancouver
148d2126-4c33-4573-8187-728e00c76f36,node--academic_year,16409,True,Academic Year 2023/24 - January,2023-04-13T20:53:43+00:00,2024-02-24T01:12:44+00:00,/academic-year-202324/academic-year-202324-january,,"{""node_type"": ""53783729-2e4c-4d95-b3b9-5a5c46531869"", ""revision_uid"": ""23fb8524-3749-40ea-a2fc-19d1a029112b"", ""uid"": ""3e7cb6cf-3e28-462b-9821-30746a7583c2"", ""academic_year_events"": [""e355e181-f850-4574-90c0-3cafd0c484d0"", ""2dc6e0aa-eeb7-4d18-b9a8-2ae1ab222a37"", ""90a17820-39a6-42ba-b0db-5c7cc173e34b"", ""312bf0b4-a028-4675-b36e-9ee50f2c7c0d"", ""1b2836c5-44eb-476e-a137-d666f88542f3"", ""bda5c1db-103f-4a1e-98d2-b932335a6f76"", ""48b2fa0f-a22f-43e9-92b4-be74a98bd25a"", ""b251eddb-73d7-4cd4-9be5-52231b82115a"", ""ac1f52c3-bd2e-4ccf-95c5-9cd25c268c19"", ""85607f65-a11b-4704-b1e3-4ab23f1003d1"", ""294c2e0b-31f1-4a50-a72a-ad7aebde4b82"", ""53bf0dd6-e1bc-47c0-9a6f-aeadca88573d"", ""29736d86-b257-42e3-a66d-496a810ac361"", ""cb5e4ab8-0520-40a7-b0c7-8c0f4351555a"", ""45f76170-8cc9-4248-b9a8-42bf3337d1bd"", ""4c476971-711f-4d6e-9a1d-69c1be3a53ea"", ""d9fca340-43d5-4eb3-b3c3-d38a52a29849"", ""990c2bdd-af30-4c3f-aed0-81a41dad6b87"", ""a7a3d5e2-a052-42b4-928d-a1d5945d1cb7"", ""3543be49-6549-47c8-9757-26fe3db6418c""], ""academic_year"": ""9283d4a0-106d-43ab-a5f6-3cb4b387420c""}",vancouver
d6d999e5-4199-44c3-ba2c-686a504c3c45,node--academic_year,16402,True,Academic Year 2023/24 - May,2023-04-13T20:53:40+00:00,2024-02-27T22:50:20+00:00,/academic-year-202324/academic-year-202324-may,,"{""node_type"": ""53783729-2e4c-4d95-b3b9-5a5c46531869"", ""revision_uid"": ""23fb8524-3749-40ea-a2fc-19d1a029112b"", ""uid"": ""3e7cb6cf-3e28-462b-9821-30746a7583c2"", ""academic_year_events"": [""7d97381b-2ab7-4128-9f65-192ca7365d61"", ""a023fc32-d2ca-43a4-af8c-7b1e9e68552b"", ""fe9f0686-f535-46f9-bb55-efa4a6bc97ea"", ""22f41e2e-08e9-4540-822a-3dbd72df2046"", ""aee510f4-8a30-4bfe-a086-cc9e44eff714"", ""bdbc101f-e10b-4d0a-9015-e9af401a8916"", ""3e50bde8-13f1-4f7e-937b-5fa2550880b2"", ""6d8e12d3-6d41-44d8-a1b9-2776b0c6316e"", ""c098f225-54b8-44e3-8964-9fb6e3056101"", ""3d570db1-7d87-4608-b3a6-966b89c11122"", ""ca59a541-6a57-4d3c-ae9d-aea5006062a8"", ""d1effafd-ae19-45b4-9365-6b45aa853b14"", ""0060e5b0-5517-40dd-ab05-c558915d1d20"", ""f93cb3e9-c69d-44b5-a34e-c5123f142bb9"", ""65fc57c1-1103-4bfd-8a5d-b06a33a17cae"", ""491cdf82-43d3-4352-97d2-8d31959dac47"", ""d5689485-1472-4a68-b62b-d5dfc508fded"", ""1fa2f7eb-e7fc-4d91-92eb-58f1353877ab"", ""97d56a6d-fdaf-428c-8d50-64b24b6afe9a"", ""65bdc11d-d64b-4fe3-9335-a2fdf6ec4b9b""], ""academic_year"": ""9283d4a0-106d-43ab-a5f6-3cb4b387420c""}",vancouver
579958f1-7b6f-4e03-89f6-a72e2243d68f,node--academic_year,16400,True,Academic Year 2023/24 - July,2023-04-13T20:53:39+00:00,2024-02-27T22:51:19+00:00,/academic-year-202324/academic-year-202324-july,,"{""node_type"": ""53783729-2e4c-4d95-b3b9-5a5c46531869"", ""revision_uid"": ""23fb8524-3749-40ea-a2fc-19d1a029112b"", ""uid"": ""3e7cb6cf-3e28-462b-9821-30746a7583c2"", ""academic_year_events"": [""d8075b99-b282-4fc8-807f-53727e033e19"", ""ed9e114d-545d-4c5e-b3f8-5c70f48f13e2"", ""10aab796-d14d-454f-b50f-c58cb985893b"", ""03604d86-5b89-4c57-a91c-01be52516335"", ""a9823a17-9c89-4bcd-a60b-28f80b3c9688"", ""19a88d87-f59d-4a27-add1-59f240497fa9"", ""4cb1b417-d9fc-49df-bdad-47e5586de59c"", ""ca129701-68c7-426a-90d3-94a4d4638fb8""], ""academic_year"": ""9283d4a0-106d-43ab-a5f6-3cb4b387420c""}",vancouver
b7fd1662-5751-48f7-a9de-c2cfb483562c,node--academic_year,62366,True,February 2025,2023-04-13T20:53:42+00:00,2024-02-28T06:10:44+00:00,/academic-year-202425/february-2025,,"{""node_type"": ""53783729-2e4c-4d95-b3b9-5a5c46531869"", ""revision_uid"": ""23fb8524-3749-40ea-a2fc-19d1a029112b"", ""uid"": ""3e7cb6cf-3e28-462b-9821-30746a7583c2"", ""academic_year_events"": [""e5bb286b-9872-4b88-b776-1459a84a95c5"", ""df9ad790-4443-4b57-90ba-56f910e37a24"", ""d1c6e1b2-bce6-4ed1-9271-9906205b65e0"", ""f8e0a0c5-d80e-4cf4-a35e-24a47310d30b"", ""9d8faab0-e61b-4e7a-a9ca-1373d1a07745"", ""9d498ee4-c1e4-453d-bf38-1ecb182373bb"", ""499d4746-8da1-4c7b-a48b-7b811a916c2d"", ""cb83cf7f-c345-422f-9ed3-cbba8d86fc24""], ""academic_year"": ""9e725326-2fec-4240-a5c4-8bbb4d583530""}",vancouver
5f32b11d-b6f6-434f-8bcd-846644e8d90e,node--academic_year,16399,True,Academic Year 2023/24 - August,2023-04-13T20:53:35+00:00,2024-05-24T20:28:19+00:00,/academic-year-202324/academic-year-202324-august,,"{""node_type"": ""53783729-2e4c-4d95-b3b9-5a5c46531869"", ""revision_uid"": ""23fb8524-3749-40ea-a2fc-19d1a029112b"", ""uid"": ""3e7cb6cf-3e28-462b-9821-30746a7583c2"", ""academic_year_events"": [""9725708d-a3ea-48c7-a648-3a162717bb47"", ""f82ee60c-8128-4fe7-bd54-881e2cd8b9c8"", ""808097a8-e609-4020-8177-10b1e3c07074"", ""f89bf5eb-9903-4f11-98dc-ac0d955425ea"", ""3e101724-5324-49ca-a49e-e5182ce6124d"", ""52ca17b1-a66d-446b-ae26-25002a2380c0"", ""6eb6ba3c-a55f-4bac-b41b-68387ba2db50"", ""7c41b8f6-3e8b-4574-9624-998d25e4d478"", ""d70f2379-5be3-461d-8b13-27bb491ade80"", ""d2ca7174-fc82-4b4b-ae7e-8b87795117c8"", ""0becd2e4-d1e3-45fc-b8bd-c915c7bb8472"", ""ce0debd1-ba3e-4ec5-b1b7-a0789d8efe5a"", ""fcc01cf7-8417-41aa-a414-fc949aa02a04""], ""academic_year"": ""9283d4a0-106d-43ab-a5f6-3cb4b387420c""}",vancouver
68abd348-d545-45c4-977e-7f66ca1c33ae,node--academic_year,62367,True,October 2024,2023-04-13T20:53:37+00:00,2024-07-30T19:40:18+00:00,/academic-year-202425/october-2024,,"{""node_type"": ""53783729-2e4c-4d95-b3b9-5a5c46531869"", ""revision_uid"": ""eab30759-196a-4be2-af80-9c262d3a2aeb"", ""uid"": ""3e7cb6cf-3e28-462b-9821-30746a7583c2"", ""academic_year_events"": [""0dbb9c6d-7bcb-42f1-a262-4b37d7da6e5a"", ""5b54dd40-6511-4441-ae00-d86afc7f19bf"", ""2892f5ff-7844-4664-96d4-58e36c1fd4f5"", ""420492e1-7271-43a1-975c-bed212c9b2be"", ""d7113b49-5b12-47ad-b677-963d272da8ab"", ""565366e8-3ec1-4e96-969f-f67f16e0c1ca"", ""b573de3e-25b1-4240-a12c-e96ba4150a93"", ""9e58a53b-833b-4d0f-9a32-f88c7e0ee689"", ""65197c70-4759-4805-ade0-e1ef1412628a"", ""d8396320-eb4f-4577-ad85-b85dca7bd440""], ""academic_year"": ""9e725326-2fec-4240-a5c4-8bbb4d583530""}",vancouver
92b83f93-49fb-45fd-b21c-8d342bd7e0eb,node--academic_year,62374,True,November 2024,2023-04-13T20:53:37+00:00,2024-07-30T19:40:41+00:00,/academic-year-202425/november-2024,,"{""node_type"": ""53783729-2e4c-4d95-b3b9-5a5c46531869"", ""revision_uid"": ""eab30759-196a-4be2-af80-9c262d3a2aeb"", ""uid"": ""3e7cb6cf-3e28-462b-9821-30746a7583c2"", ""academic_year_events"": [""34a6e17f-6b44-4a1f-8f22-087dd3352f34"", ""61e47f4c-441b-4689-a083-f2fbb03c373e"", ""f7eddc14-72a1-4b1c-acee-949c549ca807"", ""c70c2266-d0af-424d-b6af-f1ed82a815b1"", ""319d6085-c0da-497a-9ec6-e3847358b9cc"", ""a7dee092-61da-4fd0-9320-c699e16c75ed"", ""21c40cd9-7695-41b5-8597-9dcad8e6c339"", ""fcab3f4f-9929-43f5-b9b4-a0f7818df9ca"", ""e8eda7fb-0538-42ea-9dda-ead21a956a73""], ""academic_year"": ""9e725326-2fec-4240-a5c4-8bbb4d583530""}",vancouver
200b6139-091e-462d-99da-5c7a0c174e8f,node--academic_year,62371,True,March 2025,2023-04-13T20:53:41+00:00,2024-07-30T19:41:38+00:00,/academic-year-202425/march-2025,,"{""node_type"": ""53783729-2e4c-4d95-b3b9-5a5c46531869"", ""revision_uid"": ""eab30759-196a-4be2-af80-9c262d3a2aeb"", ""uid"": ""3e7cb6cf-3e28-462b-9821-30746a7583c2"", ""academic_year_events"": [""36794147-a737-415c-8c2d-b987b1a01764"", ""c6365365-cbc9-4abe-9b8d-59622c0a30cf"", ""52f6fe6f-5b5c-4a93-b5db-63d3fd4984f6"", ""bd482984-3ab4-438b-aa93-98bf5027f1c7"", ""fcaa42aa-5523-49fc-b5ea-0ada38ddb951"", ""0bffe2cf-30e8-4124-ad57-9ac34c6c9d98"", ""939f6aeb-5771-46fd-b91f-7bd4db27e66b""], ""academic_year"": ""9e725326-2fec-4240-a5c4-8bbb4d583530""}",vancouver
063fd130-33f5-4733-914b-26749398968f,node--academic_year,62375,True,June 2025,2023-04-13T20:53:40+00:00,2024-07-30T19:42:39+00:00,/academic-year-202425/june-2025,,"{""node_type"": ""53783729-2e4c-4d95-b3b9-5a5c46531869"", ""revision_uid"": ""eab30759-196a-4be2-af80-9c262d3a2aeb"", ""uid"": ""3e7cb6cf-3e28-462b-9821-30746a7583c2"", ""academic_year_events"": [""13a5435d-c833-4d17-ab5f-2df30154e16b"", ""f7e83602-e0c0-4bcb-be6f-980c39de7052"", ""f249d3f4-29d5-442b-8af2-b5f2b8bca43b"", ""2a60e4ab-ac57-4f69-9084-3f81d42e8a49"", ""a2094a88-eeeb-43bf-8a5c-785efc837f33"", ""587de2de-64d3-44f4-95d2-d345b63a1c58"", ""2ce1f256-6c46-4e85-982a-f4c89afb1616"", ""0e4d5b65-ab3d-433e-b26b-53ceadcf89a7"", ""9dd76e6f-6851-4a3e-b4d8-49324652ff9a""], ""academic_year"": ""9e725326-2fec-4240-a5c4-8bbb4d583530""}",vancouver
1e5b32f5-7e1d-4b90-9ea3-5084f6609443,node--academic_year,62369,True,July 2025,2023-04-13T20:53:39+00:00,2024-07-30T19:43:20+00:00,/academic-year-202425/july-2025,,"{""node_type"": ""53783729-2e4c-4d95-b3b9-5a5c46531869"", ""revision_uid"": ""eab30759-196a-4be2-af80-9c262d3a2aeb"", ""uid"": ""3e7cb6cf-3e28-462b-9821-30746a7583c2"", ""academic_year_events"": [""68320b56-66bb-458e-973f-4cc21e50efc3"", ""ef40c476-9872-48d7-a145-5c1228414fc5"", ""8858990e-6409-4550-b25b-d3d9dba6d46e"", ""bc7ecacf-edc5-4968-b715-b825e91f0db1"", ""a3fb7111-d861-4167-9641-7163d2d87a50"", ""4820dbe8-199c-4548-9285-741f5f743b23"", ""e1bd09f9-d97a-491a-9e69-c33cf71d4de5"", ""7bfa2f4b-baea-4101-b740-0f3f43c1f096"", ""d879a92d-891f-44b8-9148-cacd18dc5c71"", ""f979fe67-2970-47a7-9f35-37ce72ba2cce""], ""academic_year"": ""9e725326-2fec-4240-a5c4-8bbb4d583530""}",vancouver
3ff9c600-14ef-4b23-860b-ae771f2e11e7,node--academic_year,62368,True,September 2024,2023-04-13T20:53:36+00:00,2024-08-29T23:07:26+00:00,/academic-year-202425/september-2024,,"{""node_type"": ""53783729-2e4c-4d95-b3b9-5a5c46531869"", ""revision_uid"": ""23fb8524-3749-40ea-a2fc-19d1a029112b"", ""uid"": ""3e7cb6cf-3e28-462b-9821-30746a7583c2"", ""academic_year_events"": [""56f45700-ecb9-46f3-8df7-bc4563227c51"", ""2d9aa270-0553-4c1c-8951-240f9a22216b"", ""f80c90d1-f84d-4dc9-b7af-6ee77c7514bf"", ""de2b295f-f10f-45a2-82ac-fca24f43a8a6"", ""78ebdf47-af1d-4648-87c3-b008753fdef9"", ""3fdb6002-8d9a-42b2-b358-2a6bb4fb85cf"", ""15447d24-2d12-4eca-91c8-bd783ee9ed3b"", ""b6e79d2d-1d30-46e5-b915-77c1aae4f66a"", ""429fe982-17d8-48d7-a454-a173ddee3a3a"", ""3272c969-b96a-47c2-b2a2-8fc6395f3b14"", ""1b4eec38-6684-4e88-b711-0f7f6a8d5391"", ""2500ff3b-de71-4c83-a8a6-e6da0726c578"", ""7e7243c7-df14-47e8-9e11-fdad7c072f8e""], ""academic_year"": ""9e725326-2fec-4240-a5c4-8bbb4d583530""}",vancouver
5c11e2b5-0bee-4cd4-91b9-e4da04b14014,node--academic_year,62376,True,December 2024,2023-04-13T20:53:39+00:00,2024-09-20T22:56:23+00:00,/academic-year-202425/december-2024,,"{""node_type"": ""53783729-2e4c-4d95-b3b9-5a5c46531869"", ""revision_uid"": ""23fb8524-3749-40ea-a2fc-19d1a029112b"", ""uid"": ""3e7cb6cf-3e28-462b-9821-30746a7583c2"", ""academic_year_events"": [""fde7e980-9a39-48cf-945a-891214f060fc"", ""929910a4-64cc-499d-9e57-0227c667c7e3"", ""afd65d36-c293-4074-8786-3527a80c010e"", ""87dbb023-50e9-42ab-9e8f-24e30c9f3505"", ""0357b265-eae3-4d77-a95f-1830585fc020"", ""65c61cd1-f61d-488f-8ef1-85459c86be4b"", ""585b9eeb-58e4-4297-b9e5-d35874c5fa9f"", ""ad8cc9fd-facb-4948-8641-75aa9228c9a8"", ""2a4189c2-204f-4807-bbd2-35ac269f0238"", ""429c08df-f794-47e2-9c64-47d6d8de2e1b"", ""761a0702-d593-4779-817f-801a7fcffc60"", ""6bba6792-8e24-4acf-a1cb-dfc2f43bad83"", ""39ce0e93-4828-4413-83d1-14ada102b6c5"", ""a851d10f-8dd8-4354-9c25-91f3090cb646"", ""51be631d-e3be-4914-b661-d47371332932""], ""academic_year"": ""9e725326-2fec-4240-a5c4-8bbb4d583530""}",vancouver
ab859958-b4cb-468d-8c0c-121a0b5b7b63,node--academic_year,62365,True,January 2025,2023-04-13T20:53:43+00:00,2024-09-20T22:57:02+00:00,/academic-year-202425/january-2025,,"{""node_type"": ""53783729-2e4c-4d95-b3b9-5a5c46531869"", ""revision_uid"": ""23fb8524-3749-40ea-a2fc-19d1a029112b"", ""uid"": ""3e7cb6cf-3e28-462b-9821-30746a7583c2"", ""academic_year_events"": [""d4ecf7b7-e476-41bd-8581-2334bf4bc199"", ""cece6918-c114-4faf-b8f8-64378129e3d7"", ""1daf31a2-0e8c-4a29-9088-468dcea1dbd2"", ""fab1122e-d266-4a7a-8545-0588430cc7b4"", ""60ce4f41-2f17-43c3-9e36-d0b4b4ef196a"", ""117cba23-9743-41f3-a0c0-a392a2a1a4b0"", ""a7de3e48-f307-4f0d-a2f3-d371566bb5b8"", ""78ccae84-345a-4f27-a869-d69567e157ce"", ""05073f8b-ef16-4101-ac2d-3617f6c48d4c"", ""38c3780c-5cb5-4c3d-a303-d479cdf22048"", ""e9bbf97f-6811-4e86-bb15-cba620713055"", ""cccd5191-98aa-478b-a15e-13dbbd160871"", ""66411bde-d5eb-48be-8fa7-ddc5339d9dd9"", ""7cc22a82-b341-4973-83b9-71a8c145b1ee"", ""76c1d17e-1e43-43a6-8c6f-f4fa7dde14fb""], ""academic_year"": ""9e725326-2fec-4240-a5c4-8bbb4d583530""}",vancouver
bdd6611f-2875-4bfd-ad0f-8508624ef2cc,node--academic_year,62372,True,May 2025,2023-04-13T20:53:40+00:00,2024-09-20T22:58:09+00:00,/academic-year-202425/may-2025,,"{""node_type"": ""53783729-2e4c-4d95-b3b9-5a5c46531869"", ""revision_uid"": ""23fb8524-3749-40ea-a2fc-19d1a029112b"", ""uid"": ""3e7cb6cf-3e28-462b-9821-30746a7583c2"", ""academic_year_events"": [""8fa64063-9feb-4b05-a595-94f299fb262a"", ""02d0927b-4c11-4ce3-a3b8-ffe0b775203a"", ""b49e58b0-cfd0-4336-9710-48abb4137e99"", ""11809789-7941-4604-9708-3367d12fde62"", ""b866adbe-df26-4ce4-a530-adb43ced8817"", ""4d668b60-0e50-4b99-aaa9-5c3c9d0edd03"", ""7bae23a2-a45d-470c-a123-0ef1cac34ab2"", ""22501191-32a0-4d24-afc2-e6de542283a8"", ""7da442bc-5273-4201-9a7b-bba5ea80e6ac"", ""0b2d1aa8-e560-4e72-a528-e76890485cac"", ""9dbb7bdf-d855-4165-8500-b2e92ea9e2c3"", ""0635254d-deb0-4c1f-8383-154a95ef016e"", ""b1dd41ae-dfa2-4660-a832-ff261deccfa4"", ""6811c3d4-4acd-4e1f-8287-693917a2c641"", ""899387f1-0197-4ce7-a15d-d7a2c3a69b26"", ""e01000a5-105c-42f7-8c52-a8958bc39232"", ""692fa050-35f5-4f5e-a240-c0ffc033d12b"", ""f732a3af-ef92-4869-b456-944d65e07927""], ""academic_year"": ""9e725326-2fec-4240-a5c4-8bbb4d583530""}",vancouver
754f9ee4-1716-40d6-b4a0-bad38cedc9ef,node--academic_year,62370,True,April 2025,2023-04-13T20:53:41+00:00,2024-10-31T19:44:17+00:00,/academic-year-202425/april-2025,,"{""node_type"": ""53783729-2e4c-4d95-b3b9-5a5c46531869"", ""revision_uid"": ""23fb8524-3749-40ea-a2fc-19d1a029112b"", ""uid"": ""3e7cb6cf-3e28-462b-9821-30746a7583c2"", ""academic_year_events"": [""6de16a04-52bc-475d-8c70-e408d1e8f158"", ""9169ba87-c1a3-486d-af43-05ac1581edc7"", ""8ea306f6-eabf-4858-b6c6-5639b97b197c"", ""51a4a432-75b6-4fc0-b181-98ee2572dd98"", ""6c211257-fe0d-45d1-a075-216a96626996"", ""4d894d3b-e11c-4fb6-ac78-353cd208da49"", ""f054ed17-92c5-4a33-8965-94e45a49ff5e"", ""2bf94249-2ba0-48b8-9ab7-64b64e585902"", ""02ea5a50-ddb0-4b17-a010-c9535abf362b"", ""d26bc0ff-6f8a-40a9-b856-31c481812d04"", ""3a0c84ce-09ae-4c9e-b79f-08bf0c1d357b"", ""80f66c21-b786-4fd9-859b-789a41f861ef"", ""6e566f51-f66f-4ced-8850-8d8102ab96a6"", ""c075b59a-7fb1-40cc-81e9-edcbd0b2aaa5"", ""7438d26a-98c1-4e37-af24-c988fbd447a7"", ""1304cb18-7661-442e-ba95-b6a1b31e098c""], ""academic_year"": ""9e725326-2fec-4240-a5c4-8bbb4d583530""}",vancouver
0cc98cd2-d336-4a1c-95b6-41f7329bb095,node--academic_year,155266,True,All Months,2025-01-03T22:26:50+00:00,2025-01-03T22:28:21+00:00,/academic-year-202526/all-months,,"{""node_type"": ""53783729-2e4c-4d95-b3b9-5a5c46531869"", ""revision_uid"": ""23fb8524-3749-40ea-a2fc-19d1a029112b"", ""uid"": ""23fb8524-3749-40ea-a2fc-19d1a029112b"", ""academic_year_events"": [], ""academic_year"": ""e907c358-be74-4a4e-a523-0369ef7965e4""}",vancouver
fc93f457-93cd-4921-80ba-9339220fbf0a,node--academic_year,62373,True,August 2025,2023-04-13T20:53:35+00:00,2025-01-29T20:23:41+00:00,/academic-year-202425/august-2025,,"{""node_type"": ""53783729-2e4c-4d95-b3b9-5a5c46531869"", ""revision_uid"": ""23fb8524-3749-40ea-a2fc-19d1a029112b"", ""uid"": ""3e7cb6cf-3e28-462b-9821-30746a7583c2"", ""academic_year_events"": [""cf084140-0dc5-47af-bf0d-4902aaefb4b4"", ""a81ac889-8bbd-4bd4-aad4-0c09fa9c7650"", ""e9522f84-46b4-400e-89bb-f15c199ea45f"", ""fbbdf6b4-519b-4622-a20a-625f1b0c1a1a"", ""3bd1f1f8-2791-4a8f-916d-2ce63f48885c"", ""81a3a557-72ec-4e67-9799-bd0e86c145ff"", ""705ff54c-65cf-413b-9960-79801617733d"", ""1c52ae52-c78a-42cd-94a9-1dfecc001feb"", ""e87bd1e5-3bd1-42c5-9f0b-068fd647641d"", ""2dc710d6-dfe5-4de1-920f-3ebb7654a4c7"", ""536db63f-087f-4e64-93a1-6643849b6656"", ""46d05edb-2d62-41ec-86ef-61d28db0cad6"", ""ba0ae211-f5ca-4831-885a-98e821f99103"", ""c2cbebd2-da57-40ec-a2dc-5d5bf47debb1"", ""9c50e796-b0a5-4351-b0eb-f5d8a235d357""], ""academic_year"": ""9e725326-2fec-4240-a5c4-8bbb4d583530""}",vancouver
85450e07-5602-4b6f-94f5-badcc8a0b8d4,node--academic_year,155264,True,February 2026,2023-04-13T20:53:42+00:00,2025-01-29T20:44:22+00:00,/academic-year-202526/february-2026,,"{""node_type"": ""53783729-2e4c-4d95-b3b9-5a5c46531869"", ""revision_uid"": ""23fb8524-3749-40ea-a2fc-19d1a029112b"", ""uid"": ""3e7cb6cf-3e28-462b-9821-30746a7583c2"", ""academic_year_events"": [""12218c43-3126-45e1-bb15-1c8b04c4d6df"", ""f7c17c10-9227-44ac-8e62-8278c4743df1"", ""9bbdc9e8-69ff-443f-8c83-c256816e9613"", ""e928fd81-f711-4185-9931-f1726e014065"", ""dc90ea82-8e0c-4489-a2c9-b1ad4955439c"", ""feebc035-da71-44f2-bb59-afd89e58fe20"", ""4a3f7c75-d018-45fc-97d0-3f3f6ba6282d"", ""5c8c274d-dae5-48c0-bdf0-20eef861be42"", ""974e75bb-75a9-4882-a891-b603b7d91c14"", ""77809f63-2776-40b6-bf59-1c0d550e1a07""], ""academic_year"": ""e907c358-be74-4a4e-a523-0369ef7965e4""}",vancouver
b86a2069-48a8-4701-b842-d504c1c8e194,node--academic_year,155260,True,June 2026,2023-04-13T20:53:40+00:00,2025-02-03T19:54:15+00:00,/academic-year-202526/june-2026,,"{""node_type"": ""53783729-2e4c-4d95-b3b9-5a5c46531869"", ""revision_uid"": ""23fb8524-3749-40ea-a2fc-19d1a029112b"", ""uid"": ""3e7cb6cf-3e28-462b-9821-30746a7583c2"", ""academic_year_events"": [""aec76405-4ab3-453c-ae85-5448fdfeecc7"", ""adcae1da-e215-47a4-9f50-3b8d0280e872"", ""754e33f9-b5e1-4ca5-ab6e-2ebaa0b95cda"", ""da3706e5-5320-47b0-830e-70cc47f8c7b4"", ""2d04554b-3dea-489a-9c7b-978a5a64ff69"", ""201b7669-36ed-4dc3-b9af-ba0568c85428"", ""3b187d3a-3470-4c84-ad46-a4d50b332cbc"", ""d345839c-beb5-42b6-83dd-9cb5de0d2eb3""], ""academic_year"": ""e907c358-be74-4a4e-a523-0369ef7965e4""}",vancouver
28d0a769-ee10-40bf-8098-8367e7e9ada4,node--academic_year,155258,True,September 2025,2023-04-13T20:53:36+00:00,2025-02-11T00:55:27+00:00,/academic-year-202526/september-2025,,"{""node_type"": ""53783729-2e4c-4d95-b3b9-5a5c46531869"", ""revision_uid"": ""23fb8524-3749-40ea-a2fc-19d1a029112b"", ""uid"": ""3e7cb6cf-3e28-462b-9821-30746a7583c2"", ""academic_year_events"": [""e2ee52c7-9879-4fe3-b313-15393028f08a"", ""f904dd9e-6bfa-46fd-a725-59420918a16e"", ""b130f6b5-3856-44ef-9b6b-96cc3b24a00a"", ""7a102c14-d420-4ba9-b252-c87f37117333"", ""1ad75453-95eb-4dee-8c5a-16584ae91a28"", ""08899d88-9044-417b-92b2-072b94df68de"", ""428f77ad-f84f-4acf-992b-91feaf9f6bb4"", ""da69812e-dec9-405d-8479-dd7599f779c2"", ""06414ccf-7266-4ac9-9d59-46f6c97a8c0e"", ""240a54c7-49ca-4f1f-aed6-85acc14478f1"", ""1c20a4de-0938-4d5d-8409-1011660cf236""], ""academic_year"": ""e907c358-be74-4a4e-a523-0369ef7965e4""}",vancouver
97ac9c91-d4af-4981-84bc-bbe117e63227,node--academic_year,155263,True,October 2025,2023-04-13T20:53:37+00:00,2025-02-11T00:56:24+00:00,/academic-year-202526/october-2025,,"{""node_type"": ""53783729-2e4c-4d95-b3b9-5a5c46531869"", ""revision_uid"": ""23fb8524-3749-40ea-a2fc-19d1a029112b"", ""uid"": ""3e7cb6cf-3e28-462b-9821-30746a7583c2"", ""academic_year_events"": [""0bd74d0c-a413-4c9d-b010-2385a7b62e9f"", ""ca734a4e-bcfd-412c-857a-3b1323bc6997"", ""58d85836-b6db-4c92-84e2-bbd41d5add66"", ""e269b706-0cb7-48d5-80b0-4c44d502972b"", ""30f918fb-cb69-49f2-adfa-b66ce72d5515"", ""42f13f10-2db3-4489-aef9-3856fb91d784"", ""a2326aa8-1bff-4328-8680-232fd010c303"", ""b3ce5d06-bfb8-458e-95d6-eefce4ec149d"", ""9d94cba8-c6b3-4ef0-b241-7f5c5afcb44b"", ""e8070fb8-da6b-4432-abd3-41df8d0a9a0a"", ""e2c47b34-5382-449a-874c-b1b926c08ed3""], ""academic_year"": ""e907c358-be74-4a4e-a523-0369ef7965e4""}",vancouver
9f6708c9-7a7a-4a5e-901b-3c75364e46ca,node--academic_year,155259,True,July 2026,2023-04-13T20:53:39+00:00,2025-03-24T16:24:47+00:00,/academic-year-202526/july-2026,,"{""node_type"": ""53783729-2e4c-4d95-b3b9-5a5c46531869"", ""revision_uid"": ""23fb8524-3749-40ea-a2fc-19d1a029112b"", ""uid"": ""3e7cb6cf-3e28-462b-9821-30746a7583c2"", ""academic_year_events"": [""457cbba3-35c3-4964-99ec-de10ade4213c"", ""93880b51-e019-4f9a-9c01-406016d38213"", ""ca49368b-d061-4e09-ae4a-9b284c963d6c"", ""3a7dee44-c6cc-4831-90ae-ab9606b25cfc"", ""4e093dc7-ffa6-4444-83d2-ae2c22ddb268"", ""f7ec6b95-d33e-4ed4-a833-2faa18824d19"", ""ce67e40c-8ead-49b9-b1f5-23ec308e3aeb"", ""f6cecbc0-9ad3-4e14-97d8-b9865bc7d555"", ""d8bb52a9-43b3-4686-8bd8-46e3963cbec0"", ""1df4b5b3-451b-442c-b00f-40e5713eac5a"", ""e41cfcc9-b71f-4c39-9c54-7011ed298a8e""], ""academic_year"": ""e907c358-be74-4a4e-a523-0369ef7965e4""}",vancouver
62df2b5f-ba34-4ea5-acdc-84ef21a6e0eb,node--academic_year,155262,True,November 2025,2023-04-13T20:53:37+00:00,2025-08-07T18:51:14+00:00,/academic-year-202526/november-2025,,"{""node_type"": ""53783729-2e4c-4d95-b3b9-5a5c46531869"", ""revision_uid"": ""f23da32c-0f03-4768-8169-632dca844f0f"", ""uid"": ""3e7cb6cf-3e28-462b-9821-30746a7583c2"", ""academic_year_events"": [""cad77530-d854-48a0-9b17-20d579656b47"", ""1dda8b01-5ca7-483d-a913-1c94f2b3bed1"", ""f5905f45-353f-4ac4-a4cf-9fc9654df21f"", ""35c392a1-9c1b-4960-8d2b-3d9aa4c31bf9"", ""b249d56d-1382-49f1-b13b-184fa9662732"", ""43119f1d-6bed-45a7-9794-7da803f2dd25"", ""1e39bee1-b1b0-48a4-9f31-14065a19739f"", ""4334ea58-0f46-4403-bfa4-768d85a73b0f"", ""b6dcd80a-50bf-4ea3-ba1e-8870651126cd"", ""1681649d-3962-48f6-8fce-dbd8e7f36934"", ""f9039268-dc16-4309-8a22-4a274a0864ae"", ""329e0338-8eed-4cdb-aacf-f2ed650f576b""], ""academic_year"": ""e907c358-be74-4a4e-a523-0369ef7965e4""}",vancouver
b373c7a5-1020-4380-b3b4-e29202b321ae,node--academic_year,155256,True,January 2026,2023-04-13T20:53:43+00:00,2025-08-07T18:52:05+00:00,/academic-year-202526/january-2026,,"{""node_type"": ""53783729-2e4c-4d95-b3b9-5a5c46531869"", ""revision_uid"": ""f23da32c-0f03-4768-8169-632dca844f0f"", ""uid"": ""3e7cb6cf-3e28-462b-9821-30746a7583c2"", ""academic_year_events"": [""053ebd97-e62b-4ee9-81b7-78cdd6975d87"", ""cfc36933-adb5-4d3f-a91d-5529a3f3efce"", ""a4e1625e-7bb5-42fc-9c6a-87504d113fba"", ""0f35c134-0d2d-4f00-8701-d039cc622560"", ""b0be63bb-3c19-4dce-90c1-76cf9cdef0ab"", ""33771430-9f07-478f-b8f8-285686732a7e"", ""a4f7b6a3-768a-4219-8671-639f4d202f50"", ""1d397b2e-4736-4c64-835a-b05b325c4685"", ""efa88f24-3a70-4608-a52a-d98ad6e6ff79"", ""c51c7ba2-0b0c-445a-b62a-cb1f282e2e75"", ""2b833071-a33c-44c2-a52b-e00cc3c3de22"", ""cb1da504-3f04-47d4-ba71-ff3416fdbc59"", ""1777115a-9d0b-4c12-b772-2dd988009fe9"", ""7f49d99f-b7f4-4b46-8c1f-ace153511e32"", ""6daa279e-3c89-4b14-96cc-06225ddcea3b""], ""academic_year"": ""e907c358-be74-4a4e-a523-0369ef7965e4""}",vancouver
e6c6b47e-98bf-42a0-a4d4-9b539bddf11b,node--academic_year,155261,True,March 2026,2023-04-13T20:53:41+00:00,2025-08-07T18:54:29+00:00,/academic-year-202526/march-2026,,"{""node_type"": ""53783729-2e4c-4d95-b3b9-5a5c46531869"", ""revision_uid"": ""f23da32c-0f03-4768-8169-632dca844f0f"", ""uid"": ""3e7cb6cf-3e28-462b-9821-30746a7583c2"", ""academic_year_events"": [""d6e0bf0f-6820-4d58-b6a3-3ad973e0c27c"", ""d70bbec0-f242-432f-b393-d70499fa2c11"", ""1776fb8a-cdac-471b-a535-56a1edff98b4"", ""1ff59ca2-5adb-4a07-8cd3-e3daaaf435a5"", ""bba103c5-6a2f-440e-818b-29ebd02a2f5e"", ""24dacf66-5cda-4d04-880e-8cdca454a75b"", ""79407cd9-3f0f-4b57-8efa-c472246cb71e"", ""a89037c7-12ae-40ed-977e-d089d88c0f19""], ""academic_year"": ""e907c358-be74-4a4e-a523-0369ef7965e4""}",vancouver
7fbaaae3-aac2-4a7e-846a-4ca1543d4bd5,node--academic_year,155254,True,April 2026,2023-04-13T20:53:41+00:00,2025-08-07T18:55:24+00:00,/academic-year-202526/april-2026,,"{""node_type"": ""53783729-2e4c-4d95-b3b9-5a5c46531869"", ""revision_uid"": ""f23da32c-0f03-4768-8169-632dca844f0f"", ""uid"": ""3e7cb6cf-3e28-462b-9821-30746a7583c2"", ""academic_year_events"": [""76d4663e-bc02-41c2-ad38-35f87e5a6d9e"", ""f39be1ad-e222-4fbd-8fe0-1affe76007dc"", ""08e2cd58-45a9-439e-96a8-c438c7af4dbe"", ""bdd06bb0-6a9b-4e9b-b9c2-9bb3241c396f"", ""d9df094f-5e0f-4622-9f88-95fcc1279e04"", ""55cdfdb4-fc25-4f62-8d21-19035cc35a51"", ""9a556466-fb9c-49a7-a00e-9324740d4ce5"", ""b9b0f221-05d3-463c-a903-99872dd7a159"", ""bdc3b73d-3758-43a0-9e5c-5f148b1e74e9"", ""01d289a1-a96f-4605-96ea-da91fa9d6149"", ""13badbc8-57a8-4ce4-9a58-ce632440c9eb"", ""ff898c1e-67f6-4dca-85da-c9c75f3b6b8e"", ""e30fd17f-8a69-4fbf-9bdb-e0423965e8df"", ""f32ffe8f-6647-4942-a7f9-3b69cba9ff36"", ""922e59bd-56b2-44d5-909d-28dc6df03b51"", ""b030a034-bf3e-4074-b68c-e028eeb87d22""], ""academic_year"": ""e907c358-be74-4a4e-a523-0369ef7965e4""}",vancouver
640f5249-0fe6-4f35-b8d3-2b6f365df8ac,node--academic_year,155257,True,December 2025,2023-04-13T20:53:39+00:00,2025-09-11T22:37:43+00:00,/academic-year-202526/december-2025,,"{""node_type"": ""53783729-2e4c-4d95-b3b9-5a5c46531869"", ""revision_uid"": ""f23da32c-0f03-4768-8169-632dca844f0f"", ""uid"": ""3e7cb6cf-3e28-462b-9821-30746a7583c2"", ""academic_year_events"": [""15e9ce86-ffb4-432c-8309-f454ac4639e2"", ""4e8e8dc1-e595-459e-a86a-3dc188454112"", ""95c793c0-b7b8-4322-8e43-5d4d6cc59b3d"", ""aa3c588a-3868-4a6f-b4c6-2f4586355c61"", ""046be118-581e-4145-b3e6-eece54cab434"", ""ee94de60-3a1c-4b80-8982-0426f4fcbca0"", ""912985d8-b9d1-4523-8dfb-f3fec1fa803b"", ""25f4dfd9-99cf-4028-9965-9eea4f85f2ce"", ""9b703fc9-76f2-4a7d-b1be-eaf6e217ad2c"", ""57915ecf-f3ee-4976-b3b6-8a82088153f7"", ""588a1d28-8c73-4d89-9f2c-5785d319475b"", ""31693bd7-232f-448b-98e0-3f952118c378"", ""46449886-75ed-449a-bec9-b1ef3dbe21ae"", ""fe32f6a3-832b-4112-a831-25b32afc33a0""], ""academic_year"": ""e907c358-be74-4a4e-a523-0369ef7965e4""}",vancouver
35f3d557-97af-4c5e-b65f-469ec9cc51f5,node--academic_year,208296,True,All Months,2025-11-26T06:32:22+00:00,2025-11-26T06:34:02+00:00,/academic-year-202627/all-months,,"{""node_type"": ""53783729-2e4c-4d95-b3b9-5a5c46531869"", ""revision_uid"": ""23fb8524-3749-40ea-a2fc-19d1a029112b"", ""uid"": ""23fb8524-3749-40ea-a2fc-19d1a029112b"", ""academic_year_events"": [], ""academic_year"": ""795ab7fa-b661-4e59-841f-5f4f6b5bc22a""}",vancouver
a90b6f9e-99aa-4331-a65c-232a42c1db5c,node--academic_year,155255,True,May 2026,2023-04-13T20:53:40+00:00,2025-12-11T19:05:37+00:00,/academic-year-202526/may-2026,,"{""node_type"": ""53783729-2e4c-4d95-b3b9-5a5c46531869"", ""revision_uid"": ""23fb8524-3749-40ea-a2fc-19d1a029112b"", ""uid"": ""3e7cb6cf-3e28-462b-9821-30746a7583c2"", ""academic_year_events"": [""584750ed-727a-4655-94e6-9962ffff7a84"", ""275178c2-d317-4bda-ab4f-e543a797d752"", ""0f8eff12-e209-4d7a-a47a-92611daa8c47"", ""826fc7c0-be2c-4a1c-bd00-c4e0c9c99ec4"", ""b445c453-f382-46ea-9afa-d9ee331cf57f"", ""33052584-4fd2-4ed5-be0f-aacf17214588"", ""52c6c878-e550-41f6-8b49-e0eabd5a62ae"", ""74f6cde2-fca3-46ea-ad07-e5510218b712"", ""27d71633-c95b-4b8d-9673-a20081e9c53e"", ""3361139d-48f7-42e3-b7e6-d65b0e440ed2"", ""11296371-63c4-4f12-8d34-725199f67052"", ""757911af-6045-4bd2-a090-cdaf3e342532"", ""1ac03fb8-eb59-425c-ac24-985dfe37ce12"", ""298bc34d-1781-48ce-b8e1-664f86060fba"", ""f0349c90-b10a-4006-a6d9-8c52f0a6b44b"", ""c8908ee4-49e1-42fa-abaa-e476f9e31214"", ""88f73cb9-7fac-41e7-a103-2df1ba04d89f"", ""e5ac2278-221b-4405-8f74-86122c353602""], ""academic_year"": ""e907c358-be74-4a4e-a523-0369ef7965e4""}",vancouver
59cd701f-1722-482d-a41b-97b010c6390f,node--academic_year,208286,True,October 2026,2023-04-13T20:53:37+00:00,2026-01-16T17:52:46+00:00,/academic-year-202627/october-2026,,"{""node_type"": ""53783729-2e4c-4d95-b3b9-5a5c46531869"", ""revision_uid"": ""23fb8524-3749-40ea-a2fc-19d1a029112b"", ""uid"": ""3e7cb6cf-3e28-462b-9821-30746a7583c2"", ""academic_year_events"": [""7dd9c9be-15ca-434e-8c06-482911540138"", ""025610ec-5ca5-4195-a274-1bf36132c19d"", ""0409ebad-b6fd-42dd-af8d-ea5199625234"", ""a1e42864-a78d-43c6-b604-7143e0fe464b"", ""b5a299b2-16df-4d96-a414-823b46e6a155"", ""a4f7a810-a40e-4660-99da-6080b889244a"", ""8aa06a5d-e777-48c2-9eb6-812857abd1ab"", ""6b2302a5-d031-4285-b4cf-c529cdded624"", ""c37a8bac-62d6-455d-aa93-966b2e281392"", ""a3a9d149-e8b7-4733-9ba1-ca714b646db5"", ""863a15a8-daac-41b6-a6c5-09237ffb1cc5"", ""6592f516-3cdc-4afe-a3e6-ed61f2e0177c"", ""3514f4ba-1d2d-464a-98c7-93747180f7d7"", ""70513e4e-4958-4e2f-bd07-c5763ae82adc""], ""academic_year"": ""795ab7fa-b661-4e59-841f-5f4f6b5bc22a""}",vancouver
d4e3283c-2b8b-46cb-a56e-228ff150bc9a,node--academic_year,208285,True,November 2026,2023-04-13T20:53:37+00:00,2026-01-16T17:54:56+00:00,/academic-year-202627/november-2026,,"{""node_type"": ""53783729-2e4c-4d95-b3b9-5a5c46531869"", ""revision_uid"": ""23fb8524-3749-40ea-a2fc-19d1a029112b"", ""uid"": ""3e7cb6cf-3e28-462b-9821-30746a7583c2"", ""academic_year_events"": [""adf64e00-4197-427d-94ff-4e0d9b2406bb"", ""358507c2-74b7-4ddf-8638-1b3d50898f7d"", ""52f0a883-2c5c-436e-9041-acb94ee65f34"", ""a0eadf2c-4b6c-4ee4-888d-19d2acd1e2c7"", ""00d5e2ad-60ee-40b6-81b3-a203a6d11b1a"", ""5ec08943-a67b-492d-93ea-b08b5ed716b6"", ""ba9a54c0-0996-4947-97c4-09cd9571757c"", ""33411b27-5f80-45cf-a7bf-697936f71ec0"", ""4918b7ce-5672-4247-9f85-863e31b69b3f"", ""857b68e7-7340-43a7-9f23-9fc7b19d9cd6"", ""fbe087ad-627b-4b87-ba50-e1649d0c2718"", ""0a308989-69b1-4817-ab36-ca208151fa4f""], ""academic_year"": ""795ab7fa-b661-4e59-841f-5f4f6b5bc22a""}",vancouver
61e05881-843d-4e28-a446-c3a65434f227,node--academic_year,208284,True,December 2026,2023-04-13T20:53:39+00:00,2026-01-16T17:57:21+00:00,/academic-year-202627/december-2026,,"{""node_type"": ""53783729-2e4c-4d95-b3b9-5a5c46531869"", ""revision_uid"": ""23fb8524-3749-40ea-a2fc-19d1a029112b"", ""uid"": ""3e7cb6cf-3e28-462b-9821-30746a7583c2"", ""academic_year_events"": [""d3df0d71-9a89-4d3e-bb10-5ae5d2414512"", ""b076a2b7-85bc-4a5d-bc76-076479a1b06b"", ""d7a27d87-21c1-4842-8bd7-8f59f313c026"", ""d1545f0a-d237-4889-b836-28a14e271e21"", ""e8b045df-368d-4232-9d85-b25900d8e8a8"", ""73fee647-68d6-4c80-9e81-7029d0205826"", ""6c44a986-aa68-4af4-9ad9-d73de3efdde7"", ""b72ba1ee-9d47-4c07-903c-4fea839d401a"", ""684fd559-7243-4955-b6af-f03165d47e94"", ""e02afd33-89d6-4f41-b2ca-f0e8e80b67d9"", ""e341a098-b4b3-4a14-a40a-eaa968aebe22"", ""960e6b80-d86e-43d5-920b-d8ea193136ae"", ""e88df472-3cd5-448d-9ab7-b6bcd2dc9446"", ""4112ab37-4d2c-4680-9500-61abedc02b29"", ""d8cce19a-ab7c-4a4b-9227-285a2f731bdb""], ""academic_year"": ""795ab7fa-b661-4e59-841f-5f4f6b5bc22a""}",vancouver
77550ed8-c647-4ebb-9442-f5a411dadb84,node--academic_year,208289,True,March 2027,2023-04-13T20:53:41+00:00,2026-01-16T18:21:39+00:00,/academic-year-202627/march-2027,,"{""node_type"": ""53783729-2e4c-4d95-b3b9-5a5c46531869"", ""revision_uid"": ""23fb8524-3749-40ea-a2fc-19d1a029112b"", ""uid"": ""3e7cb6cf-3e28-462b-9821-30746a7583c2"", ""academic_year_events"": [""17a2230f-6bf0-4953-bcab-276401f7c498"", ""639dd017-093c-4aee-b961-fbbb8d2928ef"", ""b9c4c21f-8405-4327-8af2-60871f20d361"", ""1c8cd1f3-7be5-4af9-80eb-ff681e634a97"", ""5ac684e1-69ec-4e0c-9ce1-f608a61a08b3"", ""638d940a-ad9a-4708-9500-f84760f915f6"", ""f454958a-7ebb-476f-a698-0a102d0f3c6b"", ""b2acfd2d-8c8f-40af-81ae-5bd50b6f3da9"", ""897229f5-074f-451c-b196-7eb9d6a00a08"", ""6fbc8b5b-8cd8-4d51-a2e2-fec81f4bc7f3""], ""academic_year"": ""795ab7fa-b661-4e59-841f-5f4f6b5bc22a""}",vancouver
03440661-85df-4ef3-af82-5ba53112a59e,node--academic_year,208288,True,April 2027,2023-04-13T20:53:41+00:00,2026-01-16T18:25:32+00:00,/academic-year-202627/april-2027,,"{""node_type"": ""53783729-2e4c-4d95-b3b9-5a5c46531869"", ""revision_uid"": ""23fb8524-3749-40ea-a2fc-19d1a029112b"", ""uid"": ""3e7cb6cf-3e28-462b-9821-30746a7583c2"", ""academic_year_events"": [""e9fe0195-b2ac-4653-9a68-4c2623c75493"", ""de524158-983c-4435-bbe6-537b3f31143d"", ""96cb69cf-a4a2-46b3-bb1e-aa0f71ad3397"", ""09d99509-87f3-49a2-b7b0-ab882b01b272"", ""116d4d12-197b-48c9-bb0d-b905672f1966"", ""bb9a3389-d72e-42a3-9373-0c6860bd031c"", ""d3da00df-543b-4226-bb0b-c693430b692f"", ""28ab8ee3-893a-4455-9c94-60ca453f63c1"", ""766bd27d-0db5-411c-83f4-1876f608455a"", ""1631a7f0-cf5c-4495-8846-ccb934db513c"", ""f1a06636-33e1-47cb-8d32-49e8461a43ff"", ""ffdc70d8-1798-4109-bf90-d1d12858625c"", ""990886af-a116-445c-9a32-98bb674b4d77"", ""16a9b40c-bd77-4ff8-a387-73dd08ba27aa""], ""academic_year"": ""795ab7fa-b661-4e59-841f-5f4f6b5bc22a""}",vancouver
34bf9542-c8de-476a-bca0-3bd3ae32591d,node--academic_year,208294,True,June 2027,2023-04-13T20:53:40+00:00,2026-01-16T18:28:51+00:00,/academic-year-202627/june-2027,,"{""node_type"": ""53783729-2e4c-4d95-b3b9-5a5c46531869"", ""revision_uid"": ""23fb8524-3749-40ea-a2fc-19d1a029112b"", ""uid"": ""3e7cb6cf-3e28-462b-9821-30746a7583c2"", ""academic_year_events"": [""ad215869-0826-4fa4-bb38-25bbcc5d0264"", ""a4efd877-cf61-41d6-b26c-a76ab2ea8164"", ""47a519a7-266b-4cb7-a22b-8f1e2fcb36e6"", ""4c22f843-e6fc-41f5-93c2-989448f61e79"", ""a27aafb0-0eec-454f-a08a-192c5444581f"", ""df0dcf81-dcc3-4751-8fbe-0aac3cc73356"", ""2bb589c6-25c8-4f51-8679-cffab4c51b33"", ""e883ea34-89a8-47f0-a4fa-9cee1cfc8282"", ""4e8865bb-b4ed-4f8d-97ba-b2d1c3d4dc55""], ""academic_year"": ""795ab7fa-b661-4e59-841f-5f4f6b5bc22a""}",vancouver
59de4d65-dbce-4e89-9774-3786c2945f0a,node--academic_year,208291,True,July 2027,2023-04-13T20:53:39+00:00,2026-01-16T18:30:27+00:00,/academic-year-202627/july-2027,,"{""node_type"": ""53783729-2e4c-4d95-b3b9-5a5c46531869"", ""revision_uid"": ""23fb8524-3749-40ea-a2fc-19d1a029112b"", ""uid"": ""3e7cb6cf-3e28-462b-9821-30746a7583c2"", ""academic_year_events"": [""e6be3370-da26-4937-a23d-ff07d9012192"", ""c7c36336-7f6c-4105-8767-adb5cba50f02"", ""ae5bc3d4-378e-4c7e-9df5-40f658e8d8f2"", ""1c257e76-ab2f-4718-9e4b-b00a95a150d2"", ""0cd18cec-6137-43c0-aff6-d13511d6cc2d"", ""c03d25c0-da92-4b10-9bbd-6fadea3bd9a5"", ""65f82953-5c0d-4db1-869b-5547bc715d82"", ""3512b105-3123-474d-853e-5a7c4c952e7c"", ""f0c50b60-9f32-4d3a-afd1-859a0f47c42d"", ""f4f5829c-676c-4b6a-94c3-758465921b08"", ""bd55505c-e227-4a2a-a131-4e1bd83ee484""], ""academic_year"": ""795ab7fa-b661-4e59-841f-5f4f6b5bc22a""}",vancouver
22935054-b740-4323-ac64-a2ea8e9f2753,node--academic_year,208293,True,August 2027,2023-04-13T20:53:35+00:00,2026-01-16T21:08:32+00:00,/academic-year-202627/august-2027,,"{""node_type"": ""53783729-2e4c-4d95-b3b9-5a5c46531869"", ""revision_uid"": ""23fb8524-3749-40ea-a2fc-19d1a029112b"", ""uid"": ""3e7cb6cf-3e28-462b-9821-30746a7583c2"", ""academic_year_events"": [""d74635d5-11c3-42bf-924a-8a92602c5e7d"", ""28bfda5b-0bdb-45c6-b552-3578cc67dc13"", ""584f762c-18ce-4951-bc67-defaca3499f4"", ""fba30eca-2ea4-429b-bb48-25f35bb6644c"", ""5fee930c-5854-4ff4-9e40-76d90b5713b2"", ""98435e79-cf97-4a96-9767-f47143d4c299"", ""c68633a2-d312-4222-ae11-35345bd1e47c"", ""4a3dd05f-7389-4ea2-9fde-b1270c98afa6"", ""0e4b7eb3-6e6f-4260-a8e6-97e111d61f9c"", ""dae6a6fc-e2cc-476a-8462-402a6dbe95a2"", ""3a7c70ee-58fe-4ea4-a62b-387885f07f58"", ""6f22edba-7817-450a-a50b-5c47ffbe08bf"", ""231bb73d-1b44-47ac-ae65-bda0b95764f3""], ""academic_year"": ""795ab7fa-b661-4e59-841f-5f4f6b5bc22a""}",vancouver
a078242e-fe1e-4549-9fc7-60aaf5667cf7,node--academic_year,208292,True,May 2027,2023-04-13T20:53:40+00:00,2026-01-31T01:18:57+00:00,/academic-year-202627/may-2027,,"{""node_type"": ""53783729-2e4c-4d95-b3b9-5a5c46531869"", ""revision_uid"": ""23fb8524-3749-40ea-a2fc-19d1a029112b"", ""uid"": ""3e7cb6cf-3e28-462b-9821-30746a7583c2"", ""academic_year_events"": [""04c680b0-759a-4521-a543-074ad5c14b29"", ""249eb838-902b-4b70-801a-5e69a65ac962"", ""409ac765-dab8-4280-bba6-b12c540d483f"", ""3c8d0a27-de41-4c79-a8bb-707e9c14ef6b"", ""03952e74-5c78-4fab-a648-30968d078f2e"", ""efb20b12-f74d-4338-ac7e-3d7a10c3c14d"", ""ba634208-9759-45ec-82f1-a1cd679f3954"", ""8df1811c-7bf0-48ed-981f-2c8c62a832f3"", ""289a667f-5be5-4fab-a3da-c0b9bddff786"", ""f81477de-f00c-42ce-b620-8f7d96836c95"", ""f6ee8b24-372c-41ac-bce7-6a1815524d2b"", ""7a74164c-85c0-4739-8e41-6718adfdd30f"", ""df987004-f9ae-4d24-b333-27351539fa7e"", ""bb016157-3e62-4510-80b2-01bf07f78860"", ""5c06e433-7fd8-479f-9ce3-b375e0af7c3c"", ""f0837445-b745-4d60-b245-9ecf49a682fe"", ""80be4d11-3ded-404e-a12a-59da95f75b4d"", ""5db135fe-42e6-47ac-9e8f-c7d12af5982e"", ""bea2d286-9e13-41d1-924e-21693a27bced""], ""academic_year"": ""795ab7fa-b661-4e59-841f-5f4f6b5bc22a""}",vancouver
6ddd1c3f-962a-4870-af9e-52badff12757,node--academic_year,208290,True,January 2027,2023-04-13T20:53:43+00:00,2026-02-25T17:36:02+00:00,/academic-year-202627/january-2027,,"{""node_type"": ""53783729-2e4c-4d95-b3b9-5a5c46531869"", ""revision_uid"": ""23fb8524-3749-40ea-a2fc-19d1a029112b"", ""uid"": ""3e7cb6cf-3e28-462b-9821-30746a7583c2"", ""academic_year_events"": [""e3bf5dc0-f6c3-4c44-8401-86d7bedcd387"", ""b8813afe-53a3-4564-a2fe-7f127ac894f9"", ""17d7c342-5abb-49fc-925e-60ecc73133cf"", ""e0493b60-41eb-4490-8604-85b4cd4f5a86"", ""4c6d0ea8-326d-44a2-9d09-104a4e18f8e7"", ""a576cb42-7007-49e7-9998-3b76e83ce879"", ""48b129bf-7291-4a01-a846-a59c55e3c00d"", ""70433547-213b-4fa4-b013-2ce9831fbe54"", ""7db5559d-2d7e-4dd4-8cb9-06f5a6586029"", ""62ee00b0-7360-4aeb-b2f7-d521fce730b0"", ""db706b00-487c-483e-8bd6-15d130db7e49"", ""2ef7ea23-3276-4e68-8f62-f3e03c3e41f9"", ""3a1da79c-94ef-4c73-aba4-20857f2db462"", ""d2c7cd53-dd14-4f9b-b884-0e86c49ead81""], ""academic_year"": ""795ab7fa-b661-4e59-841f-5f4f6b5bc22a""}",vancouver
b30f9f02-25ab-405e-a3cf-d2c2b693ee94,node--academic_year,208287,True,September 2026,2023-04-13T20:53:36+00:00,2026-02-25T17:37:53+00:00,/academic-year-202627/september-2026,,"{""node_type"": ""53783729-2e4c-4d95-b3b9-5a5c46531869"", ""revision_uid"": ""23fb8524-3749-40ea-a2fc-19d1a029112b"", ""uid"": ""3e7cb6cf-3e28-462b-9821-30746a7583c2"", ""academic_year_events"": [""8e72af8f-7e52-4c1d-b919-3897cb33abea"", ""48b46be5-3365-45fe-b4d1-aeba1ad5aa10"", ""47a652eb-8a90-4b05-8674-7a6447497fec"", ""25828186-3e2b-405c-b8c3-e474ac0278d6"", ""e053199d-42f6-4c33-a040-0722c365b54b"", ""daa030ed-afca-4b26-886f-d0dc20a63515"", ""29cf3a08-8f5e-4231-9a7c-ec9978dd944e"", ""32c484ec-3cda-4bda-a3a0-c2875ae396d8"", ""0c34f1e5-1382-49a6-8882-aff2e1f374d9"", ""af173218-e40f-418a-8074-8bca9c8a895b"", ""110b1df8-fc41-4f39-b4a2-48573a9b9302"", ""da717ae7-995f-4af3-b3df-c9978c26e4e2"", ""4d974739-3798-4142-92c1-6502f361f371"", ""1c426a8e-50fe-4fe1-ad73-acdb892819fb"", ""5689305e-13e6-4597-84f5-479e85cdeac5"", ""cc7c07f0-b298-40b4-8e79-bd9697e6a89e""], ""academic_year"": ""795ab7fa-b661-4e59-841f-5f4f6b5bc22a""}",vancouver
149b55ca-e472-41a3-8777-efd283f9263a,node--academic_year,155265,True,August 2026,2023-04-13T20:53:35+00:00,2026-05-14T21:54:44+00:00,/academic-year-202526/august-2026,,"{""node_type"": ""53783729-2e4c-4d95-b3b9-5a5c46531869"", ""revision_uid"": ""23fb8524-3749-40ea-a2fc-19d1a029112b"", ""uid"": ""3e7cb6cf-3e28-462b-9821-30746a7583c2"", ""academic_year_events"": [""2e66d845-9c3e-42a4-babf-ae640e20ad66"", ""8331e41c-7c9e-4f2a-a366-c0cd51e7065b"", ""912cf9d5-c96f-48a5-b474-be48f207676b"", ""5d524d12-240d-4ff5-99fe-d5213a46cbcb"", ""93125255-0310-4237-aabf-8af95043d46b"", ""6ddbc795-5be3-4f5b-a13b-38a702e32065"", ""83d37f3e-1acd-44c3-af17-bc926802dcee"", ""5c2d6759-2581-47ab-a3b9-ff88c8dd789a"", ""a97e6418-7716-4e01-b4fb-b18a2f95b71f"", ""344790ee-ee4e-46d3-b2f3-452a778cfe6d"", ""1968aa48-1c5a-4fc7-aab1-b2cd65d6540b"", ""03bc048e-f039-41e9-a48e-cde59957cfd0"", ""e01fdf06-4b7f-48a9-b500-3e06f90f6948"", ""acabeb8b-0a04-49a8-9b54-840be5ed996b""], ""academic_year"": ""e907c358-be74-4a4e-a523-0369ef7965e4""}",vancouver
1d6e32d7-936c-475b-8e42-1f0b60f7f465,node--academic_year,208295,True,February 2027,2023-04-13T20:53:42+00:00,2026-07-24T20:10:33+00:00,/academic-year-202627/february-2027,,"{""node_type"": ""53783729-2e4c-4d95-b3b9-5a5c46531869"", ""revision_uid"": ""23fb8524-3749-40ea-a2fc-19d1a029112b"", ""uid"": ""3e7cb6cf-3e28-462b-9821-30746a7583c2"", ""academic_year_events"": [""b68daf6f-6cf5-4963-a507-2e12661b64de"", ""7c48c278-bb9f-4876-8bf3-02a83c88bd2c"", ""e0eb6816-8434-4c02-9253-522afac66c9b"", ""545640e7-7100-4a75-a7c6-f1bcd5cffd28"", ""cc157e21-3a38-439e-b145-c0e5fc40cd7d"", ""d24cb665-6e3c-469e-a352-93315b0822c5"", ""4874af5d-c2ac-4e52-957b-02b1c0021de6"", ""938a5a75-aeff-4dbf-9e9e-57ee8b32c279"", ""cc37b210-5290-4531-aa20-8ab0b052654a""], ""academic_year"": ""795ab7fa-b661-4e59-841f-5f4f6b5bc22a""}",vancouver
