id,type,tid,revision_id,revision_created,status,name,description,weight,changed,field_tax_subject_notes,field_tax_subject_title,related,campus
990c729b-9066-4b85-8735-abfac55915c1,taxonomy_term--subject,6840,6840,2026-05-26T19:20:18+00:00,True,AANB_V,,0,2026-05-26T19:20:18+00:00,,Applied Animal Biology,"{""vid"": ""5e677fd8-a68b-48c6-b3f7-d4cde8885bfe"", ""parent"": [""virtual""], ""tax_subject_faculty"": ""97a63869-ba21-43fb-9a2f-e27a2bf78979""}",vancouver
709ad311-8bbe-4fcc-b518-e7bf7a9e9d54,taxonomy_term--subject,6841,6841,2026-05-26T19:20:18+00:00,True,ACAM_V,,0,2026-05-26T19:20:18+00:00,,Asian Canadian and Asian Migration Studies,"{""vid"": ""5e677fd8-a68b-48c6-b3f7-d4cde8885bfe"", ""parent"": [""virtual""], ""tax_subject_faculty"": ""657dfd0b-ce4a-4438-9150-b30661341d02""}",vancouver
00304c72-bfce-4e5d-931e-b60e7e872249,taxonomy_term--subject,6842,6842,2026-05-26T19:20:18+00:00,True,ADHE_V,,0,2026-05-26T19:20:18+00:00,,Adult and Higher Education,"{""vid"": ""5e677fd8-a68b-48c6-b3f7-d4cde8885bfe"", ""parent"": [""virtual""], ""tax_subject_faculty"": ""5fae0f56-ca01-4421-8585-025fad93281b"", ""tax_subject_department"": ""52a26837-8d85-4c6f-b1d1-7b2a06d498fd""}",vancouver
7aa01917-275b-4dfe-ac91-3290b62dd7fa,taxonomy_term--subject,6843,6843,2026-05-26T19:20:18+00:00,True,AFST_V,,0,2026-05-26T19:20:18+00:00,,African Studies,"{""vid"": ""5e677fd8-a68b-48c6-b3f7-d4cde8885bfe"", ""parent"": [""virtual""], ""tax_subject_faculty"": ""657dfd0b-ce4a-4438-9150-b30661341d02""}",vancouver
6975eec0-21e0-43fe-85cb-dc83ea57907e,taxonomy_term--subject,6844,6844,2026-05-26T19:20:18+00:00,True,AGEC_V,,0,2026-05-26T22:43:24+00:00,Undergraduate courses have been re-named as Food and Resource Economics (FRE_V). Please see that section.,Agricultural Economics,"{""vid"": ""5e677fd8-a68b-48c6-b3f7-d4cde8885bfe"", ""parent"": [""virtual""], ""tax_subject_faculty"": ""97a63869-ba21-43fb-9a2f-e27a2bf78979""}",vancouver
f222c2c9-1140-4e26-b5c7-1250393e2465,taxonomy_term--subject,6845,6845,2026-05-26T19:20:18+00:00,True,AI_V,,0,2026-05-26T19:20:18+00:00,,Artificial Intelligence,"{""vid"": ""5e677fd8-a68b-48c6-b3f7-d4cde8885bfe"", ""parent"": [""virtual""], ""tax_subject_faculty"": ""a35009de-d9d7-448d-90d4-9993f541a534"", ""tax_subject_department"": ""0374cad3-5211-4f4f-b4a2-d3942fd39708""}",vancouver
9bbc6541-36ab-4f12-aedf-7b29df0af40b,taxonomy_term--subject,6846,6846,2026-05-26T19:20:18+00:00,True,AMNE_V,,0,2026-05-26T19:20:18+00:00,,Ancient Mediterranean and Near Eastern Studies,"{""vid"": ""5e677fd8-a68b-48c6-b3f7-d4cde8885bfe"", ""parent"": [""virtual""], ""tax_subject_faculty"": ""657dfd0b-ce4a-4438-9150-b30661341d02"", ""tax_subject_department"": ""0e4ecd36-a7b7-4a43-8240-9c9d3db9a6af""}",vancouver
8baaab61-f6c9-4f06-a6e8-da3a26546e06,taxonomy_term--subject,6847,6847,2026-05-26T19:20:18+00:00,True,ANAT_V,,0,2026-05-26T22:43:32+00:00,"As of Summer Session 2013, ANAT_V 390 and ANAT_V 391 have been renamed to CAPS_V courses with equivalent numbers and moved to CAPS_V course listings.",Anatomy,"{""vid"": ""5e677fd8-a68b-48c6-b3f7-d4cde8885bfe"", ""parent"": [""virtual""], ""tax_subject_faculty"": ""7c94d4fb-7583-4e3f-892e-b9c7981bd17b"", ""tax_subject_department"": ""edfa7667-8512-4b91-9909-2059020d8dd5""}",vancouver
f5745612-b9b2-452b-b9a0-8a3523daf57b,taxonomy_term--subject,6848,6848,2026-05-26T19:20:18+00:00,True,ANTH_V,,0,2026-05-26T22:43:38+00:00,"ANTH_V 100, 201, 202, 203, 205, 206, 213, 214, 215, 217, 220 and 221 are general courses open to all students. ANTH_V 100 is a prerequisite to all other third- and fourth-year courses, unless permission of the instructor is obtained. Some courses have additional prerequisites, as listed in the descriptions. For details of current listings, consult the departmental website at www.anth.ubc.ca.",Anthropology,"{""vid"": ""5e677fd8-a68b-48c6-b3f7-d4cde8885bfe"", ""parent"": [""virtual""], ""tax_subject_faculty"": ""657dfd0b-ce4a-4438-9150-b30661341d02"", ""tax_subject_department"": ""9e6f92bc-a544-4e50-9b5e-50a1538c5476""}",vancouver
c5ce00c6-8b4c-48ca-a9df-1c734ca191ad,taxonomy_term--subject,6849,6849,2026-05-26T19:20:18+00:00,True,APBI_V,,0,2026-05-26T19:20:18+00:00,,Applied Biology,"{""vid"": ""5e677fd8-a68b-48c6-b3f7-d4cde8885bfe"", ""parent"": [""virtual""], ""tax_subject_faculty"": ""97a63869-ba21-43fb-9a2f-e27a2bf78979""}",vancouver
181695f5-3ce3-4e6a-a337-9a946e68453c,taxonomy_term--subject,6850,6850,2026-05-26T19:20:18+00:00,True,APPP_V,,0,2026-05-26T19:20:18+00:00,,Applied Science Professional Program Platform,"{""vid"": ""5e677fd8-a68b-48c6-b3f7-d4cde8885bfe"", ""parent"": [""virtual""], ""tax_subject_faculty"": ""f043bf26-d100-4949-ba3a-df16e840d360""}",vancouver
4da522ab-ed54-4430-8a00-97a28fc3fc97,taxonomy_term--subject,6851,6851,2026-05-26T19:20:18+00:00,True,APSC_V,,0,2026-05-26T19:20:18+00:00,,Applied Science,"{""vid"": ""5e677fd8-a68b-48c6-b3f7-d4cde8885bfe"", ""parent"": [""virtual""], ""tax_subject_faculty"": ""f043bf26-d100-4949-ba3a-df16e840d360""}",vancouver
c231ebe8-d688-48c6-b363-b175c3f4f5d6,taxonomy_term--subject,6852,6852,2026-05-26T19:20:18+00:00,True,AQUA_V,,0,2026-05-26T19:20:18+00:00,,Aquaculture,"{""vid"": ""5e677fd8-a68b-48c6-b3f7-d4cde8885bfe"", ""parent"": [""virtual""], ""tax_subject_faculty"": ""97a63869-ba21-43fb-9a2f-e27a2bf78979""}",vancouver
b0e385c0-22da-4db0-a954-126b47010898,taxonomy_term--subject,6853,6853,2026-05-26T19:20:18+00:00,True,ARBC_V,,0,2026-05-26T22:50:07+00:00,"Not all courses are offered every year. For current listings, consult the departmental website at: https://amne.ubc.ca/.",Classical Arabic,"{""vid"": ""5e677fd8-a68b-48c6-b3f7-d4cde8885bfe"", ""parent"": [""virtual""], ""tax_subject_faculty"": ""657dfd0b-ce4a-4438-9150-b30661341d02"", ""tax_subject_department"": ""0e4ecd36-a7b7-4a43-8240-9c9d3db9a6af""}",vancouver
2c1a0dee-034c-4a14-82e1-09c40c3bc510,taxonomy_term--subject,6854,6854,2026-05-26T19:20:18+00:00,True,ARBM_V,,0,2026-05-26T19:20:18+00:00,,Modern Standard Arabic,"{""vid"": ""5e677fd8-a68b-48c6-b3f7-d4cde8885bfe"", ""parent"": [""virtual""], ""tax_subject_faculty"": ""657dfd0b-ce4a-4438-9150-b30661341d02"", ""tax_subject_department"": ""5063bb75-645d-49bc-9980-bb7d965a08c3""}",vancouver
ebb81f50-4c57-4af2-a186-b9984e6fa6b6,taxonomy_term--subject,6855,6855,2026-05-26T19:20:18+00:00,True,ARCH_V,,0,2026-05-26T19:20:18+00:00,,Architecture,"{""vid"": ""5e677fd8-a68b-48c6-b3f7-d4cde8885bfe"", ""parent"": [""virtual""], ""tax_subject_faculty"": ""f043bf26-d100-4949-ba3a-df16e840d360"", ""tax_subject_school"": ""94b8444e-450f-4999-9bc1-0822d08438b2""}",vancouver
573a8378-1bea-43f5-9b08-9515a36653af,taxonomy_term--subject,6856,6856,2026-05-26T19:20:18+00:00,True,ARCL_V,,0,2026-05-26T19:20:18+00:00,,Anthropological Archaeology,"{""vid"": ""5e677fd8-a68b-48c6-b3f7-d4cde8885bfe"", ""parent"": [""virtual""], ""tax_subject_faculty"": ""657dfd0b-ce4a-4438-9150-b30661341d02"", ""tax_subject_department"": ""9e6f92bc-a544-4e50-9b5e-50a1538c5476""}",vancouver
907f4080-df29-4f76-a4d8-7e443163695e,taxonomy_term--subject,6857,6857,2026-05-26T19:20:18+00:00,True,ARST_V,,0,2026-05-26T19:20:18+00:00,,Archival Studies,"{""vid"": ""5e677fd8-a68b-48c6-b3f7-d4cde8885bfe"", ""parent"": [""virtual""], ""tax_subject_faculty"": ""657dfd0b-ce4a-4438-9150-b30661341d02"", ""tax_subject_school"": ""654015d2-c78b-4f91-9b2b-b4b6dec3b92f""}",vancouver
7d1333c4-f585-40a3-afce-4c0ff49d93ea,taxonomy_term--subject,6858,6858,2026-05-26T19:20:18+00:00,True,ARTC_V,,0,2026-05-26T19:20:18+00:00,,Arts Co-Op,"{""vid"": ""5e677fd8-a68b-48c6-b3f7-d4cde8885bfe"", ""parent"": [""virtual""], ""tax_subject_faculty"": ""657dfd0b-ce4a-4438-9150-b30661341d02""}",vancouver
cc18b1c9-a8ed-4839-abe6-0cfd9bbf2188,taxonomy_term--subject,6859,6859,2026-05-26T19:20:18+00:00,True,ARTH_V,,0,2026-05-26T22:43:53+00:00,"Not every course is given every year. For details of current offerings, consult the departmental website at www.ahva.ubc.ca. Students wishing to take fourth-year seminars should normally have had a closely related third-year course and are advised to check with the instructor in this regard. Credit will be given to either the current ARTH_V listing or its former FINA_V equivalent.",Art History,"{""vid"": ""5e677fd8-a68b-48c6-b3f7-d4cde8885bfe"", ""parent"": [""virtual""], ""tax_subject_faculty"": ""657dfd0b-ce4a-4438-9150-b30661341d02""}",vancouver
eab504e0-9795-43c6-923c-0c9c687aee0d,taxonomy_term--subject,6860,6860,2026-05-26T19:20:18+00:00,True,ARTS_V,,0,2026-05-26T19:20:18+00:00,,Arts,"{""vid"": ""5e677fd8-a68b-48c6-b3f7-d4cde8885bfe"", ""parent"": [""virtual""], ""tax_subject_faculty"": ""657dfd0b-ce4a-4438-9150-b30661341d02""}",vancouver
86d4ec3c-1c91-4a0c-8813-bc0655b9cdd9,taxonomy_term--subject,6861,6861,2026-05-26T19:20:18+00:00,True,ASIA_V,,0,2026-05-26T22:44:24+00:00,All Asian Studies courses are conducted in English.,Asian Studies,"{""vid"": ""5e677fd8-a68b-48c6-b3f7-d4cde8885bfe"", ""parent"": [""virtual""], ""tax_subject_faculty"": ""657dfd0b-ce4a-4438-9150-b30661341d02"", ""tax_subject_department"": ""5063bb75-645d-49bc-9980-bb7d965a08c3""}",vancouver
8665e7ec-88de-473c-94a7-66b76ac55b18,taxonomy_term--subject,6862,6862,2026-05-26T19:20:18+00:00,True,ASIC_V,,0,2026-05-26T19:20:18+00:00,,Arts and Science Interdisciplinary Courses,"{""vid"": ""5e677fd8-a68b-48c6-b3f7-d4cde8885bfe"", ""parent"": [""virtual""], ""tax_subject_faculty"": ""a35009de-d9d7-448d-90d4-9993f541a534""}",vancouver
6aeb91f2-3599-4f56-a6de-a6d175e88729,taxonomy_term--subject,6863,6863,2026-05-26T19:20:18+00:00,True,ASIX_V,,0,2026-05-26T19:20:18+00:00,,Asian Studies Crossings,"{""vid"": ""5e677fd8-a68b-48c6-b3f7-d4cde8885bfe"", ""parent"": [""virtual""], ""tax_subject_faculty"": ""657dfd0b-ce4a-4438-9150-b30661341d02"", ""tax_subject_department"": ""5063bb75-645d-49bc-9980-bb7d965a08c3""}",vancouver
f15c20a3-eee6-4dd1-a062-c05280127d93,taxonomy_term--subject,6864,6864,2026-05-26T19:20:18+00:00,True,ASL_V,,0,2026-05-26T19:20:18+00:00,,American Sign Language,"{""vid"": ""5e677fd8-a68b-48c6-b3f7-d4cde8885bfe"", ""parent"": [""virtual""], ""tax_subject_faculty"": ""657dfd0b-ce4a-4438-9150-b30661341d02"", ""tax_subject_department"": ""62c7078b-0831-4989-92f3-921bb872a4bd""}",vancouver
ac005f26-b446-463e-a86f-68622923b321,taxonomy_term--subject,6865,6865,2026-05-26T19:20:18+00:00,True,ASLA_V,,0,2026-05-26T19:20:18+00:00,,Asian Languages,"{""vid"": ""5e677fd8-a68b-48c6-b3f7-d4cde8885bfe"", ""parent"": [""virtual""], ""tax_subject_faculty"": ""657dfd0b-ce4a-4438-9150-b30661341d02"", ""tax_subject_department"": ""5063bb75-645d-49bc-9980-bb7d965a08c3""}",vancouver
2768ab98-a015-42e3-a665-702d19652bf5,taxonomy_term--subject,6866,6866,2026-05-26T19:20:18+00:00,True,ASTR_V,,0,2026-05-27T22:33:22+00:00,Some ASTR_V courses are credit-excluded with each other. Students should consult the Faculty of Science Credit Exclusion List: https://vancouver.calendar.ubc.ca/faculties-colleges-and-schools/faculty-science/bachelor-science/credit-exclusion-lists. See also Physics.,Astronomy,"{""vid"": ""5e677fd8-a68b-48c6-b3f7-d4cde8885bfe"", ""parent"": [""virtual""], ""tax_subject_faculty"": ""a35009de-d9d7-448d-90d4-9993f541a534"", ""tax_subject_department"": ""dd485519-64c5-4d71-bfba-63f2c456fb30""}",vancouver
8c27d1dc-f7a4-4629-93c4-4b6f9172bff7,taxonomy_term--subject,6867,6867,2026-05-26T19:20:18+00:00,True,ASTU_V,,0,2026-05-26T19:20:18+00:00,,Arts Studies,"{""vid"": ""5e677fd8-a68b-48c6-b3f7-d4cde8885bfe"", ""parent"": [""virtual""], ""tax_subject_faculty"": ""657dfd0b-ce4a-4438-9150-b30661341d02""}",vancouver
74f952df-5fa0-4c44-a091-39c524a1471a,taxonomy_term--subject,6868,6868,2026-05-26T19:20:18+00:00,True,ATSC_V,,0,2026-05-26T19:20:18+00:00,,Atmospheric Science,"{""vid"": ""5e677fd8-a68b-48c6-b3f7-d4cde8885bfe"", ""parent"": [""virtual""], ""tax_subject_faculty"": ""a35009de-d9d7-448d-90d4-9993f541a534"", ""tax_subject_department"": ""a4c45621-d952-41f8-89ec-d0c09f234c50""}",vancouver
94283360-f5af-4be5-9d1e-da4694d06932,taxonomy_term--subject,6869,6869,2026-05-26T19:20:18+00:00,True,AUDI_V,,0,2026-05-26T22:45:25+00:00,All 600-level seminars are Ph.D. level courses and may not be offered on a regular basis. All may be taken more than once for credit.,Audiology and Speech Sciences,"{""vid"": ""5e677fd8-a68b-48c6-b3f7-d4cde8885bfe"", ""parent"": [""virtual""], ""tax_subject_faculty"": ""7c94d4fb-7583-4e3f-892e-b9c7981bd17b"", ""tax_subject_school"": ""cabbbbc4-fe8d-42af-a9be-3cc0bc829098""}",vancouver
64d6d636-57e4-428d-9fdc-89477969ec1f,taxonomy_term--subject,6870,6870,2026-05-26T19:20:18+00:00,True,BA_V,,0,2026-05-26T19:20:18+00:00,,Business Administration: Core,"{""vid"": ""5e677fd8-a68b-48c6-b3f7-d4cde8885bfe"", ""parent"": [""virtual""], ""tax_subject_faculty"": ""d53dbc62-9c32-4149-a77e-a9c39de1b591""}",vancouver
d92303be-f954-4477-a05a-31719e19177d,taxonomy_term--subject,6871,6871,2026-05-26T19:20:18+00:00,True,BAAC_V,,0,2026-05-26T19:20:18+00:00,,Business Administration: Accounting,"{""vid"": ""5e677fd8-a68b-48c6-b3f7-d4cde8885bfe"", ""parent"": [""virtual""], ""tax_subject_faculty"": ""d53dbc62-9c32-4149-a77e-a9c39de1b591""}",vancouver
9e021dbe-1db4-4d98-9fee-0c0921599ef0,taxonomy_term--subject,6872,6872,2026-05-26T19:20:18+00:00,True,BABS_V,,0,2026-05-26T19:20:18+00:00,,Business Administration: Business Statistics,"{""vid"": ""5e677fd8-a68b-48c6-b3f7-d4cde8885bfe"", ""parent"": [""virtual""], ""tax_subject_faculty"": ""d53dbc62-9c32-4149-a77e-a9c39de1b591""}",vancouver
7861ee22-230f-4f74-9bcf-43df191a46e8,taxonomy_term--subject,6873,6873,2026-05-26T19:20:18+00:00,True,BAEN_V,,0,2026-05-26T19:20:18+00:00,,Business Administration: Entrepreneurship,"{""vid"": ""5e677fd8-a68b-48c6-b3f7-d4cde8885bfe"", ""parent"": [""virtual""], ""tax_subject_faculty"": ""d53dbc62-9c32-4149-a77e-a9c39de1b591""}",vancouver
b516b0bc-7f58-4360-961a-5821db4c743b,taxonomy_term--subject,6874,6874,2026-05-26T19:20:18+00:00,True,BAFI_V,,0,2026-05-26T19:20:18+00:00,,Business Administration: Finance,"{""vid"": ""5e677fd8-a68b-48c6-b3f7-d4cde8885bfe"", ""parent"": [""virtual""], ""tax_subject_faculty"": ""d53dbc62-9c32-4149-a77e-a9c39de1b591""}",vancouver
3d49d1e0-76da-4382-bb5e-00035b855c3b,taxonomy_term--subject,6875,6875,2026-05-26T19:20:18+00:00,True,BAHR_V,,0,2026-05-26T19:20:18+00:00,,Business Administration: Human Resources Management,"{""vid"": ""5e677fd8-a68b-48c6-b3f7-d4cde8885bfe"", ""parent"": [""virtual""], ""tax_subject_faculty"": ""d53dbc62-9c32-4149-a77e-a9c39de1b591""}",vancouver
7e06bd99-5bff-4184-bd5a-d4c4aa528efb,taxonomy_term--subject,6876,6876,2026-05-26T19:20:18+00:00,True,BAIT_V,,0,2026-05-26T19:20:18+00:00,,Business Administration: Business Technology Management,"{""vid"": ""5e677fd8-a68b-48c6-b3f7-d4cde8885bfe"", ""parent"": [""virtual""], ""tax_subject_faculty"": ""d53dbc62-9c32-4149-a77e-a9c39de1b591""}",vancouver
6d4821b7-1975-4e63-bcd6-9f17503273c3,taxonomy_term--subject,6877,6877,2026-05-26T19:20:18+00:00,True,BALA_V,,0,2026-05-26T19:20:18+00:00,,Business Administration: Law,"{""vid"": ""5e677fd8-a68b-48c6-b3f7-d4cde8885bfe"", ""parent"": [""virtual""], ""tax_subject_faculty"": ""d53dbc62-9c32-4149-a77e-a9c39de1b591""}",vancouver
7d9e45df-a821-4d76-b13e-4dde6fa7e616,taxonomy_term--subject,6878,6878,2026-05-26T19:20:18+00:00,True,BAMA_V,,0,2026-05-26T19:20:18+00:00,,Business Administration: Marketing,"{""vid"": ""5e677fd8-a68b-48c6-b3f7-d4cde8885bfe"", ""parent"": [""virtual""], ""tax_subject_faculty"": ""d53dbc62-9c32-4149-a77e-a9c39de1b591""}",vancouver
c561b300-c391-4e8d-8d6f-d23051a0cb9d,taxonomy_term--subject,6879,6879,2026-05-26T19:20:18+00:00,True,BAMS_V,,0,2026-05-26T19:20:18+00:00,,Business Administration: Management Science,"{""vid"": ""5e677fd8-a68b-48c6-b3f7-d4cde8885bfe"", ""parent"": [""virtual""], ""tax_subject_faculty"": ""d53dbc62-9c32-4149-a77e-a9c39de1b591""}",vancouver
3756f849-bce7-42a7-a26b-b363e539357c,taxonomy_term--subject,6880,6880,2026-05-26T19:20:18+00:00,True,BAPA_V,,0,2026-05-26T19:20:18+00:00,,Business Administration: Policy Analysis,"{""vid"": ""5e677fd8-a68b-48c6-b3f7-d4cde8885bfe"", ""parent"": [""virtual""], ""tax_subject_faculty"": ""d53dbc62-9c32-4149-a77e-a9c39de1b591""}",vancouver
8ed4a907-fc22-479d-aeb8-2faff9a51036,taxonomy_term--subject,6881,6881,2026-05-26T19:20:18+00:00,True,BASC_V,,0,2026-05-26T19:20:18+00:00,,Business Administration: Supply Chain,"{""vid"": ""5e677fd8-a68b-48c6-b3f7-d4cde8885bfe"", ""parent"": [""virtual""], ""tax_subject_faculty"": ""d53dbc62-9c32-4149-a77e-a9c39de1b591""}",vancouver
8dc5b0ac-d0db-49a8-93a0-5b4d7be4ea00,taxonomy_term--subject,6882,6882,2026-05-26T19:20:18+00:00,True,BASM_V,,0,2026-05-26T19:20:18+00:00,,Business Administration: Strategic Management,"{""vid"": ""5e677fd8-a68b-48c6-b3f7-d4cde8885bfe"", ""parent"": [""virtual""], ""tax_subject_faculty"": ""d53dbc62-9c32-4149-a77e-a9c39de1b591""}",vancouver
d37f4939-c4c3-44a5-a40b-cddb4e087093,taxonomy_term--subject,6883,6883,2026-05-26T19:20:18+00:00,True,BAUL_V,,0,2026-05-26T19:20:18+00:00,,Business Administration: Urban Land Economics,"{""vid"": ""5e677fd8-a68b-48c6-b3f7-d4cde8885bfe"", ""parent"": [""virtual""], ""tax_subject_faculty"": ""d53dbc62-9c32-4149-a77e-a9c39de1b591""}",vancouver
0e2712e4-48c5-48e0-97d3-c7035176500c,taxonomy_term--subject,6884,6884,2026-05-26T19:20:18+00:00,True,BEST_V,,0,2026-05-26T19:29:51+00:00,,Forest Bioeconomy Sciences and Technology,"{""vid"": ""5e677fd8-a68b-48c6-b3f7-d4cde8885bfe"", ""parent"": [""virtual""], ""tax_subject_faculty"": ""2de4b10b-ad94-4758-9146-cc8d9c0f661f""}",vancouver
b0280681-4d24-44d3-967a-be40028a1015,taxonomy_term--subject,6885,6885,2026-05-26T19:20:18+00:00,True,BIOC_V,,0,2026-05-26T19:20:18+00:00,,Biochemistry,"{""vid"": ""5e677fd8-a68b-48c6-b3f7-d4cde8885bfe"", ""parent"": [""virtual""], ""tax_subject_faculty"": ""7c94d4fb-7583-4e3f-892e-b9c7981bd17b"", ""tax_subject_department"": ""acbc15c2-a447-403f-b597-f5432e12671f""}",vancouver
cfd9e6a7-3831-47bb-bccc-a02cc3363052,taxonomy_term--subject,6886,6886,2026-05-26T19:20:18+00:00,True,BIOF_V,,0,2026-05-26T19:20:18+00:00,,Bioinformatics,"{""vid"": ""5e677fd8-a68b-48c6-b3f7-d4cde8885bfe"", ""parent"": [""virtual""], ""tax_subject_faculty"": ""a35009de-d9d7-448d-90d4-9993f541a534""}",vancouver
fcf4eaea-3dfa-4343-a40f-a014990f9e8a,taxonomy_term--subject,6887,6887,2026-05-26T19:20:18+00:00,True,BIOL_V,,0,2026-05-26T22:46:24+00:00,"Students without Biology 11 or Biology 12 must take BIOL_V 111 before taking BIOL_V 112, BIOL_V 121, BIOL_V 153, or BIOL_V 155. Students without Chemistry 12 must take CHEM_V 100 or CHEM_V 111 before taking BIOL_V 112, BIOL_V 153, or BIOL_V 155. BIOL_V 112 and BIOL_V 121 are pre-requisites for many Biology courses and are required for admission to many specializations. BIOL_V 180 is not required for students taking Science 001. See the Second Year Specialization Application: Requirements website: https://science.ubc.ca/students/degree/apply/req for admission requirements for specializations within the Faculty of Science. See the Biology Program Office: http://www.biology.ubc.ca/ for more information about admission to Biology specializations. Students interested in meeting the admission requirements of other faculties or schools should consult the appropriate office. Additional fees are charged for some courses. Not every course is offered every year. For current listings, please consult the Course Schedule for Biology in Workday: https://myworkday.ubc.ca/. Please see the MRNE_V course descriptions: https://vancouver.calendar.ubc.ca/course-descriptions/subject/mrnev for more upper level biology courses. MRNE_V courses are field-based courses provided at the Bamfield Marine Sciences Centre. For more information and current course listings, please see the Bamfield Marine Sciences Centre website: http://www.bamfieldmsc.com/.",Biology,"{""vid"": ""5e677fd8-a68b-48c6-b3f7-d4cde8885bfe"", ""parent"": [""virtual""], ""tax_subject_faculty"": ""a35009de-d9d7-448d-90d4-9993f541a534"", ""tax_subject_department"": ""fed49fd5-b6bd-4b2c-9a4e-595635426f3a""}",vancouver
286b9b9c-7123-415c-8284-87cf46700497,taxonomy_term--subject,6888,6888,2026-05-26T19:20:18+00:00,True,BIOT_V,,0,2026-05-26T22:46:31+00:00,The following UBC Senate approved courses are restricted to students enrolled in the Joint Degree Honours Bachelor of Science in Biotechnology. They are taught at the British Columbia Institute of Technology (BCIT) campus and show on the BCIT transcript under the BCIT course numbers.,Biotechnology,"{""vid"": ""5e677fd8-a68b-48c6-b3f7-d4cde8885bfe"", ""parent"": [""virtual""], ""tax_subject_faculty"": ""a35009de-d9d7-448d-90d4-9993f541a534"", ""tax_subject_department"": ""2b4e479a-f253-41c1-ab4c-30c86d9c1824""}",vancouver
02b28f12-5334-4fa8-b636-7d00254d78fa,taxonomy_term--subject,6889,6889,2026-05-26T19:20:18+00:00,True,BMEG_V,,0,2026-05-26T19:20:18+00:00,,Biomedical Engineering,"{""vid"": ""5e677fd8-a68b-48c6-b3f7-d4cde8885bfe"", ""parent"": [""virtual""], ""tax_subject_faculty"": ""f043bf26-d100-4949-ba3a-df16e840d360"", ""tax_subject_school"": ""3f26e56e-2888-49c8-87c1-e08e0a33846a""}",vancouver
f0ed8f2e-9c0d-4098-be22-dda958b8d0fc,taxonomy_term--subject,6890,6890,2026-05-26T19:20:18+00:00,True,BOTA_V,,0,2026-05-26T22:46:50+00:00,All undergraduate courses in Botany are listed under Biology.,Botany,"{""vid"": ""5e677fd8-a68b-48c6-b3f7-d4cde8885bfe"", ""parent"": [""virtual""], ""tax_subject_faculty"": ""a35009de-d9d7-448d-90d4-9993f541a534"", ""tax_subject_department"": ""fed49fd5-b6bd-4b2c-9a4e-595635426f3a""}",vancouver
268965c9-25be-4367-b2aa-42bf910208b0,taxonomy_term--subject,6891,6891,2026-05-26T19:20:18+00:00,True,BUSI_V,,0,2026-05-26T19:20:18+00:00,,Business,"{""vid"": ""5e677fd8-a68b-48c6-b3f7-d4cde8885bfe"", ""parent"": [""virtual""], ""tax_subject_faculty"": ""d53dbc62-9c32-4149-a77e-a9c39de1b591""}",vancouver
9f0b0a9a-ef3b-4bf8-bdfe-03c54e4c4609,taxonomy_term--subject,6892,6892,2026-05-26T19:20:18+00:00,True,CAP_V,,0,2026-05-26T19:20:18+00:00,,Coordinated Arts Program,"{""vid"": ""5e677fd8-a68b-48c6-b3f7-d4cde8885bfe"", ""parent"": [""virtual""], ""tax_subject_faculty"": ""657dfd0b-ce4a-4438-9150-b30661341d02""}",vancouver
c1758241-60d9-41ef-a669-70c641fd000a,taxonomy_term--subject,6893,6893,2026-05-26T19:20:18+00:00,True,CAPS_V,,0,2026-05-26T19:20:18+00:00,,"Cellular, Anatomical and Physiological Sciences","{""vid"": ""5e677fd8-a68b-48c6-b3f7-d4cde8885bfe"", ""parent"": [""virtual""], ""tax_subject_faculty"": ""7c94d4fb-7583-4e3f-892e-b9c7981bd17b"", ""tax_subject_department"": ""edfa7667-8512-4b91-9909-2059020d8dd5""}",vancouver
f0ee7732-fb9d-4ff0-a8a6-f417be2c3eba,taxonomy_term--subject,6894,6894,2026-05-26T19:20:18+00:00,True,CCFI_V,,0,2026-05-26T19:20:18+00:00,,Centre for Cross-Faculty Inquiry,"{""vid"": ""5e677fd8-a68b-48c6-b3f7-d4cde8885bfe"", ""parent"": [""virtual""], ""tax_subject_faculty"": ""5fae0f56-ca01-4421-8585-025fad93281b""}",vancouver
ca661dad-4a5d-4c87-a1a2-48bb702d3a83,taxonomy_term--subject,6895,6895,2026-05-26T19:20:18+00:00,True,CCST_V,,0,2026-05-26T19:20:18+00:00,,Critical and Curatorial Studies,"{""vid"": ""5e677fd8-a68b-48c6-b3f7-d4cde8885bfe"", ""parent"": [""virtual""], ""tax_subject_faculty"": ""657dfd0b-ce4a-4438-9150-b30661341d02""}",vancouver
7abc67f8-fb45-4bd5-9ef1-c4a87f2982e4,taxonomy_term--subject,6896,6896,2026-05-26T19:20:18+00:00,True,CDST_V,,0,2026-05-26T19:20:18+00:00,,Canadian Studies,"{""vid"": ""5e677fd8-a68b-48c6-b3f7-d4cde8885bfe"", ""parent"": [""virtual""], ""tax_subject_faculty"": ""657dfd0b-ce4a-4438-9150-b30661341d02""}",vancouver
4ba00d89-efc4-462d-a051-ee39212f9c71,taxonomy_term--subject,6897,6897,2026-05-26T19:20:18+00:00,True,CEEN_V,,0,2026-05-26T19:20:18+00:00,,Clean Energy Engineering,"{""vid"": ""5e677fd8-a68b-48c6-b3f7-d4cde8885bfe"", ""parent"": [""virtual""], ""tax_subject_faculty"": ""f043bf26-d100-4949-ba3a-df16e840d360"", ""tax_subject_department"": ""3c4db8b7-d4f0-4fa9-898b-24de2d1a230a""}",vancouver
22fc5462-400a-4364-973a-946c4a9e5a17,taxonomy_term--subject,6898,6898,2026-05-26T19:20:18+00:00,True,CELL_V,,0,2026-05-26T19:20:18+00:00,,Cell and Developmental Biology,"{""vid"": ""5e677fd8-a68b-48c6-b3f7-d4cde8885bfe"", ""parent"": [""virtual""], ""tax_subject_faculty"": ""7c94d4fb-7583-4e3f-892e-b9c7981bd17b""}",vancouver
30404274-4684-4a07-ba30-1460b90c0765,taxonomy_term--subject,6899,6899,2026-05-26T19:20:18+00:00,True,CENS_V,,0,2026-05-26T19:20:18+00:00,,"Central, Eastern and Northern European Studies","{""vid"": ""5e677fd8-a68b-48c6-b3f7-d4cde8885bfe"", ""parent"": [""virtual""], ""tax_subject_faculty"": ""657dfd0b-ce4a-4438-9150-b30661341d02"", ""tax_subject_department"": ""b60a1670-7f02-469f-9532-0d13f242d314""}",vancouver
119e99ae-dcb6-4281-8869-f2cfa26ad8be,taxonomy_term--subject,6900,6900,2026-05-26T19:20:18+00:00,True,CHBE_V,,0,2026-05-26T19:20:18+00:00,,Chemical and Biological Engineering,"{""vid"": ""5e677fd8-a68b-48c6-b3f7-d4cde8885bfe"", ""parent"": [""virtual""], ""tax_subject_faculty"": ""f043bf26-d100-4949-ba3a-df16e840d360"", ""tax_subject_department"": ""3c4db8b7-d4f0-4fa9-898b-24de2d1a230a""}",vancouver
04a456e3-bb35-4336-814d-01f3d62694e1,taxonomy_term--subject,6901,6901,2026-05-26T19:20:18+00:00,True,CHEM_V,,0,2026-05-26T22:48:04+00:00,"Students without BC Secondary School Chemistry 12 or equivalent are required to take the UBC Chemistry Basic Skills Test. Students receiving a satisfactory score on this Test take CHEM_V 111. With permission of the department head, students not receiving a satisfactory score on this Test take CHEM_V 100. Students with credit for CHEM_V 100 may take CHEM_V 121. Students with BC Secondary School Chemistry 12 or equivalent must take CHEM_V 121, CHEM_V 141 or CHEM_V 154. CHEM_V 100 and CHEM_V 111 are not open to students with credit for Chemistry 12. CHEM_V 141 is suggested for students with an academic interest in lab-focused sciences such as Chemistry, Biochemistry, or similar subjects. Students with credit for CHEM_V 111, CHEM_V 121 or CHEM_V 141 may take CHEM_V 123, a requirement for many Science programs. The following courses are for students in the Faculty of Applied Science: CHEM_V 154, CHEM_V 250, CHEM_V 251, CHEM_V 260. The Department lists courses that comprise the individual lecture and laboratory components for courses that contain both. The course(s) that may substitute are: """""""" CHEM_V 111 (4) = CHEM_V 110 (3) and CHEM_V 115 (1) """""""" CHEM_V 121 (4) = CHEM_V 120 (3) and CHEM_V 115 (1) """""""" CHEM_V 123 (4) = CHEM_V 130 (3) and CHEM_V 135 (1) """""""" CHEM_V 203 (4) = CHEM_V 223 (3) and CHEM_V 225 (1) """""""" CHEM_V 211 (4) = CHEM_V 210 (3) and CHEM_V 215 (1)

Transfer students with 4 credits of CHEM 1st will be deemed to have satisfied the requirement of CHEM_V 121. Transfer students with 8 credits of CHEM 1st will be deemed to have satisfied both the CHEM_V 121 and CHEM_V 123 requirements.",Chemistry,"{""vid"": ""5e677fd8-a68b-48c6-b3f7-d4cde8885bfe"", ""parent"": [""virtual""], ""tax_subject_faculty"": ""a35009de-d9d7-448d-90d4-9993f541a534"", ""tax_subject_department"": ""0d647702-f722-49ac-a782-de418dc12109""}",vancouver
8c72c81a-0c61-4837-a8cb-328eeb999acd,taxonomy_term--subject,6902,6902,2026-05-26T19:20:18+00:00,True,CHIL_V,,0,2026-05-26T19:20:18+00:00,,Children's Literature,"{""vid"": ""5e677fd8-a68b-48c6-b3f7-d4cde8885bfe"", ""parent"": [""virtual""], ""tax_subject_faculty"": ""657dfd0b-ce4a-4438-9150-b30661341d02"", ""tax_subject_school"": ""654015d2-c78b-4f91-9b2b-b4b6dec3b92f""}",vancouver
8753a7c7-c6c5-456d-a588-77293bfce1b3,taxonomy_term--subject,6903,6903,2026-05-26T19:20:18+00:00,True,CHIN_V,,0,2026-05-26T22:50:00+00:00,"For each academic session (W and S), prior to registration in any CHIN_V course, students are required to complete the online Chinese Placement Questionnaire at https://placement.asia.ubc.ca/ to obtain a placement approval certificate. Students are only eligible for courses listed on their placement approval certificate. Please contact the placement coordinator at chinese.placement@ubc.ca if there are any concerns about the placement approval certificate. Please submit the certificate to the Instructor on the first day of class. For more information on placement approval, please visit Placement Tests at http://asia.ubc.ca/undergraduate/placement-tests/. Note: Students must obtain a minimum grade of 60% to advance to the next level of language. This applies to all students in CHIN_V language courses, not just language majors.",Chinese,"{""vid"": ""5e677fd8-a68b-48c6-b3f7-d4cde8885bfe"", ""parent"": [""virtual""], ""tax_subject_faculty"": ""657dfd0b-ce4a-4438-9150-b30661341d02"", ""tax_subject_department"": ""5063bb75-645d-49bc-9980-bb7d965a08c3""}",vancouver
5d2875de-8b20-4714-9faa-400a70081d58,taxonomy_term--subject,6904,6904,2026-05-26T19:20:18+00:00,True,CINE_V,,0,2026-05-26T19:20:18+00:00,,Cinema Studies,"{""vid"": ""5e677fd8-a68b-48c6-b3f7-d4cde8885bfe"", ""parent"": [""virtual""], ""tax_subject_faculty"": ""657dfd0b-ce4a-4438-9150-b30661341d02"", ""tax_subject_department"": ""80a90472-99b6-486e-b0e3-a3dcbd11c9d0""}",vancouver
eb9f5510-c4ed-4405-bbd6-814d2e2650bf,taxonomy_term--subject,6905,6905,2026-05-26T19:20:18+00:00,True,CIVL_V,,0,2026-05-26T19:20:18+00:00,,Civil Engineering,"{""vid"": ""5e677fd8-a68b-48c6-b3f7-d4cde8885bfe"", ""parent"": [""virtual""], ""tax_subject_faculty"": ""f043bf26-d100-4949-ba3a-df16e840d360"", ""tax_subject_department"": ""c99a31cb-d8d8-45f4-8c8f-75b7baff5164""}",vancouver
44bd0746-36ff-4891-9ccd-6098e78d1a2a,taxonomy_term--subject,6906,6906,2026-05-26T19:20:18+00:00,True,CLST_V,,0,2026-05-26T22:50:12+00:00,"CLST_V, RELG_V, NEST_V, and CNRS_V are all now AMNE_V courses. For current listings, please check https://amne.ubc.ca/",Classical Studies,"{""vid"": ""5e677fd8-a68b-48c6-b3f7-d4cde8885bfe"", ""parent"": [""virtual""], ""tax_subject_faculty"": ""657dfd0b-ce4a-4438-9150-b30661341d02"", ""tax_subject_department"": ""0e4ecd36-a7b7-4a43-8240-9c9d3db9a6af""}",vancouver
6a6200f7-46c7-4a4f-9c1d-88d1ea6f3092,taxonomy_term--subject,6907,6907,2026-05-26T19:20:18+00:00,True,CMST_V,,0,2026-05-26T19:20:18+00:00,,Cinema and Media Studies,"{""vid"": ""5e677fd8-a68b-48c6-b3f7-d4cde8885bfe"", ""parent"": [""virtual""], ""tax_subject_faculty"": ""657dfd0b-ce4a-4438-9150-b30661341d02"", ""tax_subject_department"": ""80a90472-99b6-486e-b0e3-a3dcbd11c9d0""}",vancouver
aa4e4fda-59a6-4bba-adfe-4449223a494d,taxonomy_term--subject,6908,6908,2026-05-26T19:20:18+00:00,True,CNPS_V,,0,2026-05-26T19:20:18+00:00,,Counselling Psychology,"{""vid"": ""5e677fd8-a68b-48c6-b3f7-d4cde8885bfe"", ""parent"": [""virtual""], ""tax_subject_faculty"": ""5fae0f56-ca01-4421-8585-025fad93281b"", ""tax_subject_department"": ""6d43a484-df1f-4cda-8893-fa4a843d37ac""}",vancouver
09dff1fd-b799-44c6-90be-5e4ee7b0705c,taxonomy_term--subject,6909,6909,2026-05-26T19:20:18+00:00,True,CNTO_V,,0,2026-05-26T22:46:56+00:00,"All students who wish to take CNTO_V courses are required to complete an online questionnaire PRIOR to registration. To get your placement approval, please go to https://placement.asia.ubc.ca/",Cantonese,"{""vid"": ""5e677fd8-a68b-48c6-b3f7-d4cde8885bfe"", ""parent"": [""virtual""], ""tax_subject_faculty"": ""657dfd0b-ce4a-4438-9150-b30661341d02"", ""tax_subject_department"": ""5063bb75-645d-49bc-9980-bb7d965a08c3""}",vancouver
aef4582e-3c78-439f-99c3-0b9ef342d03b,taxonomy_term--subject,6910,6910,2026-05-26T19:20:18+00:00,True,COEC_V,,0,2026-05-26T19:20:18+00:00,,Commerce Economics,"{""vid"": ""5e677fd8-a68b-48c6-b3f7-d4cde8885bfe"", ""parent"": [""virtual""], ""tax_subject_faculty"": ""d53dbc62-9c32-4149-a77e-a9c39de1b591""}",vancouver
f5b9e299-a582-4286-a372-33b219e1c370,taxonomy_term--subject,6911,6911,2026-05-26T19:20:18+00:00,True,COGS_V,,0,2026-05-26T19:20:18+00:00,,Cognitive Systems Program,"{""vid"": ""5e677fd8-a68b-48c6-b3f7-d4cde8885bfe"", ""parent"": [""virtual""], ""tax_subject_faculty"": ""a35009de-d9d7-448d-90d4-9993f541a534""}",vancouver
8709b9d4-87a0-43fd-af5a-11405f7328f6,taxonomy_term--subject,6912,6912,2026-05-26T19:20:18+00:00,True,COHR_V,,0,2026-05-26T19:20:18+00:00,,Commerce Human Resources,"{""vid"": ""5e677fd8-a68b-48c6-b3f7-d4cde8885bfe"", ""parent"": [""virtual""], ""tax_subject_faculty"": ""d53dbc62-9c32-4149-a77e-a9c39de1b591""}",vancouver
4c8976be-0aab-47c3-94b7-53f6751e2327,taxonomy_term--subject,6913,6913,2026-05-26T19:20:18+00:00,True,COLX_V,,0,2026-05-26T19:20:18+00:00,,Computational Linguistics,"{""vid"": ""5e677fd8-a68b-48c6-b3f7-d4cde8885bfe"", ""parent"": [""virtual""], ""tax_subject_faculty"": ""657dfd0b-ce4a-4438-9150-b30661341d02"", ""tax_subject_department"": ""62c7078b-0831-4989-92f3-921bb872a4bd""}",vancouver
d03a2158-4ea3-4a21-9b5a-675d88a678e7,taxonomy_term--subject,6914,6914,2026-05-26T19:20:18+00:00,True,COMM_V,,0,2026-05-26T22:50:19+00:00,"In general, not all of the prerequisites for Commerce courses are listed. Students must be registered in the same year level as the course they intend to register in. For example, eligibility for Commerce 400-level courses requires a student to have completed second and third-year Commerce, and to be registered in fourth year. Students should refer to the Commerce website or contact the Undergraduate Office regarding course prerequisites and variations from standard program sequences. Additional fees are charged for some courses.",Commerce,"{""vid"": ""5e677fd8-a68b-48c6-b3f7-d4cde8885bfe"", ""parent"": [""virtual""], ""tax_subject_faculty"": ""d53dbc62-9c32-4149-a77e-a9c39de1b591""}",vancouver
5ddc428c-0ce6-4a1d-a487-72e8a40fdab9,taxonomy_term--subject,6915,6915,2026-05-26T19:20:18+00:00,True,COMR_V,,0,2026-05-26T19:20:18+00:00,,Commerce Minor,"{""vid"": ""5e677fd8-a68b-48c6-b3f7-d4cde8885bfe"", ""parent"": [""virtual""], ""tax_subject_faculty"": ""d53dbc62-9c32-4149-a77e-a9c39de1b591""}",vancouver
4cb99aca-0514-4773-a27d-7bf702c9f657,taxonomy_term--subject,6916,6916,2026-05-26T19:20:18+00:00,True,CONS_V,,0,2026-05-26T19:29:38+00:00,,Natural Resources Conservation,"{""vid"": ""5e677fd8-a68b-48c6-b3f7-d4cde8885bfe"", ""parent"": [""virtual""], ""tax_subject_faculty"": ""2de4b10b-ad94-4758-9146-cc8d9c0f661f""}",vancouver
a219ff5e-04d0-4ebd-a00a-376083c3a08a,taxonomy_term--subject,6917,6917,2026-05-26T19:20:18+00:00,True,CPEN_V,,0,2026-05-26T19:20:18+00:00,,Computer Engineering,"{""vid"": ""5e677fd8-a68b-48c6-b3f7-d4cde8885bfe"", ""parent"": [""virtual""], ""tax_subject_faculty"": ""f043bf26-d100-4949-ba3a-df16e840d360""}",vancouver
9a4c26e1-b5a5-4434-9f6a-07e0be78171b,taxonomy_term--subject,6918,6918,2026-05-26T19:20:18+00:00,True,CPSC_V,,0,2026-05-26T22:50:30+00:00,"The Department of Computer Science offers several options in first year: CPSC_V 110 is for students pursuing Computer Science specializations or who plan to take CPSC_V 210. CPSC_V 103 targets students desiring an introduction to computing and programming, but with no plans to take further Computer Science courses. CPSC_V 100 targets students desiring a general introduction to computational thinking with little programming. Consult https://www.cs.ubc.ca/students/undergrad/courses/choose-your-first-course for more information. Students who have credit for or exemption from APSC_V 160, CPSC_V 107 or CPSC_V 110 may not take CPSC_V 100 or CPSC_V 103. Students with other computer science transfer credit must consult the department. Students currently registered in CPSC_V 110 or with Computer Science credit from another institution may not take APSC_V 160 for credit. Students with sufficient background in the concepts presented in CPSC_V 110 and an advisor's approval are encouraged to challenge CPSC_V 110 for credit by taking an examination. Additional fees are charged for some courses. For more information students are advised to contact the Department of Computer Science or visit its undergraduate website: http://www.cs.ubc.ca/students/undergrad). For information on credit exclusion between CPSC_V and other courses, please consult the Faculty of Science Credit Exclusion List.",Computer Science,"{""vid"": ""5e677fd8-a68b-48c6-b3f7-d4cde8885bfe"", ""parent"": [""virtual""], ""tax_subject_faculty"": ""a35009de-d9d7-448d-90d4-9993f541a534"", ""tax_subject_department"": ""0374cad3-5211-4f4f-b4a2-d3942fd39708""}",vancouver
fc5bb136-2288-4b8f-9012-a8d8d5b23e9f,taxonomy_term--subject,6919,6919,2026-05-26T19:20:18+00:00,True,CRWR_V,,0,2026-05-26T22:50:36+00:00,For admission requirements for all courses see Creative Writing entry under Arts.,Creative Writing,"{""vid"": ""5e677fd8-a68b-48c6-b3f7-d4cde8885bfe"", ""parent"": [""virtual""], ""tax_subject_faculty"": ""657dfd0b-ce4a-4438-9150-b30661341d02""}",vancouver
63484cb3-6010-4614-a77d-fd7b70a59126,taxonomy_term--subject,6920,6920,2026-05-26T19:20:18+00:00,True,CSIS_V,,0,2026-05-26T19:20:18+00:00,,Critical Studies in Sexuality,"{""vid"": ""5e677fd8-a68b-48c6-b3f7-d4cde8885bfe"", ""parent"": [""virtual""], ""tax_subject_faculty"": ""657dfd0b-ce4a-4438-9150-b30661341d02""}",vancouver
7ebcf80d-226e-489b-88c3-be20227a21a8,taxonomy_term--subject,6921,6921,2026-05-26T19:20:18+00:00,True,CSPW_V,,0,2026-05-26T19:20:18+00:00,,Coordinated Science Program Workshop,"{""vid"": ""5e677fd8-a68b-48c6-b3f7-d4cde8885bfe"", ""parent"": [""virtual""], ""tax_subject_faculty"": ""a35009de-d9d7-448d-90d4-9993f541a534""}",vancouver
0fbf6d5b-e39c-4f20-b82e-7e5fcf85c8c4,taxonomy_term--subject,6922,6922,2026-05-26T19:20:18+00:00,True,CTLN_V,,0,2026-05-26T19:20:18+00:00,,Catalan,"{""vid"": ""5e677fd8-a68b-48c6-b3f7-d4cde8885bfe"", ""parent"": [""virtual""], ""tax_subject_faculty"": ""657dfd0b-ce4a-4438-9150-b30661341d02"", ""tax_subject_department"": ""615e0492-c8bb-4735-8ed9-35084891c3a3""}",vancouver
99f173d5-c231-470e-8754-14504aeee377,taxonomy_term--subject,6923,6923,2026-05-26T19:20:18+00:00,True,DANI_V,,0,2026-05-26T19:20:18+00:00,,Danish,"{""vid"": ""5e677fd8-a68b-48c6-b3f7-d4cde8885bfe"", ""parent"": [""virtual""], ""tax_subject_faculty"": ""657dfd0b-ce4a-4438-9150-b30661341d02"", ""tax_subject_department"": ""b60a1670-7f02-469f-9532-0d13f242d314""}",vancouver
b4b17e43-04f3-4bd9-adac-dfc0b8c180a4,taxonomy_term--subject,6924,6924,2026-05-26T19:20:18+00:00,True,DENT_V,,0,2026-05-26T19:20:18+00:00,,Dentistry,"{""vid"": ""5e677fd8-a68b-48c6-b3f7-d4cde8885bfe"", ""parent"": [""virtual""], ""tax_subject_faculty"": ""8813b872-6b36-4d8e-b3f6-439af007e890""}",vancouver
a395c0d7-de4b-4681-bf96-3384e402fba3,taxonomy_term--subject,6925,6925,2026-05-26T19:20:18+00:00,True,DES_V,,0,2026-05-26T19:20:18+00:00,,Design,"{""vid"": ""5e677fd8-a68b-48c6-b3f7-d4cde8885bfe"", ""parent"": [""virtual""], ""tax_subject_faculty"": ""f043bf26-d100-4949-ba3a-df16e840d360"", ""tax_subject_school"": ""94b8444e-450f-4999-9bc1-0822d08438b2""}",vancouver
67b68fe6-246e-49bb-99d1-7713303cf7f6,taxonomy_term--subject,6926,6926,2026-05-26T19:20:18+00:00,True,DHYG_V,,0,2026-05-26T19:20:18+00:00,,Dental Hygiene,"{""vid"": ""5e677fd8-a68b-48c6-b3f7-d4cde8885bfe"", ""parent"": [""virtual""], ""tax_subject_faculty"": ""8813b872-6b36-4d8e-b3f6-439af007e890""}",vancouver
fd61b81c-7a01-4f33-b98d-7cdd7831f4f6,taxonomy_term--subject,6927,6927,2026-05-26T19:20:18+00:00,True,DMED_V,,0,2026-05-26T19:20:18+00:00,,Digital Media,"{""vid"": ""5e677fd8-a68b-48c6-b3f7-d4cde8885bfe"", ""parent"": [""virtual""], ""tax_subject_faculty"": ""657dfd0b-ce4a-4438-9150-b30661341d02""}",vancouver
5dc93e2c-fab4-461b-9e41-e12536fa7aaa,taxonomy_term--subject,6928,6928,2026-05-26T19:20:18+00:00,True,DSCI_V,,0,2026-05-26T19:20:18+00:00,,Data Science,"{""vid"": ""5e677fd8-a68b-48c6-b3f7-d4cde8885bfe"", ""parent"": [""virtual""], ""tax_subject_faculty"": ""a35009de-d9d7-448d-90d4-9993f541a534""}",vancouver
55863287-599b-4c3a-b381-109f5f00cf62,taxonomy_term--subject,6929,6929,2026-05-26T19:20:18+00:00,True,ECED_V,,0,2026-05-26T19:20:18+00:00,,Early Childhood Education,"{""vid"": ""5e677fd8-a68b-48c6-b3f7-d4cde8885bfe"", ""parent"": [""virtual""], ""tax_subject_faculty"": ""5fae0f56-ca01-4421-8585-025fad93281b""}",vancouver
232d425b-9e61-4d65-a6fc-b270fe36b8e0,taxonomy_term--subject,6930,6930,2026-05-26T19:20:18+00:00,True,ECON_V,,0,2026-05-26T22:50:41+00:00,"For course prerequisites purposes: ECON_V 101 is equivalent to ECON_V 310; ECON_V 102 is equivalent to ECON_V 311. Many courses in Economics have a Mathematics prerequisite of MATH_V 100 (or equivalent) and/or MATH_V 101 (or equivalent). Courses equivalent to MATH_V 100 as a prerequisite are MATH_V 102, 104, 110, 111, 120, 180 and 184. For MATH_V 101 the equivalents are MATH_V 103, 105, and 121.",Economics,"{""vid"": ""5e677fd8-a68b-48c6-b3f7-d4cde8885bfe"", ""parent"": [""virtual""], ""tax_subject_faculty"": ""657dfd0b-ce4a-4438-9150-b30661341d02"", ""tax_subject_school"": ""edc4390a-66f6-4121-af98-0a44d568e133""}",vancouver
ab6704a6-4c98-4cc2-b6e7-f88e38e7c7d3,taxonomy_term--subject,6931,6931,2026-05-26T19:20:18+00:00,True,ECPS_V,,0,2026-05-26T22:50:46+00:00,"For a list of subjects and corresponding departments within the Faculty of Education, see the tables ""Courses in the Faculty of Education"" at the beginning of the Courses section.","Educational & Counselling Psychology, & Special Education","{""vid"": ""5e677fd8-a68b-48c6-b3f7-d4cde8885bfe"", ""parent"": [""virtual""], ""tax_subject_faculty"": ""5fae0f56-ca01-4421-8585-025fad93281b"", ""tax_subject_department"": ""6d43a484-df1f-4cda-8893-fa4a843d37ac""}",vancouver
64436526-6fcc-4ac9-a6ab-4263666c1cbd,taxonomy_term--subject,6932,6932,2026-05-26T19:20:18+00:00,True,EDCP_V,,0,2026-05-26T19:20:18+00:00,,Curriculum and Pedagogy,"{""vid"": ""5e677fd8-a68b-48c6-b3f7-d4cde8885bfe"", ""parent"": [""virtual""], ""tax_subject_faculty"": ""5fae0f56-ca01-4421-8585-025fad93281b"", ""tax_subject_department"": ""217ed772-1a93-47ce-9958-be9853afd826""}",vancouver
520066f4-fda1-45d6-a3bf-442de1e5bc0e,taxonomy_term--subject,6933,6933,2026-05-26T19:20:18+00:00,True,EDST_V,,0,2026-05-26T19:20:18+00:00,,Educational Studies,"{""vid"": ""5e677fd8-a68b-48c6-b3f7-d4cde8885bfe"", ""parent"": [""virtual""], ""tax_subject_faculty"": ""5fae0f56-ca01-4421-8585-025fad93281b"", ""tax_subject_department"": ""52a26837-8d85-4c6f-b1d1-7b2a06d498fd""}",vancouver
00a5e5ea-4676-4ed7-9491-11df4582b5f3,taxonomy_term--subject,6934,6934,2026-05-26T19:20:18+00:00,True,EDUC_V,,0,2026-05-26T19:20:18+00:00,,Education,"{""vid"": ""5e677fd8-a68b-48c6-b3f7-d4cde8885bfe"", ""parent"": [""virtual""], ""tax_subject_faculty"": ""5fae0f56-ca01-4421-8585-025fad93281b""}",vancouver
657b3c2b-8f59-4a12-b46c-0ce5dce40714,taxonomy_term--subject,6935,6935,2026-05-26T19:20:18+00:00,True,EECE_V,,0,2026-05-26T19:20:18+00:00,,Electrical and Computer Engineering,"{""vid"": ""5e677fd8-a68b-48c6-b3f7-d4cde8885bfe"", ""parent"": [""virtual""], ""tax_subject_faculty"": ""f043bf26-d100-4949-ba3a-df16e840d360""}",vancouver
5d585d89-49e8-46c7-9e84-8eae85010ca1,taxonomy_term--subject,6936,6936,2026-05-26T19:20:18+00:00,True,ELEC_V,,0,2026-05-26T19:20:18+00:00,,Electrical Engineering,"{""vid"": ""5e677fd8-a68b-48c6-b3f7-d4cde8885bfe"", ""parent"": [""virtual""], ""tax_subject_faculty"": ""f043bf26-d100-4949-ba3a-df16e840d360""}",vancouver
91438503-1fdf-4740-a32b-e4329237b99c,taxonomy_term--subject,6937,6937,2026-05-26T19:20:18+00:00,True,EMBA_V,,0,2026-05-26T19:20:18+00:00,,Executive M.B.A.,"{""vid"": ""5e677fd8-a68b-48c6-b3f7-d4cde8885bfe"", ""parent"": [""virtual""], ""tax_subject_faculty"": ""d53dbc62-9c32-4149-a77e-a9c39de1b591""}",vancouver
873b5efc-e966-457d-bb03-5dce4ea2fbf2,taxonomy_term--subject,6938,6938,2026-05-26T19:20:18+00:00,True,ENGL_V,,0,2026-05-26T19:20:18+00:00,,English,"{""vid"": ""5e677fd8-a68b-48c6-b3f7-d4cde8885bfe"", ""parent"": [""virtual""], ""tax_subject_faculty"": ""657dfd0b-ce4a-4438-9150-b30661341d02""}",vancouver
8ac568e1-3427-4ff2-8398-042606ba3852,taxonomy_term--subject,6939,6939,2026-05-26T19:20:18+00:00,True,ENPH_V,,0,2026-05-26T19:20:18+00:00,,Engineering Physics,"{""vid"": ""5e677fd8-a68b-48c6-b3f7-d4cde8885bfe"", ""parent"": [""virtual""], ""tax_subject_faculty"": ""a35009de-d9d7-448d-90d4-9993f541a534"", ""tax_subject_department"": ""dd485519-64c5-4d71-bfba-63f2c456fb30""}",vancouver
2d60dda7-0072-4429-975e-236b52e9c87a,taxonomy_term--subject,6940,6940,2026-05-26T19:20:18+00:00,True,ENPP_V,,0,2026-05-26T19:20:18+00:00,,Engineering and Public Policy,"{""vid"": ""5e677fd8-a68b-48c6-b3f7-d4cde8885bfe"", ""parent"": [""virtual""], ""tax_subject_faculty"": ""f043bf26-d100-4949-ba3a-df16e840d360""}",vancouver
38f9dacf-bbfe-48fc-b6b9-3f3d6f778251,taxonomy_term--subject,6941,6941,2026-05-26T19:20:18+00:00,True,ENSO_V,,0,2026-05-26T19:20:18+00:00,,Environment and Society,"{""vid"": ""5e677fd8-a68b-48c6-b3f7-d4cde8885bfe"", ""parent"": [""virtual""], ""tax_subject_faculty"": ""657dfd0b-ce4a-4438-9150-b30661341d02""}",vancouver
476f57c1-89d1-4b84-b88f-b5b30b5566f3,taxonomy_term--subject,6942,6942,2026-05-26T19:20:18+00:00,True,ENST_V,,0,2026-05-26T19:20:18+00:00,,Environment and Sustainability,"{""vid"": ""5e677fd8-a68b-48c6-b3f7-d4cde8885bfe"", ""parent"": [""virtual""], ""tax_subject_faculty"": ""657dfd0b-ce4a-4438-9150-b30661341d02"", ""tax_subject_department"": ""572bd533-e067-48c1-88a7-9ea0a43fa59a""}",vancouver
f34d603f-ba9f-44c8-a1d5-ad3d92507c23,taxonomy_term--subject,6943,6943,2026-05-26T19:20:18+00:00,True,ENVE_V,,0,2026-05-26T19:20:18+00:00,,Environmental Engineering,"{""vid"": ""5e677fd8-a68b-48c6-b3f7-d4cde8885bfe"", ""parent"": [""virtual""], ""tax_subject_faculty"": ""f043bf26-d100-4949-ba3a-df16e840d360"", ""tax_subject_department"": ""c99a31cb-d8d8-45f4-8c8f-75b7baff5164""}",vancouver
694f4dac-e7cd-420e-bf08-5241ba257f14,taxonomy_term--subject,6944,6944,2026-05-26T19:20:18+00:00,True,ENVR_V,,0,2026-05-26T19:20:18+00:00,,Environmental Science,"{""vid"": ""5e677fd8-a68b-48c6-b3f7-d4cde8885bfe"", ""parent"": [""virtual""], ""tax_subject_faculty"": ""a35009de-d9d7-448d-90d4-9993f541a534"", ""tax_subject_department"": ""a4c45621-d952-41f8-89ec-d0c09f234c50""}",vancouver
3a9da4e7-877d-436d-a122-d4a2f65b2831,taxonomy_term--subject,6945,6945,2026-05-26T19:20:18+00:00,True,EOSC_V,,0,2026-05-26T19:20:18+00:00,,Earth and Ocean Sciences,"{""vid"": ""5e677fd8-a68b-48c6-b3f7-d4cde8885bfe"", ""parent"": [""virtual""], ""tax_subject_faculty"": ""a35009de-d9d7-448d-90d4-9993f541a534"", ""tax_subject_department"": ""a4c45621-d952-41f8-89ec-d0c09f234c50""}",vancouver
b03c2a4a-b6dd-4025-a573-b09fb132a264,taxonomy_term--subject,6946,6946,2026-05-26T19:20:18+00:00,True,EPSE_V,,0,2026-05-26T22:50:50+00:00,"For a list of subjects and corresponding departments within the Faculty of Education, see the tables ""Courses in the Faculty of Education"" at the beginning of the Courses section.",Educational Psychology and Special Education,"{""vid"": ""5e677fd8-a68b-48c6-b3f7-d4cde8885bfe"", ""parent"": [""virtual""], ""tax_subject_faculty"": ""5fae0f56-ca01-4421-8585-025fad93281b"", ""tax_subject_department"": ""6d43a484-df1f-4cda-8893-fa4a843d37ac""}",vancouver
53f9a012-e52e-429f-8cf5-fc24399cb4dc,taxonomy_term--subject,6947,6947,2026-05-26T19:20:18+00:00,True,ETEC_V,,0,2026-05-26T19:20:18+00:00,,Educational Technology,"{""vid"": ""5e677fd8-a68b-48c6-b3f7-d4cde8885bfe"", ""parent"": [""virtual""], ""tax_subject_faculty"": ""5fae0f56-ca01-4421-8585-025fad93281b""}",vancouver
98265c27-d103-4f0f-a852-1317d9afb316,taxonomy_term--subject,6948,6948,2026-05-26T19:20:18+00:00,True,EXCH_V,,0,2026-05-26T19:20:18+00:00,,Exchange Programs,"{""vid"": ""5e677fd8-a68b-48c6-b3f7-d4cde8885bfe"", ""parent"": [""virtual""]}",vancouver
52cda592-6fa5-4155-83db-20a159265ffc,taxonomy_term--subject,6949,6949,2026-05-26T19:20:18+00:00,True,EXGR_V,,0,2026-05-26T19:20:18+00:00,,Exchange Graduate Research,"{""vid"": ""5e677fd8-a68b-48c6-b3f7-d4cde8885bfe"", ""parent"": [""virtual""]}",vancouver
f6f5ba02-65bf-4fca-8881-31e55449a550,taxonomy_term--subject,6950,6950,2026-05-26T19:20:18+00:00,True,FCOR_V,,0,2026-05-26T19:29:09+00:00,,Forestry Core,"{""vid"": ""5e677fd8-a68b-48c6-b3f7-d4cde8885bfe"", ""parent"": [""virtual""], ""tax_subject_faculty"": ""2de4b10b-ad94-4758-9146-cc8d9c0f661f""}",vancouver
dac1aacc-b965-441e-b5f9-f86299716e30,taxonomy_term--subject,6951,6951,2026-05-26T19:20:18+00:00,True,FIPR_V,,0,2026-05-26T19:20:18+00:00,,Film Production,"{""vid"": ""5e677fd8-a68b-48c6-b3f7-d4cde8885bfe"", ""parent"": [""virtual""], ""tax_subject_faculty"": ""657dfd0b-ce4a-4438-9150-b30661341d02"", ""tax_subject_department"": ""80a90472-99b6-486e-b0e3-a3dcbd11c9d0""}",vancouver
ba63b50d-bf2e-4470-9158-9baceb786ff2,taxonomy_term--subject,6952,6952,2026-05-26T19:20:18+00:00,True,FISH_V,,0,2026-05-26T19:20:18+00:00,,Fisheries Research,"{""vid"": ""5e677fd8-a68b-48c6-b3f7-d4cde8885bfe"", ""parent"": [""virtual""], ""tax_subject_faculty"": ""a35009de-d9d7-448d-90d4-9993f541a534""}",vancouver
c0b3e4d2-4b48-49f9-bc0c-d1c13f4c04af,taxonomy_term--subject,6953,6953,2026-05-26T19:20:18+00:00,True,FMPR_V,,0,2026-05-26T19:20:18+00:00,,Family Practice,"{""vid"": ""5e677fd8-a68b-48c6-b3f7-d4cde8885bfe"", ""parent"": [""virtual""], ""tax_subject_faculty"": ""7c94d4fb-7583-4e3f-892e-b9c7981bd17b"", ""tax_subject_department"": ""766c2c4d-9b51-4625-ac22-2f5d495ce1d7""}",vancouver
ac7a95cc-beac-4cee-a633-ad65835f5c1e,taxonomy_term--subject,6954,6954,2026-05-26T19:20:18+00:00,True,FMST_V,,0,2026-05-26T19:20:18+00:00,,Family Studies,"{""vid"": ""5e677fd8-a68b-48c6-b3f7-d4cde8885bfe"", ""parent"": [""virtual""], ""tax_subject_faculty"": ""657dfd0b-ce4a-4438-9150-b30661341d02"", ""tax_subject_department"": ""d2c577c0-70ba-4b5b-88f1-26c814d28464""}",vancouver
6a7ef00f-a919-4f69-980e-683bab3b4087,taxonomy_term--subject,6955,6955,2026-05-26T19:20:18+00:00,True,FNEL_V,,0,2026-05-26T19:20:18+00:00,,First Nations and Endangered Languages Program,"{""vid"": ""5e677fd8-a68b-48c6-b3f7-d4cde8885bfe"", ""parent"": [""virtual""], ""tax_subject_faculty"": ""657dfd0b-ce4a-4438-9150-b30661341d02""}",vancouver
0048aea9-b97e-40fe-8978-5c7d5f1f1b21,taxonomy_term--subject,6956,6956,2026-05-26T19:20:18+00:00,True,FNH_V,,0,2026-05-26T19:20:18+00:00,,"Food, Nutrition and Health","{""vid"": ""5e677fd8-a68b-48c6-b3f7-d4cde8885bfe"", ""parent"": [""virtual""], ""tax_subject_faculty"": ""97a63869-ba21-43fb-9a2f-e27a2bf78979""}",vancouver
87244224-54cd-493b-bdd7-0e27eb52f6f6,taxonomy_term--subject,6957,6957,2026-05-26T19:20:18+00:00,True,FNIS_V,,0,2026-05-26T19:20:18+00:00,,First Nations and Indigenous Studies,"{""vid"": ""5e677fd8-a68b-48c6-b3f7-d4cde8885bfe"", ""parent"": [""virtual""], ""tax_subject_faculty"": ""657dfd0b-ce4a-4438-9150-b30661341d02""}",vancouver
576c8dd4-c488-44f9-ab24-01a3b06760ea,taxonomy_term--subject,6958,6958,2026-05-26T19:20:18+00:00,True,FOOD_V,,0,2026-05-26T22:50:56+00:00,"Undergraduate courses have been re-named as Food, Nutrition and Health (FNH_V). Please see this section.",Food Science,"{""vid"": ""5e677fd8-a68b-48c6-b3f7-d4cde8885bfe"", ""parent"": [""virtual""], ""tax_subject_faculty"": ""97a63869-ba21-43fb-9a2f-e27a2bf78979""}",vancouver
a5a74f4f-2fc4-4b78-8c9b-5c5a5d3167cb,taxonomy_term--subject,6959,6959,2026-05-26T19:20:18+00:00,True,FOPE_V,,0,2026-05-26T19:29:14+00:00,,Forestry Online Professional Education,"{""vid"": ""5e677fd8-a68b-48c6-b3f7-d4cde8885bfe"", ""parent"": [""virtual""], ""tax_subject_faculty"": ""2de4b10b-ad94-4758-9146-cc8d9c0f661f""}",vancouver
707b0623-bc13-46b1-975e-456b5b7a7c1b,taxonomy_term--subject,6960,6960,2026-05-26T19:20:18+00:00,True,FOPR_V,,0,2026-05-26T19:29:00+00:00,,Forest Operations,"{""vid"": ""5e677fd8-a68b-48c6-b3f7-d4cde8885bfe"", ""parent"": [""virtual""], ""tax_subject_faculty"": ""2de4b10b-ad94-4758-9146-cc8d9c0f661f""}",vancouver
79f86e17-eb95-4789-b2c0-86bdc9848fdd,taxonomy_term--subject,6961,6961,2026-05-26T19:20:18+00:00,True,FRE_V,,0,2026-05-26T19:20:18+00:00,,Food and Resource Economics,"{""vid"": ""5e677fd8-a68b-48c6-b3f7-d4cde8885bfe"", ""parent"": [""virtual""], ""tax_subject_faculty"": ""97a63869-ba21-43fb-9a2f-e27a2bf78979""}",vancouver
e0b61389-eeac-4928-9f85-a481c719e949,taxonomy_term--subject,6962,6962,2026-05-26T19:20:18+00:00,True,FREN_V,,0,2026-05-26T22:51:07+00:00,"Prior to registration in any FREN_V language course, students are required to review the French Placement Guidelines available at https://fhis.ubc.ca/undergraduate/advising/placement-in-language-courses/ and complete the French Language background survey. After completing the questionnaire, students will be directed on how to take a Placement Test if needed. Please contact the Department Advisor with questions at fhis.undergrad@ubc.ca.

Students who do not follow the placement procedure and are identified as overqualified in a FREN_V language course will be removed from the course during the add/drop period of the registration term and no longer eligible to receive credit for the same course in the future.  

Within the prerequisites, CEFR refers to the Common European Framework of Reference for Languages (CEFR). The CEFR is a reference tool developed by the Council of Europe to provide a common basis for the development of modern-language curriculum guidelines, examinations, textbooks, etc. ",French,"{""vid"": ""5e677fd8-a68b-48c6-b3f7-d4cde8885bfe"", ""parent"": [""virtual""], ""tax_subject_faculty"": ""657dfd0b-ce4a-4438-9150-b30661341d02"", ""tax_subject_department"": ""615e0492-c8bb-4735-8ed9-35084891c3a3""}",vancouver
49e80c7a-b96f-41f0-9a1e-35771feaac5f,taxonomy_term--subject,6963,6963,2026-05-26T19:20:18+00:00,True,FRST_V,,0,2026-05-26T19:29:05+00:00,,Forestry,"{""vid"": ""5e677fd8-a68b-48c6-b3f7-d4cde8885bfe"", ""parent"": [""virtual""], ""tax_subject_faculty"": ""2de4b10b-ad94-4758-9146-cc8d9c0f661f""}",vancouver
2b676baf-d2a8-4df5-bd39-d651af93ec9c,taxonomy_term--subject,6964,6964,2026-05-26T19:20:18+00:00,True,FSCT_V,,0,2026-05-26T22:45:16+00:00,The following UBC Senate approved courses are restricted to students enrolled in the Joint Degree Combined Honours Bachelor of Science in Biochemistry and Forensic Science. They are taught at the British Columbia Institute of Technology (BCIT) campus and show on the BCIT transcript under the BCIT course numbers.,Biochemistry and Forensic Science,"{""vid"": ""5e677fd8-a68b-48c6-b3f7-d4cde8885bfe"", ""parent"": [""virtual""], ""tax_subject_faculty"": ""7c94d4fb-7583-4e3f-892e-b9c7981bd17b"", ""tax_subject_department"": ""acbc15c2-a447-403f-b597-f5432e12671f""}",vancouver
0cfdfc34-c2f0-46c5-b77b-af4731c04171,taxonomy_term--subject,6965,6965,2026-05-26T19:20:18+00:00,True,GEM_V,,0,2026-05-26T19:29:19+00:00,,Geomatics for Environmental Management,"{""vid"": ""5e677fd8-a68b-48c6-b3f7-d4cde8885bfe"", ""parent"": [""virtual""], ""tax_subject_faculty"": ""2de4b10b-ad94-4758-9146-cc8d9c0f661f""}",vancouver
c368f62d-9cb2-4de6-94ba-36be6cf8d31a,taxonomy_term--subject,6966,6966,2026-05-26T19:20:18+00:00,True,GEOG_V,,0,2026-05-26T22:54:39+00:00,"Courses having Science credit in Geography are listed separately in the calendar under GEOS_V (Geographical Sciences). Students seeking to obtain their Science requirement in the Faculty of Arts should consider GEOS_V 102 and GEOS_V 103. For detailed information about courses and topics within courses, see the departmental website (www.geog.ubc.ca).",Geography,"{""vid"": ""5e677fd8-a68b-48c6-b3f7-d4cde8885bfe"", ""parent"": [""virtual""], ""tax_subject_faculty"": ""657dfd0b-ce4a-4438-9150-b30661341d02"", ""tax_subject_department"": ""572bd533-e067-48c1-88a7-9ea0a43fa59a""}",vancouver
d187acbf-ce2f-4311-9604-4bc754f58364,taxonomy_term--subject,6967,6967,2026-05-26T19:20:18+00:00,True,GEOS_V,,0,2026-05-26T22:54:35+00:00,"All GEOB_V and GEOS_V courses carry Science credit and therefore may not be used by B.Sc. students to satisfy the Faculty of Science requirements for credits in Arts. Only Geography courses carrying the GEOG_V designation may be used to satisfy the Faculty of Science requirements for credits in Arts. As of Summer Session 2021, all GEOB_V courses have been renamed GEOS_V [https://vancouver.calendar.ubc.ca/course-descriptions/subject/geosv] with equivalent course numbers.",Geographical Sciences,"{""vid"": ""5e677fd8-a68b-48c6-b3f7-d4cde8885bfe"", ""parent"": [""virtual""], ""tax_subject_faculty"": ""657dfd0b-ce4a-4438-9150-b30661341d02"", ""tax_subject_department"": ""572bd533-e067-48c1-88a7-9ea0a43fa59a""}",vancouver
e599c506-ced9-4dea-9b98-d051c408b8a6,taxonomy_term--subject,6968,6968,2026-05-26T19:20:18+00:00,True,GERN_V,,0,2026-05-26T22:54:44+00:00,"All GERN_V-coded courses are conducted in German-plus (i.e., German, plus any additional multilingual experiences students bring to the course). By plus, we mean that no classroom is ever monolingual; students bring all of their languages to class with them and use those languages implicitly to help improve their German knowledge. For German Studies courses taught in English-plus, please see GMST_V-coded courses.",German,"{""vid"": ""5e677fd8-a68b-48c6-b3f7-d4cde8885bfe"", ""parent"": [""virtual""], ""tax_subject_faculty"": ""657dfd0b-ce4a-4438-9150-b30661341d02"", ""tax_subject_department"": ""b60a1670-7f02-469f-9532-0d13f242d314""}",vancouver
4916d369-2499-49ff-a65e-b4251110dda1,taxonomy_term--subject,6969,6969,2026-05-26T19:20:18+00:00,True,GLBH_V,,0,2026-05-26T19:20:18+00:00,,Global Health,"{""vid"": ""5e677fd8-a68b-48c6-b3f7-d4cde8885bfe"", ""parent"": [""virtual""], ""tax_subject_faculty"": ""7c94d4fb-7583-4e3f-892e-b9c7981bd17b""}",vancouver
a3ae60e4-cd6c-4908-a16a-b5f7f0a748c8,taxonomy_term--subject,6970,6970,2026-05-26T19:20:18+00:00,True,GMST_V,,0,2026-05-26T22:54:48+00:00,"All GMST_V-coded courses are conducted in English-plus. For German Studies courses taught in German plus, please see GERN_V-coded courses. By plus, we mean that no classroom is ever monolingual; students bring all of their languages to class with them and use those languages implicitly to help improve their German knowledge.",Germanic Studies,"{""vid"": ""5e677fd8-a68b-48c6-b3f7-d4cde8885bfe"", ""parent"": [""virtual""], ""tax_subject_faculty"": ""657dfd0b-ce4a-4438-9150-b30661341d02"", ""tax_subject_department"": ""b60a1670-7f02-469f-9532-0d13f242d314""}",vancouver
76a8fb92-1f7f-42b6-b3a4-139e2f11d4c7,taxonomy_term--subject,6971,6971,2026-05-26T19:20:18+00:00,True,GREK_V,,0,2026-05-26T22:54:54+00:00,"Not all courses are offered every year. For current listings, consult the departmental website at: https://amne.ubc.ca/.",Greek,"{""vid"": ""5e677fd8-a68b-48c6-b3f7-d4cde8885bfe"", ""parent"": [""virtual""], ""tax_subject_faculty"": ""657dfd0b-ce4a-4438-9150-b30661341d02"", ""tax_subject_department"": ""0e4ecd36-a7b7-4a43-8240-9c9d3db9a6af""}",vancouver
5dd18bf2-df09-4f17-99c8-ad7afd564eae,taxonomy_term--subject,6972,6972,2026-05-26T19:20:18+00:00,True,GRS_V,,0,2026-05-26T19:20:18+00:00,,Global Resource Systems,"{""vid"": ""5e677fd8-a68b-48c6-b3f7-d4cde8885bfe"", ""parent"": [""virtual""], ""tax_subject_faculty"": ""97a63869-ba21-43fb-9a2f-e27a2bf78979""}",vancouver
330ec687-4159-404c-a974-c5fe7e1d714a,taxonomy_term--subject,6973,6973,2026-05-26T19:20:18+00:00,True,GRSJ_V,,0,2026-05-26T19:20:18+00:00,,"Gender, Race, Sexuality and Social Justice","{""vid"": ""5e677fd8-a68b-48c6-b3f7-d4cde8885bfe"", ""parent"": [""virtual""], ""tax_subject_faculty"": ""657dfd0b-ce4a-4438-9150-b30661341d02""}",vancouver
5c76ff1c-ffd5-454d-84d5-f86cb4a22dbe,taxonomy_term--subject,6974,6974,2026-05-26T19:20:18+00:00,True,GSAT_V,,0,2026-05-26T19:20:18+00:00,,Genome Science and Technology,"{""vid"": ""5e677fd8-a68b-48c6-b3f7-d4cde8885bfe"", ""parent"": [""virtual""], ""tax_subject_faculty"": ""a35009de-d9d7-448d-90d4-9993f541a534""}",vancouver
a11138b6-39fb-4351-8513-d9d41092c70f,taxonomy_term--subject,6975,6975,2026-05-26T19:20:18+00:00,True,HEBR_V,,0,2026-05-26T22:54:59+00:00,"Not all courses are offered every year. For current listings, consult the departmental website at: https://amne.ubc.ca/.",Hebrew,"{""vid"": ""5e677fd8-a68b-48c6-b3f7-d4cde8885bfe"", ""parent"": [""virtual""], ""tax_subject_faculty"": ""657dfd0b-ce4a-4438-9150-b30661341d02"", ""tax_subject_department"": ""0e4ecd36-a7b7-4a43-8240-9c9d3db9a6af""}",vancouver
003ecd73-8281-4a5c-88a6-cabaf7a4fcc8,taxonomy_term--subject,6976,6976,2026-05-26T19:20:18+00:00,True,HESO_V,,0,2026-05-26T19:20:18+00:00,,Health and Society,"{""vid"": ""5e677fd8-a68b-48c6-b3f7-d4cde8885bfe"", ""parent"": [""virtual""], ""tax_subject_faculty"": ""657dfd0b-ce4a-4438-9150-b30661341d02""}",vancouver
d71b5dc9-4b65-4678-9c6c-4f82ee4f9a58,taxonomy_term--subject,6977,6977,2026-05-26T19:20:18+00:00,True,HGSE_V,,0,2026-05-26T19:29:23+00:00,,Haida Gwaii Semesters,"{""vid"": ""5e677fd8-a68b-48c6-b3f7-d4cde8885bfe"", ""parent"": [""virtual""], ""tax_subject_faculty"": ""2de4b10b-ad94-4758-9146-cc8d9c0f661f""}",vancouver
34ed44e7-2938-4e3d-bf6c-1aa1fb0352f0,taxonomy_term--subject,6978,6978,2026-05-26T19:20:18+00:00,True,HINU_V,,0,2026-05-26T19:20:18+00:00,,Hindi-Urdu,"{""vid"": ""5e677fd8-a68b-48c6-b3f7-d4cde8885bfe"", ""parent"": [""virtual""], ""tax_subject_faculty"": ""657dfd0b-ce4a-4438-9150-b30661341d02"", ""tax_subject_department"": ""5063bb75-645d-49bc-9980-bb7d965a08c3""}",vancouver
ac06f116-d92d-4238-82b7-6929b4aa303f,taxonomy_term--subject,6979,6979,2026-05-26T19:20:18+00:00,True,HIST_V,,0,2026-05-26T19:20:18+00:00,,History,"{""vid"": ""5e677fd8-a68b-48c6-b3f7-d4cde8885bfe"", ""parent"": [""virtual""], ""tax_subject_faculty"": ""657dfd0b-ce4a-4438-9150-b30661341d02"", ""tax_subject_department"": ""313e4bac-b1c3-45b0-94d6-93d91b694ba3""}",vancouver
e54c800a-cfb4-44e4-bb03-f57224975e85,taxonomy_term--subject,6980,6980,2026-05-26T19:20:18+00:00,True,HPB_V,,0,2026-05-26T19:20:18+00:00,,High Performance Buildings,"{""vid"": ""5e677fd8-a68b-48c6-b3f7-d4cde8885bfe"", ""parent"": [""virtual""], ""tax_subject_faculty"": ""f043bf26-d100-4949-ba3a-df16e840d360"", ""tax_subject_school"": ""94b8444e-450f-4999-9bc1-0822d08438b2""}",vancouver
ec934a83-c8ad-41dd-88ee-f147325dc6c2,taxonomy_term--subject,6981,6981,2026-05-26T19:20:18+00:00,True,HUNU_V,,0,2026-05-26T22:55:05+00:00,"Most of the undergraduate courses have been renamed as Food, Nutrition and Health (FNH_V). Please see this section.",Human Nutrition,"{""vid"": ""5e677fd8-a68b-48c6-b3f7-d4cde8885bfe"", ""parent"": [""virtual""], ""tax_subject_faculty"": ""97a63869-ba21-43fb-9a2f-e27a2bf78979""}",vancouver
86d112b9-7213-49f2-a504-a8016a3250c1,taxonomy_term--subject,6982,6982,2026-05-26T19:20:18+00:00,True,IAR_V,,0,2026-05-26T19:20:18+00:00,,Institute of Asian Research,"{""vid"": ""5e677fd8-a68b-48c6-b3f7-d4cde8885bfe"", ""parent"": [""virtual""], ""tax_subject_faculty"": ""657dfd0b-ce4a-4438-9150-b30661341d02""}",vancouver
bd248850-1da0-4052-a5a1-02b41f79652b,taxonomy_term--subject,6983,6983,2026-05-26T19:20:18+00:00,True,IEST_V,,0,2026-05-26T19:20:18+00:00,,European Studies,"{""vid"": ""5e677fd8-a68b-48c6-b3f7-d4cde8885bfe"", ""parent"": [""virtual""], ""tax_subject_faculty"": ""657dfd0b-ce4a-4438-9150-b30661341d02""}",vancouver
5403a692-3d95-4667-b13c-2ca7ac7382d1,taxonomy_term--subject,6984,6984,2026-05-26T19:20:18+00:00,True,IGEN_V,,0,2026-05-26T19:20:18+00:00,,Integrated Engineering,"{""vid"": ""5e677fd8-a68b-48c6-b3f7-d4cde8885bfe"", ""parent"": [""virtual""], ""tax_subject_faculty"": ""f043bf26-d100-4949-ba3a-df16e840d360""}",vancouver
f3765b48-8af1-4b4e-9f7e-ec2b9327d1d1,taxonomy_term--subject,6985,6985,2026-05-26T19:20:18+00:00,True,ILS_V,,0,2026-05-26T19:29:27+00:00,,Indigenous Land Stewardship,"{""vid"": ""5e677fd8-a68b-48c6-b3f7-d4cde8885bfe"", ""parent"": [""virtual""], ""tax_subject_faculty"": ""2de4b10b-ad94-4758-9146-cc8d9c0f661f""}",vancouver
ad052d35-be58-45da-b629-a735ae99d68a,taxonomy_term--subject,6986,6986,2026-05-26T19:20:18+00:00,True,INDO_V,,0,2026-05-26T19:20:18+00:00,,Indonesian,"{""vid"": ""5e677fd8-a68b-48c6-b3f7-d4cde8885bfe"", ""parent"": [""virtual""], ""tax_subject_faculty"": ""657dfd0b-ce4a-4438-9150-b30661341d02"", ""tax_subject_department"": ""5063bb75-645d-49bc-9980-bb7d965a08c3""}",vancouver
7959b6a2-0394-47ef-83cb-09b82d5fd6df,taxonomy_term--subject,6987,6987,2026-05-26T19:20:18+00:00,True,INDS_V,,0,2026-05-26T19:20:18+00:00,,Interdisciplinary Studies,"{""vid"": ""5e677fd8-a68b-48c6-b3f7-d4cde8885bfe"", ""parent"": [""virtual""], ""tax_subject_faculty"": ""5c201a10-6d98-4cbe-979c-1caac5c596ae""}",vancouver
a1833db1-4f87-454e-a352-8d3bcb4628f7,taxonomy_term--subject,6988,6988,2026-05-26T19:20:18+00:00,True,INFO_V,,0,2026-05-26T19:20:18+00:00,,Information Studies,"{""vid"": ""5e677fd8-a68b-48c6-b3f7-d4cde8885bfe"", ""parent"": [""virtual""], ""tax_subject_faculty"": ""657dfd0b-ce4a-4438-9150-b30661341d02"", ""tax_subject_school"": ""654015d2-c78b-4f91-9b2b-b4b6dec3b92f""}",vancouver
3cddd7a0-08c3-4e12-90c9-82e222936cd2,taxonomy_term--subject,6989,6989,2026-05-26T19:20:18+00:00,True,INLB_V,,0,2026-05-26T19:20:18+00:00,,Indigenous Land-Based Studies,"{""vid"": ""5e677fd8-a68b-48c6-b3f7-d4cde8885bfe"", ""parent"": [""virtual""], ""tax_subject_faculty"": ""657dfd0b-ce4a-4438-9150-b30661341d02""}",vancouver
2b4941a9-8732-49cd-8b97-8dc87e6750ff,taxonomy_term--subject,6990,6990,2026-05-26T19:20:18+00:00,True,INTR_V,,0,2026-05-26T19:20:18+00:00,,International Relations,"{""vid"": ""5e677fd8-a68b-48c6-b3f7-d4cde8885bfe"", ""parent"": [""virtual""], ""tax_subject_faculty"": ""657dfd0b-ce4a-4438-9150-b30661341d02""}",vancouver
db2426ce-10ff-4a97-8b79-fa1045efdfdc,taxonomy_term--subject,6991,6991,2026-05-26T19:20:18+00:00,True,ISCI_V,,0,2026-05-26T19:20:18+00:00,,Integrated Sciences,"{""vid"": ""5e677fd8-a68b-48c6-b3f7-d4cde8885bfe"", ""parent"": [""virtual""], ""tax_subject_faculty"": ""a35009de-d9d7-448d-90d4-9993f541a534""}",vancouver
1b86f3f9-eea5-4e9e-a806-4e10d2a6aad1,taxonomy_term--subject,6992,6992,2026-05-26T19:20:18+00:00,True,ITAL_V,,0,2026-05-26T22:55:21+00:00,"All ITAL_V courses are conducted in Italian and will fulfill the Language as Meaning requirement for Ways of Knowing Breadth Requirement. For Italian Studies courses taught in English, please see RMST_V courses at https://vancouver.calendar.ubc.ca/course-descriptions/subject/rmstv.

For each academic session, prior to registration in any ITAL_V course, students are required to complete the online Italian Placement Questionnaire at https://fhis.air.arts.ubc.ca/italian-placement-questionnaire-tool/. Please contact the Student Programs Coordinator at https://fhis.ubc.ca/undergraduate-advising-contact-form/ if there are any concerns about the Placement Questionnaire.

Note: The Common European Framework of Reference for Languages (CEFR) is a reference tool developed by the Council of Europe to provide a common basis for the development of modern-language curriculum guidelines, examinations, textbooks, etc. It describes in a comprehensive way what language learners have to learn in order to use a language for communication and what knowledge and skills they have to develop so as to be able to do so effectively.",Italian,"{""vid"": ""5e677fd8-a68b-48c6-b3f7-d4cde8885bfe"", ""parent"": [""virtual""], ""tax_subject_faculty"": ""657dfd0b-ce4a-4438-9150-b30661341d02"", ""tax_subject_department"": ""615e0492-c8bb-4735-8ed9-35084891c3a3""}",vancouver
645a297a-5f05-4d3b-bc54-5401d0146ced,taxonomy_term--subject,6993,6993,2026-05-26T19:20:18+00:00,True,IWME_V,,0,2026-05-26T19:20:18+00:00,,Integrated Water Management Engineering,"{""vid"": ""5e677fd8-a68b-48c6-b3f7-d4cde8885bfe"", ""parent"": [""virtual""], ""tax_subject_faculty"": ""f043bf26-d100-4949-ba3a-df16e840d360"", ""tax_subject_department"": ""3c4db8b7-d4f0-4fa9-898b-24de2d1a230a""}",vancouver
19ee5f44-ca03-4f50-8f18-b6edbd48b7ca,taxonomy_term--subject,6994,6994,2026-05-26T19:20:18+00:00,True,JAPN_V,,0,2026-05-26T22:55:35+00:00,"For each academic session (W and S), prior to registration in any JAPN_V course, students are required to review the Japanese Registration Guidelines available at https://asia.ubc.ca/undergraduate/asian-language-options/japanese/ to determine if a Japanese Placement Test is required. (If the Placement Test is required, the link to take the test can also be found at this same page.) Note: Students must obtain a minimum grade of 60% to advance to the next level of language. This applies to all students in JAPN_V language courses, not just language majors.",Japanese,"{""vid"": ""5e677fd8-a68b-48c6-b3f7-d4cde8885bfe"", ""parent"": [""virtual""], ""tax_subject_faculty"": ""657dfd0b-ce4a-4438-9150-b30661341d02"", ""tax_subject_department"": ""5063bb75-645d-49bc-9980-bb7d965a08c3""}",vancouver
c62f96c7-4ec3-4cf8-8586-eb90efcdc84b,taxonomy_term--subject,6995,6995,2026-05-26T19:20:18+00:00,True,JRNL_V,,0,2026-05-26T19:20:18+00:00,,Journalism,"{""vid"": ""5e677fd8-a68b-48c6-b3f7-d4cde8885bfe"", ""parent"": [""virtual""], ""tax_subject_faculty"": ""657dfd0b-ce4a-4438-9150-b30661341d02"", ""tax_subject_school"": ""ee4c5e6f-7d40-4025-8c76-c4cb308d2cea""}",vancouver
135ac78a-566b-42d6-bfe7-fcb557b0bb93,taxonomy_term--subject,6996,6996,2026-05-26T19:20:18+00:00,True,JWST_V,,0,2026-05-26T19:20:18+00:00,,Jewish Studies,"{""vid"": ""5e677fd8-a68b-48c6-b3f7-d4cde8885bfe"", ""parent"": [""virtual""], ""tax_subject_faculty"": ""657dfd0b-ce4a-4438-9150-b30661341d02""}",vancouver
4f99901c-e98b-4b66-88ac-7358bd2853b7,taxonomy_term--subject,6997,6997,2026-05-26T19:20:18+00:00,True,KIN_V,,0,2026-05-26T19:20:18+00:00,,Kinesiology,"{""vid"": ""5e677fd8-a68b-48c6-b3f7-d4cde8885bfe"", ""parent"": [""virtual""], ""tax_subject_faculty"": ""5fae0f56-ca01-4421-8585-025fad93281b"", ""tax_subject_school"": ""3dccaa88-d6d9-4edd-80bd-d4556e962cec""}",vancouver
6d8b615f-436e-4900-81aa-8c74a10b935d,taxonomy_term--subject,6998,6998,2026-05-26T19:20:18+00:00,True,KORN_V,,0,2026-05-26T22:55:42+00:00,"For each academic session (W and S), prior to registration in any KORN_V course, students are required to complete the Korean Placement Interview. For more information, please visit http://asia.ubc.ca/undergraduate/placement-tests/. Note: Students must obtain a minimum grade of 60% to advance to the next level of language. This applies to all students in KORN_V language courses, not just language majors.",Korean,"{""vid"": ""5e677fd8-a68b-48c6-b3f7-d4cde8885bfe"", ""parent"": [""virtual""], ""tax_subject_faculty"": ""657dfd0b-ce4a-4438-9150-b30661341d02"", ""tax_subject_department"": ""5063bb75-645d-49bc-9980-bb7d965a08c3""}",vancouver
e8ee1cdb-aa47-41c0-8664-6cf5c85d47c4,taxonomy_term--subject,6999,6999,2026-05-26T19:20:18+00:00,True,LAIS_V,,0,2026-05-26T19:20:18+00:00,,"Library, Archival and Information Studies","{""vid"": ""5e677fd8-a68b-48c6-b3f7-d4cde8885bfe"", ""parent"": [""virtual""], ""tax_subject_faculty"": ""657dfd0b-ce4a-4438-9150-b30661341d02"", ""tax_subject_school"": ""654015d2-c78b-4f91-9b2b-b4b6dec3b92f""}",vancouver
5cfb317b-dd8b-483f-9b51-31771810c32c,taxonomy_term--subject,7000,7000,2026-05-26T19:20:18+00:00,True,LARC_V,,0,2026-05-26T19:20:18+00:00,,Landscape Architecture,"{""vid"": ""5e677fd8-a68b-48c6-b3f7-d4cde8885bfe"", ""parent"": [""virtual""], ""tax_subject_faculty"": ""f043bf26-d100-4949-ba3a-df16e840d360"", ""tax_subject_school"": ""94b8444e-450f-4999-9bc1-0822d08438b2""}",vancouver
e6fd9df7-17b8-47cf-a34a-72b9e3f34553,taxonomy_term--subject,7001,7001,2026-05-26T19:20:18+00:00,True,LASO_V,,0,2026-05-26T19:20:18+00:00,,Law and Society,"{""vid"": ""5e677fd8-a68b-48c6-b3f7-d4cde8885bfe"", ""parent"": [""virtual""], ""tax_subject_faculty"": ""657dfd0b-ce4a-4438-9150-b30661341d02""}",vancouver
1db08d89-b03e-444b-905c-89bf4b2121fc,taxonomy_term--subject,7002,7002,2026-05-26T19:20:18+00:00,True,LAST_V,,0,2026-05-26T19:20:18+00:00,,Latin American Studies,"{""vid"": ""5e677fd8-a68b-48c6-b3f7-d4cde8885bfe"", ""parent"": [""virtual""], ""tax_subject_faculty"": ""657dfd0b-ce4a-4438-9150-b30661341d02""}",vancouver
a2580188-8a13-4ffe-92bb-06f2907aceab,taxonomy_term--subject,7003,7003,2026-05-26T19:20:18+00:00,True,LATN_V,,0,2026-05-26T22:59:11+00:00,"Not all courses are offered every year. For current listings, consult the departmental website at: https://amne.ubc.ca/.",Latin,"{""vid"": ""5e677fd8-a68b-48c6-b3f7-d4cde8885bfe"", ""parent"": [""virtual""], ""tax_subject_faculty"": ""657dfd0b-ce4a-4438-9150-b30661341d02"", ""tax_subject_department"": ""0e4ecd36-a7b7-4a43-8240-9c9d3db9a6af""}",vancouver
ed05783d-c971-4384-9309-e18bd037d9d2,taxonomy_term--subject,7004,7004,2026-05-26T19:20:18+00:00,True,LAW_V,,0,2026-05-26T22:59:17+00:00,"Law courses are restricted to students enrolled in programs within the Peter A. Allard School of Law, and in the same academic level as the course. Students should refer to the Allard website regarding course prerequisites and availability for visiting and exchange Law students.",Law,"{""vid"": ""5e677fd8-a68b-48c6-b3f7-d4cde8885bfe"", ""parent"": [""virtual""], ""tax_subject_faculty"": ""e5968b59-4dff-4e06-b4cd-ea5ae3efd5da""}",vancouver
88a1e736-7431-4050-8340-ee5f20cb5e83,taxonomy_term--subject,7005,7005,2026-05-26T19:20:18+00:00,True,LFS_V,,0,2026-05-26T22:58:44+00:00,"As of July 1, 2015, the IHHS_V courses have been distributed among the following units: School of Social Work, School of Population and Public Health, and Faculty of Land and Food Systems.",Land & Food Systems,"{""vid"": ""5e677fd8-a68b-48c6-b3f7-d4cde8885bfe"", ""parent"": [""virtual""], ""tax_subject_faculty"": ""97a63869-ba21-43fb-9a2f-e27a2bf78979""}",vancouver
3cdd3056-a1af-4003-9eaa-cc0fdaf2a790,taxonomy_term--subject,7006,7006,2026-05-26T19:20:18+00:00,True,LIBE_V,,0,2026-05-26T19:20:18+00:00,,Teacher Librarianship,"{""vid"": ""5e677fd8-a68b-48c6-b3f7-d4cde8885bfe"", ""parent"": [""virtual""], ""tax_subject_faculty"": ""5fae0f56-ca01-4421-8585-025fad93281b"", ""tax_subject_department"": ""3d96779b-a845-4dea-91f5-9e720e7dc228""}",vancouver
2e84d571-a606-48f9-a66e-0e9498a58797,taxonomy_term--subject,7007,7007,2026-05-26T19:20:18+00:00,True,LIBR_V,,0,2026-05-26T19:20:18+00:00,,Library and Information Studies,"{""vid"": ""5e677fd8-a68b-48c6-b3f7-d4cde8885bfe"", ""parent"": [""virtual""], ""tax_subject_faculty"": ""657dfd0b-ce4a-4438-9150-b30661341d02"", ""tax_subject_school"": ""654015d2-c78b-4f91-9b2b-b4b6dec3b92f""}",vancouver
5e289182-7f76-4255-ab51-5c6e49809fe3,taxonomy_term--subject,7008,7008,2026-05-26T19:20:18+00:00,True,LING_V,,0,2026-05-26T19:20:18+00:00,,Linguistics,"{""vid"": ""5e677fd8-a68b-48c6-b3f7-d4cde8885bfe"", ""parent"": [""virtual""], ""tax_subject_faculty"": ""657dfd0b-ce4a-4438-9150-b30661341d02"", ""tax_subject_department"": ""62c7078b-0831-4989-92f3-921bb872a4bd""}",vancouver
91f9514d-9c1a-4495-9921-829dbc26d6b8,taxonomy_term--subject,7009,7009,2026-05-26T19:20:18+00:00,True,LLED_V,,0,2026-05-26T19:20:18+00:00,,Language and Literacy Education,"{""vid"": ""5e677fd8-a68b-48c6-b3f7-d4cde8885bfe"", ""parent"": [""virtual""], ""tax_subject_faculty"": ""5fae0f56-ca01-4421-8585-025fad93281b"", ""tax_subject_department"": ""3d96779b-a845-4dea-91f5-9e720e7dc228""}",vancouver
83cd438e-ac91-4e59-a87e-ea75de193e7d,taxonomy_term--subject,7010,7010,2026-05-26T19:20:18+00:00,True,LWS_V,,0,2026-05-26T19:20:18+00:00,,Land and Water Systems,"{""vid"": ""5e677fd8-a68b-48c6-b3f7-d4cde8885bfe"", ""parent"": [""virtual""], ""tax_subject_faculty"": ""97a63869-ba21-43fb-9a2f-e27a2bf78979""}",vancouver
733eaca7-a3b1-48d6-b2e5-90574d0d9d4e,taxonomy_term--subject,7011,7011,2026-05-26T19:20:18+00:00,True,MANU_V,,0,2026-05-26T19:20:18+00:00,,Manufacturing Engineering,"{""vid"": ""5e677fd8-a68b-48c6-b3f7-d4cde8885bfe"", ""parent"": [""virtual""], ""tax_subject_faculty"": ""f043bf26-d100-4949-ba3a-df16e840d360"", ""tax_subject_department"": ""3ac2062b-43d5-480c-b6fa-640f28d8e775""}",vancouver
6eef6a28-6cd8-43ab-bb81-8aa35b3e7dcd,taxonomy_term--subject,7012,7012,2026-05-26T19:20:18+00:00,True,MATH_V,,0,2026-05-26T22:59:29+00:00,"The first digit in the number of a course is intended to convey the level of mathematical maturity at which the course is conducted rather than the year in which it must be taken. Students who expect to follow an Honours Science program or one with high mathematical content are urged to apply for admission to MATH_V 120 and 121. The following courses are for students in the Faculty of Applied Science: MATH_V 152, MATH_V 253, MATH_V 255, MATH_V 256, MATH_V 257, MATH_V 265, MATH_V 267. Secondary-school calculus is a prerequisite for MATH_V 100, 102, and 104. Students with this qualification should see ""UBC-SFU-UVIC-UNBC Calculus Examination Certificate"" in the Admissions section (https://vancouver.calendar.ubc.ca/admissions/advanced-credit-or-placement). MATH_V 180 and 184 are designed for students without high-school calculus. Continuing Studies offers MATH_V 001, 002, 003, and 004, refresher courses in pre-calculus material. Students with credit for MATH_V 110, 180, or 184 will be deemed to have satisfied MATH_V 100, 102, and 104 requirements. For further information see the department's website at www.math.ubc.ca.",Mathematics,"{""vid"": ""5e677fd8-a68b-48c6-b3f7-d4cde8885bfe"", ""parent"": [""virtual""], ""tax_subject_faculty"": ""a35009de-d9d7-448d-90d4-9993f541a534"", ""tax_subject_department"": ""babae5f6-47aa-47ad-83fe-8cbb2961fed6""}",vancouver
76e4873f-5333-4ec3-a7ef-8eff88a4648b,taxonomy_term--subject,7013,7013,2026-05-26T19:20:18+00:00,True,MDIA_V,,0,2026-05-26T19:20:18+00:00,,Media Studies,"{""vid"": ""5e677fd8-a68b-48c6-b3f7-d4cde8885bfe"", ""parent"": [""virtual""], ""tax_subject_faculty"": ""657dfd0b-ce4a-4438-9150-b30661341d02""}",vancouver
987be3a5-8795-4cc4-88cd-c5990d7eb98d,taxonomy_term--subject,7014,7014,2026-05-26T19:20:18+00:00,True,MDVL_V,,0,2026-05-26T22:59:41+00:00,See Medieval Studies under the Faculty of Arts section of the Calendar for other acceptable courses.,Medieval Studies,"{""vid"": ""5e677fd8-a68b-48c6-b3f7-d4cde8885bfe"", ""parent"": [""virtual""], ""tax_subject_faculty"": ""657dfd0b-ce4a-4438-9150-b30661341d02""}",vancouver
422f9b1a-cc08-4f02-a837-d0c3b522723a,taxonomy_term--subject,7015,7015,2026-05-26T19:20:18+00:00,True,MECH_V,,0,2026-05-26T19:20:18+00:00,,Mechanical Engineering,"{""vid"": ""5e677fd8-a68b-48c6-b3f7-d4cde8885bfe"", ""parent"": [""virtual""], ""tax_subject_faculty"": ""f043bf26-d100-4949-ba3a-df16e840d360"", ""tax_subject_department"": ""d4419173-95c0-4aad-96bb-a92a116613c0""}",vancouver
c071220d-ec0d-484d-a345-6f88730c9dea,taxonomy_term--subject,7016,7016,2026-05-26T19:20:18+00:00,True,MEDD_V,,0,2026-05-26T19:20:18+00:00,,Doctor of Medicine,"{""vid"": ""5e677fd8-a68b-48c6-b3f7-d4cde8885bfe"", ""parent"": [""virtual""], ""tax_subject_faculty"": ""7c94d4fb-7583-4e3f-892e-b9c7981bd17b""}",vancouver
cab80200-7d11-4db3-9643-3bd294b8bd39,taxonomy_term--subject,7017,7017,2026-05-26T19:20:18+00:00,True,MEDG_V,,0,2026-05-26T19:20:18+00:00,,Medical Genetics,"{""vid"": ""5e677fd8-a68b-48c6-b3f7-d4cde8885bfe"", ""parent"": [""virtual""], ""tax_subject_faculty"": ""7c94d4fb-7583-4e3f-892e-b9c7981bd17b"", ""tax_subject_department"": ""736c59fa-c743-4e5e-9041-73f0edb361f1""}",vancouver
c2097d83-740f-4968-a362-5a46c27c6fa3,taxonomy_term--subject,7018,7018,2026-05-26T19:20:18+00:00,True,MEDI_V,,0,2026-05-26T22:59:36+00:00,"See also courses listed under: Anatomy, Biochemistry, Family Practice, Health Care and Epidemiology, Health Sciences, History of Medicine, Interdepartmental, Medical Genetics, Medicine, Microbiology, Obstetrics and Gynaecology, Ophthalmology, Orthopaedics, Pediatrics, Pathology, Pharmacology and Therapeutics, Physiology, Psychiatry, Radiology, Surgery.",Medicine,"{""vid"": ""5e677fd8-a68b-48c6-b3f7-d4cde8885bfe"", ""parent"": [""virtual""], ""tax_subject_faculty"": ""7c94d4fb-7583-4e3f-892e-b9c7981bd17b"", ""tax_subject_department"": ""c3b4942c-6004-43a0-96c3-b118af9d464b""}",vancouver
afb03ef4-7c8d-46bc-bc49-b69a87606967,taxonomy_term--subject,7019,7019,2026-05-26T19:20:18+00:00,True,MES_V,,0,2026-05-26T19:20:18+00:00,,Middle East Studies,"{""vid"": ""5e677fd8-a68b-48c6-b3f7-d4cde8885bfe"", ""parent"": [""virtual""], ""tax_subject_faculty"": ""657dfd0b-ce4a-4438-9150-b30661341d02""}",vancouver
5cca7ad2-4b43-4394-8105-a5d1cfdeb7c6,taxonomy_term--subject,7020,7020,2026-05-26T19:20:18+00:00,True,MGMT_V,,0,2026-05-26T20:10:30+00:00,,Management,"{""vid"": ""5e677fd8-a68b-48c6-b3f7-d4cde8885bfe"", ""parent"": [""virtual""], ""tax_subject_faculty"": ""8a5ea5f9-12e5-4c37-97eb-f94bafb32315""}",vancouver
544e83b4-47da-435f-bc6e-5085985b9c60,taxonomy_term--subject,7021,7021,2026-05-26T19:20:18+00:00,True,MICB_V,,0,2026-05-26T22:59:49+00:00,Some MICB_V courses are credit-excluded with each other or courses offered by other departments. Students should consult the Faculty of Science Credit Exclusion List: https://vancouver.calendar.ubc.ca/faculties-colleges-and-schools/faculty-science/bachelor-science/credit-exclusion-lists.,Microbiology,"{""vid"": ""5e677fd8-a68b-48c6-b3f7-d4cde8885bfe"", ""parent"": [""virtual""], ""tax_subject_faculty"": ""a35009de-d9d7-448d-90d4-9993f541a534"", ""tax_subject_department"": ""2b4e479a-f253-41c1-ab4c-30c86d9c1824""}",vancouver
af47ec1b-2f64-431e-a1f4-a2e6f8a75c14,taxonomy_term--subject,7022,7022,2026-05-26T19:20:18+00:00,True,MIDW_V,,0,2026-05-26T19:20:18+00:00,,Midwifery,"{""vid"": ""5e677fd8-a68b-48c6-b3f7-d4cde8885bfe"", ""parent"": [""virtual""], ""tax_subject_faculty"": ""7c94d4fb-7583-4e3f-892e-b9c7981bd17b"", ""tax_subject_department"": ""766c2c4d-9b51-4625-ac22-2f5d495ce1d7""}",vancouver
53d38c3a-7012-492c-bc4d-1ecdc3c72746,taxonomy_term--subject,7023,7023,2026-05-26T19:20:18+00:00,True,MINE_V,,0,2026-05-26T19:20:18+00:00,,Mining Engineering,"{""vid"": ""5e677fd8-a68b-48c6-b3f7-d4cde8885bfe"", ""parent"": [""virtual""], ""tax_subject_faculty"": ""f043bf26-d100-4949-ba3a-df16e840d360"", ""tax_subject_department"": ""2a457a38-189f-44aa-b1b7-34b06eec3518""}",vancouver
ef151bcc-d690-4918-9397-4ceac9a11f6c,taxonomy_term--subject,7024,7024,2026-05-26T19:20:18+00:00,True,MRNE_V,,0,2026-05-26T22:59:22+00:00,All MRNE_V courses are field-based courses offered at the Bamfield Marine Sciences Centre for upper-level Biology credit. Please visit www.bamfieldmsc.com for more information.,Marine Science,"{""vid"": ""5e677fd8-a68b-48c6-b3f7-d4cde8885bfe"", ""parent"": [""virtual""], ""tax_subject_faculty"": ""a35009de-d9d7-448d-90d4-9993f541a534"", ""tax_subject_department"": ""fed49fd5-b6bd-4b2c-9a4e-595635426f3a""}",vancouver
d93b360a-dc53-4cb9-9633-c486ecd5f833,taxonomy_term--subject,7025,7025,2026-05-26T19:20:18+00:00,True,MTRL_V,,0,2026-05-26T19:20:18+00:00,,Materials Engineering,"{""vid"": ""5e677fd8-a68b-48c6-b3f7-d4cde8885bfe"", ""parent"": [""virtual""], ""tax_subject_faculty"": ""f043bf26-d100-4949-ba3a-df16e840d360"", ""tax_subject_department"": ""3ac2062b-43d5-480c-b6fa-640f28d8e775""}",vancouver
b583d9e9-9021-49df-a2a8-877d2440d726,taxonomy_term--subject,7026,7026,2026-05-26T19:20:18+00:00,True,MUSC_V,,0,2026-05-26T19:20:18+00:00,,Music,"{""vid"": ""5e677fd8-a68b-48c6-b3f7-d4cde8885bfe"", ""parent"": [""virtual""], ""tax_subject_faculty"": ""657dfd0b-ce4a-4438-9150-b30661341d02"", ""tax_subject_school"": ""f404a542-88b1-4a90-aab2-0267790fddd5""}",vancouver
5da157eb-b505-4590-b707-20a7bd935d17,taxonomy_term--subject,7027,7027,2026-05-26T19:20:18+00:00,True,NAME_V,,0,2026-05-26T19:20:18+00:00,,Naval Architecture and Marine Engineering,"{""vid"": ""5e677fd8-a68b-48c6-b3f7-d4cde8885bfe"", ""parent"": [""virtual""], ""tax_subject_faculty"": ""f043bf26-d100-4949-ba3a-df16e840d360"", ""tax_subject_department"": ""d4419173-95c0-4aad-96bb-a92a116613c0""}",vancouver
526e21d0-1b31-47b1-8fa3-953761866862,taxonomy_term--subject,7028,7028,2026-05-26T19:20:18+00:00,True,NEPL_V,,0,2026-05-26T19:20:18+00:00,,Nepali,"{""vid"": ""5e677fd8-a68b-48c6-b3f7-d4cde8885bfe"", ""parent"": [""virtual""], ""tax_subject_faculty"": ""657dfd0b-ce4a-4438-9150-b30661341d02"", ""tax_subject_department"": ""5063bb75-645d-49bc-9980-bb7d965a08c3""}",vancouver
035fbea4-a427-475b-9698-e995c27ad893,taxonomy_term--subject,7029,7029,2026-05-26T19:20:18+00:00,True,NEST_V,,0,2026-05-26T22:59:54+00:00,"CLST_V, RELG_V, NEST_V, and CNRS_V are all now AMNE_V courses. For current listings, please check https://amne.ubc.ca/.",Near Eastern Studies,"{""vid"": ""5e677fd8-a68b-48c6-b3f7-d4cde8885bfe"", ""parent"": [""virtual""], ""tax_subject_faculty"": ""657dfd0b-ce4a-4438-9150-b30661341d02"", ""tax_subject_department"": ""0e4ecd36-a7b7-4a43-8240-9c9d3db9a6af""}",vancouver
7ce50f5e-1f7b-46ba-b7d9-13ade276f6ef,taxonomy_term--subject,7030,7030,2026-05-26T19:20:18+00:00,True,NEUR_V,,0,2026-05-26T19:20:18+00:00,,Neurosurgery,"{""vid"": ""5e677fd8-a68b-48c6-b3f7-d4cde8885bfe"", ""parent"": [""virtual""], ""tax_subject_faculty"": ""7c94d4fb-7583-4e3f-892e-b9c7981bd17b"", ""tax_subject_department"": ""f769c494-b78a-4727-9d1a-dbe49e2dc2e1""}",vancouver
f11a5d17-148a-4ee3-86ac-9e48781e07f9,taxonomy_term--subject,7031,7031,2026-05-26T19:20:18+00:00,True,NORD_V,,0,2026-05-26T19:20:18+00:00,,Nordic Studies,"{""vid"": ""5e677fd8-a68b-48c6-b3f7-d4cde8885bfe"", ""parent"": [""virtual""], ""tax_subject_faculty"": ""657dfd0b-ce4a-4438-9150-b30661341d02"", ""tax_subject_department"": ""b60a1670-7f02-469f-9532-0d13f242d314""}",vancouver
65288834-76b2-4883-8e1b-0139bca9ca9e,taxonomy_term--subject,7032,7032,2026-05-26T19:20:18+00:00,True,NRES_V,,0,2026-05-26T19:29:31+00:00,,Natural Resources,"{""vid"": ""5e677fd8-a68b-48c6-b3f7-d4cde8885bfe"", ""parent"": [""virtual""], ""tax_subject_faculty"": ""2de4b10b-ad94-4758-9146-cc8d9c0f661f""}",vancouver
f3cf5f7e-7c89-4b52-860f-c85887764966,taxonomy_term--subject,7033,7033,2026-05-26T19:20:18+00:00,True,NRSC_V,,0,2026-05-26T19:20:18+00:00,,Neuroscience,"{""vid"": ""5e677fd8-a68b-48c6-b3f7-d4cde8885bfe"", ""parent"": [""virtual""], ""tax_subject_faculty"": ""7c94d4fb-7583-4e3f-892e-b9c7981bd17b""}",vancouver
0e0841e8-bc4b-4f4b-b9c3-2ba4fb0bc621,taxonomy_term--subject,7034,7034,2026-05-26T19:20:18+00:00,True,NSCI_V,,0,2026-05-26T19:20:18+00:00,,Neuroscience Undergraduate,"{""vid"": ""5e677fd8-a68b-48c6-b3f7-d4cde8885bfe"", ""parent"": [""virtual""], ""tax_subject_faculty"": ""a35009de-d9d7-448d-90d4-9993f541a534""}",vancouver
51ffda44-8a06-4274-94ac-62738d45362f,taxonomy_term--subject,7035,7035,2026-05-26T19:20:18+00:00,True,NURS_V,,0,2026-05-26T23:00:05+00:00,In the clinical nursing courses the ratio between class and supervised nursing experience varies but in the overall program it is approximately 1:3; the credit values for these courses are based on both instruction and supervised nursing experience.,Nursing,"{""vid"": ""5e677fd8-a68b-48c6-b3f7-d4cde8885bfe"", ""parent"": [""virtual""], ""tax_subject_faculty"": ""f043bf26-d100-4949-ba3a-df16e840d360"", ""tax_subject_school"": ""7dc298c7-e3dc-408a-b877-c053c070a006""}",vancouver
536498a8-f13d-44a6-8a6b-21c3751a64bd,taxonomy_term--subject,7036,7036,2026-05-26T19:20:18+00:00,True,OBMS_V,,0,2026-05-26T19:20:18+00:00,,Oral Biological Medical Sciences,"{""vid"": ""5e677fd8-a68b-48c6-b3f7-d4cde8885bfe"", ""parent"": [""virtual""], ""tax_subject_faculty"": ""8813b872-6b36-4d8e-b3f6-439af007e890""}",vancouver
546a2ba3-e8bd-417e-bbc8-dd0851fc8699,taxonomy_term--subject,7037,7037,2026-05-26T19:20:18+00:00,True,OBST_V,,0,2026-05-26T19:20:18+00:00,,Obstetrics and Gynaecology,"{""vid"": ""5e677fd8-a68b-48c6-b3f7-d4cde8885bfe"", ""parent"": [""virtual""], ""tax_subject_faculty"": ""7c94d4fb-7583-4e3f-892e-b9c7981bd17b"", ""tax_subject_department"": ""660f8441-61b8-435b-9487-6419cfaffdc5""}",vancouver
7a1a3175-c62e-41bf-9e95-bf088c80515b,taxonomy_term--subject,7038,7038,2026-05-26T19:20:18+00:00,True,OHS_V,,0,2026-05-26T19:20:18+00:00,,Oral Health Sciences,"{""vid"": ""5e677fd8-a68b-48c6-b3f7-d4cde8885bfe"", ""parent"": [""virtual""], ""tax_subject_faculty"": ""8813b872-6b36-4d8e-b3f6-439af007e890""}",vancouver
12c5d759-64e6-4431-9111-20720a29d6bf,taxonomy_term--subject,7039,7039,2026-05-26T19:20:18+00:00,True,ONCO_V,,0,2026-05-26T19:20:18+00:00,,Oncology,"{""vid"": ""5e677fd8-a68b-48c6-b3f7-d4cde8885bfe"", ""parent"": [""virtual""], ""tax_subject_faculty"": ""7c94d4fb-7583-4e3f-892e-b9c7981bd17b""}",vancouver
85f60d28-4957-4c9d-b1e0-1088b2368324,taxonomy_term--subject,7040,7040,2026-05-26T19:20:18+00:00,True,ORPA_V,,0,2026-05-26T19:20:18+00:00,,Orthopaedics,"{""vid"": ""5e677fd8-a68b-48c6-b3f7-d4cde8885bfe"", ""parent"": [""virtual""], ""tax_subject_faculty"": ""7c94d4fb-7583-4e3f-892e-b9c7981bd17b"", ""tax_subject_department"": ""84cb04b7-01c4-4e83-9f67-6242bb40a841""}",vancouver
c49c6872-d309-4950-bfc7-e77594c6a780,taxonomy_term--subject,7041,7041,2026-05-26T19:20:18+00:00,True,OSOT_V,,0,2026-05-26T19:20:18+00:00,,Occupational Science and Occupational Therapy,"{""vid"": ""5e677fd8-a68b-48c6-b3f7-d4cde8885bfe"", ""parent"": [""virtual""], ""tax_subject_faculty"": ""7c94d4fb-7583-4e3f-892e-b9c7981bd17b"", ""tax_subject_department"": ""b4f9d0fd-4cec-4d19-bf88-a6e61c608691""}",vancouver
434f5ed8-6271-4f8a-9cc6-dd780d9e0140,taxonomy_term--subject,7042,7042,2026-05-26T19:20:18+00:00,True,PATH_V,,0,2026-05-26T19:20:18+00:00,,Pathology,"{""vid"": ""5e677fd8-a68b-48c6-b3f7-d4cde8885bfe"", ""parent"": [""virtual""], ""tax_subject_faculty"": ""7c94d4fb-7583-4e3f-892e-b9c7981bd17b"", ""tax_subject_department"": ""7da639c6-b78e-466e-9b5a-a719d4cc9829""}",vancouver
7d33e70c-ad75-4fde-abf7-2fab511f3eb1,taxonomy_term--subject,7043,7043,2026-05-26T19:20:18+00:00,True,PCTH_V,,0,2026-05-26T19:20:18+00:00,,Pharmacology and Therapeutics,"{""vid"": ""5e677fd8-a68b-48c6-b3f7-d4cde8885bfe"", ""parent"": [""virtual""], ""tax_subject_faculty"": ""7c94d4fb-7583-4e3f-892e-b9c7981bd17b""}",vancouver
6e751b1f-0a51-4225-945d-a4306a7858eb,taxonomy_term--subject,7044,7044,2026-05-26T19:20:18+00:00,True,PERS_V,,0,2026-05-26T23:00:07+00:00,"For each academic session (W and S), prior to registration in any PERS_V course, students should review the Persian Registration Guidelines available at https://asia.ubc.ca/undergraduate/asian-language-options/persian/ to determine which course is appropriate for their level.",Persian,"{""vid"": ""5e677fd8-a68b-48c6-b3f7-d4cde8885bfe"", ""parent"": [""virtual""], ""tax_subject_faculty"": ""657dfd0b-ce4a-4438-9150-b30661341d02"", ""tax_subject_department"": ""5063bb75-645d-49bc-9980-bb7d965a08c3""}",vancouver
a5baf73d-6f73-493e-b16e-cf5de0b8d8c7,taxonomy_term--subject,7045,7045,2026-05-26T19:20:18+00:00,True,PHAR_V,,0,2026-05-26T19:20:18+00:00,,Pharmaceutical Sciences,"{""vid"": ""5e677fd8-a68b-48c6-b3f7-d4cde8885bfe"", ""parent"": [""virtual""], ""tax_subject_faculty"": ""5d38c98c-23b1-4450-b629-21ad16268090""}",vancouver
64dbd126-6a94-4fc0-b83d-2a3de70d5dbb,taxonomy_term--subject,7046,7046,2026-05-26T19:20:18+00:00,True,PHIL_V,,0,2026-05-26T23:00:13+00:00,"Philosophy is an interdisciplinary subject, and students with training in other subjects may be adequately prepared to take on a course even though they lack the formal prerequisites. Students are encouraged to consult with the instructor. Variable credit courses: Most 200-, 300-, and 400-level courses in Philosophy are offered for 3 credits, but may be taken for 4 credits for extra work with the consent of the instructor. Students should consult the instructor if they wish to exercise this option as it may not be available in all sections. For detailed information about courses and topics within courses, see the departmental website (https://philosophy.ubc.ca/).",Philosophy,"{""vid"": ""5e677fd8-a68b-48c6-b3f7-d4cde8885bfe"", ""parent"": [""virtual""], ""tax_subject_faculty"": ""657dfd0b-ce4a-4438-9150-b30661341d02"", ""tax_subject_department"": ""fbe33c13-3168-4eb0-98e8-d1b9ceb92372""}",vancouver
cb41de91-acc6-410b-84c6-a3ad06051843,taxonomy_term--subject,7047,7047,2026-05-26T19:20:18+00:00,True,PHRM_V,,0,2026-05-26T19:20:18+00:00,,Pharmacy,"{""vid"": ""5e677fd8-a68b-48c6-b3f7-d4cde8885bfe"", ""parent"": [""virtual""], ""tax_subject_faculty"": ""5d38c98c-23b1-4450-b629-21ad16268090""}",vancouver
9af120b9-1793-4635-b544-826260ebac14,taxonomy_term--subject,7048,7048,2026-05-26T19:20:18+00:00,True,PHTH_V,,0,2026-05-26T19:20:18+00:00,,Physical Therapy,"{""vid"": ""5e677fd8-a68b-48c6-b3f7-d4cde8885bfe"", ""parent"": [""virtual""], ""tax_subject_faculty"": ""7c94d4fb-7583-4e3f-892e-b9c7981bd17b"", ""tax_subject_department"": ""954cfc80-0e38-4017-b8ae-1ceb36de1334""}",vancouver
2d15961f-cb08-471f-b19e-7b24b7aa21e7,taxonomy_term--subject,7049,7049,2026-05-26T19:20:18+00:00,True,PHYL_V,,0,2026-05-26T22:47:56+00:00,"As of Summer Session 2013, all undergraduate PHYL_V courses have been renamed CAPS_V with equivalent course numbers.",Cellular and Physiological Sciences,"{""vid"": ""5e677fd8-a68b-48c6-b3f7-d4cde8885bfe"", ""parent"": [""virtual""], ""tax_subject_faculty"": ""7c94d4fb-7583-4e3f-892e-b9c7981bd17b""}",vancouver
574502dd-9dc5-4c8f-a13e-3140c5e34587,taxonomy_term--subject,7050,7050,2026-05-26T19:20:18+00:00,True,PHYS_V,,0,2026-05-26T23:00:23+00:00,"Science students with BC Secondary School Physics 11, but not Physics 12, are required to take PHYS_V 100. PHYS_V 100 is intended primarily for students who have completed only Physics 11 or its equivalent. Credit will not be given for PHYS_V 100 to students with credit for Physics 12 unless they took AP, IB, or A-level Physics and were offered advanced credit for PHYS_V 100. Most Science degree specializations require at least one or two terms of physics beyond Physics 12 or PHYS_V 100. Science One is considered to include two terms of physics. Credit will be given for only one of PHYS_V 117, PHYS_V 106, PHYS_V 107 and for only one of PHYS_V 102, PHYS_V 108, PHYS_V 118. Many other PHYS_V courses are credit-excluded with each other, or with courses in other departments. Students should consult the Faculty of Science Credit Exclusion List: https://vancouver.calendar.ubc.ca/faculties-colleges-and-schools/faculty-science/bachelor-science/credit-exclusion-lists.

Transfer students with 3 credits of PHYS 1st will be deemed to have satisfied all PHYS_V 101, 106, 107, all 131 requirements. Transfer students with 6 credits of PHYS 1st will be deemed to have satisfied all PHYS_V 101, 106, 107, 131 and PHYS_V 108 or 118 requirements. Students who have completed a physics laboratory experience with their transfer credit can apply for an exemption for PHYS_V 119 through the Department of Physics and Astronomy (https://phas.ubc.ca/students/contact-us).",Physics,"{""vid"": ""5e677fd8-a68b-48c6-b3f7-d4cde8885bfe"", ""parent"": [""virtual""], ""tax_subject_faculty"": ""a35009de-d9d7-448d-90d4-9993f541a534"", ""tax_subject_department"": ""dd485519-64c5-4d71-bfba-63f2c456fb30""}",vancouver
8cf468d8-35b8-414d-b859-779129a608e4,taxonomy_term--subject,7051,7051,2026-05-26T19:20:18+00:00,True,PLAN_V,,0,2026-05-26T22:50:24+00:00,Not all courses offered each year.,Community and Regional Planning,"{""vid"": ""5e677fd8-a68b-48c6-b3f7-d4cde8885bfe"", ""parent"": [""virtual""], ""tax_subject_faculty"": ""f043bf26-d100-4949-ba3a-df16e840d360"", ""tax_subject_school"": ""717497c9-d992-4f6c-930b-454c3681a111""}",vancouver
aa04f1de-ce18-45f8-933e-3b54cfb7ddf0,taxonomy_term--subject,7052,7052,2026-05-26T19:20:18+00:00,True,PLNT_V,,0,2026-05-26T19:20:18+00:00,,Plant Science,"{""vid"": ""5e677fd8-a68b-48c6-b3f7-d4cde8885bfe"", ""parent"": [""virtual""], ""tax_subject_faculty"": ""97a63869-ba21-43fb-9a2f-e27a2bf78979""}",vancouver
985a9701-a63d-4e44-b562-98b812635c0b,taxonomy_term--subject,7053,7053,2026-05-26T19:20:18+00:00,True,POLI_V,,0,2026-05-26T23:00:42+00:00,For details of courses consult the Departmental website at www.politics.ubc.ca.,Political Science,"{""vid"": ""5e677fd8-a68b-48c6-b3f7-d4cde8885bfe"", ""parent"": [""virtual""], ""tax_subject_faculty"": ""657dfd0b-ce4a-4438-9150-b30661341d02"", ""tax_subject_department"": ""fe0f198a-6269-497d-ad43-39821fbbee49""}",vancouver
850119dc-1495-49ea-b142-f5474872fcaf,taxonomy_term--subject,7054,7054,2026-05-26T19:20:18+00:00,True,POLS_V,,0,2026-05-26T23:00:36+00:00,"All POLS_V coded courses are conducted in Polish-plus (i.e., Polish, plus any additional multilingual experiences students bring to the course). By “plus”, we mean that no classroom is ever monolingual; students bring all of their languages to class with them and use those languages implicitly to help improve their Polish knowledge.

For Slavic and Eastern European Studies courses conducted in English-plus, including Polish literature and culture courses, please see SLAV_V coded courses.",Polish,"{""vid"": ""5e677fd8-a68b-48c6-b3f7-d4cde8885bfe"", ""parent"": [""virtual""], ""tax_subject_faculty"": ""657dfd0b-ce4a-4438-9150-b30661341d02"", ""tax_subject_department"": ""b60a1670-7f02-469f-9532-0d13f242d314""}",vancouver
7ecffcae-768a-47e1-897e-4dbd62c543fe,taxonomy_term--subject,7055,7055,2026-05-26T19:20:18+00:00,True,PORT_V,,0,2026-05-26T23:00:49+00:00,"All PORT_V courses are conducted in Portuguese and will fulfill the Language as Meaning requirement for Ways of Knowing Breadth Requirement. For Lusophone Studies courses taught in English, please see RMST_V courses at https://vancouver.calendar.ubc.ca/course-descriptions/subject/rmstv.

Within the prerequisites, CEFR refers to the Common European Framework of Reference for Languages (CEFR). The CEFR is a reference tool developed by the Council of Europe to provide a common basis for the development of modern-language curriculum guidelines, examinations, textbooks, etc. Please contact the Student Programs Coordinator with questions at fhis.undergrad@ubc.ca.",Portuguese,"{""vid"": ""5e677fd8-a68b-48c6-b3f7-d4cde8885bfe"", ""parent"": [""virtual""], ""tax_subject_faculty"": ""657dfd0b-ce4a-4438-9150-b30661341d02"", ""tax_subject_department"": ""615e0492-c8bb-4735-8ed9-35084891c3a3""}",vancouver
789910f6-2e74-417b-a986-8433d560b1e5,taxonomy_term--subject,7056,7056,2026-05-26T19:20:18+00:00,True,PPGA_V,,0,2026-05-26T19:20:18+00:00,,Public Policy and Global Affairs,"{""vid"": ""5e677fd8-a68b-48c6-b3f7-d4cde8885bfe"", ""parent"": [""virtual""], ""tax_subject_faculty"": ""657dfd0b-ce4a-4438-9150-b30661341d02""}",vancouver
1c9e09c8-48eb-4659-b19d-4a606bdb7789,taxonomy_term--subject,7057,7057,2026-05-26T19:20:18+00:00,True,PSYC_V,,0,2026-05-26T23:02:40+00:00,"Unless otherwise specified, the prerequisite for 300-level Psychology courses is 6 credits of 100-level or 200-level PSYC_V courses (PSYC_V 216 or PSYC_V 217 or PSYC_V 277 strongly recommended), or permission of the instructor. For students registered in the B.Sc. Behavioural Neuroscience program, a maximum of 6 credits of Psychology courses can be used towards the Faculty of Science Arts requirement (https://vancouver.calendar.ubc.ca/faculties-colleges-and-schools/faculty-science/bachelor-science/science-and-arts-requirements). All Psychology courses numbered 60 to 89 in the last two digits have Science credit. Listed below are courses in which there is sufficient overlap that credit may be obtained for only one course in each list. However, it does not necessarily follow that the listed courses are equivalent: (1) PSYC_V 304, 324, 360, 370; (2) PSYC_V 304, 344, 360, 371; (3) PSYC_V 217, 277, 366; (4) PSYC_V 218, 278, 366. Not every course is offered every year. For current listings, consult the departmental website at www.psych.ubc.ca.",Psychology,"{""vid"": ""5e677fd8-a68b-48c6-b3f7-d4cde8885bfe"", ""parent"": [""virtual""], ""tax_subject_faculty"": ""657dfd0b-ce4a-4438-9150-b30661341d02"", ""tax_subject_department"": ""b17acec9-299b-4118-9d5b-91aaa5d24685""}",vancouver
e702a539-6fd2-4425-9422-94151d148fc6,taxonomy_term--subject,7058,7058,2026-05-26T19:20:18+00:00,True,PSYT_V,,0,2026-05-26T19:20:18+00:00,,Psychiatry,"{""vid"": ""5e677fd8-a68b-48c6-b3f7-d4cde8885bfe"", ""parent"": [""virtual""], ""tax_subject_faculty"": ""7c94d4fb-7583-4e3f-892e-b9c7981bd17b"", ""tax_subject_department"": ""9b1a9b28-ee1c-421e-94ec-388abdc67ba7""}",vancouver
991a6216-d6da-4c76-bfac-49c2241565e8,taxonomy_term--subject,7059,7059,2026-05-26T19:20:18+00:00,True,PUNJ_V,,0,2026-05-26T19:20:18+00:00,,Punjabi,"{""vid"": ""5e677fd8-a68b-48c6-b3f7-d4cde8885bfe"", ""parent"": [""virtual""], ""tax_subject_faculty"": ""657dfd0b-ce4a-4438-9150-b30661341d02"", ""tax_subject_department"": ""5063bb75-645d-49bc-9980-bb7d965a08c3""}",vancouver
c1d52334-d612-44b2-8630-e0518e40c897,taxonomy_term--subject,7060,7060,2026-05-26T19:20:18+00:00,True,RADI_V,,0,2026-05-26T19:20:18+00:00,,Radiology,"{""vid"": ""5e677fd8-a68b-48c6-b3f7-d4cde8885bfe"", ""parent"": [""virtual""], ""tax_subject_faculty"": ""7c94d4fb-7583-4e3f-892e-b9c7981bd17b"", ""tax_subject_department"": ""65ac76ff-4067-46d1-8cbb-febfd809c1e8""}",vancouver
15498f07-917b-49ea-83c8-2eb96ecc5395,taxonomy_term--subject,7061,7061,2026-05-26T19:20:18+00:00,True,RADS_V,,0,2026-05-26T19:20:18+00:00,,Interdisciplinary Radiology,"{""vid"": ""5e677fd8-a68b-48c6-b3f7-d4cde8885bfe"", ""parent"": [""virtual""], ""tax_subject_faculty"": ""7c94d4fb-7583-4e3f-892e-b9c7981bd17b"", ""tax_subject_department"": ""65ac76ff-4067-46d1-8cbb-febfd809c1e8""}",vancouver
2a00c885-7c11-4c7f-ade2-57f475a01a2f,taxonomy_term--subject,7062,7062,2026-05-26T19:20:18+00:00,True,RELG_V,,0,2026-05-26T23:02:45+00:00,"CLST_V, RELG_V, NEST_V, and CNRS_V are all now AMNE_V courses. For current listings, please check https://amne.ubc.ca/.",Religious Studies,"{""vid"": ""5e677fd8-a68b-48c6-b3f7-d4cde8885bfe"", ""parent"": [""virtual""], ""tax_subject_faculty"": ""657dfd0b-ce4a-4438-9150-b30661341d02"", ""tax_subject_department"": ""0e4ecd36-a7b7-4a43-8240-9c9d3db9a6af""}",vancouver
0bbc1c81-37f4-437d-bd9c-ac1d1990f4ff,taxonomy_term--subject,7063,7063,2026-05-26T19:20:18+00:00,True,RES_V,,0,2026-05-26T19:20:18+00:00,,"Resources, Environment and Sustainability","{""vid"": ""5e677fd8-a68b-48c6-b3f7-d4cde8885bfe"", ""parent"": [""virtual""], ""tax_subject_faculty"": ""a35009de-d9d7-448d-90d4-9993f541a534""}",vancouver
76fe4c4d-c34c-45d8-abf2-382d01e87a31,taxonomy_term--subject,7064,7064,2026-05-26T19:20:18+00:00,True,RGST_V,,0,2026-05-26T19:20:18+00:00,,Study of Religion,"{""vid"": ""5e677fd8-a68b-48c6-b3f7-d4cde8885bfe"", ""parent"": [""virtual""], ""tax_subject_faculty"": ""657dfd0b-ce4a-4438-9150-b30661341d02""}",vancouver
3920a882-6740-4dd6-8d90-09c1b9b92d06,taxonomy_term--subject,7065,7065,2026-05-26T19:20:18+00:00,True,RHSC_V,,0,2026-05-26T19:20:18+00:00,,Rehabilitation Sciences,"{""vid"": ""5e677fd8-a68b-48c6-b3f7-d4cde8885bfe"", ""parent"": [""virtual""], ""tax_subject_faculty"": ""7c94d4fb-7583-4e3f-892e-b9c7981bd17b"", ""tax_subject_department"": ""954cfc80-0e38-4017-b8ae-1ceb36de1334""}",vancouver
2eede563-4347-4767-8c2d-3b7472085fb4,taxonomy_term--subject,7066,7066,2026-05-26T19:20:18+00:00,True,RMST_V,,0,2026-05-26T23:02:49+00:00,All RMST_V courses are conducted in English and will fulfill the Humanities and Creative Arts requirement for Ways of Knowing Breadth Requirement.,Romance Studies,"{""vid"": ""5e677fd8-a68b-48c6-b3f7-d4cde8885bfe"", ""parent"": [""virtual""], ""tax_subject_faculty"": ""657dfd0b-ce4a-4438-9150-b30661341d02"", ""tax_subject_department"": ""615e0492-c8bb-4735-8ed9-35084891c3a3""}",vancouver
b777ea02-2488-4610-b4e6-196cb90ecbfd,taxonomy_term--subject,7067,7067,2026-05-26T19:20:18+00:00,True,RUSS_V,,0,2026-05-26T23:02:57+00:00,"All RUSS_V coded courses are conducted in Russian-plus (i.e., Russian, plus any additional multilingual experiences students bring to the course). By “plus”, we mean that no classroom is ever monolingual; students bring all of their languages to class with them and use those languages implicitly to help improve their Russian knowledge.

For Slavic and Eastern European Studies courses conducted in English-plus, including Russophone and Russian literature and culture courses, please see SLAV_V coded courses.",Russian,"{""vid"": ""5e677fd8-a68b-48c6-b3f7-d4cde8885bfe"", ""parent"": [""virtual""], ""tax_subject_faculty"": ""657dfd0b-ce4a-4438-9150-b30661341d02"", ""tax_subject_department"": ""b60a1670-7f02-469f-9532-0d13f242d314""}",vancouver
d10ba81a-a33e-433e-a668-469dc6c4cc7b,taxonomy_term--subject,7068,7068,2026-05-26T19:20:18+00:00,True,SANS_V,,0,2026-05-26T19:20:18+00:00,,Sanskrit,"{""vid"": ""5e677fd8-a68b-48c6-b3f7-d4cde8885bfe"", ""parent"": [""virtual""], ""tax_subject_faculty"": ""657dfd0b-ce4a-4438-9150-b30661341d02"", ""tax_subject_department"": ""5063bb75-645d-49bc-9980-bb7d965a08c3""}",vancouver
16e58ab3-9e6c-425a-8b8f-340f6c6b434f,taxonomy_term--subject,7069,7069,2026-05-26T19:20:18+00:00,True,SCIE_V,,0,2026-05-26T19:20:18+00:00,,Science,"{""vid"": ""5e677fd8-a68b-48c6-b3f7-d4cde8885bfe"", ""parent"": [""virtual""], ""tax_subject_faculty"": ""a35009de-d9d7-448d-90d4-9993f541a534""}",vancouver
14a07f10-3513-4dbd-b61f-0a9f3bf9edd4,taxonomy_term--subject,7070,7070,2026-05-26T19:20:18+00:00,True,SEAL_V,,0,2026-05-26T19:20:18+00:00,,Southeast Asian Languages,"{""vid"": ""5e677fd8-a68b-48c6-b3f7-d4cde8885bfe"", ""parent"": [""virtual""], ""tax_subject_faculty"": ""657dfd0b-ce4a-4438-9150-b30661341d02"", ""tax_subject_department"": ""5063bb75-645d-49bc-9980-bb7d965a08c3""}",vancouver
dd8b7a4c-6827-44ed-9487-96f0017548a9,taxonomy_term--subject,7071,7071,2026-05-26T19:20:18+00:00,True,SGES_V,,0,2026-05-26T19:20:18+00:00,,Smart Grid Energy Systems,"{""vid"": ""5e677fd8-a68b-48c6-b3f7-d4cde8885bfe"", ""parent"": [""virtual""], ""tax_subject_faculty"": ""f043bf26-d100-4949-ba3a-df16e840d360""}",vancouver
f45b5c3f-f65b-419c-90d8-90a94e18b66d,taxonomy_term--subject,7072,7072,2026-05-26T19:20:18+00:00,True,SLAV_V,,0,2026-05-26T23:03:04+00:00,"All SLAV_V coded courses are conducted in English-plus.

For Slavic and Eastern European Studies courses taught in Polish-plus, Russian-plus and Ukrainian-plus, please see POLS_V coded, RUSS_V coded and UKRN_V coded courses. By “plus”, we mean that no classroom is ever monolingual; students bring all of their languages to class with them and use those languages implicitly to help improve their Polish, Russian, and Ukrainian knowledge.",Slavic and Eastern European Studies,"{""vid"": ""5e677fd8-a68b-48c6-b3f7-d4cde8885bfe"", ""parent"": [""virtual""], ""tax_subject_faculty"": ""657dfd0b-ce4a-4438-9150-b30661341d02"", ""tax_subject_department"": ""b60a1670-7f02-469f-9532-0d13f242d314""}",vancouver
77ed8cfa-8eda-4780-8557-b40ce9fa7c5c,taxonomy_term--subject,7073,7073,2026-05-26T19:20:18+00:00,True,SOAL_V,,0,2026-05-26T19:20:18+00:00,,South Asian Languages,"{""vid"": ""5e677fd8-a68b-48c6-b3f7-d4cde8885bfe"", ""parent"": [""virtual""], ""tax_subject_faculty"": ""657dfd0b-ce4a-4438-9150-b30661341d02"", ""tax_subject_department"": ""5063bb75-645d-49bc-9980-bb7d965a08c3""}",vancouver
266497e7-7b16-4c90-a50e-2ed2d3c9e08e,taxonomy_term--subject,7074,7074,2026-05-26T19:20:18+00:00,True,SOCI_V,,0,2026-05-26T19:20:18+00:00,,Sociology,"{""vid"": ""5e677fd8-a68b-48c6-b3f7-d4cde8885bfe"", ""parent"": [""virtual""], ""tax_subject_faculty"": ""657dfd0b-ce4a-4438-9150-b30661341d02"", ""tax_subject_department"": ""d2c577c0-70ba-4b5b-88f1-26c814d28464""}",vancouver
e3b4b30e-dd86-4cfc-8ae3-f3018c47456f,taxonomy_term--subject,7075,7075,2026-05-26T19:20:18+00:00,True,SOIL_V,,0,2026-05-26T19:20:18+00:00,,Soil Science,"{""vid"": ""5e677fd8-a68b-48c6-b3f7-d4cde8885bfe"", ""parent"": [""virtual""], ""tax_subject_faculty"": ""97a63869-ba21-43fb-9a2f-e27a2bf78979""}",vancouver
db37966a-6915-4c18-9b0f-d3df24a3fd0b,taxonomy_term--subject,7076,7076,2026-05-26T19:20:18+00:00,True,SOWK_V,,0,2026-05-26T23:03:09+00:00,"As of July 1, 2015, the IHHS_V courses have been distributed among the following units: School of Social Work, School of Population and Public Health, and Faculty of Land and Food Systems.",Social Work,"{""vid"": ""5e677fd8-a68b-48c6-b3f7-d4cde8885bfe"", ""parent"": [""virtual""], ""tax_subject_faculty"": ""657dfd0b-ce4a-4438-9150-b30661341d02"", ""tax_subject_school"": ""0303f2ef-9df7-4980-b450-05cf8cb56dde""}",vancouver
2f264d87-686e-4f0f-83c2-252f2a70ff7a,taxonomy_term--subject,7077,7077,2026-05-26T19:20:18+00:00,True,SPAN_V,,0,2026-05-26T23:04:02+00:00,"Prior to registration in any SPAN_V course, students are required to review the Spanish Placement Guidelines https://fhis.ubc.ca/undergraduate/advising/placement-in-language-courses/spanish-language-placement-guidelines/ to determine their entry level. If they have any questions on placement, please contact the Student Programs Coordinator at fhis.undergrad@ubc.ca.

Within the prerequisites, CEFR refers to the Common European Framework of Reference for Languages (CEFR). The CEFR is a reference tool developed by the Council of Europe to provide a common basis for the development of modern-language curriculum guidelines, examinations, textbooks, etc.",Spanish,"{""vid"": ""5e677fd8-a68b-48c6-b3f7-d4cde8885bfe"", ""parent"": [""virtual""], ""tax_subject_faculty"": ""657dfd0b-ce4a-4438-9150-b30661341d02"", ""tax_subject_department"": ""615e0492-c8bb-4735-8ed9-35084891c3a3""}",vancouver
6d8b961c-8836-418d-8084-7ca0eedfd3c6,taxonomy_term--subject,7078,7078,2026-05-26T19:20:18+00:00,True,SPE_V,,0,2026-05-26T19:20:18+00:00,,Sustainable Process Engineering,"{""vid"": ""5e677fd8-a68b-48c6-b3f7-d4cde8885bfe"", ""parent"": [""virtual""], ""tax_subject_faculty"": ""f043bf26-d100-4949-ba3a-df16e840d360"", ""tax_subject_department"": ""3c4db8b7-d4f0-4fa9-898b-24de2d1a230a""}",vancouver
80c6ec9f-5eba-455e-b464-b5114a4c4aef,taxonomy_term--subject,7079,7079,2026-05-26T19:20:18+00:00,True,SPHA_V,,0,2026-05-26T19:20:18+00:00,,School of Population & Public Health,"{""vid"": ""5e677fd8-a68b-48c6-b3f7-d4cde8885bfe"", ""parent"": [""virtual""], ""tax_subject_faculty"": ""7c94d4fb-7583-4e3f-892e-b9c7981bd17b""}",vancouver
2dc616b6-449b-46d1-92bc-a5d9bd2f8d24,taxonomy_term--subject,7080,7080,2026-05-26T19:20:18+00:00,True,SPPH_V,,0,2026-05-26T19:20:18+00:00,,School of Population & Public Health,"{""vid"": ""5e677fd8-a68b-48c6-b3f7-d4cde8885bfe"", ""parent"": [""virtual""], ""tax_subject_faculty"": ""7c94d4fb-7583-4e3f-892e-b9c7981bd17b""}",vancouver
d0495786-5b80-4608-812a-a934e5d3aff1,taxonomy_term--subject,7081,7081,2026-05-26T19:20:18+00:00,True,STAT_V,,0,2026-05-26T23:03:22+00:00,"Introductory courses in probability and statistics are offered by many different departments at UBC. For a list of these courses and details concerning restrictions on the number of credits students may obtain for such courses, see ""Pairing Lists"" and ""Probability and Statistics"" in the Science section. The following course is for students in the Faculty of Applied Science: STAT_V 251. Additional fees are charged for some courses.",Statistics,"{""vid"": ""5e677fd8-a68b-48c6-b3f7-d4cde8885bfe"", ""parent"": [""virtual""], ""tax_subject_faculty"": ""a35009de-d9d7-448d-90d4-9993f541a534"", ""tax_subject_department"": ""b61d852b-6172-4ab2-accc-851f77794521""}",vancouver
20713fc7-91cf-4c73-91d4-8102fc00ed4e,taxonomy_term--subject,7082,7082,2026-05-26T19:20:18+00:00,True,STS_V,,0,2026-05-26T19:20:18+00:00,,Science and Technology Studies,"{""vid"": ""5e677fd8-a68b-48c6-b3f7-d4cde8885bfe"", ""parent"": [""virtual""], ""tax_subject_faculty"": ""5c201a10-6d98-4cbe-979c-1caac5c596ae""}",vancouver
d9038eb0-d8ee-48bc-b22b-dce501906f76,taxonomy_term--subject,7083,7083,2026-05-26T19:20:18+00:00,True,SURG_V,,0,2026-05-26T19:20:18+00:00,,Surgery,"{""vid"": ""5e677fd8-a68b-48c6-b3f7-d4cde8885bfe"", ""parent"": [""virtual""], ""tax_subject_faculty"": ""7c94d4fb-7583-4e3f-892e-b9c7981bd17b"", ""tax_subject_department"": ""f769c494-b78a-4727-9d1a-dbe49e2dc2e1""}",vancouver
12e08f48-667a-449d-ac40-8cce1a67d5c9,taxonomy_term--subject,7084,7084,2026-05-26T19:20:18+00:00,True,SWAH_V,,0,2026-05-26T19:20:18+00:00,,Swahili,"{""vid"": ""5e677fd8-a68b-48c6-b3f7-d4cde8885bfe"", ""parent"": [""virtual""], ""tax_subject_faculty"": ""657dfd0b-ce4a-4438-9150-b30661341d02""}",vancouver
35a4e45e-01fc-4d5e-ad5f-c946f4450b1e,taxonomy_term--subject,7085,7085,2026-05-26T19:20:18+00:00,True,SWED_V,,0,2026-05-26T19:20:18+00:00,,Swedish,"{""vid"": ""5e677fd8-a68b-48c6-b3f7-d4cde8885bfe"", ""parent"": [""virtual""], ""tax_subject_faculty"": ""657dfd0b-ce4a-4438-9150-b30661341d02"", ""tax_subject_department"": ""b60a1670-7f02-469f-9532-0d13f242d314""}",vancouver
748669b9-4745-4785-a842-7e30597e173c,taxonomy_term--subject,7086,7086,2026-05-26T19:20:18+00:00,True,THFL_V,,0,2026-05-26T19:20:18+00:00,,Theatre And Film,"{""vid"": ""5e677fd8-a68b-48c6-b3f7-d4cde8885bfe"", ""parent"": [""virtual""], ""tax_subject_faculty"": ""657dfd0b-ce4a-4438-9150-b30661341d02"", ""tax_subject_department"": ""80a90472-99b6-486e-b0e3-a3dcbd11c9d0""}",vancouver
6b996302-bf8d-4c4f-88bf-e6a462d7d0bf,taxonomy_term--subject,7087,7087,2026-05-26T19:20:18+00:00,True,THTR_V,,0,2026-05-26T19:20:18+00:00,,Theatre,"{""vid"": ""5e677fd8-a68b-48c6-b3f7-d4cde8885bfe"", ""parent"": [""virtual""], ""tax_subject_faculty"": ""657dfd0b-ce4a-4438-9150-b30661341d02"", ""tax_subject_department"": ""80a90472-99b6-486e-b0e3-a3dcbd11c9d0""}",vancouver
550175ab-4352-4057-b08b-9e3fd7752aba,taxonomy_term--subject,7088,7088,2026-05-26T19:20:18+00:00,True,TIBT_V,,0,2026-05-26T19:20:18+00:00,,Tibetan Languages,"{""vid"": ""5e677fd8-a68b-48c6-b3f7-d4cde8885bfe"", ""parent"": [""virtual""], ""tax_subject_faculty"": ""657dfd0b-ce4a-4438-9150-b30661341d02"", ""tax_subject_department"": ""5063bb75-645d-49bc-9980-bb7d965a08c3""}",vancouver
4d9d7ebb-3087-4b81-92de-c26dbe771916,taxonomy_term--subject,7089,7089,2026-05-26T19:20:18+00:00,True,UDES_V,,0,2026-05-26T19:20:18+00:00,,Urban Design,"{""vid"": ""5e677fd8-a68b-48c6-b3f7-d4cde8885bfe"", ""parent"": [""virtual""], ""tax_subject_faculty"": ""f043bf26-d100-4949-ba3a-df16e840d360"", ""tax_subject_school"": ""94b8444e-450f-4999-9bc1-0822d08438b2""}",vancouver
e5b80865-3918-4484-9b8c-4e65bca29f8a,taxonomy_term--subject,7090,7090,2026-05-26T19:20:18+00:00,True,UFOR_V,,0,2026-05-26T19:29:43+00:00,,Urban Forestry,"{""vid"": ""5e677fd8-a68b-48c6-b3f7-d4cde8885bfe"", ""parent"": [""virtual""], ""tax_subject_faculty"": ""2de4b10b-ad94-4758-9146-cc8d9c0f661f""}",vancouver
1a890ac1-085b-4fd7-b0cf-c9aaa4731e8a,taxonomy_term--subject,7091,7091,2026-05-26T19:20:18+00:00,True,UKRN_V,,0,2026-05-26T23:03:29+00:00,"All UKRN_V coded courses are conducted in Ukrainian-plus (i.e., Ukrainian, plus any additional multilingual experiences students bring to the course). By “plus”, we mean that no classroom is ever monolingual; students bring all of their languages to class with them and use those languages implicitly to help improve their Ukrainian knowledge.

For Slavic and Eastern European Studies courses conducted in English-plus, including Ukrainian literature and culture courses, please see SLAV_V coded courses.",Ukrainian,"{""vid"": ""5e677fd8-a68b-48c6-b3f7-d4cde8885bfe"", ""parent"": [""virtual""], ""tax_subject_faculty"": ""657dfd0b-ce4a-4438-9150-b30661341d02"", ""tax_subject_department"": ""b60a1670-7f02-469f-9532-0d13f242d314""}",vancouver
ae6ceaef-efba-4749-a8a7-9251a546e249,taxonomy_term--subject,7092,7092,2026-05-26T19:20:18+00:00,True,UROL_V,,0,2026-05-26T19:20:18+00:00,,Urological Surgery,"{""vid"": ""5e677fd8-a68b-48c6-b3f7-d4cde8885bfe"", ""parent"": [""virtual""], ""tax_subject_faculty"": ""7c94d4fb-7583-4e3f-892e-b9c7981bd17b""}",vancouver
e78f557d-883f-47ca-987c-7809f74ba6fe,taxonomy_term--subject,7093,7093,2026-05-26T19:20:18+00:00,True,URST_V,,0,2026-05-26T19:20:18+00:00,,Urban Studies,"{""vid"": ""5e677fd8-a68b-48c6-b3f7-d4cde8885bfe"", ""parent"": [""virtual""], ""tax_subject_faculty"": ""657dfd0b-ce4a-4438-9150-b30661341d02"", ""tax_subject_department"": ""572bd533-e067-48c1-88a7-9ea0a43fa59a""}",vancouver
1003d5a3-fa1a-4b67-8859-40f215c6684b,taxonomy_term--subject,7094,7094,2026-05-26T19:20:18+00:00,True,URSY_V,,0,2026-05-26T19:20:18+00:00,,Urban Systems,"{""vid"": ""5e677fd8-a68b-48c6-b3f7-d4cde8885bfe"", ""parent"": [""virtual""], ""tax_subject_faculty"": ""f043bf26-d100-4949-ba3a-df16e840d360"", ""tax_subject_department"": ""c99a31cb-d8d8-45f4-8c8f-75b7baff5164""}",vancouver
3340a672-fb6e-464c-987e-e988ce01bdca,taxonomy_term--subject,7095,7095,2026-05-26T19:20:18+00:00,True,VANT_V,,0,2026-05-26T20:10:38+00:00,,Vantage College,"{""vid"": ""5e677fd8-a68b-48c6-b3f7-d4cde8885bfe"", ""parent"": [""virtual""], ""tax_subject_faculty"": ""8a5ea5f9-12e5-4c37-97eb-f94bafb32315""}",vancouver
ec3c7998-fe24-4459-b232-136ce090d75e,taxonomy_term--subject,7096,7096,2026-05-26T19:20:18+00:00,True,VISA_V,,0,2026-05-26T23:03:34+00:00,"Not every course is given every year. For details of current offerings, consult the UBC Course Schedule in Workday at https://myworkday.ubc.ca/. Credit will be given to either the current VISA_V listing or its former VISA_V/FINA_V equivalent. In special circumstances VISA_V 110 may be taken as a co-requisite. A Studio Course Fee will be charged for each 3-credit undergraduate VISA_V course. Fees will be applied toward classroom supplies, equipment, and materials. Fees are included in your tuition.",Visual Arts,"{""vid"": ""5e677fd8-a68b-48c6-b3f7-d4cde8885bfe"", ""parent"": [""virtual""], ""tax_subject_faculty"": ""657dfd0b-ce4a-4438-9150-b30661341d02""}",vancouver
77d498b9-3114-4100-95ee-e7f5e4e6dd96,taxonomy_term--subject,7097,7097,2026-05-26T19:20:18+00:00,True,VRHC_V,,0,2026-05-26T19:20:18+00:00,,Vocational Rehabilitation Counselling,"{""vid"": ""5e677fd8-a68b-48c6-b3f7-d4cde8885bfe"", ""parent"": [""virtual""], ""tax_subject_faculty"": ""5fae0f56-ca01-4421-8585-025fad93281b"", ""tax_subject_department"": ""6d43a484-df1f-4cda-8893-fa4a843d37ac""}",vancouver
d708f385-d0c7-4619-9dad-e2440337496f,taxonomy_term--subject,7098,7098,2026-05-26T19:20:18+00:00,True,WACH_V,,0,2026-05-26T19:20:18+00:00,,Women+ and Children's Health Sciences,"{""vid"": ""5e677fd8-a68b-48c6-b3f7-d4cde8885bfe"", ""parent"": [""virtual""], ""tax_subject_faculty"": ""7c94d4fb-7583-4e3f-892e-b9c7981bd17b"", ""tax_subject_department"": ""660f8441-61b8-435b-9487-6419cfaffdc5""}",vancouver
48afbadc-4d37-4eb0-a54b-d854785007c3,taxonomy_term--subject,7099,7099,2026-05-26T19:20:18+00:00,True,WOOD_V,,0,2026-05-26T19:29:47+00:00,,Wood Products Processing,"{""vid"": ""5e677fd8-a68b-48c6-b3f7-d4cde8885bfe"", ""parent"": [""virtual""], ""tax_subject_faculty"": ""2de4b10b-ad94-4758-9146-cc8d9c0f661f""}",vancouver
e5ecf396-6e5a-4058-b8ff-47f36a00b410,taxonomy_term--subject,7100,7100,2026-05-26T19:20:18+00:00,True,WRDS_V,,0,2026-05-26T19:20:18+00:00,,"Writing, Research, and Discourse Studies","{""vid"": ""5e677fd8-a68b-48c6-b3f7-d4cde8885bfe"", ""parent"": [""virtual""], ""tax_subject_faculty"": ""657dfd0b-ce4a-4438-9150-b30661341d02"", ""tax_subject_school"": ""ee4c5e6f-7d40-4025-8c76-c4cb308d2cea""}",vancouver
c360efef-786e-4f44-a1f2-d6544fccc6e9,taxonomy_term--subject,7101,7101,2026-05-26T19:20:18+00:00,True,WRIT_V,,0,2026-05-26T19:20:18+00:00,,University Writing Centre Courses,"{""vid"": ""5e677fd8-a68b-48c6-b3f7-d4cde8885bfe"", ""parent"": [""virtual""]}",vancouver
f2aff3ee-34a2-454f-8ad1-75526fdfa88f,taxonomy_term--subject,7102,7102,2026-05-26T19:20:18+00:00,True,YDSH_V,,0,2026-05-26T19:20:18+00:00,,Yiddish,"{""vid"": ""5e677fd8-a68b-48c6-b3f7-d4cde8885bfe"", ""parent"": [""virtual""], ""tax_subject_faculty"": ""657dfd0b-ce4a-4438-9150-b30661341d02"", ""tax_subject_department"": ""b60a1670-7f02-469f-9532-0d13f242d314""}",vancouver
d7b720a6-3a89-4bcc-8f70-64b0721e6aa2,taxonomy_term--subject,7103,7103,2026-05-26T19:20:18+00:00,True,ZOOL_V,,0,2026-05-26T23:03:40+00:00,All undergraduate courses in Zoology are listed under Biology.,Zoology,"{""vid"": ""5e677fd8-a68b-48c6-b3f7-d4cde8885bfe"", ""parent"": [""virtual""], ""tax_subject_faculty"": ""a35009de-d9d7-448d-90d4-9993f541a534"", ""tax_subject_department"": ""702dfd84-3369-4d33-bbd1-a9cbb148e67f""}",vancouver
